ADVERTISER ID,ADVERTISER NAME,ADVERTISER LOCATION_ID,ADVERTISER VISIBLE,
6c8ea0bb-786b-433a-8a44-454cfdeb4fc0,Adam A. Springs,{undefined value},true
03b0ce1a-83d0-4902-8e3f-d6ec902c66c1,Joseph Cox ,{undefined value},true
f389834d-4d75-4534-852d-1b6092d28135,JOSEPH COX,6699defe-a326-45c2-9b22-bbb8759210b7,true
92c04d6d-eda9-4330-b538-04bacea453b5,Jack,0741f5df-fa52-48de-888a-66386b753633,true
a4c0f87f-23bb-41d0-9b16-270f6bb5ecc8,Mr. Joseph Sauvinet,11028db8-e245-4131-859d-d9cfca736579,true
4a214932-7e8f-48c2-a19c-801395526fbf,WM. R. Bivins,36e33ef1-b631-4d09-b443-85e59e94a700,true
725f0322-cf48-4d0f-bfa3-48cd4127d222,Virgal H. Vivion,d4a77110-e52e-448e-aeb3-f2e63660bdff,true
4aca8b6c-8438-4b1f-8d5d-13c8c8c0aad8,"Johnson, Rayburn & Co.",09413097-c4e5-46d2-9ce6-2578e26d9014,true
a74ff94d-0af9-420a-813a-71dd18fc4c4f,John A. Quay,c9066d9f-fdf8-4b43-8163-e8a518cdcb37,true
81c9eb65-699f-4373-addf-cfd1550df843,LS. BRINGIER,{undefined value},true
25250d3b-4746-417e-9768-2d8b1dabbf41,Simon Meilleur,03d13afd-8c73-4275-8010-083d95c25ca0,true
eb0c1e77-eeb7-48a1-a01b-50e8a17030bd,J Simpson,fba3ec0d-cb55-4c44-a110-a489a6ac7c8c,true
8ceb75be-e8fd-4d25-a3a7-90b92f10d6e8,Samul Perdia,{undefined value},true
ee6437ca-70eb-45d1-8b07-c90b467cc2dc,Mr. Joseph Sauvinet,b012e351-f57f-4ad7-a338-22d4fd2202bd,true
ca7f18cf-68f9-41a8-8a51-0c3a3ea9d9ad,"M'Call & Adams",524f557c-4103-4f23-bb1d-d316002b2d3d,true
d3d5af9b-2ecf-41e1-8465-803522af7be4,Sindy Gamez ,127e19cd-8ddf-445a-8571-c080bda2adad,true
95e584ad-e10f-4430-aab6-dfb100c223c8,B.P. Ranse,c29263d3-2c86-4df1-978b-347c1782cafb,true
1d8c0b61-c111-4b1b-8d06-ae1fbee2d286,Cerisay,5173e78d-43bd-4818-869d-91f5c44f5bbd,true
ea2c49d9-09ca-409c-af39-b56f4c6b116c,Lucy Brooke,{undefined value},true
27a1e847-a637-4027-b424-b934de2bce4c,Charleston Courier ,72fa6f3d-8606-4c1c-af98-1f6ebe137240,true
f1963caf-0f94-4175-bf09-ba239cff125a,"Sheriff M. G. SWAIN, ",011fca10-32bb-452a-b887-a8673e7a21b7,true
035bb054-6b16-440c-86e0-a3ca46e6b51d,Charleston Mercury,0b9771ab-261f-4298-86ba-2e9b452f6927,true
ff3d81ad-959a-4c45-8640-db166c9ef3c9,"Reynolds, Byrne & Co.",{undefined value},true
016e0841-48ff-4efa-b04d-0f3989ddeeb2,J. P. Bates ,325200c7-edcd-4488-b66b-9a5907ac1c95,true
8f70b1cf-fafe-4d5b-8a67-e6e57f7c7448,"Josiah Bryan, Lt. Col.",00257219-971b-4de5-a90a-c5dbc1116871,true
af0a3294-e465-408e-a4e2-dce121278385,Samuel Perdiau,0c70fcfb-e043-45e9-94a4-dad0cb722168,true
90237394-4fb1-49e1-8ba6-2735631cb909,Elias Abrahams,0c70fcfb-e043-45e9-94a4-dad0cb722168,true
9252fd26-30bd-4db8-bd34-9f40bdf3cb4e,"J. Bate[illegible], Jr.",{undefined value},true
b885d389-3e91-485c-94bd-e40d83bc40f0,C. W Bulow,{undefined value},true
723079ec-650e-4f25-974d-16899fe20834,Parish of St John the Baptist ,3d0a5d49-4561-4366-ab13-9f7f0a6c62b9,true
de5bf933-061b-41a9-a156-50b5877f2de7,LS Bringier,65f3c345-af11-49fb-9e54-bf661cad8a16,true
1b1f05e5-ab29-433a-8620-1e489d522872,Joseph Sauvinet,2aa4ff54-fbd6-48f1-8272-c22da4a253c3,true
a4d3ac5d-9fa7-430f-a862-947df4d51a95,John,{undefined value},true
49bfda04-33bc-45cb-918d-50f2433d4a70,John Sebring,00257219-971b-4de5-a90a-c5dbc1116871,true
316c661e-1156-4670-aa82-125981aecc66,Christian Wirtz,007856e2-88f5-45ad-b649-4aaa4354a5dc,true
77c8e0a4-b5e5-4511-ac89-dcf284ec4daf,Peter Hulick,007856e2-88f5-45ad-b649-4aaa4354a5dc,true
af75109e-ae6c-4b1b-9d8c-d55c3ab84e74,Wm Barnard,1ca753b8-eabb-4308-84af-f4029d129dd5,true
dd1f7d3c-a342-4cb3-b7b4-01f4a7d666b7,J. Simpson,00fe1bbb-ddfe-4319-ba96-38e4b55d1ad2,true
48c36b9e-83a4-4212-be2a-d2b175f8bcab,J. Simpson,00fe1bbb-ddfe-4319-ba96-38e4b55d1ad2,true
536e45f0-58bb-4e6e-80d6-bff610d2cc10,Andrew Black,00fe1bbb-ddfe-4319-ba96-38e4b55d1ad2,true
6b33efc2-1de3-4444-a196-47efda90309c,Thomas Blake Jr.,91bb7a6a-7c2b-4814-bf26-526217ac3a73,true
a0ff15c3-a030-4c75-b41c-5d61ba56502f,Simon Meilleur,026f5472-34b7-4c69-aff8-9ae5cd62e07a,true
4dcfa655-20f3-4879-a362-b4986033dcdb,"Thomas Blake, Jr.",7c9b41a1-6176-4265-b80c-9ddf3f98ee4f,true
5f29552a-95a7-4ec2-b0eb-95558a19585d,S. Meilleur,026f5472-34b7-4c69-aff8-9ae5cd62e07a,true
eb9633f9-df50-42e7-9b4b-e5141afb3c3f,John,{undefined value},true
22be81c5-c402-40c1-b0ea-462012192d0f,A. LACOUTURE,03d13afd-8c73-4275-8010-083d95c25ca0,true
88ff190c-f4f1-4c04-a02b-dcc0f8acfdb9,A Lacouture,04b495a3-f94c-4603-a183-218973cbb7ac,true
d966fc38-41cf-4ae3-bf9f-8f0d2f9c0b3b,printer of Royal Gazette,04c39e82-1b6b-4295-a64f-1d4b4a9e66be,true
e95240c3-bdf8-4d59-bb04-4058e156faa1,printer of The Royal Gazette,04c39e82-1b6b-4295-a64f-1d4b4a9e66be,true
640223fc-82fe-47a4-bbf8-f19579ed5dac,Martin Greer,04dafcb5-b53c-4935-a29f-5c2a3faf2cee,true
7348def8-3deb-45eb-b398-e609a8e56610,Martin Greer,04dafcb5-b53c-4935-a29f-5c2a3faf2cee,true
7735a5b7-b6a2-4bca-bb0f-110496a29124,Scipion Didien,0ff60591-914a-46e2-a426-5f66fd4ecf40,true
d4c5332e-8a75-4482-9043-15d1d6248ab5,Peter Gorlet,0951cce1-dded-4988-8ab1-afc664b91794,true
a2d2a531-d743-4328-b42a-e23ce240e0f2,J. Winters,3039a5a3-7232-4bb2-9941-97240cde8c15,true
b2dbe612-44a2-48cb-a882-d2841be794b1,John A Quay,d44cf41a-1195-43b9-8d60-3d6be25ce1a8,true
333e5249-a8f8-471c-9f45-005b905cc690,Dayid Jones ,09cf7764-0986-4a18-99b2-3d22958f4bb7,true
787e5ea7-07f9-43e7-bc6a-31bcaf5951fb,Fred Sanford,643d1342-ce1b-45d6-9047-efb6f83b32f4,true
f281457a-9f97-46bf-9043-1fae40b09670,Geo. de Passau,345cb03c-796e-4b28-85ae-1cbae6923307,true
17f66eca-52ba-4153-9faf-48160020396e,J.D. Allen,dcd23ec1-a4d0-4e2d-8dd3-47203c0b28a8,true
c1107e00-1457-415e-b0cb-6608a0105e74,B.F. Wilks,90afe511-408b-43b4-b214-f05c59789deb,true
bba2eefa-4127-4880-a7d8-0778f1c9bee9,William Cook,09e5de54-58f6-43d4-a2af-f873592cfbbc,true
e8ff084f-637d-43f0-a9cc-eeece11a2d6a,"G.W. Morgan, Sheriff",0a02aadb-740b-4dd1-9643-3f4d5428c3d4,true
8c588d64-3f81-4860-80bd-52cc4ad91838,ELAM S. ASHCRAFT,e8920df7-aaff-44e2-b77b-bf6d719344a2,true
63fdbfc6-972b-4029-a591-7c017a1701bb,Philip Howerton,0a1c3398-83dc-4f6b-bf6a-90a0ef9e7152,true
6c9a8f0e-03fd-4faf-b429-304e5c886f76,"J. Bates, Jr.",0af51cca-1c11-4dc2-9b10-9d1a87eb9383,true
10fa663d-6d5e-4e1b-953f-03bfb9f2b191,J Bates Jr Sherriff MC,0af51cca-1c11-4dc2-9b10-9d1a87eb9383,true
89d2b509-fef1-421a-8601-89836be2ca1c,Charleston Courier,0afd2704-9c29-4f31-9ffe-3627c61e7958,true
b1be4e6d-74fc-4789-9458-d1303c36ea95,Thomas Heslep,{undefined value},true
eb543a3a-efc9-4536-a097-964eaa814600,"G de Passau, sheriff",0b861b6b-71eb-401f-8dbd-2ea4e8be09f0,true
20814429-8166-4795-b86b-017e02d05d93,L.A. Foucher,d876026b-58dd-4439-bea1-01073574ce4c,true
05f87282-80e1-47da-b3b3-54eadd11caaa,Adam Boyd,0cf66628-d679-41e8-af99-2cfbda132b64,true
8c64a083-ffa1-4f24-9373-1f1bb930a21d,Joseph Anthony,1a9d5a68-f5e4-4a69-902e-05b3b8a414c1,true
6e85a1e6-1072-40d6-83d1-f6341a1e91af,Morris Jones ,aeefeb83-7492-4ef3-8e6b-4f58b08f8779,true
0b994fdd-844f-4987-8839-3afc4f19085d,Enoch Endsley,{undefined value},true
5f404850-3cef-4cb6-bf3c-0d20719de45f,Ambrose Lanfear,0dbfc2f6-255b-4d67-a52e-d2eb430350b5,true
132d9d28-a9e4-41e7-91ce-a9cf31bcb978,S Meilleur,0e2c1364-9e6e-44a0-8842-0610ada8f5cc,true
d0cf2fdd-eb33-4d60-9dc6-e2704c202244,Robert Catherwood,0e52aa1f-2e88-4dcf-a24f-fddfdb01e206,true
bf28a138-c520-46dc-93a3-047904e41121,Thomas Kelly,99585cef-c423-4d85-8962-145026edb4b2,true
9d27b64e-5fa2-4cc5-8b03-dec5e6684f53,L.O. Holt,1123940f-1692-4c1b-bf19-9b428ebde33a,true
9340176c-8f43-4eac-88c5-8ce52310cffb,John Devezin,2b5cbee4-ddf0-4bc0-9a8e-ecc50bf31617,true
4f9ffd01-5170-489f-8a1a-4e80d266419d,LS. BRINGIER,13d2fe35-5bc1-40c8-ad71-30ac45869850,true
63616cf6-0576-4a67-8718-43033aeadddb,Be Jamen Fudge,16599372-6454-4a6d-907d-b646ba6eb4d6,true
2b08d62a-d7fe-4f72-82c0-fb511b46e0c0,L.O. Holt,bb899df3-4eb6-4651-8ea7-a87a7657efa2,true
1a819d29-9d50-4acf-ab7a-a8b868c9b0e6,SIMON MEILLEUR,2284d3ca-74ff-4093-94fa-bf0ff319db8d,true
14ab6589-e0cd-464f-9b7a-463a1a64b0c7,Simon Meilleur,cbd40755-a667-4763-bbb8-ac946fdaf940,true
89724b27-ff91-456f-9fe3-f23466565561,Jecamiah Smith,{undefined value},true
90442fa3-54bd-45b3-8ba1-7586392c7b5b,Patrick Colvin,0cb4aacb-60cb-4d55-8ddc-51099246d730,true
9b25d096-7125-4a83-b829-26d463ba1955,Samuel (Unknown),268dfa07-3b93-4dfb-8b83-5878f9cab851,true
dc03f442-6af4-4806-9dbc-8ddd2238549b,Alexa Hoffman,285d9687-d541-46c4-8022-59af79eb14a1,true
9c9a7a03-cc37-4724-9c33-d493b920dbdd,"j. Bates, Jr.",325200c7-edcd-4488-b66b-9a5907ac1c95,true
8997cecd-f547-434c-881d-3ec30a40647b,Wm Barnard,38198ad5-5798-43ec-9d0f-280b5275fbd6,true
97e332d9-e36a-4a42-abd6-44aa2bc547da,J. Simpson,1a1a6149-9da7-42b6-8e10-fde19e06163b,true
c475b590-f730-4f4c-99da-989d08eb0727,Simon Meilleur,13d2fe35-5bc1-40c8-ad71-30ac45869850,true
e73c028e-740a-4130-ad3a-5d95b998866e,William Barnard,c99a6e22-9bfc-42e5-981a-605c7987ccc2,true
2b622f95-6184-445f-8bea-00ec4fc7e930,"George de Palsan, Sheriff",3b85106d-e46c-40cd-9982-598eecb95286,true
48fd7816-12a1-4a16-9630-661df29c41e6,Geo. De Passau,815a2142-d30a-4c90-873a-6c1fb4dce6f0,true
02b6cb56-aefe-4ec0-b921-00ccb8372918,S Meilleur,8939e824-4367-40ab-aab7-80f5a66267f6,true
3cb96d82-853f-42cc-a076-92bd3341d6e1,CLAYTON TALBOT,{undefined value},true
44371a02-10a0-4767-9543-1208c602c694,Samuel Perdiau,841bc40e-78e2-421a-9e39-dde1b07ae3e9,true
59cd4494-8e2a-4251-a114-d33788926094,J. Simpson,6738de3a-388e-47f1-b8e2-ca27be158f6c,true
62e08608-0b7e-4c12-8431-47db771c5c2b,J. E. Craig,e6904ad7-27fe-4ec6-b4df-8c8423b33025,true
0da3b23a-aefd-405d-8ae3-d21241327423,James Hutchings,{undefined value},true
0706002c-cd40-4e40-ade2-69e1231944b9,Wm Barnard,44756427-0b27-4d91-be18-6cd4fd8a9170,true
7558cb2c-098d-40b6-b9fd-c16193f0102e,John R. Daniell,06a78825-10a1-43f5-8f08-0b3c4fd31769,true
5463c8be-9740-44a9-b97b-b703dc7b2472,Isaiah wagster,{undefined value},true
352e3e52-b54c-4111-a9dc-4a59af84d3e1,WM. Moore ,{undefined value},true
b329aa11-a28c-49ad-a0fa-8405a68e3990,George de Palsan,1643d17e-6c32-42ff-a47f-c8612d293c06,true
3ad4f5d7-4b96-4a9f-aff0-f606a248d5cf,Augustin& Thibaut,{undefined value},true
7978d92d-743c-47e0-a89b-1f28dcc1210d,Cartwrigh Tippett ,ac3f5829-4964-4f17-9c08-b018d39408b1,true
4b77d697-7ff8-4e3e-92ff-7a70db1357c3,"H.L. Atkinson, Shff. ",ce6b0482-a221-4c3b-a0f1-4da84460dc0b,true
5ecd2f00-bba1-431c-b9eb-2ecb7d349878,W.W.Montgomery ,065aaeaa-ebab-4b72-a31c-d5d3c88b29ca,true
b13e45cb-d66b-49a5-a71e-66a9a45757f7,Simon Meilleur,37c580c3-d2a6-4346-9fed-3b8acc25fd02,true
bc8d4e6d-05cc-49a6-af96-9105f6ab555b,J Simpson,00fe1bbb-ddfe-4319-ba96-38e4b55d1ad2,true
4cecc597-3a3b-4966-9863-6fa03d9e5622,Joseph Bates Jr,f4eae264-ece4-4342-b371-a7e2f818afab,true
8673d00d-2990-427d-9de8-aee35b19323f,Maria Louisa Kerblay,{undefined value},true
24ce20b5-f490-4b8c-9a60-ed1f7eb21c11,JOHN A. QUAY,2d449100-f3fa-4574-a545-835cab9e8dea,true
5c8a221d-0d1e-4db7-821b-3ddac358590c,"George De Passau, Sheriff",f3826cc4-5b8f-4ad3-8820-e162891b3e35,true
33deb937-a740-4c9a-944c-2a5fa8f4a7af,F. Sandford ,f2bdeb23-fe17-4345-b9c7-a55aa31bfae3,true
1c2d29b6-23d4-4d37-a631-894e2bf3dd20,W. W. Montgomery,285d9687-d541-46c4-8022-59af79eb14a1,true
4082ec6a-408c-4b45-9c05-a8984d6bbb77,"L. O. Holt, Sheriff",1123940f-1692-4c1b-bf19-9b428ebde33a,true
94cdd69e-287f-4ed6-8972-7a6c75a05ce7,A. Lilly,1511e887-28f6-4d2c-9284-6ed377dac919,true
cb4c11e6-f39c-4cfc-bc53-b3c39d05e72f,John Anderson,19f76195-4c72-43c3-a6e9-f96f2dbfe595,true
d80e4d21-02be-4bab-a055-6faa0adc4256,Nicholas Pope,00599968-e1ee-40f6-9a95-2c6858072872,true
5aad1086-f9ff-4c6e-b9ea-d9dcc50c7438,Martin Greer,04dafcb5-b53c-4935-a29f-5c2a3faf2cee,true
e44bac57-a4ab-4c5a-97f3-1cbc85b816f2,Martin Greer,04dafcb5-b53c-4935-a29f-5c2a3faf2cee,true
f163bc7c-d6d2-48c5-89c8-ff72ed341fad,Richard Jenkins,a31f97bf-1c8f-4a39-976e-597c4c600284,true
b8e6115d-8b3c-4744-9125-8271724b0283,Jenkinson Jeanes,0b9771ab-261f-4298-86ba-2e9b452f6927,true
a5fa3d77-8acc-4bfd-8b64-3e04586be2df,J. Simpson,b90a3345-6e36-406c-bfe4-a6268fdff8dc,true
5f8cfe8b-ceed-4b0e-9f45-2b959a64b1ae,Printer,1d4a6dbd-4989-4e66-8270-5b04093b78b0,true
40e68064-8589-4abd-88a6-6d37902459ba,"George Passau, Sherrif ",e947ad2b-4d6f-41c7-9155-75c03693b65a,true
e733ffba-047b-40d6-8154-23a022c86746,"H.L. Atkinson, Sheriff",64f66f05-9dcb-4caa-8c57-d918b1b049a2,true
f37bddeb-811a-4578-8fcf-8395b958c130,H.L. Atkinson ,0333761c-836d-4050-ba26-9b573ad9c25a,true
aabd5a78-5c63-48bd-8420-515d185cd448,JOHN COX,96baa62b-3333-4f4d-81e8-9fbad8ffb840,true
e67f36ad-397b-4f98-b4fc-a13e322475bd,Abraham,0488cdfd-3ace-42c9-a834-55cac181cdd2,true
2b8f9b13-2cb7-4300-8cf8-d1dac3b7c0e7,J. Bates,{undefined value},true
9b5d89e4-10cc-471b-9c4c-59912ad98cff,F. Sanford,0b30a933-0454-4a4d-8fd1-b20b1ef72eec,true
21170dc5-220a-47de-9caa-d0c563911fc9,Nicholas Pope ,{undefined value},true
89afb0d5-0399-43d0-80e0-f37785373420,J. & R. Purvis ,751f09f0-05b0-4cef-8e0a-f06db6325f3c,true
1d5ea71d-6277-4055-95a8-6f45bd2154ad,J. Simpson,00fe1bbb-ddfe-4319-ba96-38e4b55d1ad2,true
09ba94e3-ab49-48c8-abe8-a02baa823248,Marlon S Moran Osorto,dd95d7d1-0d9c-4874-8568-de19e4b97b1a,true
a092ad66-bc1b-4142-b99d-6eeda9536d0d,Martin Green,fbda035c-3910-4ebf-b64b-ba58e883aef5,true
b1087813-9f0a-4814-af61-28ff20f03b9d,Nicholas Pope,{undefined value},true
e1561cc3-1cd8-4fad-8804-9826c889ed13,James Noe,60554688-ba2d-4d2f-8cae-22093118c504,true
5ae1430b-b148-4ea8-86c8-0ee4b38f3ab8,Nicholas Pope ,00599968-e1ee-40f6-9a95-2c6858072872,true
59c82e99-bed1-4e65-843d-73838462a70f,J Simpson,788d6a35-007e-4101-8bda-1c1a5f3adf4f,true
d70cfcb6-b762-4c5e-ab34-abae4bbce55c,"Johnson, Rayburn & Co.",0126a125-0485-48bf-9315-d4bca5eac498,true
7d1fe926-8c3c-4892-aec6-7e34846f9a0c,WM. Woods.,02e111e8-852e-4000-ade0-34987ce2da5e,true
69e553ce-eaa1-4da7-9016-e773b006c1f7,"John A. Quay, D.S.",2b019db5-9587-4248-85ee-093270f3ae7c,true
0136772e-712c-4dbc-9c73-3983b1c0e15a,Philip Howerton,0b77a6c2-275f-4a4d-825d-f79adabe054b,true
59edbef1-8536-46db-80a0-cead0d5834d8,Edward Bardin,02f1c29e-a1fa-480d-a8b4-cdb42c0a2037,true
774f8723-8ab2-4349-9e81-098e42d7f2fa,Richard Jenkins,acbcc6a3-277c-4c27-be94-a42f0120313a,true
35345d2d-2e32-4721-9df6-f15fd9691e12,James Talbert,11394f11-eb68-495c-b33f-bf964e488187,true
49be48a7-dc10-4358-a6c4-2f341be7f6a4,C. F. Houser,032be9f4-def5-4aa8-81db-c19d2b8bab82,true
8275b0c3-700f-4a81-98e6-079a6da43a3a,Printer of Royal Gazette,04c39e82-1b6b-4295-a64f-1d4b4a9e66be,true
c66430eb-508f-4547-a898-c60250cd8db5,P L Trepagnier,1d066bd5-7951-44ac-b77f-5bb64393df2d,true
b27c9057-bd62-4171-a32e-c7f46a814a16,John Vanderhoven,04c39e82-1b6b-4295-a64f-1d4b4a9e66be,true
615d4a35-916e-467a-b664-10c5f81dda6e,John Redfern,{undefined value},true
d8fbb02b-a8b0-46d9-a4ba-9c78a6e4f130,JB Ramouin ,185d7fb4-176f-4e97-9ddc-f5a9dab68855,true
9ecb01e5-ef80-4ffb-872e-bc1100737461,F. Sanford,507b5968-86b7-476e-a83d-a4307622ed57,true
f35854db-a275-4ed7-b8b5-1f3402bc2af1,P.H. Loorburgh,03ddda1f-4fe2-41d0-8941-5cd0c48982c8,true
01dd1286-07e5-49ab-a1be-7f50c65f8395,Printer of the Royal Gazette,04c39e82-1b6b-4295-a64f-1d4b4a9e66be,true
b9eee135-f03f-4c4f-aa6a-4b261440b48f,F. Sanford,6f13ef43-8514-46e5-8447-c9305cbd2d8c,true
481c15c6-4420-4959-9e2b-03a7791adff6,printer of The Royal Gazette,04c39e82-1b6b-4295-a64f-1d4b4a9e66be,true
11b0a504-61fb-45cf-97be-b09e95c4db84,Alexander Forteath,06f7b35e-8f1b-486e-94ed-e3a632c26fe7,true
d6cfc30e-e555-48fc-bad1-61b77c75986d,Thomas Hunlock,09cf7764-0986-4a18-99b2-3d22958f4bb7,true
3aaad04b-471d-45c2-a4bb-fb83ff3332f4,Philip Howerton,0a1c3398-83dc-4f6b-bf6a-90a0ef9e7152,true
7cbca287-6e96-4153-bcd6-a1c14b2d60aa,F. Sanford,0b30a933-0454-4a4d-8fd1-b20b1ef72eec,true
c3d44b7c-3ec1-424e-a1ed-c51eb47cef0b,Sam,0c881bf0-049d-4f9d-a1f4-bf77a964efba,true
d42f4183-cd6c-4414-b99d-125c99f20b81,"George de Palsan, Sheriff",0ce5c402-53dc-4439-976d-2ccfd20016a2,true
59a02d16-d922-4304-a156-7ca36c9cc47d,F. Sanford,0dd0e04c-0125-4632-8384-ae6d87ef4b49,true
b65777ff-b457-4be4-82bf-4f7ce9822655,James I. Ross,8af30dab-a4a0-408a-8e49-49803e2b3731,true
7011f8e0-7fcf-4830-b2b4-2b8b6851e710,A. Lacouture,486d5400-804b-40ed-8c67-772c342bf060,true
3400d192-4bbb-45b6-bb66-b9f8a2fd2ca7,J.A. BEARD & CO.,0e902868-9aba-46fd-a182-31391f47551c,true
0fb08526-535b-4741-935f-7ee40c73ad8a,W. W. Montgomery,11316fd9-4594-4cdf-b8ba-7f3faabc0235,true
161c200c-5d4e-448f-9429-e758492dec5c,Francis A. Owen,1308f4aa-49d0-45fe-89d3-a608d8c4e033,true
8892ae5c-96dd-4343-9068-afae81993c45,James K. Polk,63de6eb8-81e2-4223-8700-db53d0f63cec,true
127f7911-f8e4-4b32-b65c-5526b28afab9,GEO DE PASSAU,{undefined value},true
c0313dba-36da-465a-8520-88f131b967ee,John Anderson,19f76195-4c72-43c3-a6e9-f96f2dbfe595,true
6523d95c-4e13-4513-9ab1-5b9f96fd0489,Stephen Johnson,c9a656bc-4376-49c8-ae0c-37b63a8509f0,true
7331a813-8b3e-4181-901a-75835983c48e,Christian Miller,1c74cb6f-2ed0-414c-8377-cdf970ea0f61,true
4f93903b-3b7b-4a5a-9a88-5dc705c8d681,T.C. Twitchell,195e9481-0027-4146-995f-3b579a45cc95,true
da61386e-e709-49e3-ad4f-f4544b4bd74c,William Barnard,38198ad5-5798-43ec-9d0f-280b5275fbd6,true
9181c71d-ec1d-454b-b06a-b1979002f065,John A. Quay,2070f1a5-433e-4368-b1dc-b97b1a1370ca,true
3860bfe2-6ab3-4366-a05b-8d5eaefa73f2,F. SANFORD,65ec921d-2f5b-4e6c-92df-73d5a93e1618,true
4f077e49-d19f-46f5-844c-acbddf595fc9,"James K. Polk, Governor",de701121-dd0e-49ec-91ff-1d5346ef3402,true
a2485d8f-48e9-4daf-b5aa-8f1ffd8944e0,"J. Bates, Jr.",325200c7-edcd-4488-b66b-9a5907ac1c95,true
71ec44a4-d8d5-4f00-bb17-a2b62eb57561,John Leonards,1f790c75-375a-4238-af1a-5ab9b389b9de,true
2b227abc-85c0-41ac-91d8-56cbf71eb7c3,J. Bates,325200c7-edcd-4488-b66b-9a5907ac1c95,true
54698f58-95fd-4a9a-9d6a-b42abba6e230,Sheriff Parmyter,9174fcb9-ae42-4849-854d-0590704c626c,true
1347a889-7908-4e7b-a73c-05a9ad7bc474,Samuel Perdiau ,08490870-807c-4e78-9ff5-b5267c39e0be,true
389c83a5-cd22-4fc4-a547-3779a7651745,Mother Jenny,374e3fdd-5fb0-4f80-a1c0-331acc510b12,true
54326da3-7b0f-48f5-b96a-bb5378d17c45,J. Bates Jr,0e5ceaeb-d96a-4fbd-802e-8dbaf22623ac,true
5fb41db0-62b5-49e6-b5f2-b0a642663511,James Armor,39a2f5e1-c7af-449c-aede-2342f892a3b2,true
a9ff52e3-9449-46e0-ab0e-6a3690ad0d5e,"Cerisay, sheriff",474b8890-93c7-4b41-a98c-b6a26982ecb6,true
53017863-8c70-409d-ab14-7f09a6f2c142,Nicholas Pope,497d7153-b7f8-43ee-9702-f424218d8701,true
f987d2db-585d-4b44-9c01-7c1a1b169de5,George Passau,5a41497a-1708-4ac1-b15b-44ab79153802,true
b5529c99-0eae-4d1c-897f-8cb212f94972,George de Paison,63b030a8-d991-4715-a19c-3663b69b3850,true
8f6a5c8b-6323-440a-9bdf-97c598c041bd,James K. Polk,6a200337-3a1c-4d4a-beef-54461021fa81,true
749855c3-1036-4af4-9b42-b4c995309176,J. Simpson,73ccd65e-fd71-4721-98f0-2a7e6fd69a0e,true
2358d523-f770-4237-a98f-909104ce22b0,B. F. Wilks ,951f7e71-e32a-4483-8b69-0b2faf558fec,true
51770ce9-af1e-460a-80b4-480412b65e07,"L.O. Holt, Sheriff",bb899df3-4eb6-4651-8ea7-a87a7657efa2,true
5a0764b8-792f-4940-88f3-1e23b6accc5c,John De Lancey,d48b93cb-1cca-4a9f-acae-e0f2c0b7b720,true
671850d1-1b30-4b64-80e9-51322838a3ec,J Simpson ,4c7852e8-05a9-4ebd-9566-fdb28c70b294,true
ef1e2d48-f17e-41b5-8248-8e3060da247c,C. C. Hazard,{undefined value},true
e7daf884-b6c2-4001-a9cb-a8272d3edf9c,WM R. BIVINS,6f13ef43-8514-46e5-8447-c9305cbd2d8c,true
4fb362c4-6a3c-4982-a2a7-e3b399976155,Martin Greer,7c19ebfe-3940-476d-bc46-cbda1b7c3783,true
aa98040b-f8f1-44b2-b90e-b268fb263302,James A. Rogers,0800ab05-9040-4137-8199-deae17d8bfb9,true
9469673a-77d7-42cb-8976-98b3733dbd6d,"J. Bates, Jr.",239a8c7f-542b-447e-b0d3-1e3c9a7e4515,true
f3b8ab90-a752-405c-ba41-e39e0c9093a5,W. Wilkie,01932482-995d-4b47-860d-5ccdde54c7e3,true
16ed4ed6-a45f-4c07-bdd4-0512e0fd82b1,W. H. TALTON,9089e132-add1-4048-85e1-3089bb331ef6,true
711a3906-77fa-4620-8431-7162c95aa35a,Daniel Moorer,e6030fea-0b91-49a5-a15f-5ea6d73316eb,true
46d7cfe2-d44a-4a17-8b11-44b0d0ae6283,SIMEON MARSH,974f5b58-b0e5-4bd7-a1b2-1c57c01a9836,true
274685c9-ba79-44f9-91b7-94667c507737,W. Wilkie,01932482-995d-4b47-860d-5ccdde54c7e3,true
409d95c0-f41b-469e-990b-63ea70dfeefc,Leo Abercrombie,b0232171-9541-4cc2-82fa-9b7f6705e9d9,true
4fd3e21e-29e9-4149-8b67-43ca4da42120,Nathan Timberlake ,93e0769f-9ff9-4b64-8229-e66ed81d2f90,true
e0ea84c3-a638-4e72-ae88-9bbb33c5d38a,JAS TALBERT,2f348ae3-4c67-4d26-a90e-fb8669984351,true
2b32325a-b3b3-47bd-8c5a-e7c6d7160ce2,"Simon Meilleur, Jailor",03d13afd-8c73-4275-8010-083d95c25ca0,true
cc68fea3-26dd-41a4-a89e-1c144e3b9c63,"Wm. R. Bivins, Jailor",c6918da4-0384-4a80-be31-e8c1be628a90,true
01a660ff-75a3-497b-b95a-07daa4aec001,E. Forstall,9bb9a6ee-f1c1-4d54-a6ca-1845e9e89445,true
d1e0a6c0-63cd-412f-8a6e-e0e789a2f5f5,John. B Yeynolds,{undefined value},true
c3be1805-b5d0-4ee1-95c1-bc968dd69704,Stephen Mazureau,03d13afd-8c73-4275-8010-083d95c25ca0,true
69c50960-56bb-41e0-ad98-23cd9b358098,Carlile Pollock,03d13afd-8c73-4275-8010-083d95c25ca0,true
92c77a08-9ed3-44a7-8eb9-f9f40c7c3c97,Henry Durden,397de8e0-dea2-4c5c-b4d1-d1c13f95cf57,true
1dc911df-7b67-4fe9-bfa2-a872ff01858f,Simon Meilleur,8939e824-4367-40ab-aab7-80f5a66267f6,true
3493a158-2b53-4cbe-bae8-cc9ec0fb661a,James A. Rogers,718fae57-7765-45d7-b248-9f6388e36665,true
17da0473-5bc5-440f-a4d7-fcea00ce71c1,Green Gray,427412bd-c07b-4c7a-a16b-3b401e2aaa6e,true
e7e2a983-f3b6-464d-8af5-b7a371053f77,J. Simpson,19ff8ca0-57f8-49d1-97cf-32eb25fd3c62,true
a3cade11-1df2-4b6f-8069-900778bb21f6,John Platts,de529c7d-c58c-4043-af5c-9bb810550734,true
052dc45e-6f5d-464e-b430-dab633050387,William C. Lyman,38773e61-6822-49ac-b9d6-88224d77c2a9,true
1082ee39-96cf-48cd-9b71-9f0e4bf18477,Green Gray,551a4c2a-bbed-4465-ac10-a9a54fca9240,true
1caae2a0-5505-4088-8e28-ecb3577b5d47,SHERMAN JOHNSON,565984c7-5124-49a5-9660-da7cbdaea2c8,true
97b2cab7-7d9a-48e9-83d9-6bcca5fad338,S. Meilleur,03d13afd-8c73-4275-8010-083d95c25ca0,true
47b47b97-5321-4000-886a-ac941f70351c,Jonathan Pearson (agent),12fe2673-76e2-45ed-8a95-c0a3bcee28f6,true
15ad0681-e85f-40e8-bc19-aa5f3cfa7231,"P. L. Trepannier , Jailor",d6106c37-9e2a-47e3-94ae-3bc1783c7533,true
0e5634d9-7154-4729-bb3b-d9bb6de4fb04,Isaac Pipkin,{undefined value},true
c9b79405-baae-4c41-9136-caca5286ccb8,ALFRED M. GEORGE,bc679180-2800-4db7-8e9e-d5fa9a5e358c,true
b8348804-97df-4f59-9e28-9654f5cc43cf,W. M. COOK,139221ca-112a-4e56-b165-d6c43bdd6f0e,true
ec21b794-82a2-46a0-92ea-688381c7668b,"John Fleming, Sheriff",19fe6453-0c9b-4d64-b4cf-de40ccb88ba3,true
28ed3661-2bf9-46ef-bcae-a8e5feddba57,H. FASSMAN,a85ffb6b-967e-45cc-9e0f-a43672396039,true
dc0159e9-c4a4-4158-8020-fb74d30c5781,Martin Greer,e009e127-306d-4d0e-9718-d9a7ee538646,true
3b4830a6-69a5-4058-be61-b290f544e147,"J. SIMPSON, Jailor",b18c71db-6a0a-46a7-9941-888e5d392b0a,true
4d6688b6-4315-4ada-a1fe-5dfb9a2cf887,Christian Miller,190a4192-fa95-4ad8-85cb-0409b2ef0865,true
63a5386a-534d-4181-ac6f-91292770caa0,"James B. Buchanan, Jailor",7ab07f96-2cad-445d-a74a-52fd0ab03011,true
a1394ad7-de9a-4369-ab9c-9df721aabbcd,"Henry Durden, Sheriff",4b306456-31a7-4744-aff1-105464b2b2b1,true
4a61935f-7bb2-416c-aeca-b938ae8cc91f,Isaac N. Johnson,17d07ece-e6bd-4028-a2fa-6f6f8aa04d97,true
931eb4b7-1844-4298-b7d1-ec6b399f22e1,John A. Quay,2070f1a5-433e-4368-b1dc-b97b1a1370ca,true
7d256556-71ee-4d50-8943-d0b6e9ed1eed,A. Lacouturier,0dbfc2f6-255b-4d67-a52e-d2eb430350b5,true
ede85232-9c68-4800-adfd-1f1c428f8fd6,"J. Bates, Jr",44c1e34e-1c45-4dbf-9c17-5916fd215204,true
733c8ccd-f54d-4bd8-bebd-22a5ccfef2e9,George de Palsan,1a4ed8ba-5a4e-4db3-bfb8-8220dba139d9,true
aeb389de-0048-46f9-bb1f-d10a206a4c6c,Clement Brown,ac377ca7-8bc0-4a2e-a6d2-0b0e4f435720,true
23921e33-a99f-4906-964a-0134cb03f0fd,Isaac Tobias,0afd2704-9c29-4f31-9ffe-3627c61e7958,true
deac1a79-e5f4-4cad-8394-9ce887588d94,Joseph F. Brock,97d9d1bf-77a4-4aa5-aa39-fdd424a8f215,true
6e4edfee-9868-44cf-93a2-80292ffdb6ab,Wm. Matheson,76cf805a-b5c3-46d0-b769-ec4cfea83c88,true
c0af79e5-c4e7-4502-8a81-47dc1f1362dd,James Ball,c2cefba0-132e-4fcc-a6f9-346c55d100d7,true
668b81c8-e403-4b06-950b-f50ee9e8da32,James Henderson,b5dd21c9-0f31-4c36-b683-48e74a3aa681,true
f2e03c11-83be-4377-ae58-f7850b38402b,Christian Miller ,afd1d8aa-f01c-4ce4-b76d-ae4db47198b9,true
f3c4f16d-acd5-4c7e-8d04-d68ba2c6463a,Solomon B Murphey,f689b964-da7d-4473-ae58-438533b62972,true
8b87032f-5732-418c-8bdb-0fa172360d25,Daniel Moorer,9f74ffd6-d9c8-4711-b44a-286329867a3e,true
1f1d2d10-500c-46b4-abb4-dda6f0f46a0f,Strother & Bros.,b73ce1a6-bb64-4f42-aac7-b6888548bfc4,true
7bbcef01-cb47-4394-886d-2ef09a0cfa6d,W. WILKIE ,d41c4876-340f-4ca1-8256-d730b85ce224,true
218143ec-40f8-419a-9fa7-161f8bdb8f77,Cerisay,e9bcf742-5955-4709-ae8e-eeafcccacdb2,true
ff631a27-ad79-4629-b64b-12f11c041108,P L Trepanner,03d13afd-8c73-4275-8010-083d95c25ca0,true
3a4703df-8657-42ca-8c78-f3e03365efb8,F. SANFORD,343f2d3a-9c85-4358-af88-93f5384a9903,true
94b2c997-5518-4029-b7ad-d029baedb68f,Green Gray,12c3a5ed-7766-40d5-8a17-accdb14a40a4,true
ac4c8248-b8f9-4e5b-97fa-f3042ffbf929,John Johns,0a02aadb-740b-4dd1-9643-3f4d5428c3d4,true
342fc1fb-039e-4bb9-8429-e3665fbfa683,CERISAY,5173e78d-43bd-4818-869d-91f5c44f5bbd,true
efe5df33-d7a2-4c37-9661-acc6509be8a1,J. Simpson,acd89654-cc24-4356-98d7-c82dd457ed33,true
d1685edd-a95b-4959-9d6f-2bc01ae7a587,J.A. Vance,7f9ae048-651c-4771-8767-719361137233,true
3159cedd-9ca3-4607-b4ca-06c4d7c9f7a1,J A BEARD & CO,bcb7c225-5eed-4e9a-a9a1-f7c46f772286,true
02865fad-bc5c-485f-a461-b1c5ec00898d,"David Shuler, S. O. D.",57c4740a-e504-4bce-8fd1-b08b9b2113ee,true
a7f2b30b-f90e-42e0-b6dd-4a0287d56f93,A.S Villeplait,09413097-c4e5-46d2-9ce6-2578e26d9014,true
a45a5758-19e5-4278-824c-809717bf8fa0,WILLO: WILLIAMS,032be9f4-def5-4aa8-81db-c19d2b8bab82,true
78308ac7-c778-4942-ab8d-c23588cbedb3,William Davis,320224e0-5905-4533-a7d6-700eac069f98,true
f00f7f6f-0343-4a36-99f1-368c08f2a790,GEO. A. ROTTS,ef3a51bb-5c08-4cda-b157-9dc3fd370fdd,true
8f6fa6be-22d3-4081-a0d4-514c80c48aac,"WM. Seabrook, Jr.",6dea65a4-206a-4eec-966a-2e84627ec6e9,true
84a230ab-0382-4e92-b11f-8a6ce66694df,Wheeler & Weston ,e320ed06-2105-4220-8fd6-286dcd2ea97f,true
cc558bbc-ed1b-4984-8014-d34ceb1ac9e3,John B. Reynolds,{undefined value},true
bda6bda3-47bf-476e-8ee4-24e0d1b4ecc4,"W.WILKIE, Rautole's",{undefined value},true
fcb362fc-72f7-4e74-87c2-b8a93bcd9ef2,L Trepannier Jailor,bfeb7858-79f7-43e6-a35b-9bc9abb563a9,true
14cf9aaf-09c4-47e0-9cae-4548c7344e23,JOSHUA COX,9e5585a7-52b5-473c-a30e-f5531cf5e910,true
c96e90fe-6f44-45e0-bcd0-aecb815fe882,"Daniel Moorer, S.C.D. ",eb5a82c0-fcc2-42d9-9cff-8bbede48a83a,true
6758b9aa-e226-4ce3-acdb-b8e2241ef429,Simon Meilleur ,8939e824-4367-40ab-aab7-80f5a66267f6,true
d2f8e07a-112c-469f-a2b7-6778a27b5ee6,"J. Bates, Jr. Sheriff M.C.",71431389-6b62-4ac4-af49-824b8643cbb0,true
e7162161-8ba5-4de0-a038-fe9ee3063c2c,"E. Beauregard, Warden",ecc2b3c2-78a5-4afa-8138-e2fbb38e2f8c,true
7d4488d9-fea2-42c5-a94b-deeeb10646bf,"H.S. Harper, Captain of the Watch",9065831e-b531-47ed-a439-e422834c4ab1,true
0739edf1-23e4-4320-8adc-8d6de40b3ddd,Françiose montamut,09e72c52-535a-491a-8759-5d113427e594,true
ed83cb85-b95f-40b4-8f17-01a75fd71889,Simeon Marsh,03974fae-52de-434b-bee0-85d9be1fccb9,true
b3ad8ef0-b45c-44e6-9171-5d9a04857a47,H.T. Vennard ,11ba5c89-961f-4935-9362-eb3dbef8a2bc,true
0d8acb63-4593-41ab-a525-6c56147ab5c7,W.W. Matthews ,01bef3e4-eda6-4568-82e2-b0482219350b,true
de229999-3ea9-4882-8263-5e4fe1a29202,"Robert  Micklejohn, sheriff",8597c8f4-4d54-49ca-9047-34a23fd661f9,true
1ef5be0c-d382-4786-b6b6-e9737d7b0f6f,J M Taylor,61bcf1ba-eef6-49a8-a04e-c99558528dec,true
f0217520-c7be-47fe-bf5d-e85c8c2185bb,Thos K. Slaughter,e414c0bc-7b72-41a5-b0c0-73790da916ef,true
3baa78f2-8313-4a34-b484-1cf855e55615,"James Talbert, jailor",1e3b12ee-bedf-4c9c-9e76-4cfb0328424d,true
6e713dfc-f1e3-419d-9a56-d18ae94e944f,"Green Miller, Jailor",207de1ed-145d-4936-a2c4-d71c71cf50bb,true
37c69e98-1f37-48d4-8a68-125dfebb9866,ALEXANDER HERROX and JAMES SPRADLIN,0a9943e7-dbb3-4b13-87a7-3586c74c4045,true
3145a03d-0e36-4e55-b098-80c91068e95f,C. Jumonville,f61d359f-e6d5-474e-9d0f-324fe8e6d11b,true
8b286813-68aa-436e-afc7-ff49af944988,F M GUYOL,03d13afd-8c73-4275-8010-083d95c25ca0,true
bc4f3b2a-9fa4-4121-bb66-1e69e7f19ec8,Benj. Smith,39d047b2-ad1e-402e-92f4-75835e9e8dbc,true
0a71db52-8c32-4e2f-b976-401b0f14f938,Agents of J. Tournillon,f080106a-4805-47be-b06e-ea7b263e4d28,true
ad03c1ae-0348-4db5-8905-7904f2b57a1f,P. L. TREPANNIER,1535a95b-cad5-465e-9b7b-d5758404d9dd,true
38e7162f-cefe-42fd-b83e-038291060def,George Creager,e4d58950-31d7-4036-9d86-04daa8ca5249,true
10910255-af6d-4e32-8cc7-2e38c0191ad1,Wheeler & Weston,22b96fc1-348d-4c37-96b0-2435a6c2e04d,true
87c420c8-b491-4868-b896-5ddf05dd4cc2,Chris P. Goodall,176c543b-07b7-45aa-8d8d-7673a2c408fd,true
44df3fa3-c833-4f83-9ae5-8d88d767dc49,Simon Meilleur,44587c35-c6a8-47d1-b924-8653b50c6529,true
41d6c1b6-e123-43d4-84a3-dbda95730919,S.D. MURPHEY,3d6ab2a0-d609-4bee-836e-d4e226e03477,true
36fe5bf4-2e69-4577-bdcf-c48337ef0a84,James P. Bates,0af51cca-1c11-4dc2-9b10-9d1a87eb9383,true
b2a24062-dd13-441b-8b91-4a4c1a3d60af,E. Varner,35057102-87f2-4a7a-b7c3-612d825f3f0e,true
89b81dc0-4b03-4fd5-af8b-9fbe945437cf,R. Merry,ee6428e1-9464-4e57-a68f-a55e48e71cb3,true
427b34a8-a6c3-4124-82d8-90f5fbe07cea,M. Loskey,03d13afd-8c73-4275-8010-083d95c25ca0,true
96b89256-18ee-47c0-8c75-f08d0a8828a8,J. Simpson ,00fe1bbb-ddfe-4319-ba96-38e4b55d1ad2,true
a2452f08-001c-4f08-a295-81fdbfb21038,C.C. Hazard & Co.,{undefined value},true
0d83a209-c9f0-4d54-857c-1f692e165bbd,"John Fryer, Jailor",40a6bf9e-57d5-4318-8499-0d5fc26837c4,true
bdf1ddc7-31f0-4c8c-8b0b-e653e643559c,Green Gray,fc2a7f8f-cf67-47a5-a347-99de5aa8bac6,true
f33d7388-9c67-4661-9c35-1c9980b23a46,Jas. Armor,{undefined value},true
562ffad7-6526-4a32-885b-04f40e87cd77,Mary Robinson,{undefined value},true
99c91f9f-2043-4d1c-9c80-a22e7b0c8396,E Blanc,a036c093-ba99-42da-ba34-111e7c9cd40f,true
0e266a90-491c-4490-923b-82c94906fec0,Samuel Jordan,f6547bb6-c6aa-4975-a5e2-d46ebb204c76,true
9e05dbdc-e87c-4b91-b1d9-69db83fb286e,WM. BARNARD,21d1a9f9-caad-4979-b224-e8156975cf78,true
e60478cd-05f3-40c6-a316-1c1557b77159,"Solomon B. Murphey, Jailer ",53d149e7-c88b-4579-999f-2caccebe8bae,true
8a10b61a-fbbb-4929-9c43-2f7d262008a4,J. Bates Jr,325200c7-edcd-4488-b66b-9a5907ac1c95,true
e378b74b-8d00-44e5-bcf2-6be7c75a5890,J SIMPSON,75656b15-4f26-4900-909a-5a186432b9bb,true
d23066b0-aaed-4998-9422-9724bf750c6a,P. C. Harrison,8a1845a4-df55-43fc-9e74-bf7b1e798725,true
190ce74f-9c77-4157-b1c9-21245f0f4998,D. Schuler,90d353a0-3e24-440e-b666-e8251432f6b5,true
fab70c54-204b-4c87-a32d-fd9831c88a47,Charleston Mercury,0afd2704-9c29-4f31-9ffe-3627c61e7958,true
c29fc81c-070d-46c0-97de-9923231f9331,John Hampton,2a01dc8b-f788-4ccb-99e7-ddcd1f54cc18,true
9280a946-7be4-4eec-b2c6-b657271a93f8,"J. Bates, Jr, Sheriff M. C. ",71431389-6b62-4ac4-af49-824b8643cbb0,true
6d03f7d6-b73b-49dc-9c69-985856533e05,Sen Parrot,{undefined value},true
a2412ded-ac2c-4626-83fb-6dc486c3bfd4,William Cook,3fe14961-f02a-425f-a261-36a99273f45a,true
48fbbc67-e63d-4fa5-99ed-6648cf41bc5f,John A Quay,257d6e32-d9fb-45f1-ac54-fb298d142e7a,true
54f22731-f725-4658-b95d-965153e8e8c8,John Comas,4b7be13a-55e5-45a6-8e2e-8b9ca3e11603,true
7d243ca9-af64-4198-a874-3cb89ad4e0d0,"Enoch Endsley, Admst of Jason Thompson, Dec'd",032be9f4-def5-4aa8-81db-c19d2b8bab82,true
7b465028-eae2-4dd3-bda6-4d260c717272,"D. Shuler, S.O.D",2429f904-86fe-4fcf-bd80-8bfe6855bdcf,true
25fc1bcd-e36c-49e9-8138-44d59869051b,J. D. Easley,2bc02e65-a3d0-41e1-a2ab-4d08dfb67b9f,true
36518c21-0a0e-4ffa-86b1-13db2df2769b,"Simon Meilleur, Jailor",be533a67-adea-471d-b3c6-83a0a5ad8d9c,true
bb3bfde2-e12d-439b-a934-aeea1209074f,L. A. Caldwell,026f5472-34b7-4c69-aff8-9ae5cd62e07a,true
4d84aef6-0bda-4dce-a869-d578f2ba8628,"James A. Rogers, Jailer",ae6b9f97-7fd5-46c3-af98-c71ff87489f2,true
8602224d-d265-4f68-80b9-92a4b8cbcaca,L TREPANNIER ,7ee26a81-3606-4cbe-860e-3dfda85545f0,true
8a96507f-a0e7-474d-beb4-4dd4824c1aab,P.C. Harrison,f06b59a4-0104-4053-ae72-0267c3bb4947,true
b4add630-763c-4e12-a0f9-a4411665a3ca,P L Trepannier,81ff9d7f-3777-41ae-91b8-1b445b58d772,true
6909d18b-be6e-4c4c-aab5-da1b725d389c,WM. DARNARD,21d1a9f9-caad-4979-b224-e8156975cf78,true
44c96f75-6b78-46ac-af38-780fc1402f9a,Christian Miller,ed2e84ee-9ddb-4c9c-b60b-e36f3b638c65,true
8dea7b05-1a6a-4d5d-883b-bf67a16f8b68,C. W. Clifton,{undefined value},true
52033b2a-50d8-4282-9a5e-331c0c10fdd6,C Zeringue,{undefined value},true
a95bf43d-0d91-4b7f-b15a-ef85bb2c5d0e,R Wainright,89673781-3a9e-4e5f-b3d3-0bf4b3d66cb7,true
0cc05e93-7eae-4315-babc-348381ccbfb8,"J. Bates, Jr.",325200c7-edcd-4488-b66b-9a5907ac1c95,true
44a73a31-67a7-4c52-8468-c403ad760534,J. Milleur,8939e824-4367-40ab-aab7-80f5a66267f6,true
e7a743d7-b538-424c-945e-38f540eabd5c,HENRY VAUGHAN,c47aef17-3c6e-42ca-b27a-26ae2653310a,true
cdf469c8-9dd0-439c-a4c0-0434aaab138d,"James A. Roger, Jailor",0281f287-265d-4948-b8e5-8f2ab1d52dca,true
1101d0b3-487c-4732-8371-2b13f87e1caf,McCall & Adams,6aa6b9ca-f511-409c-84b4-f3bff29944da,true
3e7973b6-db86-4fdd-bd16-498f349f0666,Christian Miller,b213dfa6-2b1a-41f9-ac9a-f1f00cc48396,true
a74cbe50-68e1-4750-9e6f-8c2794f4a3ea,"R C Blount, Dep Sheriff",a4dd285a-28a4-4d0d-ab5d-5a982caad261,true
d64a8300-9dcd-443c-a7bf-4ddf40887696,Edwin Chaplin,49a72aaf-2748-4ef4-a22c-95aba2661b50,true
c9f6be6e-e1b7-448e-8283-52cac3741c24,"James P Bates, Shff. ",5b30e6bd-f2ce-4459-8ffc-b6bac0794d12,true
981d99c6-3b26-4f76-b36d-d0596cb8834d,Robert Hawren,069eabed-19d1-4b6c-8a8c-2d69d810581c,true
9929c342-4d8b-440a-8f78-f86504798534,H. Klonne,c8952f5f-a456-44a2-8f13-9a0297c23cf1,true
87a0c513-c9e2-4edf-beef-fb584625f22c,Cerisay,7294ba98-44ca-4c51-9ff0-2b26d2b4029b,true
cb187ae7-1799-4933-b77d-9ac13e536c99,Edwin Chaplin,0ea14c8c-ddf9-4675-9e37-24122056bd83,true
36053b3c-574a-4783-a72e-e067e3e6d6fd,"Simon Meilleur, Jailor",23a65bf7-019c-4332-a1c0-d3588f1283ea,true
10317bb9-dafa-4f7a-bcfd-89444533e668,The Charleston Mercury,10de254a-a5b2-4282-a9c4-f97ef581cfe6,true
c03a7a92-71b4-4455-8585-ed7743af0572,J. D. ALLEN.,dcd23ec1-a4d0-4e2d-8dd3-47203c0b28a8,true
94b0cbc8-b104-4d9c-91f2-058a994234e9,ENOCH ENDSLEY,0126a125-0485-48bf-9315-d4bca5eac498,true
e00caab7-aad0-489d-b40c-cc501fa041f4,S. Meilleur,bef821eb-3b4e-44ce-8a26-ea4fedf6fc08,true
b6476263-5098-4bbb-b6c7-e48172558e48,Martin Nall,eec53bf6-b04b-47e4-82a3-26bb1822f5e2,true
40d97401-386a-4971-86ef-1f2f11c6619c,Christian Miller,bc92ba70-0550-4052-984b-bdcc753f3657,true
dbb731c5-f907-41b3-836a-b208736b1c1b,Nicholas Reedy,{undefined value},true
b07ddd8a-48ad-47ef-bb10-b0e0412a8024,McCall & Adamns,44ecc867-a62a-40bc-a42f-3dee47a85b2a,true
397dcb17-0ec9-40f7-bb2d-4dde80dd20c0,"William Seabrook, Jr.",e72b197a-cbcc-416e-a912-eb4749f1c8ea,true
b7f3e0a6-25a8-47cd-99a6-6e377fd337e0,"G Huggins, Sh'ff",228981b5-aa7d-488c-a0f5-300b4252bfae,true
648bd407-a21c-472c-91c8-6eb5d5cb8934,H.S. Harper,080583a1-d172-43ed-9160-231fe3e4e0a3,true
58665296-8e11-493a-86e7-03b989ac3c1a,W. M. Cook,139221ca-112a-4e56-b165-d6c43bdd6f0e,true
763cf6ca-b830-43aa-a6a0-bce8f8d13e0f,"P L Trepannier, Jailor",b2031319-281b-4a95-b0aa-33420f2d0885,true
4dc7218b-035b-40f8-abb8-95272f6213c2,John Swiler,e901c334-2184-4f36-bf5e-9f343c58d40c,true
45c9e324-3ce2-452d-bda2-af3a6f596097,"Daniel Moorer, S.C.D. ",2f9f2724-9adb-43ce-af1a-a1c5b252c89d,true
a856fd25-1bdb-4e3e-8db9-a3162f98f626,Thomas Scramshaire,239a8c7f-542b-447e-b0d3-1e3c9a7e4515,true
e6eb4dec-a5c6-4de5-91b9-ff6c0d4f7b06,"H. S. Harper, Captain of the guard.",080583a1-d172-43ed-9160-231fe3e4e0a3,true
f7ee17da-25f7-4674-9617-c8e067ba964f,H. Walpole,99f1b60b-c42b-44af-b724-874b73ab7354,true
48d5090c-52cc-4113-b3d0-39c0a358f3d1,S Meilleur,44587c35-c6a8-47d1-b924-8653b50c6529,true
49e72f80-0e48-425e-bc10-e747322dcfc5,B.F. Young,68958278-1762-402d-ad53-502dbec98e77,true
369eab65-d83b-4e56-9f5b-712eb9459954,J.R. Lewis,{undefined value},true
4f7ebc38-55a6-4229-a64b-469de7c1cb57,Robert Micklejohn,2dd9cf5c-51de-4e3f-8c66-dec827da4ab2,true
02d2c95d-0375-4cec-88a0-7ec6a300b58a,Joshua Cox,1846c31f-146c-4b77-aec9-22677b79c23b,true
7080561e-4b3e-4218-8ac6-576af111d30c,John R. Daniell,397de8e0-dea2-4c5c-b4d1-d1c13f95cf57,true
e3ba4e02-7219-4a4d-b64c-0504d412e63d,Henry Gunnison,e6ed5152-bd70-4ce8-bdbd-9ff1b436ee1c,true
d7bd8bf3-29f4-4c7e-b84a-3e77bfc1068c,"Geo. w, Underwood",42c19917-5406-4b1c-b612-cb1366b69053,true
abf5b84f-b29f-4066-9bd5-774599eac52c,"Geo, A, Botts",ef3a51bb-5c08-4cda-b157-9dc3fd370fdd,true
38467013-aa51-4e89-9c53-6a08a5bf4576,Tomas Tindall,0fc6f417-f8bc-4bdf-adb4-17fc34b75cea,true
9029dd6a-fc5b-4c60-b5b5-cef8f4962c5b,Orren Moses,11645943-ef1b-4350-9082-dea02408aac0,true
af019ebe-968c-49fb-9c75-bc78d6e90173,"J. Simpson, Jailer",d0be939e-63a1-4d01-9ca1-745efcc61fe5,true
b666827e-a2e2-4383-b0dc-ac6b5d241c5c,John Simpson,19ff8ca0-57f8-49d1-97cf-32eb25fd3c62,true
b38f8187-aeef-4a38-8470-c0c42130417e,M. Ware,f8e2db47-58a0-46c9-acc9-8dbb86eedd70,true
2a9ee81f-4d07-4139-b46a-b16af0cf8a18,F. H. Ward,60e517c3-e43a-4514-9062-6e81aa99914b,true
331804e2-f412-4a7e-abef-d014901f7f2e,"John N. Thompson, Jailor",5f98c8d3-3a7f-4237-bc8c-22c48d3fd26f,true
5aafa129-d162-4eb7-86d0-32ad793d40cc,Henry Vaughan,8255b618-96fb-4e25-906c-3df73a058c71,true
13eceea9-2f05-4a19-a5d9-e221607a01ff,"Charles André Cerisay, Sheriff ",2ae0d61c-d2ea-4519-b537-3ac96cfacef4,true
eeda0fea-2bc6-423c-ade8-ad5a909acc0b,Cerisay,84860031-1c8d-49d8-ae30-abe081efdfcf,true
07286b3c-78aa-42b1-ad3d-69027ecd83ba,S. Roman,59ce82c7-12ae-470d-a761-5e19e519d349,true
7560116e-9af0-4cd1-82ec-80a221347677,"S Meilleur, Jailor",03d13afd-8c73-4275-8010-083d95c25ca0,true
efed0e1c-f8ac-4a8d-93c6-a9409c5988de,John R. Daniell,af2ca089-4fbf-47b5-b835-ddd39cfa41aa,true
07041e8d-e47d-4f2f-a666-59db772cd1d3,"J. Bates, Jr.",0ab174b1-1e30-41ae-a4c7-98d027e7ad24,true
a3da65de-5e9c-4393-a43a-743c2502fc18,"IRWIN, HALL & WALTON",0c4accaf-c234-45f4-a74c-cde9ce6cd19f,true
5252e09d-d7ea-4c40-80b7-6b8e628a0fc5,Suttonweems,e46c2e03-e925-40ad-b504-3f2f98d9f062,true
2f6b707d-d1d8-4488-b7a0-51a866f729fc,Hamblin Bass,204ea7eb-ab2e-48fe-8f42-fd04cb249c15,true
d34f695a-b1dd-4503-abf2-a16514a704dd,WM. R. Bivins,343f2d3a-9c85-4358-af88-93f5384a9903,true
9c6b5249-8ea7-4eff-b07b-f5d414aedf6b,P. Boutan on King Street,05a63752-e272-48f6-9050-72590c5d7ac9,true
ef6ba969-95f7-4e13-843f-0506639c6da9,Allen Edwards,9cea725a-f7bd-4016-8f4a-a8f4314d67b5,true
2d7d3ff3-964f-4f98-b1b0-e49c9ac02d13,Christian Mill,190a4192-fa95-4ad8-85cb-0409b2ef0865,true
b5d09921-21d3-44e7-ab20-5637cfe7569a,John Comas,d970ea59-b6d1-4f88-87b6-e4cc606d6ee2,true
0a6eb1b4-c71d-43ec-abb2-42a7328c61d6,"DANIEL M'CARTY",1769533c-dd07-4b03-848d-43c8c110acd4,true
bd9924c4-654a-44a3-8cca-f4b7d8ac5eec,John Muck,725e3783-2ce0-4b01-953d-f9c61353e103,true
8d6305a5-6f2c-4574-8c73-10041a660924,T J MOPTEE,08887da8-da0a-4991-816c-f8e7486a0c6f,true
aa70a805-8f72-40d8-a705-e7f85d759ba2,Antonio Bugros,{undefined value},true
a8e89e25-6a0f-4343-8383-2d8cb095d842,"SAM'L WATT",679a67d7-cd4d-47a6-ba95-120f0d865f2b,true
712e0479-19f7-49d9-94d1-ffb2009aafca,STEPHEN R. CHENOWTH,5735a6b6-c9b1-4de4-b7f0-ce443f95b38c,true
95c26745-636f-4723-af20-a0cd10a7fcef,J.E Craig,0350e491-2790-48ae-b966-b71e87c4a7bf,true
28d46f3b-8f00-4fb0-96d1-f551efe32de6,James M. Jones ,9a06cb06-a05a-45be-82a4-5a5170473894,true
0a46fbc3-d4d9-4723-81a2-b06d05c70950,J. Bates Jr,325200c7-edcd-4488-b66b-9a5907ac1c95,true
8b589efd-f9d2-4207-84b2-7a042debf03e,Green Gray,ff6aa2dd-0685-49f4-b65a-3e46da3da986,true
28bda13d-dfaa-405c-a6e7-71bb48968502,Isaac N. Johnson,d54336fe-c13e-4fa7-8be5-efed47f6c438,true
23e43f35-e7c6-4196-a3f6-7c924ce22c9b,H. L. ATKINSON,95fd1bae-cb5e-4171-a269-992163b49812,true
80a77176-b678-450b-a7f9-1ed64e202489,Simeon Williams,d54336fe-c13e-4fa7-8be5-efed47f6c438,true
04bdd252-2854-4729-ac10-f2f967913c30,David Shuler ,2e583649-a7c0-40c1-8c9b-206729f2eecc,true
d764f751-6831-439a-b1d9-9883d5b4e709,James P Bates,00599968-e1ee-40f6-9a95-2c6858072872,true
1673415b-b1a2-4c79-84b9-b201ef39a4aa,John Platts,de529c7d-c58c-4043-af5c-9bb810550734,true
7536b429-8b42-4ccc-a9ab-2d3fbf30aec8,Henry Gunnison,{undefined value},true
12d0d1e6-3cd6-4e6e-8137-c94540034bca,E. II. Kendal,d54336fe-c13e-4fa7-8be5-efed47f6c438,true
c2984b2a-e8c7-4b0a-bc2e-8983e77e61f6,Sheriff Cerisay,13e7312e-9508-49c8-ab49-b3264c71e7d1,true
ce320707-b515-4f0b-9a85-c9c3d0a22c98,Green Gray,12c3a5ed-7766-40d5-8a17-accdb14a40a4,true
3e740985-22b7-4a4a-9732-811b6fe9bc8f,Philip Howerton,0a1c3398-83dc-4f6b-bf6a-90a0ef9e7152,true
677dc250-dca5-401d-8f02-a36dcec12b70,ORREN MOSES,dde3aef3-dfb0-4899-a0a3-fc1c533581d4,true
331af536-7378-4281-97cc-e6a4c4e5206d,Campbell & Labranche,f9f0e8d2-9c4b-482f-a1ba-5307f956bdea,true
ae563a77-eacd-47ff-93a4-04f6a4f6829e,Lucy,0dbfc2f6-255b-4d67-a52e-d2eb430350b5,true
ec3589aa-4a2b-4e36-af3c-f086f1e29e51,"Green Gray, Jailor",4226112d-ef94-45d3-a075-f6a2c73a1093,true
108beea0-e464-4daf-a286-d3061fa7576c,John Jolly,a138d41d-45b9-4266-a4bc-29c872812333,true
00aa9931-e37e-453b-a76f-1ba0aaae8bd1,"Daniel Moorer, S.C.D",a8e4e880-3c84-4d51-9c96-16865dab970b,true
b388fb23-ed67-4eae-b804-487f34e115ad,Issac Tobias,c796214d-afa4-4795-acd6-3c195fffc013,true
a5f682e9-672e-4482-9375-29c300bcfe00,John Freyer,fe011bd7-479d-4117-a4e9-021dbec9fe95,true
044eadf9-5995-4464-a685-497ed8ab14cb,John Fraser & Co,{undefined value},true
2598d71f-c861-4233-bd9a-04e5d09f3e9a,John Anderson,d34f14f3-9264-42f7-a498-cab82d224472,true
7641ba9c-af75-40dc-b60b-93e8e1785b93,John Fraser & Co,0afd2704-9c29-4f31-9ffe-3627c61e7958,true
279cc4cd-7966-4b3e-9f45-a2c32814cda9,B. TOLERDANO & TAYLOR,{undefined value},true
60987ef7-79d6-4797-a056-a33df0af0305,John,5b16dccf-d55f-49b8-8fee-de9075eb75ff,true
0add1fcb-cd0e-42de-9ce1-7110d819be61,W.M. COOK,09413097-c4e5-46d2-9ce6-2578e26d9014,true
8a89dd0b-5f76-405b-a86d-b9ab720acbbb,"Cerisay, Sheriff",8a26e920-7d04-4fe0-8303-2bbf6aecd899,true
f7e670bc-855c-47af-94ed-bbe073fe6d0f,STEPHEN,c483ee1c-e587-4b4d-9810-c0bb81e61a97,true
3a1f41ca-8a77-4d4d-a26a-feb3689885dd,ROBERT S. NORLIN,71abb399-ef83-4b35-9722-036f351c7cba,true
7f9bd293-6ab1-4d70-af16-0b1cc2d0d078,Mrs. Widow Halohen,e7822bd3-847a-4f51-9abb-52a11fa861af,true
1213d3a3-0ad9-41b3-8e68-687f27247e02,P C Harrison  Jailer,ec6e2abd-af8b-491c-81e4-a68b9c389451,true
91eaf8ef-5afc-44ad-841b-c4f73897a37e,Simeon Williams,8760273f-d5c1-4d78-97c1-ee6829e24589,true
e013fcb9-b7e3-4c83-a9ec-bceead822578,Thomas Wicker,d2c223d6-8144-4fd7-8b61-5a9a81b85d00,true
59cb87ba-5cde-4de1-8fe4-2bfd80c35d1d,J. Graham,239a8c7f-542b-447e-b0d3-1e3c9a7e4515,true
3b4da190-1fe8-4a26-8fea-5e605ce1265a,Simeon Marsh,266965bf-a13b-447e-ad74-86d8e9087524,true
b0ed4664-dc12-4a8f-9201-03231a0a9116,WM. COOK,442596ae-97ad-4814-a015-818bf9f16904,true
98ce820f-3e09-4523-9997-70e72cd54ceb,WM. Cook,0cdd5751-3a29-40e2-af86-19223df13de3,true
48ee0367-7ea6-4386-9f78-80f55eccaaf5,E. Simon ,cbddd8b1-0e48-4961-87ca-7250452b19ec,true
7d8c8ada-63bd-4920-89d5-f20bea049a4d,Jas Talbert,11394f11-eb68-495c-b33f-bf964e488187,true
c7b7016f-3b27-417c-abab-06d57520e970,WM. Armstrong,03d13afd-8c73-4275-8010-083d95c25ca0,true
5c5fe8c6-6634-4664-8dde-2dabcccc8eec,A. Mauldin,f36789f2-0019-44c4-85dc-ff4d53f433b0,true
de9136d4-3295-43d1-9ce7-516ca67fc294,GEO. A BOTIS,541bc42a-27bb-466f-9563-dd32927a2a2c,true
dc5f1a7c-56fa-48e5-a873-0c0d853bef73,O. H. P. BONNER,56bb00b5-35da-42ac-b938-7f4e0402de68,true
510b8569-a1ee-40d6-b6a5-a9de30ce794c,William A. David ,d54336fe-c13e-4fa7-8be5-efed47f6c438,true
63882afc-b8a6-4113-9516-bf45725fb8d8,WM. A. CRIBB,344e9ef6-d85b-4ff6-a3f5-3d4c054537ad,true
552e0510-d5dd-4b59-b85a-a6802c92487a,Richmond Enquirer,2070f1a5-433e-4368-b1dc-b97b1a1370ca,true
341ed36f-65e1-47e2-814d-d23ce411cba1,John Platts ,de529c7d-c58c-4043-af5c-9bb810550734,true
4928e876-aab3-4cec-a9ad-b9f467993d33,W.M. COOk,09413097-c4e5-46d2-9ce6-2578e26d9014,true
808c5cad-37dc-41ac-a150-3c9780b65914,Christian Miller,190a4192-fa95-4ad8-85cb-0409b2ef0865,true
00d39496-7d33-4b94-80ea-20134bfb8b08,Evariste Blanc,c939b4b6-e326-42c4-b787-904f0cd50986,true
27ddc193-eb3f-4b9a-9399-b0ed9d5d90c0,"John Anderson, Jailer",4e5392e3-0d14-47cc-99c1-3f1988b00d56,true
5582cf10-c283-491d-b7b1-35437c6da786,J. H. Harris ,05053208-37f9-4889-9f95-6feff3e119f2,true
dfee981c-6da7-405b-8598-b27fbc64ae1d,John A. Quay,2070f1a5-433e-4368-b1dc-b97b1a1370ca,true
5715df0d-4eb0-4876-8073-c57a28ded6f5,J.D. Easley,158a7f93-ea0b-4da4-b832-ba9807ec9c9e,true
af6dad51-f6c0-4fc2-bf07-006c0f9c9190,[illegible] LEWIX,723e3677-c385-4aaa-9e6e-199141966d03,true
4e1352c4-032e-4aae-a2cc-09cd604131a5,Simon Milleur,026f5472-34b7-4c69-aff8-9ae5cd62e07a,true
ed118e3b-a773-4d71-888d-bb348c751c98,P. A. Dubord,{undefined value},true
008613f9-4a28-4b74-bf11-eacad966f73d,James B. Buchanan,22d7234b-3414-4106-8f9b-88fd92ae0c40,true
aa0385bf-25c7-433a-8e78-ce12e6134729,Joseph H. Shivers,a975bb17-aeeb-4155-826d-87a8f8496c40,true
7ae884c0-e396-47e9-8a39-1aa5486e725d,Simeon Marsh,b305d201-bc7f-4f03-b464-b4f4e4a7c60d,true
5b923f44-e7d0-4b37-9a21-473e014c5b51,"JAMES A, ROGERS",ee77b8e9-8594-4781-8532-bdbdf9be5786,true
9c1c9912-0805-487d-8dd5-40f28c1fe03f,Horace L. Higley,00599968-e1ee-40f6-9a95-2c6858072872,true
546de014-959e-4b93-8198-06ec88fe8da3,R. H. Vickers,e7b0bddc-9ef9-44fe-8e08-16e69e532715,true
1ad9f1d8-c69c-4526-ba57-dae10402f90a,E. H. Kendal ,4c7d0fb8-7d50-4ff4-91bb-09ea4ffa5716,true
937d5551-12eb-4597-a8d6-9499376093ff,JAMES SHORT,{undefined value},true
73857d9e-27d1-4b3a-9861-6a59b11594b4,Charleston Courier,0afd2704-9c29-4f31-9ffe-3627c61e7958,true
6a8482cf-3e56-4c44-a0c8-9313a8961f83,Thos. Cochran,875431be-fba2-408f-9fd7-2a7c7d856e84,true
33d27abf-e711-41e1-914d-3ef9ef7b8725,Z Roman,0e6b8090-4dc3-4e7d-9fd4-31a6a0b66fea,true
78351417-727a-422f-91f0-e2e2cee68655,SOLOMON B.MURPHEY,d58acecf-c73e-40db-b644-275fee5e0ea1,true
39791f1e-0421-4026-8496-0ae0d62e1fe5,W.M. Cook,09413097-c4e5-46d2-9ce6-2578e26d9014,true
6f204404-89ee-4fc8-9386-5eebe66e9d2b,Solomon B. Murphey,b9fdaf48-6a1e-4594-b7e2-0a7ce3cca54f,true
ae3b5bf6-358a-4183-861e-648b5ff7884a,H.S. Harper,541bc42a-27bb-466f-9563-dd32927a2a2c,true
27d7f698-308c-45b0-a680-5bdea6a2ea50,A. England,ecaefb44-1e5f-4c57-b0a5-8d5928160fad,true
433fb5b6-dc46-4de4-9df8-22ea8ce18038,WM WOODS,{undefined value},true
a223077e-2764-4461-8d40-08676ff5e2bc,H. H. Terrain,c06d2a62-64a1-491f-a165-3c3bdeaf4387,true
d340becd-4bcf-4bb9-9f35-7c5b2a1e570b,G Huggins,325200c7-edcd-4488-b66b-9a5907ac1c95,true
ef249e8f-b952-42fe-8f3f-d81afe652147,"N. Combelle, Jailer",0ea43810-da07-49ff-975c-49d730d310c9,true
cbf145c3-db9f-4327-ad67-8ca8be0ae2c1,J.E. Craig,300eab62-b321-4fed-a094-6a649b762765,true
77ff8829-1f2d-4e51-a27d-457333fc3c24,WM. R. BIVINS,15d3351c-1136-4b8b-99f8-7fca8f1db5c8,true
f598170e-db3d-45e3-89d5-140f823137ac,S.B. Murphey ,4d1febd2-308b-422d-8850-887fdb5654b4,true
0199d77a-9e2e-4978-aabf-b3cda090841c,Martin Nali ,4cbcbe92-6eac-4c3c-ae3b-37a8742c7ef4,true
c0ae5afa-bc4b-4b12-ab6d-e46da0419118,"P L Trepannier, Jailor",29d4d296-b473-44b8-896f-b4bc58976796,true
f9f0f4f1-cdab-4518-a018-c0e95f82a40b,John Comas,d970ea59-b6d1-4f88-87b6-e4cc606d6ee2,true
502511b6-587f-458c-bf40-c05b555bbec5,W. M. Cook,032be9f4-def5-4aa8-81db-c19d2b8bab82,true
b7a2095f-c6c0-4314-bc84-ffaa6bd01346,"J. F. Hutchisson, Sheriff M.C.",325200c7-edcd-4488-b66b-9a5907ac1c95,true
dfb83cb5-704a-4297-b588-2a0852595254,James Savage Jr.,80813b0e-ddd2-4291-99f9-8e0638b2aaf4,true
46c51801-aa21-4ec8-bdde-258431b2a38e,A. D. Duval and S. T. Love,2c9479b2-cc5d-45c2-ad23-3ef88d425a1a,true
a4c279f8-1c52-4ed8-9758-0fd617912955,P L Trepannier ,cb1109c1-ca1e-4d44-bc47-ff7e814cd199,true
386f524a-16be-42e0-b7e5-b019fbc2c755,J. Simpson,03d13afd-8c73-4275-8010-083d95c25ca0,true
31cd8f06-4dc6-42b7-8332-9ac292c9cf13,Thomas Clagett,{undefined value},true
326cfb1a-81c8-4249-aa6b-78780b31b60a,David Shuler,90d353a0-3e24-440e-b666-e8251432f6b5,true
d5ec3dac-8a50-443d-8710-fb0bbfd4f043,"Owen Fennell, Sh'ff.",a9375ac0-de32-4785-aeac-6e828ae521d3,true
fbf21887-03aa-41ca-adc9-28b42d7803fc,J Simpson,a5281148-8d95-404f-84c8-9014a1a93b61,true
087331bc-8442-4a89-bde8-cdea808c601b,John Lanier,bffea711-d28d-430e-8a11-e31bc80a0fa2,true
9d3f2b3d-abe7-4d89-9ecd-ffeb405a91f8,John R Daniell,26c69925-3d6c-4ac6-859b-be1c8eb81ed3,true
af549cae-6f41-4d98-abb2-6606ffe9acbe,P L Trepammier,19eaf233-79a4-4a8d-9fc0-ffd98fda24df,true
f9e96d44-b7cd-4b5c-b6cc-c856116a019d,J F BUFFET,102c8138-517b-4524-811c-9726af1dcd8e,true
aa1da029-8341-4af2-ac95-f728d6d13272,W. A. Bennett,a1b28e04-c9b2-4f4e-8d91-c4e5e0791e19,true
99cb6276-3fae-41e8-9c90-c542346bc7e8,James P. Bates ,b47650b4-5a4e-4101-a190-5e266c88211b,true
5a6ad110-29be-482b-a802-2a10c62aa3ae,M. Ware,{undefined value},true
6e3e795b-2053-4189-929a-d2c0805df160,[illegible] P. Maltry,{undefined value},true
c88242c3-34a6-4164-911e-676acb9eb763,J. C. W. Legare ,{undefined value},true
da0804ff-07e9-413a-9e84-9c4d2222a75a,S.J. Bryan & Brothers,074f18b2-11f7-46a3-a6c2-0f53083a6ad7,true
ee243f5e-2126-4554-abf3-3e4f909768a6,Orren Moses,dde3aef3-dfb0-4899-a0a3-fc1c533581d4,true
ad5fa549-2fc9-411b-a187-ed9b253535ab,Wheeler & Weston,cc9996b4-d652-4dc9-b264-bb6ca3b7ed17,true
257aea6b-4fc8-4509-8ded-c715c77c9161,Isaac Tobias,058cc9d3-f759-4191-b2a6-a35edce2d683,true
35698992-9822-4b04-a15c-9ac0771079bc,Michael Sullivan,5bdbee70-33ce-4d9e-b52c-b40845f6a890,true
ead8cf32-6f36-43e2-8764-6821c320c3a0,simon meullier,{undefined value},true
9f667bd3-a5f1-49e8-afc9-cdc4bdaf4d08,Simeon Marsh,c5ebf605-5950-42fd-bb12-2dcc4a9fcf68,true
d540b451-b331-4eb4-8b41-68a5daa48afb,J.E Craig,87dc5cfa-8173-438b-aec4-5cc55c76c9f4,true
49c937af-9daa-4fe9-89a0-c51454136b75,W. B. McOutchon,8d6f39ca-2955-4bce-8f2d-4711c0917e7e,true
992243ae-7361-4701-82db-e9d1e482730a,Matthias Hilburn,8760273f-d5c1-4d78-97c1-ee6829e24589,true
adcac22c-724e-4cc5-ae6b-b0c6022263d1,Lewis A. Box ,6f13ef43-8514-46e5-8447-c9305cbd2d8c,true
29a494cd-5e8d-42d0-8491-eb8f1a16bc93,P.C. Harrison,5f8a95be-c571-4874-b9d1-048a5fe93714,true
b0d0f2ad-167b-4de1-bd06-7ed6fb918c57,John Comass,d970ea59-b6d1-4f88-87b6-e4cc606d6ee2,true
0979f7d3-993f-4395-8c47-594b104e8e5e,E Beauregard,03d13afd-8c73-4275-8010-083d95c25ca0,true
932f3352-e2f4-4b0a-aa15-392180233286,"J. Bates, Jr.",0af51cca-1c11-4dc2-9b10-9d1a87eb9383,true
b2453f64-9e02-4855-8bea-08bbce416023,Payne & Harrison ,0dbfc2f6-255b-4d67-a52e-d2eb430350b5,true
fb4976a6-7add-4f51-b6ba-8b667d09e97b,J. Bates Jr.,737e7668-f589-4ce1-8993-8229f4ddb967,true
0b32d843-b261-49c3-a247-07e603499d6e,I. Henderlite,62006e07-430c-440e-824d-4e730850fb94,true
fa3b4fe5-597a-4da3-adfb-5a6fb560fe19,Major Harbin,9a61f24c-3a1e-4ad1-822f-e2ad44e15b91,true
69862fdd-d91a-41c0-ba0a-63307de46cba,S. Meilleur,58c8029e-8565-4c0f-8312-ad3084932f77,true
26579829-a47d-4159-915d-dc2230b21881,John A Quay,2070f1a5-433e-4368-b1dc-b97b1a1370ca,true
d5acb4a7-0808-4b05-a2cb-6ce8824a5b22,Cerisay,cdf668a2-a15a-4ae5-a707-8f45db1c691d,true
a39808a3-5cf3-443b-9b42-e6d26253e492,Simeon Marsh,974f5b58-b0e5-4bd7-a1b2-1c57c01a9836,true
9f1c7b84-dedb-466f-9f47-fc70713e6f1e,"PHILLIP HOWERTON, D. S.",f2487b15-e7e3-41a9-a4a2-4adca35bb050,true
658ceef3-dbdf-4567-884a-560a6cb11021,WM. Barnard,c99a6e22-9bfc-42e5-981a-605c7987ccc2,true
e579bf6c-6656-4142-bf5b-cb5918c81d91,J.W.E. Wallace,38055ee8-71b5-4f89-b298-26a88e8e7fbe,true
ae1d30f9-4c04-4ef9-b16f-0d9dad01eb28,"H. L. Atkinson, Shff. ",64f66f05-9dcb-4caa-8c57-d918b1b049a2,true
36d2cfb8-75ec-4ddb-a049-37395b2fffbe,WM Barnard ,21d1a9f9-caad-4979-b224-e8156975cf78,true
c5e3ac22-7c81-447e-a0c5-29a93ff5197b,J Simpson,a5281148-8d95-404f-84c8-9014a1a93b61,true
a70a52b6-c32d-41d4-9882-402710be50bb,Stephen Johnson,146afb24-357f-441e-b5a9-f3fff1cf4cd3,true
57ce4096-c6b6-4fb5-a624-77edb7d0c227,John Platts,a9a559ed-65da-409a-af50-ddb299ee5e03,true
f8aa000c-ea9c-41e3-a93e-73a08a06ee0d,"E. BEAUREGARD, Warden",be533a67-adea-471d-b3c6-83a0a5ad8d9c,true
afe14754-2c2d-4182-b63d-87abb23b7745,James A. Rogers ,82b6e6c3-e7b8-40ef-bef7-0037f425776d,true
e29dca02-2274-481e-8bde-018d547ed372,N. Combelle,e9d8e0d9-825c-4559-bdbf-28eaef2fc028,true
8008664d-67ac-4584-b49d-26d054cadade,Courtnay,a38ad500-0009-4d00-a81e-2e39db0d72cf,true
9e8ca2ca-88c8-409a-9ca2-2d838aa1f699,J. A. Stuart,118824bc-4511-4402-a551-59f428209049,true
653a4c1d-7296-4fff-9536-abe2f9fe36a6,David English,426f0328-6f53-4e84-8263-e85d6400ef50,true
1a35ef02-8ae6-4140-b02d-57aecd47ef47,"Thos Wills, Jun.",a3532f2f-1f60-4f5d-aefd-22684ecd97d9,true
a1e3518f-4631-4d62-88b5-d6c988b62602,"DAVID SHULER, S. O. D.",a4d45e96-6ac7-4531-aa3d-19d68069ef98,true
92490447-5528-40a4-9c6c-187b8bd32040,GILES HAMMAT,{undefined value},true
8bc59477-bc51-437a-8c72-bee5b2ab43ca,"Irwin, Hall & Walton",270c6d1c-5a96-4b07-a94b-e6ccd0c2206a,true
6c7b4c7e-f309-4a84-9211-8109d56d7d55,Gwin & Love,{undefined value},true
2a8fd4e3-cca0-442d-b0c5-c5fa0e6a1f4f,Henry Stickney,0ff60591-914a-46e2-a426-5f66fd4ecf40,true
098646a1-d56c-496a-ae4c-f21076db6cca,T. & G. Holt & Co.,00599968-e1ee-40f6-9a95-2c6858072872,true
604a7e82-7bb1-499a-a45e-034962283c4b,H. F. Wade,9a8094b6-2ed1-4362-9a5e-1a79fc4c82a3,true
cf8e580c-9767-43d3-868a-0fdb5f04588f,Noah Warlick,bf3238a9-0338-497f-a10c-31b38999a1c0,true
6acdc898-ef67-4911-82f2-2249b0332d30,J. O. Devizen ,36bd657e-47ef-4bd1-a8a6-fcc3d9eb98f1,true
2a0548d1-4d3d-4451-b0d2-064652e87f24,H. Klonne,56e25030-23e4-4e85-b127-9941170d1518,true
4a0dcc76-e618-4421-8708-5428de3de377,R.C. Bloint,d5608beb-5cf8-4fb6-8c84-6d927ad3c47c,true
b1d0be60-9f21-465b-8d59-439609b4a16f,Clark & Mosby,03d13afd-8c73-4275-8010-083d95c25ca0,true
ddafdff8-f84f-46d8-938a-14fd9161c294,A. Rogers,03d13afd-8c73-4275-8010-083d95c25ca0,true
19a9fa50-ff52-4f7e-bb1f-68648312c4f8,H. S. Harper,6337ccb4-94c4-4c90-a67b-617d62b94627,true
651f8165-6e3f-4316-b8c9-53257fc4279b,Peter Arnou,a769f512-2e58-4dbb-a95e-509fc28c934e,true
4b52cc3c-6d6a-444d-b441-0a4cb8225115,J.P. Bates,f4eae264-ece4-4342-b371-a7e2f818afab,true
1beba13d-be4d-4410-b19b-e0bb06a1c2f3,Harang & Fuzende,8e4d3400-1c78-41f3-8293-dd0c0681e703,true
e92880b8-1a94-4432-8810-5b4077fadc03,W. C. Wilson,2da18c98-e31f-4c76-b812-54e6c1593082,true
3fc25e0e-11af-43f9-9a03-d559bb33abd4,subscriber ,bf14ef1a-1daf-438e-b977-700350dbf9bf,true
76708a6b-f7c8-4f5a-8ae2-5182a31a8c7c,A.F KNIFSCHILD,358257a6-e747-4bf7-a375-abb9d02111ee,true
aab36769-51f7-4336-bcfc-e526c840f5b7,E.T URR. ,37bed237-5daa-4759-9a63-fad59f5a52a3,true
695f9d18-657e-4084-9c3b-54496301dc66,D. Shuler S.O.D,90d353a0-3e24-440e-b666-e8251432f6b5,true
f191a3df-e213-4a84-a06a-e9cffcaf0484,A.F. Knipschild,10c4f463-aaa4-47d1-b135-56a52ec0b089,true
fecde759-874d-481c-a4fb-7113d3335834,S. Meilleur ,63cf81bf-0e8f-4b51-a6ba-1922d98baf0d,true
b6cb5fe2-4784-4ff3-ba27-29d416b956b4,Wm. R. Bivins,22813089-f68b-45a0-b49f-6ce9372ca65f,true
fe350f66-b589-47e4-b185-7f8ee2fef954,John Simpson,75912927-3703-4e6f-9065-c71fa9979056,true
2306d56d-67b6-4043-921d-7a6c6bf582a6,Green Gray,0afd236e-06d9-4dee-8621-55b38d28d8a2,true
92737933-88fa-4db6-81a4-f8fc9976c54f,R. Micklejohn Sheriff,38773e61-6822-49ac-b9d6-88224d77c2a9,true
ee923835-da8c-4d59-978d-db69490b4bcf,Cerisay - Shff,474b8890-93c7-4b41-a98c-b6a26982ecb6,true
f321a335-ac2a-4c9e-a095-e1e932e5682f,Simon Meilleur,23a65bf7-019c-4332-a1c0-d3588f1283ea,true
48894b84-9c79-409d-b6e6-784f304550c1,R.B McRae,98815bf2-21b8-492f-9a75-012bfe8eef65,true
7ce5bcae-ad14-48c0-b0d8-12db8277fa2a,J. SIMPSON,19ff8ca0-57f8-49d1-97cf-32eb25fd3c62,true
f25e3599-6912-4a41-9460-94daad5fa6b9,w.c. wilson,{undefined value},true
32e8eeca-5114-4797-b8dd-a80974ba4ffa,Solomon B. Murphey ,daebac85-4902-410c-bfb9-9cc725c774d9,true
575e647e-5fba-4121-95e8-55121d51eb87,J. Bates Jr.  Sheriff,737e7668-f589-4ce1-8993-8229f4ddb967,true
28e52858-f8a4-485f-859f-64d2b8b7632d,"P.L. Trepannier, Jailet",31bf4546-e361-42e5-9a23-b56a5b7c4e72,true
2789f090-b7b5-4cf5-a484-e4a94c9cf8a0,"Wm. Moore, administrator of Estate of Wm. Cox, deceased",{undefined value},true
6e8a8a59-e7dd-4045-9232-70dfb1eaec57,John R. Danieli,af2ca089-4fbf-47b5-b835-ddd39cfa41aa,true
e132e804-3df2-48f2-8a7f-3ba1496c85d3,CERISAY,03d13afd-8c73-4275-8010-083d95c25ca0,true
fdc11e29-9d24-4f21-8415-97c679f67f72,H Nicklejohn ,343f2d3a-9c85-4358-af88-93f5384a9903,true
62de1506-61b8-4601-9ed2-89a2facfd338,John Lanier,16f342e1-505a-433e-888d-f1f303d52145,true
e5660275-53ad-4545-a4b9-febebe47edc5,R. H. Vickers,2c51c75d-5ab0-40b0-b021-d7ca6b5fe9f4,true
625cc766-9d55-4b22-8252-a429c71b0155,James A. Rogers,8d96a9dc-6c78-4fb1-9830-6da036bbc718,true
44abdcb2-8b95-483f-a846-58364750d643,I. Henderlite,71cf3b57-95ae-421d-9b23-0d53fb419c88,true
0b35f017-29a1-4162-80fb-9e990cc5bc41,Richard Wescot,e6a90aff-1642-462f-ada3-559cbd2cdf92,true
707284ee-c043-40d9-bbf4-8633d10c1d38,D. Villars,815a2142-d30a-4c90-873a-6c1fb4dce6f0,true
c3eba0da-cb0a-465f-96e4-74515a88c209,"Fred Sanford, gaoler",643d1342-ce1b-45d6-9047-efb6f83b32f4,true
61b1f427-9e3b-4aa6-ad41-70b28974ef15,"Cerisay, Sheriff",ba960d3d-4250-4432-a164-0f69ba5619ba,true
dd5368cd-647c-4970-8097-11e425408365,"John Simpson, Deputy Sheriff ",d0be939e-63a1-4d01-9ca1-745efcc61fe5,true
e01ac319-a380-4391-9640-f3683103d0a3,GEORGR CRBAGER,9e1adfb2-061b-4dee-a017-f46552a17161,true
1f33b3b8-a2fe-4b1a-a680-f9f2e9a98d4e,P. W. Debuys,{undefined value},true
77c350bf-adba-4121-a8be-658cabaa2cb3,H. H. Terrain,239a8c7f-542b-447e-b0d3-1e3c9a7e4515,true
dfa1409b-38a2-4d63-9068-a10a4455b0a7,F.M. Guyol,{undefined value},true
d3bc5744-aa59-45d9-9b19-f3422183da7d,"John. O. Devezin, Sheriff",8c4f1ab9-8179-4697-900d-82eada60d2cf,true
4529fb2f-8367-4fa2-979a-b54db65a9758,"Charles André Cerisay, Sheriff ",60d201ef-ef12-46b4-b1a5-8a0e4e85aeff,true
d9244062-9865-4073-b88b-e899c4d27fd7,"Simon Meilleur, Sheriff",23a65bf7-019c-4332-a1c0-d3588f1283ea,true
aeaba32d-7153-40d8-97c9-a717fb071e54,Solomon B. Murphey,d58acecf-c73e-40db-b644-275fee5e0ea1,true
556d4970-24a4-40c7-9730-a5a44d141aa0,M. Ware,06634f71-ced3-4e24-a2f9-bb75a0739262,true
f267b918-e81c-4460-a36c-a1fbad6f3549,The Lafayette Gazette,bf14ef1a-1daf-438e-b977-700350dbf9bf,true
44b3ddfe-27d2-4962-a8df-befe9908ff09,D Hagadon,79e19f11-3e81-48fa-9715-0d434f4a7dcb,true
67575e9f-05a2-4a55-96b0-018e4bfbee8f,E. H. Kendal,24cb6f7f-a64c-4752-a939-f15f1e396a58,true
9cf1fb02-ff54-4565-86a2-8e236908b3a1,CERISAY,b9779cc7-f4fb-4c6d-b0a7-3172eb9b6c06,true
454745d0-692d-4c78-8f25-8d007e015d35,S. B. Murphey,daebac85-4902-410c-bfb9-9cc725c774d9,true
248e51bd-161c-4ea6-85f8-316098dab959,D.P HILLHOUSE,6f13ef43-8514-46e5-8447-c9305cbd2d8c,true
b73eb031-ff62-46c1-a8f4-7a5956571a3c,S. B. Murphey,daebac85-4902-410c-bfb9-9cc725c774d9,true
4683e9e5-bc45-4815-8469-da872e5ccafe,E. Beauregard,77ef5976-1aed-4837-9aed-e74fedf1c446,true
34d2db42-b228-4a08-b22c-fb55241dd438,"G. Huggins, Shff. M.C",00599968-e1ee-40f6-9a95-2c6858072872,true
8cbc4556-1aa6-489f-9703-e2578ebbc655,M. Ware,00599968-e1ee-40f6-9a95-2c6858072872,true
15230f56-d4b7-4de3-b7a8-1d6582a6a083,Simon Meilleur,23a65bf7-019c-4332-a1c0-d3588f1283ea,true
7a538222-b4af-4f64-8503-9caa16da3be3,George de Palsan,239a8c7f-542b-447e-b0d3-1e3c9a7e4515,true
2ba6f713-37ee-4e5a-8c13-ce6a7e041bcc,J. SIMPSON,cf67c55a-898d-4d17-a472-841ca09bbc09,true
bfda77bc-c52b-4f2b-94b5-4c4b42e64b56,J. SIMPSON,eed92f27-a5f0-4601-acc5-b82f1794a0bf,true
6f642d31-f7c7-4432-aff4-f484d520f97e,S MEILLEUR,9bb9a6ee-f1c1-4d54-a6ca-1845e9e89445,true
b0251cdc-1608-459d-8e8f-cb9083998407,P. Gilchrist ,0af51cca-1c11-4dc2-9b10-9d1a87eb9383,true
b6e21771-76b6-47ea-ad92-fd7b9fcd4789,"Cerisay, Sheriff",2ea647af-5ccd-459e-9bf8-5d4eb36ade12,true
fcf07944-8cbc-4edc-928a-eac35943ccb9,"R. J. Jones, Sheriff",85c9257b-f5f9-4894-874c-9d2cf07b0413,true
96e05cac-c97a-415d-997c-acc6d00b34fd,Daniel C. Brent,1c4b890e-d3b8-4d60-8d9f-178128d8aeb4,true
87da238c-983b-418c-8f95-ca56626397fd,H. KLONNE,875cd864-d6e0-422c-be3c-126d2eedf82c,true
0333a088-ce6c-4788-95aa-32ff256620f2,Lucien Labranche,ecbaa833-2f2c-49a5-864c-237715572f10,true
555d7b2e-4436-41ca-b2db-58b6452d22dd,James A. Rogers,010ba10f-7f9d-437e-b391-62c2dae47f57,true
5e57c8e4-19cb-43d5-9291-d9a0e96047e2,"J Dates, Jr.",06634f71-ced3-4e24-a2f9-bb75a0739262,true
273cf2e6-6f99-4f3d-bb28-b244bdecceef,"[Charles Andre] Cerisay, Sheriff",f7cd5318-4900-4226-b4f3-6ed44a38c80e,true
a0e55286-f53c-49f9-883e-45b211e583d0,L L Trepagnier,440581ec-7232-4156-b30b-acdb2e08a4dc,true
c648ff9b-5783-49d1-91b1-98710ca2990f,Clement Brown,ac377ca7-8bc0-4a2e-a6d2-0b0e4f435720,true
e6d4c93d-1a44-4f8e-98a3-d16509994874,J. Galbert,753f3b02-3c21-410e-80a1-016a0a70347c,true
68e7bfee-aefb-4f7f-a8db-e644dee33b43,P. Gilchrist,0af51cca-1c11-4dc2-9b10-9d1a87eb9383,true
a8073516-9f3c-42c3-909c-9778872a14fc,Mary Smith,014eaf12-f807-4bd6-aa77-2e8885534580,true
c22a14cd-6006-49fc-8c18-758bb7f8a5a1,P.L. TREPAGNIER ,33e162c3-dbfe-4ff5-bcf7-a873e8ddecab,true
d336850f-9c8e-4163-8303-7ff8cfbc4c77,A. Mauldin,a7e54f2b-c74c-4e24-8e7a-d4552be1f40e,true
4e12ce49-7fa3-4d90-b706-082b249b7f62,J. Simpson,e7822bd3-847a-4f51-9abb-52a11fa861af,true
e63146ca-ad5b-4c44-a2a5-b06c59cdd887,P. MASPERO,3af4b8a2-dd36-4479-aaca-d869ac5f386d,true
3497f70b-bf01-4647-9323-d5cea3be3ccd,F M GUYOL,e7822bd3-847a-4f51-9abb-52a11fa861af,true
865dd8b4-7b86-4f0e-ad0d-6faa5e9c2647,John Simpson,311c0a1a-ff81-4205-9a05-61557d619d85,true
4b9198f5-c493-412a-85bc-0da2b7f67b84,J. Bates Jr.,0af51cca-1c11-4dc2-9b10-9d1a87eb9383,true
dbb9c1a4-f58b-42c5-843b-3a3c89678ce6,Cerisay,d88e0613-82d6-42c4-b37e-da2268459969,true
826772d7-4e29-43a3-9580-1fe43d8634ba,Cerisay ,66c8f0b0-9187-40bb-8888-a6a7a20c4ceb,true
a7f49a75-9a51-48a5-b2ce-0d265cab2cf7,S. Meilleur,23a65bf7-019c-4332-a1c0-d3588f1283ea,true
90de9c24-1f6c-4375-975b-93c58f1b7873,"H. S. Harper, Captain of the guard.",f3f2f2eb-ba4e-4966-85ad-d1ac5f74c063,true
ee1612be-51c3-44be-be11-a8c3a855c142,T. R. Hyde-test executor,2f0046af-be13-4976-be42-aed9453c0c60,true
0c85e95e-4b72-4823-b96a-71b40550ced1,L.M. Malleln,{undefined value},true
c6e9ba56-1db1-4c01-ad41-5e297ffe2777,N. Combelle,fb466f17-253d-4c23-b847-ed6fadf84474,true
534c2bb9-b812-4fb0-bdc7-81fd5b68ea69,R. MICKLEJOHN,3167ab67-3e2a-4363-bce2-d03ffd4b0f89,true
76220b72-c6d5-4d3f-8589-5e5123d8ba39,Geo W. Underwood,8129394b-2fec-40ad-824d-8388799f12fd,true
36183946-d9df-4b7e-8f14-172b4a0daac0,P L Trepannier,80c4362f-77b2-4d3e-be97-990541e9b020,true
da447727-f634-4874-9813-aab394db8782,Cerisay,474b8890-93c7-4b41-a98c-b6a26982ecb6,true
0a937b4e-db92-4487-8511-2e58c5002292,"Ceresay, Sheriff",e70ed784-1958-4307-9446-0a049d0173c5,true
63694bd1-c467-4feb-b57e-1084a4871919,The ,{undefined value},true
3d7f65c2-9dec-40d3-87d1-a1cdeffa01ea,B TOLEDANO & TAYLOR,{undefined value},true
a32f679c-8bb3-4fba-a634-b67a51a6c029,"G. Huggins, Sh'ff",58dd9dd0-4117-4965-92f5-a98379f7d39c,true
3347f2ac-2154-47f5-a1f0-6db881f2b2c3,J R Lewif,{undefined value},true
f468a94d-8d0f-495e-b147-210cfb8d63db,Joe,48060c76-b4c8-4f68-8fdf-b3f64d0c7672,true
01e0d783-2770-4989-bf12-3a9d09a2d18c,Jas Talbert,67562a02-a6f8-4520-8536-ef6b62ab0e90,true
c68ebec4-1147-4162-bc95-8a2047e97512,L. L. Trepagnier,ce497db6-0bf4-462a-b969-416242a6dfee,true
c1a43a29-767f-4027-b5af-50394ef87cfd,P. L. Trepannier ,19295871-2fd9-4ea2-bc31-a92de1de50b3,true
2ea1a3d6-5652-4866-ba27-d414a494d915,J. Simpson,fba3ec0d-cb55-4c44-a110-a489a6ac7c8c,true
73a21a4a-0d76-4588-89c6-b8b55c2c25d6,A. Mauldin,046b2606-2533-4c7f-9f33-65503410f63f,true
1ab21663-e91c-4cfe-b117-cbc479a03f69,Jas Talbert ,87954fa7-97b0-4c15-9a12-8fc39df4fe03,true
bec77ec1-51db-4ba3-b1c6-6427b5d4b914,J. Bates Jr. - Sheriff,0af51cca-1c11-4dc2-9b10-9d1a87eb9383,true
27f660fd-307f-4c23-a220-508fc7a7a064,B. Merry,f39ba4ad-06dd-457b-bc95-33fbb0e4d380,true
b0380aa3-9b64-4d36-9e01-2acaa60bb7c3,John Simpson,00fe1bbb-ddfe-4319-ba96-38e4b55d1ad2,true
79cbe1fd-facf-485b-85e5-ad54aed39b02,Martin Nall,089061c1-7bca-41a7-9304-67c4ab0bc4a8,true
9cb9f439-c0df-4824-ae27-c107093fbda5,Cerisay ,d29abf64-ef9a-4e47-b351-a5661ef8a41c,true
cd080b3a-0b7f-445a-a000-9d24715ee76c,Simon Meilleur ,63a03163-cd9a-4f10-8187-78e5e07bb6dc,true
c1755c8a-41b5-453c-a8d6-37a9b86cf9bc,P. L. Trepannier,0494b454-0ddd-4421-8362-25c5f41b8131,true
9e8ba099-d4bf-4b89-9d82-43fc7aef76a1,W. C. Wilson,03d13afd-8c73-4275-8010-083d95c25ca0,true
e80b879b-3826-4cf5-9b29-82a7c4beae15,James Talbert ,11394f11-eb68-495c-b33f-bf964e488187,true
0a1cd780-208d-497f-8823-3de7b7316356,"Cerisay, Shff.",1cd2843b-b709-4ed4-84ed-116321164b7a,true
5903c390-4be5-492c-a420-153fd03bb468,J. B. Dupeire,e7822bd3-847a-4f51-9abb-52a11fa861af,true
9721d29f-0e13-485e-83ce-34b246d4d9c5,S. Meilleur,f2c9b78b-c745-4553-b8fe-bde5e32c8fc7,true
5c0eac25-35d7-43ab-a058-63a5ea153be0,"James P. Bates, Sh'ff Mo. Co.",228981b5-aa7d-488c-a0f5-300b4252bfae,true
50bb033a-bb9d-45e3-a4de-8c9762d8ecae,Edwin Chaplin,f259fbac-e42b-4ff8-ad23-89794e4d1bea,true
31305e7e-dab1-4341-96be-dac5fea874f1,L Wagner,{undefined value},true
df00473d-f3d0-40cf-8776-c2f0974da9a2,"J. BATES, Jr. Shff.",325200c7-edcd-4488-b66b-9a5907ac1c95,true
cb56cdf4-3ee3-4ab7-bd2d-4b6cfdb07854,"John Fryer, Jailor",4f77a5df-0cc9-483c-943e-d835f1b122b6,true
e0935fdf-e090-4a77-a391-0e55f58a3560,R. Cauruthers ,caa09bf1-53c3-413e-be61-17a44cd4aad8,true
6be6066f-74f1-4651-9854-a8b801ac60e0,"P. L. Trepagnier, Jalier",1169a7fa-97b2-413e-98c6-d426f26c80b9,true
8c8d4d80-1314-488b-b5dc-3f22bb1edbee,H.S. Harper,6128629f-41cf-44c0-a0ed-2454254b4f7b,true
e401778f-f265-4427-87c8-5beb59744756,CERISAY,05e62186-f959-4cbd-aa2b-fc5d5a334776,true
828f660e-f43a-4b53-bd79-b8d01aa70a91,J. Simpson,8843fc36-8e24-4302-8090-b3d4ed7e9050,true
59b5feee-5054-46b3-84fc-490dd17727ab,John Ermon,d4fab5fd-6d2c-4e4c-a65d-d83d840db9dc,true
685a81f1-df2d-459e-a847-91b2c54beb2a,"S. MEILLEUR, jailer",54beedea-9a23-41c6-bd3c-1ea50735138b,true
21c01a11-dc7d-4e66-8119-cb94de9b6fc3,W.O. Summers,f23a973d-4682-4eea-a02a-1f4d592862f9,true
8129033c-1cdf-4d57-a134-e2ab7dab7567,THOMAS BAILEY,becc747e-36bd-4ccf-8659-d5162f3160d5,true
e1295bde-e5a4-4074-b8f7-08a61c8b8b94,"David Shuler, S. O. D",4df66f70-ad7e-4601-bcde-bf5bd4dd0477,true
13fc965b-4e3e-46b7-b283-3cc9059bfcd4,Oren Moses,dde3aef3-dfb0-4899-a0a3-fc1c533581d4,true
5ccfcff9-c644-4832-9975-fd487c1fbbf9,"Irwin, Hall, & Walton",82513b92-4243-46d4-bb19-7563c2fa26e4,true
d187d890-8899-4888-acff-be5bb1b31e8b,John Freyer,06689742-d43a-43d8-9f64-5197b3724959,true
1d3745aa-3c72-4593-b6c3-3adcdf4df917,George Creager,fd4b88a4-c604-463a-acaf-b9768785f589,true
fc317d4e-b034-4a86-adf9-c7360891414d,J. Simpson,eed92f27-a5f0-4601-acc5-b82f1794a0bf,true
aba6083a-c044-4f20-9a0c-7425d4c1feeb,John Livingston,417c4a11-aaa4-4681-a073-a59347328c21,true
b327530b-8cc0-4cf2-8c93-34923818308f,Geo. Helm. N. B.,{undefined value},true
46fe4ae4-557b-48ba-9dc6-94102efa8c1d,"J. Bates, Jr.",6fa42eb6-4c0a-4ca3-9056-0bef1fa4cfd1,true
d9176864-24da-4d93-af03-1e57a75d9d33,H. S. Harper,d79b7e4e-8c57-4aa0-9cd0-17f30387b312,true
85facb74-cbaa-4c6f-b759-84f6a8ec66c8,L A Caldwell,{undefined value},true
a88fbf50-ef3f-415e-9b05-49e88bd015f9,William A. David ,6f13ef43-8514-46e5-8447-c9305cbd2d8c,true
6d598f9e-ed23-43bd-ab6b-6734309f3dd0,N/A,2b9a8e3e-fd0a-43f8-8e79-cdad23a4ac01,true
9e2f3ed5-774c-48d8-a7b8-15535c1439ef,J SIMPSON,fba3ec0d-cb55-4c44-a110-a489a6ac7c8c,true
c68138d4-b07b-49b3-8f47-6816dc03c33a,Brown & Tunis,583d4e3a-0019-4393-856a-f1eab4f8ac35,true
475b147c-31e4-49ae-a46c-3f21ca78f7fb,P.C. Harrison,0b861b6b-71eb-401f-8dbd-2ea4e8be09f0,true
c5a0f3fc-0490-4007-b2e6-6d5bb90fb494,H CANTRELLE ,{undefined value},true
4ebd42ec-0dd6-4e1a-b524-4fd5d984f672,David Shuler,dece9624-8fcd-4a0d-962c-81941f23d953,true
4b218dd3-856c-40fb-a306-4eea1ad1dfd0,M. Ware,f4eae264-ece4-4342-b371-a7e2f818afab,true
eb6b5bba-95bb-4604-b132-fdefa6eb5f84,Henry Loyless,f6547bb6-c6aa-4975-a5e2-d46ebb204c76,true
8f27a297-d7e1-45a4-a50d-36d94d711975,James A. Rogers,30f9606d-c1ad-4c1f-845d-b04953227130,true
209485e5-d09e-4da0-8518-f56baf416425,P. L. Trepannier,a5166767-d960-4ed8-b6b5-2d29e7ae0522,true
5e7e51f6-b3d1-492f-a5ae-004e80168fe5,Simon Meilleur,c305c9c1-84b2-4b78-ba40-5a107a7e15ae,true
c7c84315-3640-4b95-aa35-4239b95c9cb2,David Shuler S.O.D.,7bda324c-b7e8-4490-83a0-bf7f5838081c,true
279a562e-8a96-45c9-b6e6-9a04c58d77d6,Martin Nall,4fea9d8d-f978-4490-b2ea-b5007cd5e476,true
a881e909-3d17-4021-bed1-b5a0ac5e0bfa,J. B. BUCHANAN,27a94edc-31da-4ddf-83bf-89ff8374eed2,true
6feebf98-f883-438f-b899-04a1af33c079,"J. BATES, JR. ",0ab174b1-1e30-41ae-a4c7-98d027e7ad24,true
b325aa27-afc4-4c77-b8ff-dfb0fe67c801,Simon Meilleur,{undefined value},true
ef2810f1-5cfa-48db-9d35-b28e94bb291a,Reuben,875cd864-d6e0-422c-be3c-126d2eedf82c,true
377ff78d-5bdc-4615-99a7-2ca85c6c8a1a,James A. Rogers Jr.,75572ff3-71e1-46ae-95e8-0681ab95249b,true
c2158691-c6d5-4c77-960e-bc05899adc87,James A. Rogers ,dab159de-ba40-4a5b-9c57-893a7d1e46b8,true
9d112ef3-5f6b-4c5f-ac55-c2e6c9f9e308,Cerisay ,d29abf64-ef9a-4e47-b351-a5661ef8a41c,true
84fd5cc6-7ff4-426e-b284-f6254202e001,"Cerisay, Sherif",74498c73-df31-43a2-a4b3-41d5858c8c19,true
1afed197-1cdf-4c28-93cf-2bd1c15ec9f9,Andrew Black,eed92f27-a5f0-4601-acc5-b82f1794a0bf,true
a46bee2c-5474-45d3-85ee-76b14019f493,Edward L. Roche,73510dbf-cbaf-4d14-b96a-33de9ec49ac0,true
1075f9ac-a4d6-488e-a31a-ac087004a1da,Roman & Kermon,8dd2d25b-22f2-40d3-bcbd-b376a583fff1,true
20becd98-19ea-46ab-9abe-30da363fbb12,S. B. Murphey,daebac85-4902-410c-bfb9-9cc725c774d9,true
6cb4632a-0f0a-417c-ae09-2c47bed015ca,Henry Loyless,f6547bb6-c6aa-4975-a5e2-d46ebb204c76,true
3a7cc3c6-5c6e-4cb4-b257-029fcd63cdd0,J. B. Maillet,539b5f9a-04f6-480a-b842-b3af751f75fa,true
5d39c89d-d2eb-4958-97d6-54b87424dad0,Martin Greer,7c9b41a1-6176-4265-b80c-9ddf3f98ee4f,true
66f22778-ebe6-42a2-beb2-b04c8f1ea01a,James Savage Jr.,80813b0e-ddd2-4291-99f9-8e0638b2aaf4,true
110b86f4-a787-4f57-95ac-1eee6da0a080,Payne & Harrison,03d13afd-8c73-4275-8010-083d95c25ca0,true
9149cc30-dc7b-44c6-926b-14c43f2d1883,"James Savage, Jr.",{undefined value},true
fa9a0e2f-6441-41b6-a93e-1576bce6d187,James P. Bates,325200c7-edcd-4488-b66b-9a5907ac1c95,true
4ddf61b5-c6a7-41e4-81c0-ed47c408c42f,James P. Bates,0af51cca-1c11-4dc2-9b10-9d1a87eb9383,true
2090300d-a350-4b22-95dc-c34e0853ec44,H. S. Harper,4857e3e0-c48d-4dca-aa56-ffed7b437eea,true
ddb8f0c7-cb14-4e81-8be9-e1611b5f0b29,H. Klonne,dad5e9b0-dfba-4f73-ad60-23c1a3f9caf8,true
d3adbb8c-706a-40e7-854d-c379f3ed69a8,James D. Goldbold - Sheriff,b4597a10-0c10-4413-8e3b-50bdb4f0e687,true
9a1d9125-05d3-4365-90b3-f9e3653bb3e1,J simpson,19ff8ca0-57f8-49d1-97cf-32eb25fd3c62,true
8c9fe036-0fba-44d2-83bb-d273c3555aa7,James Wilson,239a8c7f-542b-447e-b0d3-1e3c9a7e4515,true
c0fb06de-3340-4f0a-bae4-90c6705516d7,McCall & Adams,679af99e-9bc1-4b1f-aa09-c9fc114a9785,true
d0f0b5e5-2b24-4d69-a132-d9ae5738c6ec,John F. Schmidt,a54a2082-7ead-4c90-98ee-a29ae2a73a31,true
0eaf340f-96d4-4df6-b563-3dcbd382f347,P.L Trepannier,3a2dd670-ebcd-49f8-9985-fd042b779cb6,true
7c207440-cb8b-4075-a480-d5d65fbf1e61,Joseph Sauvinet,11028db8-e245-4131-859d-d9cfca736579,true
c47e6422-2c41-4963-8218-1f0c92b180b3,R. H. Vickers,01fbcd21-f389-48be-b1bc-fc0ccd4d28c1,true
439f2512-056c-4094-aefd-a99a9116c739,"C.C. HAZARD, & Co.",f4eae264-ece4-4342-b371-a7e2f818afab,true
f49b3406-b63e-4ccd-9efd-e8c15fa7dde3,"Buchannon, Carroll & Co.",32e576a3-d099-46b9-9ee9-4a287b04347a,true
233c6124-9273-44fe-91f9-e8e050410652,Augustin & Thibaut,532db220-4d00-4118-bfb4-b4a9811d4c0e,true
4aeda570-2c01-419e-9164-65902a611a0e,P. C. Harrison,50ce3eb3-9f43-4ec6-bd08-4f197601ae0c,true
de4c53bc-e2b5-47bc-ad9f-e4b14076f9cd,"J. Bates, Jr., Sheriff",737e7668-f589-4ce1-8993-8229f4ddb967,true
0b1a8035-79fe-4795-bcb4-83df4527fa78,"H. L. Atkinson, Shff.",64f66f05-9dcb-4caa-8c57-d918b1b049a2,true
6cd25fc6-7e14-47ab-ac11-c820b15710d0,Martin Nall,37d47c7c-efb3-4b6d-8db5-2f642632976c,true
36292184-6bb3-4583-9c32-54069cd4ce4e,John Simpson,eed92f27-a5f0-4601-acc5-b82f1794a0bf,true
506fd200-cfe4-410a-8a59-fdda6b0ea1b6,Mary Serjeant,{undefined value},true
cd40bc6f-5f3f-4e35-9720-e01ca8901e81,A. MAULDIN,6b6268b3-cde7-477e-8875-a5b87275d5df,true
2f9c4cb6-e1af-4bb1-b29f-ea4f6656985a,P. Gilchrist,325200c7-edcd-4488-b66b-9a5907ac1c95,true
5695eb25-83a3-4d32-8825-a3c2b6c27144,A. F. Neal,733b8b8e-04b6-402d-a669-1a90bdfb3fb3,true
310855c4-37d2-460c-8ffb-0830ab5f42ea,M.E. LEV,2e6a0837-bd8d-4800-b7dd-f628398f7dda,true
085ec9f9-fd35-40de-9269-2d65995e2e04,Henry Loyless,1199ebca-ca09-4236-8675-ef82314eb679,true
674d4730-4c89-4cb0-a76e-ef2859993400,Campbell & Labranche ,a2bab622-b620-4848-90dd-1c1decd87a40,true
024937d1-87cd-4015-8033-83d696fbe6e2,John R. Daniell,06a78825-10a1-43f5-8f08-0b3c4fd31769,true
72a606d7-5b7c-400c-a678-e74118ecb935,"Cerisay, Sheriff",3207b335-3147-4d70-b6da-e66df0f12a95,true
4a7ea389-df25-4051-b7a9-cf616cf90766,Jas. P. Bates,f4eae264-ece4-4342-b371-a7e2f818afab,true
41ae6440-e136-4b64-9129-3794efd4c0fb,"Henry Durden, Sheriff",7be69fd1-6284-4821-a6ea-0691dde84c4f,true
17a2bb0b-5697-4644-889b-071883ea0b88,L Henderlite,cbeb021f-29b8-49a9-88aa-02fca000b35d,true
c67950bb-1cba-41bf-96c8-8e982410fd04,George Keen,cbe77163-85f9-4dcb-ba46-9c8c363fad54,true
03a869ff-5280-42b0-ae09-05cfaf4c61fe,"J. Bates, Jr.",a2e99bfc-272e-4a3f-97e1-b0a13ef44904,true
b0a05641-284c-41dc-992d-6e4d95100e99,GOW & CO.,153a9e4a-ea7e-4171-987b-db2c8a34993c,true
60c3e46d-e12f-4054-aa54-432b103ac517,Henry Gunnison,eac9cecd-5e8c-40f2-8c56-a4cd34d1e062,true
7b4410dd-c221-4ba8-b820-63129524ebf0,S. Meilleur,23a65bf7-019c-4332-a1c0-d3588f1283ea,true
0162aa22-7b4a-46ea-a96f-37a059dd8ec5,J. P. Bates,7619f82c-037a-41ea-89c6-7adfb482b7fc,true
1861d0e4-4542-4bcf-aaf6-e06afd2e3133,Simon Meilleur,b4d78bdb-dbc9-4332-a76d-46dd16e2b232,true
09ac0e6c-9e8f-42e1-ad52-c1f1190d9aa0,S. Williams,69e2eee3-80fd-44a1-9935-62b266c649ae,true
a4a5a953-7311-443e-b325-77b06db12e73,R,{undefined value},true
b4d9384a-1fc8-4c61-a7c2-0594e4ae7ad3,Robert Micklejohn,4e90d978-fab5-4717-9414-8049dc615b56,true
8f03e622-e615-4d96-a081-507ae097c03a,P. C. Harrison,cb015268-eee3-466d-ad91-1b56e5d77147,true
a5e3596d-2df2-4949-a2f4-9edbd47d96d2,S. BENNET,e1a45847-81a2-495a-9f03-1c60a72db9b3,true
6eb757dd-e576-47dc-a401-db95440fefe2,Jadles Bell ,{undefined value},true
2ff701c2-f41a-44a0-afe4-9b3e10adff76,ROMAN & KERMON,2c250817-d00f-4423-a7cf-ac7a1b6c6921,true
493c33ba-35dd-48d0-873a-cb58195d9cc1,"Cerisay, Sheriff",4a04ad93-bdbf-465e-bff9-01d23c3ac11e,true
530a8ce6-42ae-4c94-86e7-2bc31b0441d1,J. Bates Jr.,737e7668-f589-4ce1-8993-8229f4ddb967,true
08e414e8-dcb6-4d74-bed7-160b12f9ad84,CERISAY,74498c73-df31-43a2-a4b3-41d5858c8c19,true
63e05628-118d-44a5-a04b-92ec63ba4c79,S. Meilleur,b4d78bdb-dbc9-4332-a76d-46dd16e2b232,true
1dfc2fc4-e205-47b0-a9ec-50d122d408d6,G. de PASSAU,cd7d4cb0-3e7e-4c16-ab5b-8086269af023,true
2a245a97-3b37-44b1-beb5-b695b242109a,Sherrif James P. Bates,00599968-e1ee-40f6-9a95-2c6858072872,true
33762db0-2d9c-40b5-8a90-aa355c70a26e,James P. Bates - Sheriff,737e7668-f589-4ce1-8993-8229f4ddb967,true
b8ab8b48-8439-4e7b-9aa6-60310f5306e4,WM McMahon,cc5af434-fdb4-44e2-a385-6b6845893ed3,true
7313d18f-a0c2-41cd-8734-e3edf71906e9,Sheriff Cerisay,d29abf64-ef9a-4e47-b351-a5661ef8a41c,true
52ea98c8-2b75-4381-b6a9-7ae302647af3,John Anderson,2043a990-f55c-49ae-a0e3-ceaaaea1538c,true
de3e0033-cab8-45ce-8371-073bf1eddd54,"H. S. Harper, Capt. of the Watch",080583a1-d172-43ed-9160-231fe3e4e0a3,true
6fb44dca-75d4-4357-b50b-0b5272b5f0ba,"Rivington's New York Gazetteer ",0127c7e1-ff75-4d8e-bd1d-c4ff4c7f0412,true
4df75851-5022-4f28-a7f8-1921bd70363e,Mindy Telmer,8b70fe7a-479f-4055-bff6-9582261c42d2,true
085db331-89a5-4a8f-aa98-dac5a0e4ea5f,"Jas. P. Bates, Sh'ff",f4eae264-ece4-4342-b371-a7e2f818afab,true
db6d0197-f153-47ef-b18a-fa2248649e68,Andrew Black,19ff8ca0-57f8-49d1-97cf-32eb25fd3c62,true
f8e76206-166a-4c48-bbe9-ac0f4f2d32e6,"David Shuler, S.O.D",ee05313c-e4b5-406d-85b4-4ecca6e7e627,true
9336b884-363d-432f-9a45-f1bb905ffeed,P. L. Trepagnier,1dd42447-56dd-43d4-861e-58a6d911da0e,true
f06d600d-f618-4d05-ac80-271edd5e2ce9,A. F. Neal,db1be7e2-6169-4618-bada-bf7faf64086d,true
a1a20c9b-adba-49f4-a0fa-56c3aea89c64,G. Huggins,7b760bc0-5f44-4255-9f6d-c1242f588477,true
19b99567-8b13-40c1-b0ed-7efd667b590f,William Young,0405ca78-eaa9-42e2-8c3f-4c220c5cefce,true
8e267e27-f38c-415e-9e6d-84809e589214,Orren Moses,dde3aef3-dfb0-4899-a0a3-fc1c533581d4,true
2c087d3e-fa5d-455a-97e7-e021c1d95077,A. Lilly,{undefined value},true
4d80d667-6fdb-4b43-aefd-b5dca3288e4d,Ed Rives,b0d07e20-b807-4906-b681-fcfe99ec39cd,true
69aac7e8-8d0a-46d9-adc9-c02d3b140bff,B. Toledano & Taylor,026f5472-34b7-4c69-aff8-9ae5cd62e07a,true
ff9e9a50-5c28-4c92-acd8-808443753bc3,H. S. Harper,59289f8f-00d2-453b-9424-e6415010bd2c,true
c4def8e4-39c3-489c-8eda-08d4e4f4ceaf,"Leo. Abercrombie, Jno. W. Griggs",00599968-e1ee-40f6-9a95-2c6858072872,true
79084db0-d847-4692-a16f-d6ed3ea4e2c5,John Foot,d471b6af-5791-49a1-a0e8-97c88d2d2a48,true
d7f318aa-38f1-4787-9873-aa7ad6aec3d2,P. L. Trepagnier,5c3a8405-ca6c-4f52-a79e-ae47f76636ac,true
b8e05212-989b-47e9-ba56-8a97ae07e957,J A BEARD & CO,34dab0b6-03d1-4625-85cf-0efb8dd7d1d0,true
ddd0d65a-cb65-4cba-998f-a3f80bfa87f7,WM. R. BIVINS,507b5968-86b7-476e-a83d-a4307622ed57,true
3288a148-ba1a-4c99-a439-958d069de0c4,Arthur Fortier,9a0bb56a-d1d6-4831-907d-16e8c7daa1a1,true
836742fc-18dc-4456-a5c9-469e55e1d39f,Enoch Endsley,032be9f4-def5-4aa8-81db-c19d2b8bab82,true
42b29a28-4a2b-4fe9-b13d-ee326b2bbb8a,P C Harrison,59e7e353-77f6-4bc9-bce8-8b9cb5d7c704,true
22eae3a3-a94c-4c2d-a84f-387388ced4b1,W. C. WIlson,{undefined value},true
19ddd052-4f81-45c7-91ae-7484e13cda96,Joseph Brevard,f1a87f74-cd14-48cc-81b9-1f98323ea9a6,true
10f23203-0859-4853-8911-ae77cdd1a46e,H. S. Harper,0179914a-dfeb-404d-8b4d-9f917cf56102,true
55b0444d-bfda-4edb-91ad-e285911c9734,Nicholas Robinson,4d1e9afe-145a-4245-8986-74e6b78d7d2f,true
1cd34df9-600d-40eb-83a0-8cc31baf33a8,P. L. Trepannier,642573a4-68d5-4499-8880-0060aa302d24,true
389207fe-e3ef-4d6f-b16e-c1c2dd2a6ea5,"William Nichols, Esq. High Sheriff of the County of Monmouth",b1994062-e11b-4034-bedd-e5206a67a485,true
a11fdf88-b868-4342-b300-680a439517ce,James Phillips,aba3d444-5785-4bab-ac11-403757183dc2,true
ebc99c73-53ad-4680-8373-a5d45c4c708d,Isaac Da Costa,1f356cf2-4fd6-4901-a0d9-775cb0df3cb0,true
46a711d1-f50e-44fc-8703-3696ff589e57,David Schuler,56ed1bde-d013-4237-bc39-f0136aa3f6b3,true
2de92126-cab7-4695-ac2e-9028a5b20211,Cotton M Stevens,ecaefb44-1e5f-4c57-b0a5-8d5928160fad,true
0b0d3f43-53ad-4c5c-99d6-ee7e358b0d43,"H. S. Harper, Capt. of the Watch",81fc25e6-8134-4012-88b1-5f80340dc945,true
2ef87701-edc3-4242-bff5-e0f3dd5c3ac7,J. Graham ,96101232-7d34-4972-9d9b-a8472c934441,true
9b885835-8c85-4076-b494-1b0ab3727a8b,James Garey,10177b52-f4ff-4231-96bb-5857dc21715a,true
09a3d2eb-ef60-4869-81af-366608e23b59,"H. S. HARPER, Capitaino de la Garde.",c3b00307-c2be-46f6-ad5e-29d0baed67bc,true
45d3a8f8-c55f-4a5d-9c64-706ac1cac211,P. L. Trepannier,d43faa64-db0e-4bfb-9da7-db002f055bb4,true
d8758f29-d4c8-4dff-bbdd-7c569b4caef0,"A. Seixas, master",07b92699-2f0f-4f36-b5c1-3b7b52fa2498,true
e24e7e06-baf1-43f6-8529-1de3e4f6295c,Woodbridge,04b60d07-93f5-4787-a865-78cb6ddc9400,true
476d7e58-b051-43e8-a6f4-f4e2c9d0683a,W. R. Taylor,59ce82c7-12ae-470d-a761-5e19e519d349,true
a0c263a5-97f2-4ff6-adab-2902c2ebe7d1,Cerisay,ce62e797-1a35-4f19-8c44-d6c3b58439bb,true
6eaf6400-10f1-4d14-819a-910636a1f016,Jonathon Mills,a8f63d7b-011c-437f-a047-72882aed727c,true
f207c458-2193-40fb-a4a9-a3d81368f91a,Haig and murray ,9a8b14c0-f4fd-49a3-a88b-23666496b654,true
e85ad8d2-2a10-40fe-b6c4-4a8e95e1e53d,W.C. Wilson,03d13afd-8c73-4275-8010-083d95c25ca0,true
e2af4cad-03b5-42c1-9025-185b100bb242,J A Beard & Co,bbe03c08-aaab-45f7-bfdc-1130fcb79c94,true
7b690139-4247-4be3-b064-ae4add79a337,J.P Bates,6d92e733-9db0-41eb-8840-7b3c41ccb1a6,true
6f950537-df7e-4464-9255-dbc7e0602334,"Stephen Johnson, Captain of the Tiber",03d13afd-8c73-4275-8010-083d95c25ca0,true
7d758dad-5e99-4e21-8413-ba59a1a2bad9,Jas Armor,{undefined value},true
330a8eab-6146-4d73-86e1-c582b7d771c5,"G. de Passan, Sheriff",345cb03c-796e-4b28-85ae-1cbae6923307,true
846153a9-ef6f-4b48-b39e-d8d495fc591b,Simon Meilleur,3f1c1bfd-d390-490b-9cc3-e5fc85103a26,true
45271434-1697-4f8a-9833-cb8d5384926d,"F. M. Crozat, Warden",0e366221-9f17-4368-8804-b1e26bc27528,true
94383d4c-6d84-499f-be94-6012f436072b,Simon Milleur,a964c690-5b6c-4cf0-b18b-7867af0938db,true
423a3e41-2bc7-436c-b1ed-86b5defffce5,C. Jumonville ,6f3521a9-586d-4ff2-ad77-53db2773ed17,true
d44371fc-e494-4d6e-bd2e-f2bf3b3a5ece,Daniel Waring,7952a9f8-0368-4417-b000-7fd423f2101c,true
ca31b92e-1c5f-4411-a3c6-3f58d8f80365,H. R. W. Hill,ab58d9aa-abe6-4a7b-8a83-687836727a91,true
398aeb1f-d7e3-467a-8d22-b926c92c5070,James P. Bates ,f4eae264-ece4-4342-b371-a7e2f818afab,true
439a8edb-9d4b-4543-9a4f-f44b88793d21,N. Combelle,6d1fc70b-3dcb-4ff3-9e5e-3550437e2274,true
80e88c87-e5b5-48e0-821c-f9a15bcca7e1,John R. Uriah,{undefined value},true
5e280e08-1814-4457-bca1-485200772de7,James Talbert,11394f11-eb68-495c-b33f-bf964e488187,true
419fbe39-f672-4d52-9bb9-ba095382d57a,JOHN H CROSE,{undefined value},true
4b4dd0a1-4d35-43c3-91a5-36511073cf78,Robert Philip,27a6e60c-9697-4f21-8de3-711d0640c6b8,true
8ef7f5a4-6f8f-4d95-83a8-98ee137e5373,George Creager,6cb8b16e-a571-496c-9bb7-8314e1e486a4,true
e6c5aa0e-3ddc-4b08-88bc-f07c72d69a57,None,989ddcfe-9011-4562-8be5-b81fdb74404b,true
f1a738ca-5e2e-4768-b7c4-99cf0d99fba4,James Talbert,8533fc2c-ec62-4548-a7cc-8aad549f11b1,true
31737767-8cb0-4043-a0a8-bf61b2f64445,Lemon W. Tart,e3cbcf3f-9937-4569-a9f9-85a5fc147a2d,true
2ccae4e2-40f5-4370-9747-2710184d8716,"Cerisay, sheriff",ffec49d2-ceef-4ee3-92ad-7232a0428b8f,true
472383b0-0468-49f5-8902-c751e35f356f,MRS. MILLER,0c7f38ef-9a56-4bcc-9bff-19db3d0568e7,true
391c45de-e45b-419b-9f98-598a7fe470f0,T. R. Hyde,723e3677-c385-4aaa-9e6e-199141966d03,true
0f799e1e-3718-4ed7-94c1-31ce0eb13a57,B Toledano  & Taylor,{undefined value},true
ee0337c9-e757-46d1-a950-a97c91719685,J Talbert,11394f11-eb68-495c-b33f-bf964e488187,true
8d204d5b-f841-4ec4-80d1-f2108dc68a3f,Samuel Stewart,040a92b0-e52d-4498-ac6b-a3a6dd9bc957,true
b8bdb755-93b7-45e8-9ee0-4d78ca35a9ba,"GUSTAVUS COLROUN, BOGART & FOLEY",0dbfc2f6-255b-4d67-a52e-d2eb430350b5,true
d9246b9b-b2ae-446b-bd25-13192241ee49,Benjamin Dupre,{undefined value},true
504bfe5b-9790-4e04-b73b-7dd5a0574900,Campbell & Labranche,84ba17d8-3557-4454-ac32-d93ac081245e,true
57a70b6f-ea63-4a24-b727-93d12b69ea0c,Sally,278e4d24-dd1a-4aa4-95a1-d0fa0bd66d88,true
743567b6-9e8b-4396-81a4-7e54d70790bc,Simon Meilleur,0c52ce68-6bdd-4db0-9771-3c133f0ae9ad,true
b17fabda-2bd8-4bbb-99b5-76d6669ebd00,J. H. Lewis,{undefined value},true
391e1293-ece5-4177-bdae-791144cca4c6,Rachel,00599968-e1ee-40f6-9a95-2c6858072872,true
f43f3fc0-cf69-489c-9a18-70a4ef0c72af,Robert Brown,a7e8a17f-ee1f-4335-aba0-d4ec183d9dac,true
4f52f3a6-f2c5-4f61-93f5-4e75c815c812,J. Simpson,150e98a1-b878-42a7-a901-ac2e0b23e15b,true
66d03ef2-5f95-47ed-90d2-68f92ab29eb4,B. Toledano & Taylor,03d13afd-8c73-4275-8010-083d95c25ca0,true
f698c85d-9c3a-4bed-a4bc-56aca4219487,Tilmon Niblet,3e9219cc-ec2a-4768-b54b-97267b432317,true
d0f2b7bf-f78c-48cc-b3e1-1fdcd8ec2a99,James Talbert,11394f11-eb68-495c-b33f-bf964e488187,true
92a6bf49-59b2-4988-9f8d-eb5573e9ac4c,James Hickey,cdcfe075-1e5f-49a1-8fdb-5cdfc4304cfa,true
e946eda0-8d1b-4974-bfb6-44bafd3c4793,J. Glover,e3a44150-45e5-42b8-9cab-2d570f6a055f,true
05eabcfa-53c2-4ce5-888d-28113b3754dc,Franket,d29abf64-ef9a-4e47-b351-a5661ef8a41c,true
b6802bb8-cb1c-4516-ac80-c215a9df268c,"David C. M'Clure ",583ccb1f-31df-4a9d-b0e7-ace59674cbee,true
918734c6-4800-4196-b520-5298dc373deb,"J. Rates, Jr. Sheriff M. C.",f4eae264-ece4-4342-b371-a7e2f818afab,true
48637aa6-cc65-4408-94da-543707b06ae4,James Hanse,aef1f17e-3a2f-4bce-b748-792f4fc8a25c,true
6dcffcfc-88ba-496c-8eaa-a09f648a3ece,H.S. Harper,d79b7e4e-8c57-4aa0-9cd0-17f30387b312,true
a14776cf-1040-49bf-a69a-719eb9a4b5d2,"Jh. O. DEVEZIN, Shérif.",118459eb-ad5d-4c27-9821-1eeab3bc478d,true
26829aff-8db7-400b-a5dd-986fd7abd712,S. MEILLEUR,026f5472-34b7-4c69-aff8-9ae5cd62e07a,true
73162ea4-0ce5-459e-8c1e-838edee2e8cb,I. Henderlite,0bca7ca1-bade-4122-b698-3a5adee09349,true
99d4927d-7247-4f29-a5d1-8e495ec74844,P. L. Trepagnier,e1a0e4e2-3a16-4054-a9de-e19b007fcb3a,true
da761928-5e9f-4606-9464-507406c81757,Geo. W. Underwood,d1e4a83b-eb19-49a2-8d0e-4113bae8eef8,true
458d8064-15df-4730-b15e-cfa91a226009,"Daniel Moorer, S.C.",577c6068-b3c3-4f60-a7fc-c60d41f901d1,true
fc068915-97ee-41d1-89a5-7ac7800da4b8,Horatio N. Steele,5576ff33-254f-4405-96a4-e7cf03f1819d,true
472bb153-a443-4477-b4b3-6446d1d977f5,S. Meilleur,03d13afd-8c73-4275-8010-083d95c25ca0,true
7666d0a9-389a-4f55-982a-35e7a1506e83,J. Simpson,4c7852e8-05a9-4ebd-9566-fdb28c70b294,true
82457662-9704-4369-b577-12cdcda44709,R. Micklejohn,0d90930b-bc34-4dd0-83af-c2d33c4e138a,true
a3a7f4f1-d744-41f3-b819-661d258e645d,Nalle & Cox,5b07f736-0ae0-4297-bbff-2dd0deb3dadc,true
a2721c35-9553-4b1e-9c71-a49b5fe6b6e9,Thomas H. Hill,{undefined value},true
0bb09c12-b2fa-44e0-80cb-301c38c78754,Martin Greer,04dafcb5-b53c-4935-a29f-5c2a3faf2cee,true
7c70b42f-eacc-450b-a641-546736610890,Simon Meilleur,03d13afd-8c73-4275-8010-083d95c25ca0,true
8489bc11-5ee9-4f21-9a35-66398137b816,Simon Meilleur,03d13afd-8c73-4275-8010-083d95c25ca0,true
f206634d-1305-4b67-a464-f2c8478cabad,"IRWIN, HALL & WALTON",7a770e58-627c-4c50-88e2-26fcc7eeb3cc,true
6de6869e-cf9d-4e3f-ac5b-71a7e866a3ec,Simon Meiilleur,5204ef36-c5d8-40f6-bf61-240cbd0d26a8,true
83e019c2-1ea8-4fee-b428-ef20061c5d86,George Greager,c028471f-68fc-4520-9291-d7aa2bd64c02,true
9cb29dba-a14f-488c-b21f-901e5c6e76a3,Baton Rouge Gazette,1a1a6149-9da7-42b6-8e10-fde19e06163b,true
643fa541-496b-40aa-8c9c-4d3846e9bbc7,Wheeler & Weston,f239f65b-3a99-471a-a614-ea8bed527ccb,true
ac43ea29-c267-43ba-9906-663b0af0940b,Martin Greer,7c19ebfe-3940-476d-bc46-cbda1b7c3783,true
d587ab67-cb10-4263-b65b-a15b188cd818,Jonathan Pearson,5fb99bca-3bc1-4d02-97b4-3862094bf261,true
8f553253-6f2f-41b1-936a-2cf779427d5a,P.L. Trepaginier ,cac5a18a-b312-4052-914d-792fc7e2db89,true
788c52f9-5c20-407a-9790-383a15f850fd,F M Guyol,37fd6a9f-bad4-40eb-9903-662c13f5d2bb,true
99a3e161-435d-4d69-9c73-dd235c9cd0a5,WM. Moore,1d989623-f66d-423d-bf64-8ed041998f23,true
4ca38d21-99d3-4bee-b8f9-9de609849d72,Daniel Moorer,577c6068-b3c3-4f60-a7fc-c60d41f901d1,true
176dc602-464d-4bff-b9b6-855a49ed8b81,WM Moore,0bd32a95-876a-4437-8b22-6cae077248c4,true
098675e9-9090-4630-b066-6cac4be8ab4f,Jonathan Pearson,d58acecf-c73e-40db-b644-275fee5e0ea1,true
1da64705-3b2c-45e5-8fb2-fb0c48234c1a,N. R. Fowler,{undefined value},true
96064734-f829-475e-bbd5-2f348ac41f7c,"David Shuler,S.O.D.",ee05313c-e4b5-406d-85b4-4ecca6e7e627,true
c6d39115-0763-416e-b2bd-413fea57bd02,Geo. A. Botts,c8a4f163-a22d-4969-b6fa-31a76fe461e4,true
36fb14f0-d7b2-4cb4-b91f-1bcae00335ae,J.W. Schmidt,{undefined value},true
78628519-5469-471a-8bfb-cf0e975f2f11,Henry Overstreet,e0503c2c-e208-43c1-9f54-55e3bd06c8ab,true
3e6ae50b-751b-4b0e-8faf-9ba7e261c7f8,S Meilleur,8939e824-4367-40ab-aab7-80f5a66267f6,true
22d09200-43f6-4704-bf24-f70944dcdae8,"CONVERS, KENNETT & CO. ",9890d017-9c54-4413-a5cd-b9ebc71bd6ad,true
c49c04ac-0b1a-4371-8667-b30f34c7ade7,Elijah Hales,086174bc-df5a-4800-85cb-f51675602070,true
400b02d5-d148-4d72-8ee0-306beab002df,P L Trepannier,396daaa4-30eb-401d-9906-67ccc3c11a74,true
c1a91811-10a4-44a9-b66e-8849c4c14342,"Buchannon, Carroll & Co.",32e576a3-d099-46b9-9ee9-4a287b04347a,true
4aa1ac51-c419-4fea-9cd7-d662296dec27,Subscriber,{undefined value},true
c3fea645-dea3-4195-acbe-6e721deb4f12,P. SHEILS,cbf63af9-3850-4f00-8d7a-7204c1663db7,true
4222e9cf-40bb-4282-b853-f1f340e95cfb,Josiah R. Harvey,{undefined value},true
59ec8dc6-a9cb-44aa-8c62-4792b24996d3,R. Caruthers,2e38a3e0-4fbf-4203-91ac-49c89a5a1921,true
2e8e3a48-2ebb-4e44-99b1-947fa50535eb,CERISAY,0488cdfd-3ace-42c9-a834-55cac181cdd2,true
57b156fd-9284-4aaa-8616-b4199904a3b3,Cerisay,cb015268-eee3-466d-ad91-1b56e5d77147,true
3ed5f1e7-990d-4c21-943e-0978b28c2998,The New-York Gazette,0fc6f417-f8bc-4bdf-adb4-17fc34b75cea,true
4cb87c3d-c0bc-4068-b15f-2e097b1c7030,The Royal Gazette,0fc6f417-f8bc-4bdf-adb4-17fc34b75cea,true
213362c4-853e-4f01-a8c3-d62db3a7c462,Jas P. Baters,af2bd0cf-fcae-4e79-bef8-d7297bd8a90e,true
ffc6969e-a1f8-437b-a9dc-f4e2152aae97,Work House,{undefined value},true
e5432d78-f818-4b89-a3d2-8a3a3b902e5f,JOHN D. McCOWEN,3f2c7ea4-0929-4a0e-84cd-fba4ff67062f,true
5b4c4365-6573-46bd-86d3-0d4ec71e44c1,J.H. Lewis,026f5472-34b7-4c69-aff8-9ae5cd62e07a,true
11ed643d-2963-4668-a405-3b02f25cf167,J.H. Lewis,{undefined value},true
1535be65-ec54-4c53-99b6-9443fdee6288,"Levon W, Rart",{undefined value},true
12ac128b-b4ce-4728-bbc7-2b4c9d1cce59,Jas. P. Bates,0af51cca-1c11-4dc2-9b10-9d1a87eb9383,true
8068faad-fda5-4f9c-abc3-24d67a7cf5b3,Cerisay,66c8f0b0-9187-40bb-8888-a6a7a20c4ceb,true
a44d5467-e35c-4f04-a398-74ef69840f22,Isaac Tobias ,c42c1cd5-9a24-49b2-8e3c-0a03fd388298,true
c5d7c37c-54cf-422a-97e9-d8a3c1bf0bb3,Isaac Henerlite,0bca7ca1-bade-4122-b698-3a5adee09349,true
bf43675b-5c5c-4b79-89b2-db4dc0fc10bb,Isaac Henderlite,af8b4014-4d70-466b-aebc-91b84794a54e,true
4decb752-7188-4106-90b3-f635d0eceb8a,James P. Bates,b47650b4-5a4e-4101-a190-5e266c88211b,true
6693b4d1-7258-4026-83e1-c9dd609aad48,P. Sheils,{undefined value},true
cd2437b1-988e-4a5e-8b87-33d122f17dd3,Nicholas Combelle,3eb07cd1-e65e-4a6c-b3c7-082028339ec0,true
96f89b4a-46b8-429f-8371-617a13f9bb53,Jahes Talbert,e2b990ee-4cf8-4ac5-833a-eef92d9c8a54,true
605e0b62-fcba-44f5-9505-e834cdd65948,L A Caldwell,a2e6373c-1d26-4b75-9843-30ae91f0d14e,true
466cb7d5-af7b-49fe-996a-6e28a57daedb,J. Simpson,283740ee-d102-487d-b5bf-c56883a4d8ef,true
3ac84e5f-0cca-48b0-9c88-099529d60d22,James Smithwick,179fc992-8b8a-4e45-b840-6873e869844b,true
2a65be6f-94e7-4734-b940-f21755cc252f,John Dore,ae1896de-e462-45ed-804f-baa51c23f1b6,true
1c7cfead-0448-4100-9807-932aa23166a2,J. Davis ,03d13afd-8c73-4275-8010-083d95c25ca0,true
f6586e0b-37c0-4375-adf2-8d4a57fed21e,John D. Thomas,89673781-3a9e-4e5f-b3d3-0bf4b3d66cb7,true
fe25404c-2f45-4cf6-a37e-e9260a2a0f7d,James Talbert,11394f11-eb68-495c-b33f-bf964e488187,true
f8f6486e-5eae-4487-8767-e3109d8162d5,S Meilleur,58c8029e-8565-4c0f-8312-ad3084932f77,true
7171610f-3d6e-49b3-991f-5878e4320692,Henry Durden,13162bc7-260c-405b-9683-492fa1a92af1,true
bcbc3208-ce73-438e-b61f-edc129abb8b1,"P L Trepannier, Jaitor",0dbfc2f6-255b-4d67-a52e-d2eb430350b5,true
8bab1f77-30d7-48e5-b31d-8a6178dae64c,James Talbert ,8b5256dd-522a-4b16-9a84-c4340323f377,true
8c142a34-316d-43a4-93cf-13671ec0deb1,"Edwin Shiff & Co., Agents of J. Tournillion",d0ba392a-77e5-4b20-b5a8-d7d4a426fccf,true
b3c11b42-e492-4150-9c13-9c3fa27a5c11,John Anderson,8374a1a6-94ee-4e93-86b8-e0a2a438318b,true
25c53508-3e15-4dca-a34a-76ec86cff2ad,James A. Maddox ,603af5d6-3986-4af2-bd71-7c8b7772f460,true
8ab8b3ac-22be-4278-8cc9-fce7071df1ac,John Commas,595ba538-0f22-41bd-a524-a2cdc3dab62d,true
b9001b7e-7039-4739-bc31-59355183ded5,WM. R. Bivins,343f2d3a-9c85-4358-af88-93f5384a9903,true
9f3fec1f-4049-4ca5-945d-16d8226fa9e3,A. Mauldin,6341e770-c88d-43ba-b1e5-6f63ff5d91f0,true
7825f4d6-d620-4a8d-bd5c-962bbf12ec24,"Daniel Moorer, S.C.D",a423b5d2-532e-4dc2-9fa8-4705af6d5b6a,true
4e2ed042-eada-491c-b242-febaeb6e2482,James Talbert,87954fa7-97b0-4c15-9a12-8fc39df4fe03,true
f6512b24-02ac-4aba-acd6-080cdc6afbec,David Shuler ,2e583649-a7c0-40c1-8c9b-206729f2eecc,true
5a28e6c9-fb89-4147-b7db-be75b00200f6,John H. Owen ,{undefined value},true
09a9b438-84c4-42cc-9373-14d8348f2da3,J SIMPSON,aa567d2d-3573-4c8d-a2c2-a9da5af8340a,true
e1802089-8dfc-4f50-a650-e5814948a875,DR. LABRANCHE,2ca3999d-498f-485b-8dd5-a6072d8fec09,true
4d01a79d-8fc6-4d23-bfe9-fe3e476de8e4,Sheriff Cerisay,b9779cc7-f4fb-4c6d-b0a7-3172eb9b6c06,true
7fb6f250-07c1-4391-8538-7ccce9e53190,"Charleston, Courier",2b9a8e3e-fd0a-43f8-8e79-cdad23a4ac01,true
310253b5-ff5c-4b36-b478-28f924c48a23,"Simon Meilleur, Warden of the Jail",7991aa1f-c440-421f-ba63-d7cc66eaf129,true
dfd120e6-932e-458c-ad3a-24e562b41178,Max Block,a64b33e0-1ade-448c-8b6b-d03a005eb79e,true
7c199152-9baf-46d9-ba1a-ec24fb9833ef,P L Trepannier,39411289-f5ba-4b69-b49f-32baa71fcdf9,true
aedd8a91-28ca-476a-b673-c3e617d47b57,GEORGE W. UNDERWOOD,f98a5029-0644-4818-abe6-f5817ee378d6,true
6b3a766a-d012-447d-ba66-2f493db196ce,Madame Mariny Livaudias,0ad25c71-9c8d-4106-95a3-f25f6ca89ab5,true
4916b121-b318-4e0d-8f05-a77ec830b7ea,J. H. Lewis,03d13afd-8c73-4275-8010-083d95c25ca0,true
20daa4eb-f611-40af-9f7a-d67aab29c1f7,David Shuler,28e19384-5bd7-43fe-a950-4b90ee9d799a,true
9a37cdb5-5e56-4f44-b333-d0e32b7acd3d,Simon Meilleur,50628b38-cbaf-4c95-8002-cabfdcfdf42a,true
1bc44d01-c6ed-430e-ac88-e44d05bdf9fd,S Meilleur,23a183f7-5013-494c-97b2-09bb72e6ed65,true
ad72023e-7cd7-4ab5-a46d-7ddea4b17fca,J Talbert,87954fa7-97b0-4c15-9a12-8fc39df4fe03,true
666249a7-5ad1-42aa-b68b-ba3f27af3ded,S. Williams ,3b6a0cb4-27f2-4608-ad7b-7a58d0ae2b80,true
3f4428f7-983e-4a03-8ef1-0ccd16a26ccc,Desmarees,ac2e111a-a252-44c3-bfaa-b6b9544f5338,true
b82b62cf-ce8d-4ec6-ae06-94248dfb08f0,H. V. Chamberlain,0307d2f4-2605-41ef-a4a2-8c7d8a2b21cd,true
2cf54453-2cec-44d0-9768-c4cb0f0799a6,Green Gray,ff6aa2dd-0685-49f4-b65a-3e46da3da986,true
c1ea7f8b-5215-41d4-b189-050ed7366eea,"S. Meilleur, Geolier",03d13afd-8c73-4275-8010-083d95c25ca0,true
30317ef0-7af4-4cf3-9c15-8ee3ff50be44,Green Gray,0afd236e-06d9-4dee-8621-55b38d28d8a2,true
4263e1da-4bab-472a-bc99-82fbc25d640f,Cerisay,66c8f0b0-9187-40bb-8888-a6a7a20c4ceb,true
e2a12a35-1447-45f3-8218-31d2326b1d31,John R. Daniell,058f28b1-dc18-47a4-a932-77bb078bfe2b,true
3969e241-e9e6-4e86-b65d-0010fa0e1e14,Augustin & Thibaut,13be5007-04a5-41c6-8936-9130061fff3d,true
acdc54cc-c043-424d-9872-7bf9e939f7e1,Jas. P. Bates,325200c7-edcd-4488-b66b-9a5907ac1c95,true
d69f3d54-8d79-47f1-8ca6-4109c169482e,Orren Moses,dad8545d-c80d-4c31-832e-58bccec315fa,true
46973fbf-348b-423f-ab2f-fdbcb8d6d34a,Simon B Abbot,7967d246-b167-4f2a-b470-012bcf440da6,true
5933a26f-1684-469c-83b8-69d5a6272e5f,William C. Lyman,4c8d8058-fd5b-4a71-bf38-72a1815c1ee3,true
7086440a-744b-45cb-bcd4-9e28a61fe47f,J. Bates (illegible),{undefined value},true
52ae975f-615a-4e8d-8fdf-9879c8b5899f,Isaac Tobias,fd8678b0-4f0c-4c27-a1de-3367b4b3a9ec,true
e24a58a4-6d39-4956-ae18-b3e1a62e9463,The New-York Gazette,0127c7e1-ff75-4d8e-bd1d-c4ff4c7f0412,true
3d36cdff-ac11-49cc-848f-7eab538e47bc,A. Philson,3e88b5f6-3ecd-4887-9fbe-70e52a7669a1,true
12b59f7d-48c7-4ca1-a3d3-cfc53149af93,Solomon B. Murphey,8b20b001-0944-4b19-9696-f24523e0641c,true
ce41f757-7bad-48c1-aec9-1752406eabe8,"Lillard, Mosby & Co. ",5f0bc0d1-01e8-4e67-ba84-02463bc1ec9c,true
2edf45e8-6622-48ce-9ef2-1c8f5c8a8d9e,W M. II. BELL,228d0091-7215-40ef-bca2-edd3586e2120,true
d9260a42-e278-4eb7-ad57-9c7340ca2b04,Solomon B. Murphey,5e1c7537-9c2e-40e6-91e1-380dea3e309b,true
2c2c1c32-94dd-4b6b-b36b-abf7e056bf99,Michel Andry,cd0d73ac-15fc-472c-97b3-9dd17affa859,true
2d73a50a-0284-4e6d-a77e-a878031d92b9,"DEAS & BHOUN, Smith's",{undefined value},true
a5edf4b7-b34a-459d-93d8-439628f5ea94,James Deery,{undefined value},true
f9e6bd93-26d8-4f43-b6ff-7f22d9822d0d,S. Meilleur,46a422e7-a88b-4407-b25d-1f431a8d8553,true
1518c11e-6f14-42b3-b115-e32e8513ba67,Roubieu,{undefined value},true
23a9adf7-d0f7-4506-a612-84ba2c57849b,J. Bates Jr,569f6d0c-0399-4c50-8514-af63572e2164,true
dcf9679d-6232-41b2-bfee-8fce8b4aea34,John Simpson,22a8d601-2346-44d0-bcbc-b8314e379b64,true
8a9dffbd-9a5d-45cd-92fe-4a184d84a19f,H. T. Vennard ,5b732b05-559d-418f-9b02-ea110a79c278,true
11e07ef5-8301-4c93-a3ad-e4361adc61cc,WM ARMSTRONG,6a644f92-25d8-45d1-a8f0-9337d4d0d29a,true
4951eeb6-337f-4364-b8b6-d9dd2edc604e,Wm. Barnard [William],2b6b6e8a-d66c-4875-9e63-6584ba9984a1,true
6a989d5f-dcd9-4feb-9202-8bdd30348dfe,P C Hanison,0ce5c402-53dc-4439-976d-2ccfd20016a2,true
4a79988c-a47a-482b-9009-36bb2002265c,J. Bates,0e5ceaeb-d96a-4fbd-802e-8dbaf22623ac,true
81385668-188b-464c-a96d-5e6839d58819,The Daily Picayune ,95a2cf03-618d-42cc-9323-882f061a78d5,true
f84e4e1f-56a6-4e6c-a798-e4c647d076f2,"Solomon B. Murphey, Jailor",32878d71-2a14-4bb6-9223-22382fc22af2,true
aae911b4-b6e7-4567-9011-0de3d365c1bc,Julia Swiler,1a4855c8-f7bf-4d6a-8586-8467aea3d6bf,true
99ffd247-dd70-49fa-8069-0d1256db881e,Jno. H. Rahders,82d56ea0-7c33-4a1d-b502-7cfead9b4bcb,true
f7642777-a135-4b57-9c20-1e55923a00d1,R C Blount,d27559e7-2403-4e38-ad2e-8fe67f1458f1,true
3eddd9bb-b907-4f2c-8e97-17097b680638,R C Blount,973a8d94-6d45-42ac-940a-d3d6960d1e46,true
e27ca8bc-705d-4e4c-b425-accc8d301d52,Jeremiah Sampler,2d2acde5-a87a-4669-ac19-74b0dd783766,true
da16fac1-379b-426d-8008-8c5ec5e4e604,John R. Daniell,397de8e0-dea2-4c5c-b4d1-d1c13f95cf57,true
a06c5b6e-f082-4734-a506-d3c1b44f0399,P.L. Trepannier,9496fd69-f76e-4b2c-bac3-dc7372bc7c11,true
b0eff257-691c-4454-8540-2e70f3755a48,J.B. MAILLET,5f9caf26-fad9-46bd-8f76-7bc77b93bdb4,true
2ab89cb4-40b6-46b9-a6fc-da0ca03fcab7,JOHN LANIER,71abb399-ef83-4b35-9722-036f351c7cba,true
da5ca036-c22e-4af0-8ac1-631951ad3263,John Dore,54915ec2-ec54-4aac-b260-614c4ad8cee6,true
a7302cb9-dfeb-40c1-b162-26a6a14fd17e,George de Passau,239a8c7f-542b-447e-b0d3-1e3c9a7e4515,true
915d9c07-475a-4dc2-bfbc-92598ab421ac,"R. C. Bloun, D S.",973a8d94-6d45-42ac-940a-d3d6960d1e46,true
e73a1735-9596-48d4-8d89-a884d9cb9d3b,Joseph Fowler ,{undefined value},true
47dacfa8-8b62-49f2-b2b4-37d46d6243cd,R. H. Vickers,954ed1e0-f03c-42bc-8b55-2b5c4099a41c,true
b996b33e-22dc-4509-90a2-96be7d43358c,John Simpson,df4c2a55-7e78-430e-a9a8-f209a6eb846d,true
e303ab55-bada-4e5e-a967-329d69797480,L Trepannier,c305c9c1-84b2-4b78-ba40-5a107a7e15ae,true
424b1868-203e-4abb-a0a1-d037e3ea6e7f,William Patton,{undefined value},true
81f10d05-68fe-4551-99b2-39a333f8e5f3,John H. Daniell,a6693d9d-612b-4399-985f-32d00e0710fd,true
4a8ec869-479a-48ba-8b7f-16144b4da862,C.A. Ogden,88fe262a-c9c8-48b4-88eb-ab611e59e851,true
7e846cfd-2935-49b4-9519-4f5d59819af1,P L Trepannier,0e94fb5a-3b4d-4895-9c7e-25c5649cd7b7,true
0e2929ad-ec73-44fa-8bc8-5e83f651fc1b,Green Gray,5c1953a5-506a-4755-84fa-8a990d674d9a,true
5752d1b8-969a-464b-8c78-5415fa7021bc,E Beauregard,23a65bf7-019c-4332-a1c0-d3588f1283ea,true
80cfb885-e384-41df-a040-251b1f6c3374,John R. Daniell,af2ca089-4fbf-47b5-b835-ddd39cfa41aa,true
b3f011fa-fd19-4f89-afa7-0a99e48b44bf,P Trepagnier,0dbfc2f6-255b-4d67-a52e-d2eb430350b5,true
8976ce6c-d857-4b02-8616-11c564f91c6b,MRS. S STEWART,b9195b4c-7d44-49d2-8562-7826492b7dba,true
dd6eb023-b0a8-4834-921f-4a610b56350f,State Engineer,08887da8-da0a-4991-816c-f8e7486a0c6f,true
084bc6b9-5597-4c4f-bec1-89f82371df91,ORREN MOSES,dde3aef3-dfb0-4899-a0a3-fc1c533581d4,true
295ba710-3bd3-41c0-8853-9e4a7bbf5332,P L TREPANNIER,17b03c10-44ce-41d2-bc05-3a42172ceaa2,true
3276b532-908f-4e69-9a33-3636ef3ffb46,JAS P BATES,0ab174b1-1e30-41ae-a4c7-98d027e7ad24,true
670faee2-a536-4be7-84b3-78361ecbca00,A. F. Knipschild,78bf6925-c86d-453f-8174-4b4c1577db6f,true
095cb43e-262a-4801-a471-9cbf138eeeac,H.F. Wade,4d35941a-4e45-42b9-b977-bd3308e64328,true
ade5bd6c-a092-43fe-b7b9-837fa9836fee,Daniel Moorer,{undefined value},true
8769ddf6-9fdd-4ee3-9f78-cbda337e45e2,CAMBELL & LABRANCHE,e035c1c2-c540-4468-947c-ebdb6efd0aae,true
6130d386-7f81-41ab-b495-9d980a96ff45,Green Gray,4be21be4-7a17-48c4-b3b1-a10a418dc30d,true
a9002e7a-daf6-4417-9e9a-4e2eec276eef,GREEN GRAY,dcf58dc0-35ca-45c8-b1c9-583fc11dce5c,true
33d7474d-ace8-4efc-be29-72db1f4557ff,J Simpson,026f5472-34b7-4c69-aff8-9ae5cd62e07a,true
ff108557-a630-4f4e-9dfa-931610cfe3e5,JOHN SIMPSON,00fe1bbb-ddfe-4319-ba96-38e4b55d1ad2,true
11ae6baa-b8e4-441b-8698-e87802b04d92,no name,1cd2843b-b709-4ed4-84ed-116321164b7a,true
145e0747-3d4d-4529-b289-df2988cb27d8,The Daily Picayune,9861c9d3-fbd0-4ede-874b-6717ae3d4dfb,true
677cdbe4-2fae-4267-a9b1-bd41060cf650,Thomas W Scott,8185f804-110b-4fa8-9465-b276a850b60a,true
0fc031d2-7770-4f65-b1c0-06797dc4a9e3,Lucien Labranche ,906ed58d-6e3d-4042-8974-55fa67fb51c4,true
c398e801-023f-4419-b6bb-e15ba220e591,George W. Underwood,05124b4c-92bf-4619-8f11-371465ed15e6,true
72bb566b-37aa-46d1-9801-2bcb31aa58b9,WM. B. ,{undefined value},true
260167f4-2bce-4340-bfdb-46ba6efa12a8,A. F. KNIPSCHILD,11394f11-eb68-495c-b33f-bf964e488187,true
3969cc1e-6c9c-460a-b13b-911cd70bacc3,Henry Gray,4a46b45d-a121-47b8-b236-af32a5791c35,true
49fffcb1-3c81-4e3b-8f6c-cef22490b695,Harris & Morgan ,{undefined value},true
e8d99f88-6490-448e-a139-7537c7f0ad7c,Frances E. Spragne ,{undefined value},true
83b7bdef-ee5c-4fc0-8ffd-71b758e3c1dc,William Mayo,12303b90-dff8-4cd9-9894-82f0b3a10723,true
7f2833e1-f736-4670-86b4-fd3624e18d25,P L TREPANNIER,19295871-2fd9-4ea2-bc31-a92de1de50b3,true
bafae3ed-9f95-4c41-92e6-a64c51728bd5,"LILLARD, MOSBY, & CO.",5e46e946-5813-4908-b3a3-b43d2c1ed1ba,true
318a2030-15fb-408a-b780-1b96dbfcbd67,Il. Klonne,83ea82d5-ba38-4058-b07c-5e655a22d428,true
9b1b422f-ecc7-4a32-a03a-d343af02542a,H. S. HARPER,{undefined value},true
b68d1713-3973-4764-a1c7-5b872568b444,Whiteford Smith,0afd2704-9c29-4f31-9ffe-3627c61e7958,true
88578402-671e-4162-9608-cbbb386d4470,"J.DAVIS,Jr.",59ce82c7-12ae-470d-a761-5e19e519d349,true
a8696438-9c50-4bb5-8a48-9bbb0c02926c,Cerisay,5f2a855f-a3a5-4b81-9ec9-3e6813eaf917,true
fe335b98-aa27-44b3-a3e3-4b1f6c111511,Wheeler & Weston,08887da8-da0a-4991-816c-f8e7486a0c6f,true
b8688ec8-d528-4a79-9bc8-287aa404cccf,S Meilleur ,f1c05e77-a37d-4fa0-b380-1ecb02f04dca,true
f17c0ca5-6c18-4cd3-a520-4bb2cb6fec1c,H.D. Morrow,abcc8315-7585-4689-bfbb-a71250b1bb97,true
f70883f6-649f-468c-b928-732e6a32b6c7,J.P. Bates,ba80e581-dd28-4d84-b08c-f0563a78b2a1,true
939e8c06-050e-4427-b55e-7d81be07c1d9,H.O Anderson,e37693a7-c12f-4d13-858c-3efd89cbb29e,true
929bebc5-faae-4488-85b7-2d6c167e6d99,P.L Trepaannier,d9f9e97e-dec2-4c95-a1f8-409fa53ffe0a,true
cd449c28-9234-4e02-a67c-9d5df8aa3def,EVARISTE BLANC,9a646341-d02d-494b-aeea-80e0251e3376,true
740cacda-4c8f-42b4-a170-6e7d21609ea5,E.B Mayfield,66ef1908-b3eb-411a-acdc-624786d39288,true
dce65f69-d778-45e4-9b6c-a52a055a6e77,PL TREPANNIER,08887da8-da0a-4991-816c-f8e7486a0c6f,true
f46c29e6-ae7a-4167-89ab-1cbfd5fc6b17,Henry Loyless,f6547bb6-c6aa-4975-a5e2-d46ebb204c76,true
75d56108-9f08-4ebb-a0fb-d4653a4905a7,A. LACOUTURIER,1a4855c8-f7bf-4d6a-8586-8467aea3d6bf,true
2b4c0178-6332-4ca3-a123-358fe022e121,P C Harrison,ab6767d4-99c5-43f3-adb5-59c16de45fac,true
f9544219-b7c8-4a9d-9600-94082068e9e9,S Meilleur,8d34be7c-ca81-4317-8461-a5d56201912b,true
35551d90-a8c3-409c-8f5a-24aa6ed4640f,"WM. Seabrook, Jr",6dea65a4-206a-4eec-966a-2e84627ec6e9,true
a7a60684-0f39-4f12-8746-34d022329059,A. Suares,239a8c7f-542b-447e-b0d3-1e3c9a7e4515,true
76af65bf-7ded-49df-8f70-bfeaa3873011,R C Blount,09d0854c-8142-4417-af1d-24d4fa4764b5,true
7eb23ddf-8c7d-44f0-a0c3-c8fa7da0af86,G. de Passau,ba884538-1c17-4a42-b0e9-e30139e1e44f,true
e25f7b91-f53a-4120-937f-2d7f9ca8af9a,Clark & Mosby,{undefined value},true
30af278c-77a9-4cec-9e53-89fa5e04a7c0,John Simpson,00fe1bbb-ddfe-4319-ba96-38e4b55d1ad2,true
0735cdc8-122d-43ac-9a43-e948638039a0,"Simon Meilleur, Jailor",0dbfc2f6-255b-4d67-a52e-d2eb430350b5,true
ba955425-ac02-400a-af48-c8e40b9cc739,David Shuler,b7b79eac-06d3-4b61-87c4-b67d4b685617,true
45e7b945-4448-45f1-a310-21ea22827c85,J. Bates Jr,5fd9746b-abfd-481c-bab1-3ecbc1c88aff,true
f7f568c1-508c-46ca-a464-a9f78db18478,George De Passau,5f8a95be-c571-4874-b9d1-048a5fe93714,true
6fc6ef16-97ec-4f09-a48a-4dcefc82914a,Whitefoord Smith,0afd2704-9c29-4f31-9ffe-3627c61e7958,true
182d4c63-a9ed-42e8-a4a7-523e5003cbf9,Whitefoord Smith,0afd2704-9c29-4f31-9ffe-3627c61e7958,true
0ac14b0a-18df-4386-a062-a8bed6f7fb69,Sheriff M.C ,{undefined value},true
a5584d61-31ff-4675-a4da-a248b1efbe40,Robert Collins,30288680-5cfc-4dfc-a20e-7c85dc4f2276,true
07cef20e-7487-4c82-badb-dfd7f8847e1e,WhiteFoord Smith,826d39a0-152c-4ce0-9ef2-dff099dc4593,true
3f683a64-a811-4426-9c33-7bbcd051c948,A. Lancouture,59ce82c7-12ae-470d-a761-5e19e519d349,true
ecfd97fd-2819-4c38-8769-496966f767d2,Whitefoord Smith,{undefined value},true
710045ef-d95f-413a-9779-c484182dfbd7,H. S. Harper,59289f8f-00d2-453b-9424-e6415010bd2c,true
f7215a4d-b71e-43ee-982a-450dd6f343e3,"WM, SEABROOK, Jr. ",0afd2704-9c29-4f31-9ffe-3627c61e7958,true
54158e76-60bb-41b4-ac58-76a375982423,CERISAY,4a04ad93-bdbf-465e-bff9-01d23c3ac11e,true
565f4b16-45aa-4101-b6b6-368b54a27199,Jean Salvant,37d43d16-8253-48fa-82ff-2a9ae8e7c0b3,true
bff6df4b-e154-4541-af53-13f8d9a70627,Sheriff J.Bates,{undefined value},true
93e974c5-2c8e-46bf-8cde-0ce965261db3,George,7322c486-0137-4599-82ed-4b9a16e6b67c,true
6c260e24-c400-4c8d-ad7a-c445603706dc,J. Simpson,00fe1bbb-ddfe-4319-ba96-38e4b55d1ad2,true
5a192f40-3a8a-4c8a-bb5a-85403ac8ca9b,David Shuler,ee05313c-e4b5-406d-85b4-4ecca6e7e627,true
cd351d8f-f737-469e-b800-8d8038db25e8,"James M. Jones, Sheriff",e1b2dbfd-e77a-4521-ab21-9ac6663e06c1,true
a31369fe-957f-4d32-b225-bcd3fe59445b,C. & A. Battre,{undefined value},true
e312c9cd-2dc9-46b5-9509-4e31a5f7a2b5,John R. Daniell,{undefined value},true
895ffbc8-da62-44d8-a8c0-b051076fa1c8,Campbell & Labranche,6c7c8404-fa99-4f7f-8fc1-a51bbce7c6bf,true
6ab851b7-2183-4273-b3a8-ab5562de1d8b,AUGUSTIN & TH[illgible] ,9903f312-ed46-4b64-b34a-3937e0d2f84c,true
9dc1fa82-793e-4642-918e-a15e90b848a4,Cerbay,fb70b8fc-326b-44c8-a536-5f5842c09c1a,true
aed0b19d-1076-4bdc-8489-d7d4c57c51de,P. L. Trepannier,17b03c10-44ce-41d2-bc05-3a42172ceaa2,true
4c84a9bf-a88a-4f39-bb04-cd2ce69684f9,Wm B. Beanes,8fd3b9d2-33c1-4b82-9056-f3c2e9e9e050,true
1271d8fb-625a-497a-b0ce-ed0f602585fb,"A. Seixas, master of the work house",06d163fb-b936-48e2-a589-3f1815ca4b7d,true
8b5e3e16-330e-4820-8904-c0b27dc208fd,Orren Moses,dde3aef3-dfb0-4899-a0a3-fc1c533581d4,true
ded93c00-3b30-4287-b28d-1c698a2f80b6,"G. Huggins, Sh'ff",5ed57a24-5ccf-42c5-8fed-96a132fe09a2,true
96dc8a8e-1c81-44a2-b047-ea7e8b76950e,Robert S Norlin,45e43062-9b23-429d-bc2b-1a3d44d3df3e,true
cc78d367-5133-4404-a266-cf410367e815,Elias Abrahams,014eaf12-f807-4bd6-aa77-2e8885534580,true
4b32ae7c-480d-41f5-ac8c-b827b1e72d21,I. Henderlite,4b762e32-d8ee-413c-9dd7-c018c223a77b,true
c4cfcbe7-f5ad-4414-96a7-4725fe5a0382,J. Simpson,4c7852e8-05a9-4ebd-9566-fdb28c70b294,true
20d05477-f4d8-436a-90f9-ea256df3a165,P.L. Trepannier,19eaf233-79a4-4a8d-9fc0-ffd98fda24df,true
ebdc487d-b140-49f2-9604-aedfe8e50737,J. A. BRAUD & LANDRY,45c8d2a2-0d0c-433f-bd04-c8f3acff82e2,true
f1da34f3-f277-4fc8-aead-2c39dc7a256f,"Simon Meilleur, Jailor",1be33def-d8ea-4683-bba4-e0020ae62b84,true
8ddef7bc-c32c-4a72-99f4-d207a4ec491e,GUSTAVUS COLHOUN or BOGART & FOLEY,f89c48a8-431f-46a9-b59c-14d7cdab5150,true
c4a4ea6a-9741-4945-8bc1-38d69923a1da,"Cerisay, Sheriff",68fc0274-ab7d-450d-a729-dd77b39d4a41,true
65200b13-bd29-4b6c-9990-73500d24d0ab,J A BEARD & CO,34dab0b6-03d1-4625-85cf-0efb8dd7d1d0,true
6a1095a8-f78e-4bf3-b067-7943bee34a33,"E. Beauregard, Gardien",5790cab6-7f51-4c4b-a22a-da95adfbbc20,true
e224b4d5-dc54-4421-b31f-827c1ca6396f,"J. BATES, Jr.",{undefined value},true
2a842f96-6332-4273-88d7-549c6a046789,"CERISAY, Shff.",68fc0274-ab7d-450d-a729-dd77b39d4a41,true
e9866332-2d2c-40d9-9992-a3c6ac6716f2,P. L. Trepagnier,db3931e5-88d9-48e8-9adb-be14873271e4,true
0859e2ef-d011-4c9f-acd6-6ec004dda8f5,Wm. [William] Barnard,c99a6e22-9bfc-42e5-981a-605c7987ccc2,true
2624ab9a-d92e-43f1-8577-b7f57c557914,P L TREPAGNIER,c140f1f3-5b4a-42d9-80d2-75329dcf15c2,true
95b9019b-30e9-47e0-a1cf-9863e227105e,John Hall,753c4415-a283-4034-9e45-79cc21536a33,true
118db289-f78f-4b61-bcc7-1497598256de,H. S. Harper,6b70df1d-1e4b-4bbe-a467-e9fe879093de,true
78a923ab-fd4c-4152-b3e1-b726c5382bf9,J Simpson,122c9ab7-0dfc-492b-b7e6-9e1859eb69a3,true
b20fa09c-425d-47e0-8203-cb4ba46a3c07,R. Geddes,bc396e32-509e-47a6-af84-0041a4191222,true
27207656-ea24-4f42-b61b-e41d98e1f020,THOMAS KELLYR,0c307e97-207e-4e24-a738-f59bd1917ed3,true
fe8838ce-3d35-4540-8a7f-db522f26e3d7,J Simpson,a1f15840-f486-4db4-896f-4587805ace79,true
e42a22d3-c203-4d6e-b4ff-23e6e74467a9,Simon Meilleur,e7822bd3-847a-4f51-9abb-52a11fa861af,true
92cac9ff-59ea-4cb8-bc71-505b14eef086,J. W. GIBBES,1f31d85b-a847-4f62-b7b1-914dd1b82758,true
a3d9238c-4d71-4974-9514-10c91927cdcf,"Collector Henry Frankland, Esq.",c83690f3-0fa1-44bb-a2ad-d0788e32ed49,true
bd2ec049-0541-45e3-836e-84a16bc04183,State Engineer,12303b90-dff8-4cd9-9894-82f0b3a10723,true
8caf3e92-2945-4aa7-8202-6c5ca91e30ca,JOHN SIMPSON,ffd88077-a08b-4af3-975f-e2fc3e66f0e9,true
3da7e4cd-b8bf-44b8-bad5-0a3af7c3fb70,G. HUGGINS,d12bcb8a-1c83-4c0b-93ef-b369a7c1b068,true
e2957253-a1ec-4585-a9f4-683ef06ec5d9,P L Trepagnier,4e856a9e-4db7-4870-b638-b9ebf535867c,true
ce7824c7-bc9e-48b4-893b-acba3462c428,John Hudson,b9f6fda7-f481-4e98-b54b-60b505e6bc6e,true
eb2d9602-7c3f-487a-8271-76f06e8c1f5c,CELISAY,04e61016-733b-418c-bf08-3251cf49a8bc,true
3fc27af1-3d16-454e-b40b-369c6f3c168c,Stiles Curtiss,efcb1907-42d0-470c-9744-f8d4e2c9f4ae,true
7eb9a479-b939-4d40-a0d8-d93a66aa360e,P L TREPANNIER,99dc9ca2-7d32-4ea8-98eb-8b78ec5f4a1f,true
7f31d45c-b790-4a74-acf0-84e0d6270165,E. B. Mayfield,{undefined value},true
7f38e38d-4c55-4220-be2e-e7c9e1463ed5,M. A. BLEDSOE,11f98c02-96d3-4772-a2f5-1d519dac8e41,true
8ffe7aea-e349-4d86-9ec6-ec6b43027394,Moses Whitesides,ff1cec3d-c6f8-4b3c-92c1-7c8b7eba76a3,true
54363823-376d-4f00-98df-c46445c4fa9e,"James Savage, Jr.",d51d5012-1e19-4e38-a5e8-fb3b82172438,true
5458d0be-1846-4583-9bec-432e1643d663,John Jolly,28dddd6c-f3d5-4941-b5c0-d2592d95108d,true
ed008258-7e9c-4c52-b4b0-b2e64fe4f05e,Martha Jerauld,d183966b-688b-4f33-9e22-43895bd59450,true
a14380d6-30b0-442b-85e9-7a6936f4e40a,John Jolly,28dddd6c-f3d5-4941-b5c0-d2592d95108d,true
30da4409-2621-4d28-aeeb-23af8fc2b908,P L Trepagnier,33e162c3-dbfe-4ff5-bcf7-a873e8ddecab,true
f26812f9-ba12-4e32-aee9-5408b142c33e,Noah Warlick,298141fa-11c1-463d-98f4-338021bf182b,true
fb32fa3c-1678-4e3a-b1c4-3a93f763248a,P L TREPANNIER,15e6692f-fc5f-4023-9129-8206b83921c5,true
769f7ba3-2b47-4183-bea8-8aa2f8a73d50,Walter Smith Esq,4706f62c-8518-4f0f-bf55-5826db19c9e8,true
d4c1f403-efaa-4a09-a3e0-e778b6cefee7,J SIMPSON,402cea69-892f-4839-b0cc-fc571ca5df0f,true
d13c2e44-958d-47a4-a610-a694028a0db6,CERISAY,4a04ad93-bdbf-465e-bff9-01d23c3ac11e,true
4acd3aa0-6b81-48d8-97bb-7dfe760e66ec,SOLOMON B. MURPHEY,32878d71-2a14-4bb6-9223-22382fc22af2,true
daa235e9-9ee3-475d-bae8-052df6918262,SHAW & ZUNTS,e7822bd3-847a-4f51-9abb-52a11fa861af,true
82f2b5d3-a987-46a6-8aa6-6709da21b345,E. Beauregard,23a65bf7-019c-4332-a1c0-d3588f1283ea,true
76270b2e-98d8-48c9-b3b1-cad2cd53896b,R. C. Bloun,1822dee2-d250-41df-889e-f589a7b8e50f,true
1955df11-3462-4f2f-adc0-b438bca7660d,S. MEILLEUR,79c6d514-5247-4015-b7bc-ddcfa87f2e3a,true
d4a0a218-7da7-42ba-84c9-3981065f9914,"J. Bates, Jr.",325200c7-edcd-4488-b66b-9a5907ac1c95,true
165f4068-623d-4ce7-8170-003c309a8aa5,S. MEILLEUR,866dc512-4d6a-406b-9290-1fe0ff1ede99,true
e7049287-f331-408f-8e27-5e40ea980cbc,"JOHNSON, RAYBURN & [illegible]",01bef3e4-eda6-4568-82e2-b0482219350b,true
75b99cdd-e8a7-4997-9a81-1ac8b6eb6f71,Mr. George Monk,c2fcd1cd-dacd-426d-a2f1-444dc1722212,true
55463ead-0899-4f7a-a473-026adfc880d3,J. Simpson,6738de3a-388e-47f1-b8e2-ca27be158f6c,true
b07dcf3e-2cc8-41b1-91c6-c5fba24999dd,Jas Talbert,7870d505-10dd-4952-bb6a-4990cc9fde97,true
4525d093-f2f8-44d7-b80e-124b6168db10,"Jacob Rickenbaker,  Gaoler, O. D.",4df66f70-ad7e-4601-bcde-bf5bd4dd0477,true
ee9b8a41-2d7d-4ddd-82ae-14a069bd30be,Jas Talbert,7870d505-10dd-4952-bb6a-4990cc9fde97,true
301c16e3-bd13-4947-8c9c-b570be200659,"D. Shuler, Sheriff",2fbbe81d-43d6-4e44-a6f1-4f2adbc6127e,true
9978f412-b685-4f0a-a1b5-33cff4e7b3dd,Andrew Black,d0be939e-63a1-4d01-9ca1-745efcc61fe5,true
8f9e6146-c817-49c0-b783-59287e2edb38,John Simpson,d0be939e-63a1-4d01-9ca1-745efcc61fe5,true
1bfdf582-2b31-47ae-806b-96280dac6883,B. Merry,01f37bea-2f80-4c17-b4ea-dbbc91d45a6b,true
72132e46-9271-4750-bafb-c8693f57093a,John Fraser & Co.,{undefined value},true
c6635e27-bece-492c-ad99-c8841c42aa04,Martin Greer,04dafcb5-b53c-4935-a29f-5c2a3faf2cee,true
5ca0c1b3-94c5-4d51-b392-efabae44ace3,Cerisay,146afb24-357f-441e-b5a9-f3fff1cf4cd3,true
e1814462-9f74-40c2-bf65-f1526f8c2e31,Richard King,2344b0ba-1aa6-474b-9a87-77fd54c66d05,true
edf24da7-44e0-4515-adb3-8897f3d4319b,H. S. Harper Capt. of the Guard,080583a1-d172-43ed-9160-231fe3e4e0a3,true
5801bd8a-6bd3-4b90-973f-5e83d967555b,"Simon Meilleur, Jailor",8f287ae1-f82c-4cff-ae05-daa19f2f8669,true
99a6171c-5860-421b-bc77-4a76250bb35f,P. L. TREPAGNIER,2a63a419-8724-4490-bdc4-30f9d33db68f,true
92d81d50-5e92-46b9-8f6e-7bb0e9b18523,Edward Shiff & Co.,3a9b02f0-7e6f-4957-b53f-0ba737c83b27,true
4cfe612e-50c4-4ea5-b5f6-4f5b0e468663,"S. HERRIMAN, Agent",08887da8-da0a-4991-816c-f8e7486a0c6f,true
27e7817b-1df1-46dc-a2ad-154b500229df,State Engineer,08887da8-da0a-4991-816c-f8e7486a0c6f,true
e05fc082-e584-4e1f-a703-98136d2b0747,A. Rogers,f278215f-5961-4c0b-bdc9-39cafa6e159f,true
d0051b2f-7c3e-483d-a0d8-da7db3da8572,CERISAY,4a04ad93-bdbf-465e-bff9-01d23c3ac11e,true
ba113dad-8b4b-4cc6-8231-391aa5a8d08d,J A Beard & Richardson,1a4855c8-f7bf-4d6a-8586-8467aea3d6bf,true
0780b082-f1e3-4b8a-b031-3419a2fc66ae,"DANIEL MOORER, S. C. D.",7cd9d431-c06e-4810-ac07-50c1ed20dd60,true
f111bdc0-8bb0-4749-9deb-fa803ee48e42,J.C.W. Legare,a6bf441e-f072-482d-ae07-c98ebe41289f,true
efea5030-acce-4330-bfc3-c0c9bf9112c3,Henry Durden,e28cb0ff-4dcc-4c7e-bae9-09a9f75fd5db,true
55ec5024-9dd6-47bc-8d14-238a374f2c7e,"Irwin, Hall and Walton",64e1a126-1033-44ee-adb0-3021e578a6d6,true
3b994a20-2965-4f5a-aaf5-bbc4735d6f58,Augustin & Tribaut,13be5007-04a5-41c6-8936-9130061fff3d,true
8b9cde59-40a9-438f-a834-923946427857,D. Augus,d10f0043-b8e6-4129-ba64-88f3481a818d,true
2293f802-6d85-42d4-a7be-f28571aa642c,P C HARRISON,815a2142-d30a-4c90-873a-6c1fb4dce6f0,true
1034048c-0e58-44a3-9c12-c9436e18f6ac,JAMES HENDERSON,71abb399-ef83-4b35-9722-036f351c7cba,true
e84e3e26-c841-4d13-9f82-8048e980f93c,"A. Mauldin, sheriff",c7dcb7be-e306-49b4-bc3c-67cbfb5f6fe5,true
5152b13a-779b-4b6b-bfe7-7077002b1edd,H. Faulk,{undefined value},true
5f6248d5-e2ec-47bf-9331-91b97827d7f3,S Meilleur,6cc8097e-33ab-4a9a-bce5-52f225cbc52f,true
eb664f11-1bce-45d2-9457-fe71248d497a,"William Herrington, Sherriff",2402c95b-9db1-4ec3-8f13-5fcec15225f8,true
dd6e19e5-d616-463c-bd78-4098829aeac4,George W. Underwood,b24dda16-c61f-486b-9ebc-da70523f18ab,true
7e15d0ae-6383-4c5a-b20c-700fb263a586,P L Tepannier,240765c3-e335-4fb5-bdae-9c4be9e6d476,true
964e7c36-7502-4c85-beea-2debab5f4e3d,EDW. H. Pomroy & Co.,7f380284-6aa9-4efd-b77d-48218422aef2,true
550a6f7b-bf1b-4854-8a2f-dc5b5f6c8d09,William Pouncy,05a63752-e272-48f6-9050-72590c5d7ac9,true
2ba8ffe9-0242-43d2-98bb-73ff900b4e44,Simon [Illegible],e7822bd3-847a-4f51-9abb-52a11fa861af,true
6a9578fa-400b-4a25-94bd-9c2ca32e6eb3,J. B. Hance,{undefined value},true
1d3188d6-1043-47e3-87e2-ccc508c61508,"L.A. FOUCHER, Custom House",e7822bd3-847a-4f51-9abb-52a11fa861af,true
9d50e12a-b692-46fe-b862-d769041e4805, Williams Fishbume,ef29a3e1-1285-4665-960a-07e759ed5c5f,true
0578e3dc-1dc5-4a87-87a6-5a9232af932e,"Lillard, Mosby & Co.",4908c7e5-abc6-40fa-b6d1-bea2ba293f3b,true
fcea78c4-e3de-45ce-9817-0927914b4fa4,Mills Howell,5517a2ae-db13-4de1-93ca-f79f5c64ba9f,true
8b1c4622-b13e-4da3-ae9d-838ed5d516b9,william wood,2e55a2b2-b906-4827-b73f-f1347b08a09a,true
ac13e81c-3496-4e3f-bc17-81e748524263,Nina Afriye,ebf904d0-3474-4070-ad6f-e22f9d6a711e,true
81d4b3af-5bd0-4732-99d7-3da152fb6a34,Ciser ,23fe330e-caa2-4069-ac41-3f42a2ff0e90,true
eeeec280-7c9f-4e2a-8fe9-9766c52afd0f,ceresay ,146afb24-357f-441e-b5a9-f3fff1cf4cd3,true
26f4b90f-0bc1-407c-ba52-c0850bee455c,ellick ,9861c9d3-fbd0-4ede-874b-6717ae3d4dfb,true
95435446-0f2d-4027-87e0-85a3e42d98fc,Andrew Black,63c82a67-6162-4500-80f5-ea96a9f98ad5,true
55e43945-64bb-4740-836c-4a1e4c980eeb,H and P. Landreaux,a6bf441e-f072-482d-ae07-c98ebe41289f,true
37b19988-9390-46ec-9756-4ff317328a52,P L Trepannier,40219cad-f2ab-4645-bb6f-f5fd18fd038e,true
1fa95125-cfc8-4557-a301-04d8d042982e,John Platts or D. Leitch,e99a9e0d-7eac-478a-898a-aa5773d5e131,true
93abfd57-0efd-4efc-bb5d-98bbff93b5e1,Timothy Stevens,{undefined value},true
1e18c2c2-0fef-4a33-b3e8-5378612e9b5c,James Talbert,7870d505-10dd-4952-bb6a-4990cc9fde97,true
f8704224-8bb3-4ab7-99c7-ab28be57aaf7,James P Bates,239a8c7f-542b-447e-b0d3-1e3c9a7e4515,true
a9747ead-c03f-43c3-9ad0-8d9b2bb6304f,"H. S. Harper, Capt. of the Watch.",82832684-f4a4-4550-a181-c528f7a7f6f5,true
58b792eb-c604-4dac-a4e1-37889f709f2a,Martin Nall,089061c1-7bca-41a7-9304-67c4ab0bc4a8,true
8fb9f63a-5deb-43c4-b23c-0c5d04a30285,MARTIN GREER,06634f71-ced3-4e24-a2f9-bb75a0739262,true
4c6ed5de-2905-4516-a9b9-77111e9383a4,Cerisay,4a04ad93-bdbf-465e-bff9-01d23c3ac11e,true
a6650e97-97b3-427c-bdb2-00bb190448af,Cerisay,4a04ad93-bdbf-465e-bff9-01d23c3ac11e,true
b3abbe4d-8b2b-4dc8-872a-72b8ed47943b,H.N Steele,58150469-1a3e-4454-8468-904e69416387,true
e927b009-41ed-4614-8d5a-f28e01455b0c,Thomas Kelly,0c307e97-207e-4e24-a738-f59bd1917ed3,true
7459a6b3-3764-4076-8cc7-c4aa31539862,S. Herriman,9861c9d3-fbd0-4ede-874b-6717ae3d4dfb,true
2f680ff6-0e38-4750-b7ac-ad25affc3526,H.T. Vennard ,5b732b05-559d-418f-9b02-ea110a79c278,true
548d1472-cd04-4368-a9e2-452ccd8990bc,S. HERRIMAN,8cb8d518-e442-4132-b337-214dd8ab82b3,true
209b9439-df26-47e1-80da-8f1e760049d9,"Louisiana Pilot's Association",{undefined value},true
52fb3a64-886e-4bff-a375-d4a08989afa1,Tony,3bb44ee3-0533-4417-a041-105a9f31e109,true
2f125219-4946-4940-8258-8b4fcde8760b,"David Shuler, S. O. D.",a706de35-c0cc-491b-8007-3ab0895e8428,true
0f79869c-2484-4b37-82d8-d3938e588439,Thomas Kelly,507b5968-86b7-476e-a83d-a4307622ed57,true
522b2933-fe01-42af-8a93-033978ad9094,S.HERRIMAN,495cf454-f0c4-4f01-a6ab-2282bd7406d2,true
c29899f0-b344-474b-8b18-ff7487b82210,H. T. Vennard,fd1f8812-0f44-4f8a-9e03-f1688287c742,true
220c9b41-3a6a-4327-a6a8-f49c186ba203,"J. SIMPSON, geolier",982ce236-68f8-41d1-825d-db53c21f25a0,true
0e82b442-b594-43d9-96d7-87728d2602e0,JOHN SIMPSON,1b25f23d-86c7-465d-8c9f-95498741abc1,true
5dcb7c28-f61c-41a1-a066-b6256bcbc4ef,Andrew Kerr,a9a9c239-0857-4e85-9800-bd80f926bb27,true
30aea1b5-ba42-4007-8847-64dda593c6bb,PL TREPANNIER,19eaf233-79a4-4a8d-9fc0-ffd98fda24df,true
bde3b8a9-abda-496c-bba0-01d5b020793e,J Simpson,{undefined value},true
af84ed91-74f4-48c1-bbae-fe5a77cc2359,Cerisay,c1ed9ae2-0bb6-41cc-95eb-bf229156b4c6,true
ec18ea92-1acf-4cca-95e1-e66a785765d4,Sheriff Cerisay,{undefined value},true
984c1fed-689e-46fc-b76a-2bf3da672742,A.E. WHITTEN ,99e0d611-02c9-444a-9091-863e5d82eacf,true
907523d5-71d8-4252-8356-50924ca58133,James Brownlee,026f5472-34b7-4c69-aff8-9ae5cd62e07a,true
2724a7ac-2672-41ff-b424-9dc5e3f1abd8,Jacob Fredrick,c620ac7f-6cc0-42ac-ae72-a7ba05598dd2,true
06258b36-e7ad-4ca6-aa79-9338096d59e5,"ORREN MOSES, Jailer",d9038f03-e719-49ab-8572-2806488d99ca,true
d995ce5d-834c-4a23-91b1-83d39ea0a569,WHEELER & WESTON,22b96fc1-348d-4c37-96b0-2435a6c2e04d,true
cdfd006e-87f7-4c1b-8c07-a976d67d6734,Enoch Endsley ,14752310-4bda-45ad-9822-0ee8098dad8d,true
b61adff2-48bb-4a2c-8391-9611f154cbba,James A. Rogers,990cfae5-cea2-4fd5-a23b-8e2728d59288,true
912f794f-d8e9-426a-9806-137e5b1ad04b,Clement Brown,ac377ca7-8bc0-4a2e-a6d2-0b0e4f435720,true
0ead61dd-c615-48dd-bda6-19cb25cf6bfc,Samuel Banes,babfa890-01fc-4cef-b10d-1caa12eab2da,true
9096d921-bfb9-49ca-925e-0c10174b8e15,J. P. Bates,{undefined value},true
c695777e-6cd0-46e1-a5d9-c9114147df03,J. P. Bates,f4eae264-ece4-4342-b371-a7e2f818afab,true
93f40aa8-ab9f-4595-b6ca-ae2bef30b277,Thomas Rogers,cd9a3fde-78c6-403a-ae03-2d87b744fc76,true
49341154-d0aa-4aa4-abfb-d35ae0f20505,John Simpson,122c9ab7-0dfc-492b-b7e6-9e1859eb69a3,true
d9cd588d-9f6b-4623-a946-d38c2edf8d33,S. Meilleur,8320e76c-e453-4b27-8b53-e1a0fdcf28cb,true
e120a771-984e-425a-9404-1963afd0e392,Jesse Hart,{undefined value},true
330489a1-5ddc-455c-95f7-7d9bd3bc5b98,James A. Rodgers,08cab96a-2132-4e67-8b67-bb51100aa4bc,true
68ca4611-05f6-4442-b1ef-f6d751a56c73,James A. Rogers,02be69ef-ba2e-4536-ad8c-d1e1c83a99ac,true
32b2ed4b-400a-41a0-b153-d9af715d67b1,Henry Durden,d178547c-8ee0-493a-be53-1b346d423927,true
7b648777-3a1d-4223-bfdd-6ae04b7ce90c,Daniel M. Dansby,eb4072b0-fab3-4957-8945-96efcbee6cf0,true
37f4d571-d25c-4e04-b5e0-b937e4f3f687,L A CALDWELL,{undefined value},true
3ecd5531-2962-4d27-8959-7328fa9748c5,J Bates,{undefined value},true
0189f821-b5b0-479b-ae66-435f7198b216,C Zeringue,{undefined value},true
a837793c-77f7-41fa-9604-9098f0b7ed31,University of New Orleans ,c6c2bfef-df28-4e68-9ca8-9a84e79696bb,true
a7ce2e01-1cc0-4aad-82c0-d8a525abf470,H. S. Harper,080583a1-d172-43ed-9160-231fe3e4e0a3,true
3ff557fe-6ed2-4ba7-8c8a-0abed3d00523,Henry Durden,21bcd0c1-44fe-4636-9b7b-bd89878174b0,true
ed4f5283-9aff-46a7-b4df-89965d537ba9,Cerisay,68c5922e-0eb6-437f-8b73-198b623fa750,true
5ee2cd48-8163-4abf-bf1e-5f9aa25e4a62,Henry Durden,1c5ad7db-891c-444e-b195-0c223de9ff47,true
600c4eb6-d9c1-4155-8660-0870ea00d57e,Wm. R. Bivins,0dbc80e8-9d9e-4da7-9649-b3b705ec9dd4,true
10331636-4f6a-410b-931f-2c73b7d00eb5,A. Mauldin,d9ae541c-6af6-432a-9a5b-4f0b9544a078,true
860b5ad0-13d0-4c97-845e-8535c8a22a47,Ellec,397de8e0-dea2-4c5c-b4d1-d1c13f95cf57,true
b3d666e9-6fd8-4098-8563-2bbad660e0a1,A. Mauldin,6341e770-c88d-43ba-b1e5-6f63ff5d91f0,true
8f09e019-cefd-4419-b82e-4a6ea543068f,Robert S. Jenkins,ae9bd1e6-6a55-48b7-ae93-e01a224d11cc,true
e7ad82a3-e851-46dd-b640-fb5cef005cf6,D. Froselaizs,026f5472-34b7-4c69-aff8-9ae5cd62e07a,true
7cc9634b-60c8-4050-bba5-157e7c17b0f5,T R HYDE,59ce82c7-12ae-470d-a761-5e19e519d349,true
d3fee12d-ec43-43ed-adc1-349e921739e5,A.M. HolBrook,eab99796-0b92-48d7-8755-4005981ddb05,true
fe304028-5493-4978-b0d3-a4fd03848253,P. L. Trepannier,19eaf233-79a4-4a8d-9fc0-ffd98fda24df,true
458be622-94e9-4919-acb6-a419640b3348,James Savage Jr.,e56d2323-be94-4469-b706-3ef35307b699,true
874e5e86-fa9d-4ce9-b770-8c5bbdee58b0,J. P. Bates,0af51cca-1c11-4dc2-9b10-9d1a87eb9383,true
cd889325-911d-4ccb-a24f-c0f03eec46e7,Simon Milleur,3f1c1bfd-d390-490b-9cc3-e5fc85103a26,true
c1e34354-88fb-4ed2-baaa-b538c680a76f,"R. Micklejohn, Sheriff",2552006b-1429-442f-af37-d338195f57c2,true
987dd383-3d96-49fd-b6a9-76f86f911741,E. Beauregard,{undefined value},true
0d601b59-1aa2-42ea-ac67-96880929e5b5,Joshua cox,97c0a281-0daf-4531-a588-037a1cc2d771,true
4f1a23e3-4113-4c48-a7fc-8e46d40d02fa,Thomas Cochran,78c48235-d0e5-4366-9352-52a59915e545,true
e03bc3d6-f694-4a8a-86ae-35ee6cde1689,S.B. Murphey,64ca6c3b-df83-4e2d-bc50-318cd3ca353e,true
7d1ba87d-8238-4ed0-8873-fa0ac662adde,C and B LAZARUS,{undefined value},true
dc0bafc6-830c-4f0a-9fa7-8458cf4308b5,Cotton M. Stevens,014eaf12-f807-4bd6-aa77-2e8885534580,true
ec9b77ea-dbf9-4f68-ab1d-a7b34484cf43,A. L. Addison & Co.,dfd46008-4e02-4e4b-b76e-9bc66063ca2b,true
b0b6ad6f-bb53-4a87-9a7f-513019a32afb,James A. Rogers,5b3e3ec6-884f-421e-a766-52ff28b4ad2e,true
3afcf169-bdfc-423b-9092-3e524df4ae74,J. Wise,d57c54c5-a9ac-4e3b-8ec0-f9470f393db5,true
8cb4d177-6414-461c-89cb-d57021da006f,Cerisay,474b8890-93c7-4b41-a98c-b6a26982ecb6,true
9a00dbd4-585a-4106-bc76-2f33a7c9ddfd,"THOMAS KELLY, Jailor",0c307e97-207e-4e24-a738-f59bd1917ed3,true
a055ac91-bfdd-4aea-9a93-a2849cdf6c49,"G. de PASSAU, Sheriff.",345cb03c-796e-4b28-85ae-1cbae6923307,true
55f3636c-e975-46a8-bfb5-40aaefc11f20,E Beauregard,234521c4-b764-4ddb-b1f1-37559380fd3f,true
f4395d9a-ff49-494b-b578-721059e50e3e,H. S. Harper,080583a1-d172-43ed-9160-231fe3e4e0a3,true
3b563517-9d72-4613-8af0-fe14e69bc8b0,L. A. Foucher,7e0f4567-0990-4e4b-b3a7-5adcc9a1da9a,true
3a55566c-48da-4468-afa7-3d018cc50e16,Charleston Mercury,2b9a8e3e-fd0a-43f8-8e79-cdad23a4ac01,true
22dc5fa1-e85a-4c4f-a689-cf17c15735b8,John Fraser & Co,{undefined value},true
cb1ddc3b-611d-4b1f-9aba-050b29fa5d0c,George H. Grigsy,da01ec6b-ec7f-4820-aa41-389d1e86d190,true
647c9cca-b25d-4d21-bceb-f6998fc6f7b2,CLEMENT BROWN,68069ab9-bdb5-473d-98c9-ce520bc56ec7,true
18d54f92-2e88-4d4f-943b-201a4315d103,G.E.O. Brown,d78bd18d-05d2-4405-ba32-667cffe4b614,true
abc06121-85da-409d-8b67-00ca83eb0bfd,David Shuler,c620ac7f-6cc0-42ac-ae72-a7ba05598dd2,true
c4a4e71c-10ab-4214-9ed2-d66a38e86581,J. A. BEARD AND RICHARDSON,e7822bd3-847a-4f51-9abb-52a11fa861af,true
80ce10f6-a096-4907-b293-8aad71eeaf00,"JOHN R DANIELL, Jailor",af2ca089-4fbf-47b5-b835-ddd39cfa41aa,true
4c44dedd-214e-4a03-b091-f8c31f4ac36b,"Owen Fennell, Sheriff of New Hanover Countyco. ",e517d15a-eebb-4d4b-afae-06da232bf7d2,true
4a86a115-dfa3-49cf-94bb-d67e976cb354,Howard Wilkeson ,2ab3dbb4-b19c-48a1-b570-4c7cc6ea2976,true
3d3e4bb5-81cc-4e69-bfcd-3fb1b831e008,"E. D. HALL, Sheriff",fe7b9fe4-7ae8-4090-84ea-b48e89e73904,true
cfd31753-d099-4ba7-9429-64694cd7b453,James Edwards,f0dd7155-2b7b-45c9-9a1f-51477d0ee9d0,true
f2dfabe2-29bb-480f-86cd-93f6cc433bcf,"J. F. Everitt, Esq.",325200c7-edcd-4488-b66b-9a5907ac1c95,true
df25fab1-f934-498a-9f33-04ff335c34cb,J. Bates Jr.,325200c7-edcd-4488-b66b-9a5907ac1c95,true
877702ea-b622-46a1-a438-82c12cc92892,Danl. G. Brent,1963ad07-d8c7-46a0-9306-d2d611ff4a8b,true
1ea85f58-1527-4f0d-966a-9baeb4a790ba,Jesse Read,239a8c7f-542b-447e-b0d3-1e3c9a7e4515,true
3085ef00-01f2-462d-b5b5-25c35b036e34,M. C.,{undefined value},true
3f0801e2-e2c5-4b02-b4bd-457c8b7f9e32,Samuel R. Locke,441207a7-799e-44e1-afb2-a3440928aa83,true
0ffd0253-a834-4ba2-8a9b-64aee0ccd635,"W. T. J. Vann, Sheriff",8ef3d252-1783-4df8-a40a-9ff551c0e5a8,true
bc35dbb2-93af-4dea-b9b7-477164175506,George A. Locke,a446b022-1053-47a9-ad91-d20dcff8f244,true
2578e5cf-1368-4ed6-980d-fb05a2b12ea7,Jas. P Bates,99d5973a-2410-4983-a111-32484187f6fe,true
e79c4875-7688-4bc9-96d9-c8bd28170fe2,"J. BATES, Jr. ",325200c7-edcd-4488-b66b-9a5907ac1c95,true
d01487de-a74a-4d88-8a5b-f9c5f52428c1,"H.B. Guthrie, Sherrif.",80c4a8aa-5cef-40c3-a3b9-fd9c33fb644b,true
d6871a49-b6a4-41fb-8387-1bfaed06c68d,JNO A. Parker,a340a3fa-fdec-4e53-bcf6-dfad53dceb3b,true
c825129f-00b8-4122-b80e-a5e974ec548d,Moses Tyson,866ead73-013d-4953-997e-09a30c176a60,true
55f064d5-2bb0-4809-98fe-3050be5c0657,Thos. R. Smith,{undefined value},true
1141ebe0-f68e-4802-9be0-93c93767111e,John D. McArthur,347d38aa-728e-46e2-9db2-02ba98bbb76b,true
7b645056-156d-4cfb-85e7-72ea9412611f,FRANCOISE MONTEHAT,{undefined value},true
b526f829-c13d-4220-a1c0-781a066f0e23,WM. Norwood,13a24f90-17f4-4ae2-b9da-6bb0e29d30af,true
d6ddf596-ac4d-46d1-80c7-845aa6e83c8f,George Hiade,{undefined value},true
2de73a19-5346-4f15-b3ac-e7f792cb930d,J.E. Dent,824497c1-56d0-4310-a9f1-d5e63c75006f,true
241a9ecf-dafd-4f5b-971f-cbc8287e6ccf,A.J. Galloway,{undefined value},true
3f613e16-be59-4699-b14c-bfc1ebf1baac,"W. T. J. Vann, Sheriff ",dc0a1390-3cef-4933-be73-de400e0bfa20,true
b665002c-b792-476a-abef-9c640d1f4da1,James A. Rogers,5b3e3ec6-884f-421e-a766-52ff28b4ad2e,true
369a439f-6265-4ed5-9864-91f9073a17f8,WM.B. Means,83f1d800-9c85-4188-8e9f-dbb65c61e3b9,true
4872a7e5-d9c2-4b49-8611-065d260117ee,I. N. THOMPSON,239a8c7f-542b-447e-b0d3-1e3c9a7e4515,true
08756293-c1f1-4727-a8b0-52951c5b9e88,S. L. Riddle,2b760e05-cdfb-49b5-9cc4-e988afa24839,true
6b64eae6-1c36-45ea-b4e8-24a87460754d,"H. L. Atkinson, Shff. ",64f66f05-9dcb-4caa-8c57-d918b1b049a2,true
31c90814-7af1-47ce-85a4-59461c87ee2f,Robt. Ralston,344dcda2-11ab-4e9d-b6b5-749acdf985ac,true
73073eb6-07af-4a8b-ad65-a2a12a7301de,ROBT. RALSTON,{undefined value},true
63777ee8-84b9-4bb5-94be-8140aae9d3af,Willis Holmes,a8fc72b8-f9ff-445e-8b88-d9e16ad13edb,true
5688d424-5161-4054-83d2-bec426ea1014,M COURTNEY,cf584d6e-04d1-4e9e-bdc4-474c72270aa4,true
7aac21ed-f6b1-4ea3-a51d-2716efb3b911,Stephen Johnson,146afb24-357f-441e-b5a9-f3fff1cf4cd3,true
96b233ca-b1cd-4a74-9f69-4ff6f9873293,Simon Meilleur,0b40c564-eb98-44d6-bfb3-727656cb5086,true
8001f42e-3000-4094-8d6a-cc4294122c78,Richard Clark,051d7042-2d06-4b81-a4a9-bd74c470a4c4,true
85d3f3d1-f524-4538-9e14-f1a418d07b4a,S. Roman,e7822bd3-847a-4f51-9abb-52a11fa861af,true
58d91c00-e629-437b-be46-a79e2b9ec49f,P C Hanison,a1771fd4-dafb-45c5-80f6-7706420e1127,true
f1e7a414-0f0c-4f91-8ce6-9470ff627ea9,C. Crine,ce13d447-3ade-4620-a174-4c5d381d9381,true
880495bd-c58d-44e0-9c7b-8fc8644ab2fc,John D. Young,30f944aa-14a6-47bc-8a79-d6c725df4929,true
fd056013-1918-4ac9-bde7-7925ffb2da99,John Simpson,13c23bdb-13a1-4c5e-a0c1-6ab12bf9aedb,true
536ad496-b0c5-4043-9235-e8c8535c6e63,BROWN & TUNIS,{undefined value},true
35fe8db9-dbc7-44ee-807d-28720f0260e4,P. C. HARRISON,8a1845a4-df55-43fc-9e74-bf7b1e798725,true
abeed6a2-ecc4-4e53-8299-0f8148610558,John R. Unruh,4fb99e49-1e29-47b8-bb89-609ea8dd69eb,true
ab650b31-d890-45e6-9fbc-53276fb2420a,J. Bates Jr.,325200c7-edcd-4488-b66b-9a5907ac1c95,true
321acaf2-8051-49f6-bb82-d439cb11a642,Morgan Mcafee,102707d5-bfcd-4972-8a02-0831ed226dfb,true
b8d10874-96fe-4b8c-9ae3-8cfba25080ab,T.J. Holton,15be169c-a679-46f1-9afb-ce3d5befa5b5,true
36e97d7c-b217-4876-a1f6-ce9445dafca4,David Shulers,28e19384-5bd7-43fe-a950-4b90ee9d799a,true
f45beacb-13d6-45da-99dc-9d07d1c28e9a,Noah Warlick,fb32458b-40c6-47ec-a48a-ce9d9a72c3ed,true
e3d8a8b9-958e-4050-851e-b4c6a11777b2,Simon Meilleur,c8054a4d-b4d1-4e29-aca3-3bda4bd05518,true
30b151e5-04d2-4d04-b3ee-0e6905beb8b8,John A. Quay,d44cf41a-1195-43b9-8d60-3d6be25ce1a8,true
be248ed4-c224-448a-9db2-23204e05392d,"Wm. B. Roberts, Executor",dd33c07c-80c1-4d46-b25b-1daf33b57a79,true
32ea3584-3708-4858-96d8-f1e28f2bcbdb,Delia Haywood,0b4c64fc-1bc0-4a9d-894b-c4c6878b0eba,true
7770de32-ca99-4153-a65a-65669609251d,HARDY O. NEWTON,dab528db-f5ed-4a0f-a2c4-38095fa4ab83,true
eafe5702-ff13-4ddd-95af-1c112303df6d,"John Freeman, Sheriff",fef53b13-3e64-4b11-8c7b-9a9fa804082b,true
12727c35-c040-4a16-b62e-d08fddcd1614,A. Foucher,7e0f4567-0990-4e4b-b3a7-5adcc9a1da9a,true
467f142f-a9e0-469e-b519-cef8d975a6cb,Minick Miller,51fec35b-27cd-49fe-a74f-ffc8e0285fc6,true
39fe7b82-e028-472c-971c-dd7051c2e2f8,J.W. Knapp,17293105-a50a-4618-b398-634d03eb3afc,true
ae002d06-e08d-4c71-8ab3-54f583b7a822,James K. Polk,753ea00c-e615-4afa-9f44-14578e5ff7ff,true
7aba082a-1df8-4a93-9df1-f54d2c0b1c9c,H. S. HARPER,82832684-f4a4-4550-a181-c528f7a7f6f5,true
97a7211e-7b95-447e-b4b6-30e3379974c5,GEORGE DAVIS,7805f7d6-6dbd-4910-8010-89de84d0a566,true
cf8d6175-b7b6-45a0-a5da-85f77d78bf49,H. B. Guthrie,{undefined value},true
60dc516c-787c-4707-b411-a443a59c120a,WM Corham,8c2f32b3-53a8-43e5-8ac2-ce09e6cbce47,true
cd9925c0-b56e-40a4-91e7-5942fb8fd550,J. Bates Jr.,1631db64-4a57-44a9-9a8c-7b13094726bb,true
e533ee25-6e80-4d18-a74a-bba0826a0f95,Solomon K. Goodman,998f55cc-21ce-4e67-9ca2-37f6c6a79c16,true
23a4b7b5-6a36-4e4f-b403-b39afd305539,"John B. Hussey, Jailor",d8895027-574f-45ea-adeb-b28f7a215e69,true
96b8fad6-9722-4dd0-8996-cce837b584b4,P L Trepanner ,48550d23-a434-46e5-9c07-95483212f6e2,true
936f9bfe-5f6a-43b9-b532-db6681853db2,Simeon Williams,11f88f33-266d-4cd1-8dce-44e689ced151,true
c0d9cce1-b2cf-4855-ac32-dd9048fb98c6,"John B. Hussey, Jailor",96a80d48-029a-4391-8ca5-d9a69c50e3d3,true
add9f134-18e8-4df6-b6d4-9f3a463af634,Howard Wilkeson ,565300b1-fc9b-4e48-844e-9f8d08fe63c0,true
c441cffd-0cd5-4dad-bec7-c112a482eff5,Wm. E. Rose,54452ace-09bd-42a5-a237-5e819c4fb6c9,true
62548fea-f943-4b0b-8812-28331691d9ff,Jas Talbert,dd629687-01b3-47a6-9791-abe6a096b091,true
48cb3f40-5ace-4d3f-a954-84cf5bc6919e,"R. J. Jones, Sheriff",dc0a1390-3cef-4933-be73-de400e0bfa20,true
0d0287d1-9229-4fca-b620-d901fdf5ca94,"JOHN B. DAWSON, Sheriff",a2e7a9f8-010f-4079-90ff-7f41be765f28,true
00643004-9367-483d-954e-12d0cb29f765,Simon Meilleur ,23a65bf7-019c-4332-a1c0-d3588f1283ea,true
4b3dba35-93c5-47bf-b77f-aed64efde7fe,P.L. Trepannier,19eaf233-79a4-4a8d-9fc0-ffd98fda24df,true
f93cfe83-0b3b-4bf5-8351-7a59935f6b8b,H. FAULK,{undefined value},true
4634b78f-6409-41e5-b1a7-2da8f075b820,A. G. Tweed,609eddfd-af51-4891-a705-5321fb898fa9,true
b48d341d-d5fe-48e2-9674-196c53772f47,J A BEARD & CO,728102ef-1081-48b2-83d0-836be153245b,true
e6e5c855-2c19-4e3b-8c9f-886a0517fff5,Gustavus Colhoun,544d3514-d41f-4feb-9a5a-336e4d7afa3a,true
ba6b3560-07cc-419e-a875-9f0388aa3f54,Thomas Kelly,8850e16b-37b0-4237-8b44-ace85bf8fead,true
588a0587-6b3e-404b-ab91-13903580e456,P L Trepannier,afd303a7-353a-48f6-a9af-f239d329683c,true
411bc975-6d1c-4faf-aa4c-be18c5310503,George Creager,a4aa3672-bfa0-4e2b-8020-f2274ad313ae,true
72e0ad11-5e78-4c77-9291-a6a8148d8d79,Anton Rush,09a4f000-ba7a-42ee-9966-e780a632916a,true
a4ce8e0c-2cef-4819-8a9c-7035f77150db,"W.H HIGH, Sheriff",9144ab3d-fec5-4b8a-93d2-90a1e4adfdaf,true
97cce30a-54db-42e7-9ac4-42c755ab3e3d,E Blanc,a036c093-ba99-42da-ba34-111e7c9cd40f,true
6f2d03a5-6b4d-430d-b16a-1437b12cc329,Walter Bowie ,fb5cb517-8b7e-4a6b-8a5a-d2cb17d90513,true
42303aba-3fb7-4a2b-b087-9e389a99ab92,M. D. Coophr & Co,{undefined value},true
6459704e-8820-4797-87cd-53d812ce9d8d,Augustin & Thibaut,2dd2ba6b-1a8f-40f9-850a-50ecd6cc313c,true
7b2c3125-6bd3-467e-a42d-88426529d963,WAL. B. MEANS.,05a63752-e272-48f6-9050-72590c5d7ac9,true
4beefc9d-1423-459e-b737-b71b5169aa89,H.B.Hunter,5f52dbc8-33e9-4fc8-bafd-a5a3a8d02fef,true
702603e3-6762-441d-af75-ed8f69cc17e9,Daniel B. Smith,c2e36fdc-7e7b-46ba-8180-47e76771ffe2,true
b0aaf061-2bbd-45f6-8de6-467c1e0555c1,THOMAS H. WRIGHT,bcc7bd92-f853-4af7-bcc1-348894afaf19,true
00f930c0-8a50-41eb-b8ce-2b61d5648e0b,Jes E. Meacham,0aa2855b-f74c-452a-b1fc-513fe1925329,true
a036cdc7-605c-4b3b-8020-46e8c6cb9a02,S.B. Murphey,bd5f2690-4769-43d2-ae33-c7e0c3ef3f43,true
93ec5503-80fa-4e6f-adab-8f681ae94221,Thomas Lehre,05a63752-e272-48f6-9050-72590c5d7ac9,true
1956bfb2-0f75-4f93-815a-4656b35a5516,N. Combelle,ec8670ae-5013-462b-a3b0-eccfb1c13a7e,true
ccc68f51-f5a2-4b93-8ffe-227bddb8cdb5,Simon Meilleur,8c952606-6b44-4078-8134-1a171081ae38,true
32c08f29-8930-4a10-9169-6f208f55ad45,J. Simpson,3646b591-8410-467f-b8f0-980e1ec57153,true
955c6efa-d817-497e-a677-13bbf49ac35b,Matthew Sandford,e99a9e0d-7eac-478a-898a-aa5773d5e131,true
7531646f-d108-44eb-8b7e-6083b19bb65f,"F. D'AQUIN & CO",03d13afd-8c73-4275-8010-083d95c25ca0,true
83c96d65-4457-4c8d-b0dd-328e9ab0e510,"J. Milleur, Jailor",23a65bf7-019c-4332-a1c0-d3588f1283ea,true
adb89ff5-f176-44ba-80ca-2277be3434fe,"J. Simpson, Jailor.",d0be939e-63a1-4d01-9ca1-745efcc61fe5,true
f22e0ab3-464b-460b-a959-f897dde8a968,E.D. Hall,77b1d9ee-e2ce-42d1-93dc-77ac9ed3f5cf,true
ec320ae5-357d-4eb8-b86e-5fd1b36b918d,Henry Durden,3dd7fd40-022c-4376-abec-f3c605ab8aa7,true
f35bff00-4155-478b-b1d1-543748626c99,John Burges,15bfee9f-73a1-4a7b-bf55-06568efead87,true
23cdab73-71ec-42a8-9ff1-fa8cbebf1ea4,S Meilleur,0dbfc2f6-255b-4d67-a52e-d2eb430350b5,true
5fe84d64-0ce5-4c7a-981b-3d89b8e093f8,Gustavus Colhoun or Fogart & Foley,4477c092-6c7b-4655-9424-ed0c27985378,true
0b20c211-ea00-4c25-8a0d-350c06a23a55,W.D. Humphrey,39956221-ce29-406f-a134-c1ab31e59d57,true
7c9a6cf8-1abe-4f0b-84f1-9876aa644e92,W. T. J. VANN. Sheriff,d62146b8-80d9-4fe1-9426-b77afd7e7b99,true
bf64a3dc-f527-4c74-9c62-7a49d5be6dad,James Mills,{undefined value},true
76012157-478c-49db-abda-427fab4bfe32,Neal Beard,0423da2f-9c64-4854-8bf6-c7fead85b310,true
46ad303f-3319-4c8a-851e-9f51dfce0e9c,Arthur Fortier,8b872e83-bb22-4dd4-87d6-ed835860c54c,true
40300821-fa16-4751-af6e-ca06eca8c9ac,William Hicks,5360b4e0-7b83-4ae7-8c13-7f68e89beb29,true
98f59073-a065-4fd2-b2cd-6e076bdeccd3,C. ERHART,{undefined value},true
35a8ffe0-6d11-4190-9ccc-4ce4c31e7b74,"A. C. Curry, Jailor",8fd25d2e-4e94-46d3-aec7-8a3f368d491e,true
aae46a2d-fed8-437c-bcbf-a577fc5522fa,ELi C. Bishop,4697d699-2a69-4d9b-a833-60196f2b0679,true
ecbafd99-016f-4f8b-978c-cbcf6edf9b46,T. N. ALEXANDER,36e372c4-581c-498d-a679-0c277fc6e66a,true
9579255f-8fea-4d5e-91f8-3553a5aae7db,John T. Wright,4a6740e8-94e7-4c7f-9447-8522d5c0de09,true
7529e936-b3f7-4716-9152-eb45828c57b9,"E. D. HALL, Sheriff",fe7b9fe4-7ae8-4090-84ea-b48e89e73904,true
f6d52131-0bc5-4558-be2f-2e4a982894db,Simon Marsh,6012a1e2-9bb6-4afc-ad37-4e064eb3dffc,true
7525b03a-ecd8-4e88-a49f-4d5b896cc5e1,Alfred Mitchel and Alias Boots,10c4f463-aaa4-47d1-b135-56a52ec0b089,true
460e38d5-d3df-4a82-8a0e-344640a7cafe,WM. B. March,7c2c0ecb-5dcd-4d1a-b990-7bc0462645a2,true
5effe3d6-91eb-4810-888f-11ed1e488502,Higham & Fife,a9ca126a-4b52-4351-af41-549000143dc3,true
13c3d06e-6684-487a-80f3-8ff2ee56ed93,Samuel Tyson,4ad6dc6a-f055-451a-8cbd-fde9e3d79360,true
b82d6fd4-c1ae-4ae6-a127-af55d75b7cd8,Sheriff Cerisay,12c05feb-c575-45e4-9a46-9335856eb8c2,true
5cc07c6f-6a7c-4f6c-8128-3ff3eb4ecdeb,John Hills,46f46a8c-675c-42e0-8e0c-27588d3494fb,true
cc4c8234-2a06-41e5-9b93-53299508dbb5,James P. Bates,f4eae264-ece4-4342-b371-a7e2f818afab,true
eb9bac6d-a2bb-4c9f-a501-7354be9805a9,Sheriff George de Palsan,0ce5c402-53dc-4439-976d-2ccfd20016a2,true
b7011b19-3331-433a-9d1d-859ed57027e2,N R Fowler,a94e7bd7-1d7c-4967-9324-30275b10a298,true
7feac713-4b5f-4c01-83c9-1cf8464f8656,Mr. Millaudon,146afb24-357f-441e-b5a9-f3fff1cf4cd3,true
7044695f-4d4b-4647-967e-ed7aa5fab681,WILLIAM A. JENKINS,5db49e95-d8e9-4c4a-ab75-89196e0be5ef,true
0dd83358-e24e-4bf0-ad76-2810eb503b13,Mary Thomason ,3bf3cdc1-6a5d-4bcb-aeac-c5cc8345be66,true
5e668a67-082d-4679-8471-f28569642367,R. J. Jones,e8d20005-caeb-4cff-8ec9-72a59dabf674,true
e8f52bd3-2944-4cfc-9dc2-51655c7e9689,"R. J. JONES, Sheriff",4fd1cce9-f2f9-4c90-87ab-d16dfb0721f4,true
1fde7664-a2f8-437f-837b-8b1a3b567eee,James Porterfield,c2e36fdc-7e7b-46ba-8180-47e76771ffe2,true
44f92c99-fda6-4592-be7f-010035c7510e,Sheriff Cerisay,05e62186-f959-4cbd-aa2b-fc5d5a334776,true
cdb7833b-02c0-4362-8f41-77597b48369a,George Bowers,41f0fb4b-21db-464f-b464-220680216de5,true
5d3a2863-9b4b-4745-b3c4-61d40058ed06,"J. M. BOYD, Jailor",e5cef947-27f8-43a4-986c-b1a05ba0cb5e,true
e5e71aaa-129a-424e-a325-d059e060e6cd,T.S.W. Mott,8521daa5-eb51-47e8-8b7d-bc2aa56b553a,true
e0f7c593-4208-473e-90d2-0dde38a03e95,R.J. Jones,5031f5a9-ddef-4e05-aabf-23ee00382df6,true
88051854-3dcc-4718-8c5b-61fea262da56,Simon Meilleur,0ae6351a-ebd6-4857-999a-bcbe1b213399,true
ad19c86e-3303-4ab8-b360-044ad2f11034,"E.D. Hall, Sheriff",b1858f60-167c-40f3-9e77-abfc5e22356a,true
11d4d481-4a66-41c9-98cc-4a7e52322f95,Jesse Meacham,a700a9e1-c244-4c43-8140-f3b25259d8a2,true
6ea58951-2138-46fb-a96c-39daddf1f676,G. & C. Partee,20642d9b-a670-4752-8b86-9a3619e33d3f,true
e9b0b1d6-4aac-41ab-89e5-ef289c60ad5d,A.F.NEAL,7f3c506f-5ffd-415b-9359-a096d5c1d9a3,true
6452addd-7d3f-4eb4-910b-a29455c6fd2a,John R. Daniell,af2ca089-4fbf-47b5-b835-ddd39cfa41aa,true
c5f5a258-3776-437c-8b94-83d1853fe8ce,Owen Fennel,abe3b6b6-c0db-4174-96a7-a4ac2b07ee56,true
9bd043fb-ec0f-42f9-acbf-17fa8adb684a,J. Simpson,4c7852e8-05a9-4ebd-9566-fdb28c70b294,true
74743a03-588f-4196-a163-40a274a09cb9,"John t. Lane, Executor",e6528486-ced9-4892-85be-996c0585f16a,true
a7f2c33b-e516-4364-935c-638daff062d7,W H. High,701ad828-39cb-40ef-98ad-f13ef1a2b88d,true
25cebc7f-ccb1-4ffb-996d-44a03f8ca13c,"E. D. HALL, Sheriff",d486cd3e-d1dc-4eaa-92bd-81c4f150a247,true
dc7671aa-a084-4566-9b09-cd906869edf9,"E. D. HALL, Sh'ff",fe7b9fe4-7ae8-4090-84ea-b48e89e73904,true
8cb19045-a6a1-4600-b5f2-779abd406005,Henry Durden,c5e51bf1-caa5-408b-8f49-176a7690e4e1,true
a7ae7625-d370-4e91-b97f-d82188e44d95,H. Delamothe,{undefined value},true
2d58e04a-9902-4d31-9fb7-7a21ce29474c,"R. B. McRae, Sheriff",39c728aa-622a-4553-86c1-e4b4a66ad9c6,true
c7042593-30a8-4777-babd-8ed60d66e873,Whitefoord Smith,05a63752-e272-48f6-9050-72590c5d7ac9,true
b1f6f01f-f300-4403-8927-41ae9aa8ceff,"Wesley Hanks, Jailer",2b760e05-cdfb-49b5-9cc4-e988afa24839,true
9fea8f52-8bc3-40b5-a5fb-b567802aeaf2,Sam,10c4f463-aaa4-47d1-b135-56a52ec0b089,true
af4a0031-a919-4f3a-b6a3-878763a74765,W. T. J. Vann,bd9afa3e-155c-4e40-89c0-c44fc0f8d707,true
0f4cd711-423f-47ae-bc62-e6d4ebc299b8,"MILLS HOWELL, Jailor",5517a2ae-db13-4de1-93ca-f79f5c64ba9f,true
381c3f03-f6ad-4c4f-8e5a-0ad1400a9e58,James  Gordon,b24d3028-a916-467b-9b7a-4e8ad576bac1,true
36d599a2-ce34-45f4-a82d-f7956553751e,Andrew Black,cc2e82f0-da66-4633-9ab0-f8880a78bf49,true
9fee2913-60bc-433b-90a8-9ababcd87669,"By order of the Superintendent, J. G. GREEN, Yard Master, W. & W. R. R. Co.",10adf5a0-d6cd-4ffc-a357-2346720ba025,true
fdf4343f-966f-4068-b283-4a34c4aa56e8,R.J. JONES,bd9afa3e-155c-4e40-89c0-c44fc0f8d707,true
b5c39c7b-d4c1-4f0d-857e-430c9bb11b97,SIMON MEILLEUR,78a89189-c411-44f2-8750-6a61c2778473,true
ddc9cb1c-74bc-401c-a707-3751780b03a0,R. T. Vennard,fc1bbe5f-a092-4596-b02b-27fa11aa2492,true
2f72ac7d-9ce4-4606-94fc-423d99e52ff3,James Coor,4bdbb284-f3ee-43ba-a0f1-107ec5286930,true
69a4a611-babe-4997-88c8-5a1fd43ee929,SIMON MEILLEUR,78a89189-c411-44f2-8750-6a61c2778473,true
a535a00e-a7da-4db2-bffd-268961aa82b2,Simon Meilleur,0ae6351a-ebd6-4857-999a-bcbe1b213399,true
22c39a32-cfc0-4c71-9b62-190d15756f92,P. L. Trepagnier,5c3a8405-ca6c-4f52-a79e-ae47f76636ac,true
10c63716-dd7a-48a4-96f2-065a910991ad,Shff Cerisay,10a3cb3a-70f6-48b0-b30b-4fee28ce2d8a,true
6d97facf-bd1e-432f-b069-885e8d727aa2,Sheriff Cerisay,05e62186-f959-4cbd-aa2b-fc5d5a334776,true
fb454018-2847-4945-8497-9c61ef298b19,Cerisay,216b4759-951e-40e8-8174-c60ed002546c,true
317d8da9-9493-4621-a3d5-87c576a44248,George de Papau,cb015268-eee3-466d-ad91-1b56e5d77147,true
33f57ea2-d2c2-46f5-9ef1-1da5d2685af8,G. J. McRee.,606c5a0d-627b-4a9c-b620-04f2827c6d05,true
d7f70335-08b1-4c13-8b1d-00fa073fbaaa,E. D. Hall,62da07dc-bc1d-40c4-a00a-dcdddbdda652,true
a6a177ec-f731-4cd8-ad52-d4a338c437f6,P.C Harrison,345cb03c-796e-4b28-85ae-1cbae6923307,true
e01393dd-eaa6-4775-9693-7d972d196e8d,J.A. Parker,bcc7bd92-f853-4af7-bcc1-348894afaf19,true
2fd4d684-7073-47b3-946e-44a36e8ad1b4,Owen Fennell,97a9eeb2-700b-4d1b-a6dc-52d922003a2e,true
d1947384-67c1-4f3f-b4f6-61535c166af1,"W. D. HUMPHRY, Sh'ff.",05caf38d-d584-4c59-8c46-741a9be364d8,true
070673ad-c185-4039-82da-6f5ddc8f98cc,A.C. Sumner,6f13ef43-8514-46e5-8447-c9305cbd2d8c,true
2b861596-8c10-4c3f-b21d-0942154b66ef,"CHARLES LATHAM, Sheriff",444a94e7-3f23-4c9e-8968-5b193306e703,true
c85f4ad7-d26c-4839-a203-d4d967ee5165,JB Ramouin,c4683a68-debf-4150-80b4-0c4fbe86d6d9,true
49ee6af5-7986-4359-84c2-e2f2ebfe138d,"O.COOR, Sheriff",15649e00-4367-4a5b-847d-a70202b6a68b,true
48260589-5250-47f1-ab4c-f324eab5151a,Samuel,f3883ac6-d1a5-4822-b2e1-be94f6cf6954,true
a949867b-1571-450a-9b25-e8ea182a8b13,The Lafeyette Gazette,{undefined value},true
76210140-fe15-4eaa-9e82-113bdb8ea856,Robert Howren,d8625612-c828-4410-96c3-fe90055cc103,true
3d2d93d1-e5f7-4528-b240-56708dfefecf,John Comas,d970ea59-b6d1-4f88-87b6-e4cc606d6ee2,true
3d54857d-2ae8-44ec-9754-963125674861,James Henderson,71abb399-ef83-4b35-9722-036f351c7cba,true
8d3eb455-1050-4198-9aa9-07873b26b20d,W. W. Bozeman,f6547bb6-c6aa-4975-a5e2-d46ebb204c76,true
9a9c40c9-1b40-4802-9212-fd55575ca70e,"W. T. J. VANN, Sheriff",d486cd3e-d1dc-4eaa-92bd-81c4f150a247,true
9da6fc7a-db65-4599-bb66-00d3b7dc55cb,George Evans ,{undefined value},true
025bb011-3301-422c-8231-f4bcc89b19cb,Jones & Turner,40ae11f1-e1ab-48b6-a996-31c66b26a2f3,true
0f3488af-e22f-4212-a3f8-589537196c81,George Reid,4bdbb284-f3ee-43ba-a0f1-107ec5286930,true
a2fbb424-8935-47fd-b85e-773c6b7111da,"S. MEILLEUR, Jailor.",b2f1a3c4-2758-4262-bf0f-3944df882f90,true
6107816b-8630-409f-9e52-466400454aad,"E. D. HAMPTON, Sheriff.",98275459-4dbc-4aa4-8a95-c932415b2f70,true
fd0fbaa2-b37a-4912-928c-dc65e82d5d11,"JH. O. Deverin, Sheriff",3199f461-524c-4228-87a9-079af145275e,true
30119cc5-8bd6-4ca4-a4ff-0274e879d1bb,"S. H. SEDBERRY, Jailor",9c83f927-effc-4d41-a02a-1403e375b1c6,true
080a1049-d959-4fe2-bd51-210327c705fd,GEO. W. UNDERWOOD,b24dda16-c61f-486b-9ebc-da70523f18ab,true
033d9f1f-8b8c-48cc-a5cc-f0d54f961475,David Shuler,9b5fcb11-5145-4d48-a865-6cb35e0c4617,true
995336e1-4506-456a-b7a0-d0d7478c3926,Robert Micklejohn,008dd19e-7344-4df1-b2fa-8c6906432110,true
475452fd-b880-4ddc-a678-4cef0a3c5aac,R. Micklejohn,008dd19e-7344-4df1-b2fa-8c6906432110,true
d24a03d0-3ef8-4d24-bc13-3c41e238d7e2,Hamblin Bass,c8b761a3-559f-4bd7-aba6-902221c30ead,true
47e6e70a-bc19-4e3c-b0a3-b9aa474141cf,"SAM'L [Samuel] BISHOP, Jailor",30d0c74b-e85a-4205-9d0c-10ff66ca5f26,true
2ef2ae36-f293-4756-b01d-705f767b46de,Simon Meilleur,b4d78bdb-dbc9-4332-a76d-46dd16e2b232,true
0f8733c5-263d-408c-aaa7-f515d503b25d,"B.F. Wilks (Not sure if advertiser was an enslaver posting on behalf of an enslaved person's relative, or an actual relative.)",239a8c7f-542b-447e-b0d3-1e3c9a7e4515,true
dd331016-6d06-4325-bcf2-f778f84232b9,"JAMES TALBERT, Jailor",6b4c35b4-d253-42c8-a17e-33cc927ff1fe,true
d0df4950-a246-407c-a856-e63b005ce928,Samuel Utesey,11316fd9-4594-4cdf-b8ba-7f3faabc0235,true
6373350b-f62a-4791-a2e4-e19aa1815541,Thomas Kelly,0c307e97-207e-4e24-a738-f59bd1917ed3,true
4b4e0fdf-244b-44f6-9ab7-756eac561588,Moses Waring,{undefined value},true
89b5f320-9a48-4a0f-8fcf-d91abe7eb944,William Patton,11316fd9-4594-4cdf-b8ba-7f3faabc0235,true
3c196bdb-57a0-4614-9342-19cf4473e458,S. Meilleur,b4d78bdb-dbc9-4332-a76d-46dd16e2b232,true
9115edb5-c990-48f3-92d4-db0083a286bf,J. SIMPSON,00fe1bbb-ddfe-4319-ba96-38e4b55d1ad2,true
84d6f3d7-1355-4b25-a1ec-318e7d844851,P. L. Trepannier,5cb5e099-1704-49be-ac38-d635f6fca06d,true
8ae23140-26ec-44c9-9263-14a3b12f763b,L. L. Trepagnier,0e5820b8-2ce4-4337-a476-a309a5f2c520,true
8f57d044-8d0e-4907-a254-67c2fa153827,"James Savage, Jr.",80813b0e-ddd2-4291-99f9-8e0638b2aaf4,true
47c028e6-397c-4dc4-8467-a8853300ad1b,John Fraser & Co,0afd2704-9c29-4f31-9ffe-3627c61e7958,true
cfbdf416-8b19-4aae-b4a7-4915f376884b,"A SIMONS, Factor",dda1095c-94d8-4c9d-bc25-cb23176639f7,true
b5129355-d632-4c85-895a-3987b2afbe7b,"R. M. WHITE, Sheriff of Mecklenburg county",aff3747f-a7ee-4f8b-9895-20b7c25a828f,true
af4252f1-d4e0-4470-aa29-87c37bb9d217,C.A. Ogden,f12255d3-fdcf-4895-96df-09ca0a2d466a,true
4829c1f1-78fa-40ce-8fa4-1920b480376a,James White,c8a4f163-a22d-4969-b6fa-31a76fe461e4,true
fda29f98-b648-4c57-a748-b244e7751fcd,"HUGH SUMMERVILLE, Adm'r. [Administrator] estate of late Mrs. Cunningham.",239a8c7f-542b-447e-b0d3-1e3c9a7e4515,true
5db2c44f-5df4-4bb4-b934-7f97cdc56e52,"S. HERRIMAN, Agent",70e4e1c5-6d4a-4d07-9a9f-b544cf0dc279,true
ceab0b48-fef4-4ac7-b3d3-444b23bfac5f,John Duncan ,{undefined value},true
1faae33a-bb6e-43f3-bc74-93b7001d208a,A.A. McKEITHAN,c010e94c-6e66-4c91-8fd0-123393f09a6e,true
fecaec13-58b9-483a-9b2d-a4e0ff05c7b0,"P L TREPANNIER, Jailor",78502358-8ab3-4444-a6b0-cd5172be4f16,true
7a0da523-98fd-47e2-bdc3-f8b4c7c5c91c,B.M.Homes,c83690f3-0fa1-44bb-a2ad-d0788e32ed49,true
45b0af8c-b67a-49e8-a56d-5e3705fc923b,James Talbert,{undefined value},true
15fd7fee-5e38-43fa-a64d-d276bde723a8,Henry Durden,a2afabbf-40f5-402e-bc9f-b741ce031aa5,true
fbd01ad0-c62f-4647-b5ff-de957870ccfd,FELIX WALKER & CO.,fe42ff6a-98c8-47f2-bc61-abc7a82edf29,true
dc3635a3-638d-46fe-9022-d2332784f1c0,EDW. H. POMROY & CO.,7f380284-6aa9-4efd-b77d-48218422aef2,true
cfbae986-bd9c-4138-852e-49d4290fda04,Willie Pope,b002a83d-71e9-4330-b2f2-46c7b370327d,true
99493411-3a41-4b25-a7ae-5f3c112e314a,CAMPBELL & STRONG,e7822bd3-847a-4f51-9abb-52a11fa861af,true
eefdaeeb-212b-4cd1-9e04-77cae2a2c6b7,James Talbert,3bb44ee3-0533-4417-a041-105a9f31e109,true
a456b8e5-9f80-4140-9f65-90915ccc9f12,G. Huggins,0af51cca-1c11-4dc2-9b10-9d1a87eb9383,true
c13dc311-8eb6-4add-97da-fbc2724f95a8,"David Schuler, S. O. D.",2e583649-a7c0-40c1-8c9b-206729f2eecc,true
21fe4311-9b72-4b0d-9f60-793e17bf752a,NATHANIEL WALLER,792550d7-eece-4e35-8471-542d4511699f,true
740afdec-8731-4287-89e2-029e42c90d76,John Simpson,cc2e82f0-da66-4633-9ab0-f8880a78bf49,true
4d4155a4-b0bf-4df2-bcf2-d20ebc5ac22a,J. P. Bates,f4eae264-ece4-4342-b371-a7e2f818afab,true
fa7e4e19-d516-4ad1-ae09-2759cc49e2a6,Cefisay,1c705bbd-3962-4dc0-8dcd-d7583dda2751,true
0e62159e-63a6-4075-83ff-f8e3198c4152,"A. Seixas, master",34e64935-22f9-41ec-a475-6779316339c2,true
6442214c-2816-4c45-aec8-0efb2c126101,John Lanier,71abb399-ef83-4b35-9722-036f351c7cba,true
41346c86-1160-43bb-ac5b-59a72fc8011e,H. S. HARPER,0179914a-dfeb-404d-8b4d-9f917cf56102,true
95d73791-89a1-4729-9e36-a574bad381e3,ROMAN & KERMON,9abd1bdf-ba7e-48d0-8869-9ea6afdec2cf,true
33dfefc7-7aca-47ee-89fe-fbd0d41497f6,"Carroll Pritchard & Co., or Payne & Harrison",03d13afd-8c73-4275-8010-083d95c25ca0,true
0b4e19be-d332-484c-9b41-ae8bf70db8c6,"MARK S. SAWYER, R.C. JENKINS, Ex'ors ofGeo. Reed. dec'd.",{undefined value},true
4160706e-c3ab-4f51-b633-8b268fec90e6,GREEN GRAY,e5d2cf89-3791-49ff-b17a-6b17c8b7bd4e,true
10c30a37-38a6-48b7-8073-7231ded94a40,Cerisay,d8b84e99-9f9c-4e50-a78b-9dca3b5016ed,true
83c1cd2c-a162-49e5-b6b5-56874259c8f7,J Bates Jr.,0e5ceaeb-d96a-4fbd-802e-8dbaf22623ac,true
215ee84e-08fa-45a1-8f64-c5467658aebe,"OWEN FENNELL, Sheriff of New Hanover County",41effda1-4a2e-4d2c-a60b-377fc2012f21,true
c35f80e4-d876-4d66-9d48-0cddd4078d91,J. GLOVER,e3a44150-45e5-42b8-9cab-2d570f6a055f,true
b3ccc6c0-7242-4075-8937-9eeefdad0897,Simon Meilleur,b4d78bdb-dbc9-4332-a76d-46dd16e2b232,true
bc28f73d-16ee-4e10-b320-76ee8251d4ad,Isaac N. Johnson,7724bcb0-0f73-4407-a547-02013849d66b,true
6e5e84c5-7c15-43d4-a453-cf2377161a1c,"JOHN C. WILEY, Jailor",679b423c-901b-445f-bc45-9985a7852e60,true
9c23b072-751a-453b-9b63-725ab6498347,James McNatt,{undefined value},true
b6873e36-e02e-42e2-aa0c-a3edad6f5cb3,J. SIMPSON,cc2e82f0-da66-4633-9ab0-f8880a78bf49,true
1b1dfa11-3ad9-4df4-977b-eec7e859bdce,Simeon Williams,8760273f-d5c1-4d78-97c1-ee6829e24589,true
598812b5-e35a-467a-9cb2-bb9e22d81a88,GEORGE de PASSAU,5a4c8991-d885-433b-837d-af6159144abf,true
c2176ae7-2522-4158-b407-f84ddb45a480,Morgan McAfee,ca37123c-ecd6-42a9-b414-59aa7ec8b8f3,true
3791fe51-3d4e-44de-8343-f7a9bb295023,John Simpson,982ce236-68f8-41d1-825d-db53c21f25a0,true
d37ee899-787d-41e5-92b4-dffde967bfd1,J. Simpson,eed92f27-a5f0-4601-acc5-b82f1794a0bf,true
19885981-3ccc-4f8c-ae0b-86bba2d4a18c,P L Trepagnier ,7ef577bb-81d7-48bf-93d9-76dcff72c04f,true
111cc63b-eff3-4258-8c3e-b72781f8a40c,W.A. BENNETT,20679387-dab2-4acb-813d-efd330aa5def,true
fb025cb0-9f6d-4d34-b90e-c03105720d5e,A. F. Knipschild,e8f7b152-2981-4d0a-ba58-caa80ea7fb4e,true
91bead43-36c9-4e43-84fd-bb393ecf3c59,J. Tobias,29754111-6f27-4945-a832-1e77df8dd2e9,true
c6925b1a-d4bf-4274-a0a1-6dd4da152bc4,S MEILLEUR,e7822bd3-847a-4f51-9abb-52a11fa861af,true
5bdb32ad-d6d9-4c15-8ede-c8429339fe4a,S. Meilleur,{undefined value},true
4027d0d8-53c1-4d27-a722-c2cf9cd10e5e,W. M. Cook.,032be9f4-def5-4aa8-81db-c19d2b8bab82,true
acaea7ca-693c-4d5a-9cec-ab1387913eb9,LFA. FOUCH,507df2bc-4a3e-4c0c-b62c-624b4295d6f1,true
025ca237-c9eb-4474-ba5b-1db2ede6d403,Andrew Black,122c9ab7-0dfc-492b-b7e6-9e1859eb69a3,true
6a0009f8-26b4-4c5d-9eec-5b162e919fae,A. Rogers,f278215f-5961-4c0b-bdc9-39cafa6e159f,true
57d7ce50-594b-4a9a-922b-338a465baa4a,Simon Meilleur,8320e76c-e453-4b27-8b53-e1a0fdcf28cb,true
916df622-b176-40bc-803d-5974761b3731,P. L. Trepagnier,7dedbddc-09db-4cb9-8b4d-64a5f8ec41d0,true
6a17d0f0-074a-495d-81c8-291ba97f42ea,Simon Meilleur,b4d78bdb-dbc9-4332-a76d-46dd16e2b232,true
9c409669-0fb1-4a47-8035-6fae1151947a,"W. S. BALLENGER, Sh'ff. ",00b4060c-fa90-40e8-bf33-ba595692fab3,true
a8057674-3463-4758-91d3-d049e0c6a63b,C. Scott,58150469-1a3e-4454-8468-904e69416387,true
8dc1898d-d9c2-490a-8f85-15468e84234d,J. SIMPSON,402cea69-892f-4839-b0cc-fc571ca5df0f,true
83a96097-dea3-431e-8c80-7d0eb967003a,Martin Nall,01432cc4-2b4b-47e7-a148-ed12a862120e,true
674ef645-26f9-4bab-9183-bfcfc2528b5a,L. JONES,8dedfc40-e554-40e4-918b-d3ce43c47a58,true
4e5c25c4-24ee-4e18-9cdc-a79c068433f0,"J. BATES, Jr. Shff.",87f882bf-7743-49e6-82ac-c50db380e3b1,true
8af2ea05-24de-4f49-af80-92ca95c0571d,Nina Afriyie,88848587-1b55-42f5-a87a-15808d9bef70,true
4a842f0a-ad42-448d-8e2a-58120deeb726,WILLIAM P. BIDDLE,{undefined value},true
6d6239d7-5a7f-4f25-842b-d0aca88e40ff,"Denton Jacques, and Co.",41f7b5e3-402e-4741-97b0-111212bcaec4,true
1dbc4401-05b3-426e-962c-ffa0b5da8470,"P L TREPANNIER, jailor",19eaf233-79a4-4a8d-9fc0-ffd98fda24df,true
6c479d8f-6ff3-44ac-b908-4f54e1cc25e4,William A. David,8760273f-d5c1-4d78-97c1-ee6829e24589,true
4da6456a-ae79-4320-afcc-5b753fd9f845,FRANCIS NEILSON,0dfcfbeb-8767-48a1-94d1-3711a1ec6161,true
5ab4a9cd-4749-47af-b8f8-0d81d666cfc9,"Thomas White, Executor of Benjamin Whilte (deceased enslaver who  emancipated Jenny and her four children in his last Will and Testament)",{undefined value},true
3219cbe8-5992-4240-8fda-567cf88c5271,J. SIMPSON,63c82a67-6162-4500-80f5-ea96a9f98ad5,true
98e0a2af-7a82-4535-90e4-a2a0f4b1c15c,"ALFRED KELLY, Agent for Hopkins & Moody",5226a431-ac3f-451a-a577-33f4f6d7968a,true
bb398f60-b46b-47a9-af31-73bbc84541c7,John Minturn,9dac8e8f-c8a9-4160-99a2-6a2060f79420,true
1dcaf110-ea1f-4d62-beab-ad9eac662419,James Coffield,07a9db33-d17e-451a-bbf5-34763ce18a1c,true
c8ef107f-6a6d-4ec3-8619-1400fd347728,WM. D. Hollowell,{undefined value},true
11435fe7-cf72-4dcf-a7f9-82889c06ea9b,"Moses Ryan, Esq",de4c15c4-fb08-41d4-9c86-edfdee88ac4c,true
7226e4e2-9621-465c-817e-6d81ec8ef934,Robert,{undefined value},true
5e493975-e93a-421e-9a04-62e29c026fe3,Mme. Jourdse,74498c73-df31-43a2-a4b3-41d5858c8c19,true
6b487438-e5bd-474d-b2f1-3c61acfa1a58,Clement Brown,ac377ca7-8bc0-4a2e-a6d2-0b0e4f435720,true
339b4326-7518-42a8-acef-34865cc10dc3,E. II. Kendal,69e2eee3-80fd-44a1-9935-62b266c649ae,true
f6a9934f-f362-477f-8952-9b5c88e3d5f0,WM. A. CRIBB,88848587-1b55-42f5-a87a-15808d9bef70,true
91338c91-1b6a-4f81-b6ba-fe658a196e78,J Simpson,fba3ec0d-cb55-4c44-a110-a489a6ac7c8c,true
8bf3d1af-aa03-4e1a-b0dc-0ed10872c716,H.S. Harper,ff9ee89c-da05-45b1-a0c2-05407c3dace2,true
1e0033c5-f7d4-480b-9c99-502877ccf18a,J. Simpson,e70050bb-277a-4d65-a7d5-bf810febabaf,true
3d10acab-4027-4daf-8636-f620178d149a,Lemon W. Tart.,5b6c4d25-70a1-49ed-b78c-6f27c515f24e,true
ae7befa0-c0a9-4124-8c4d-9b5068992631,W. T. J. VANN,ca6bf1b3-c0a0-45d4-a2ab-20c931f6c087,true
5435171e-3d01-4ca7-9bbe-896b982b26ab,John B. Hussey,9fe402db-ebb8-42f9-9c0f-7aeaf169fdd8,true
b874afac-3280-48dd-b83f-2abde40e8c00,Henry Durden ,39a45f33-afb3-4a23-b374-7d50c155eb20,true
7939e095-6728-44ef-9d18-e3fa25a00fcb,Cerisay,4a04ad93-bdbf-465e-bff9-01d23c3ac11e,true
4add4b87-2930-4cd3-97be-056a8bbde659,"JAMES TALBERT, geolier",8fa9e2b3-a7e1-4578-9bd2-19799b84d083,true
df9a83ad-27b0-4fe4-9eb9-87da73f8e86b,William H. Biddle,21f26473-724d-47e9-9d07-b7ed2cbbbb26,true
d5c5ee4d-d810-4daa-b741-b4de8c21d4af,"J. SIMPSON, geolier.",982ce236-68f8-41d1-825d-db53c21f25a0,true
b940849f-0b3d-4f42-921c-8383211bc2cd,J A Beard and Co,728102ef-1081-48b2-83d0-836be153245b,true
58b5625a-e434-4e51-bcbb-34c0cdc329ac,Daniel Moober,2c9c8afa-f25a-44fe-abbd-74686313f69b,true
f0f7d6d9-defb-4d6c-a8c5-915fc90403a0,J. Simpson,122c9ab7-0dfc-492b-b7e6-9e1859eb69a3,true
936cb432-e555-4dd5-bb48-07cd04c65232,J. Simpson,402cea69-892f-4839-b0cc-fc571ca5df0f,true
e7a89655-e14b-41e0-a1bb-bbe47dbd6d26,Cerisay,74498c73-df31-43a2-a4b3-41d5858c8c19,true
c2e1f08e-4613-47dc-b526-eba72217d800,Solomon B. Murphey,f689b964-da7d-4473-ae58-438533b62972,true
a4ebbd93-e12a-451d-891f-bb166abf3fea,Isaac Henderlite,af8b4014-4d70-466b-aebc-91b84794a54e,true
7499eeac-52aa-4b25-a39a-1f61bff71220,David Shuler,9b5fcb11-5145-4d48-a865-6cb35e0c4617,true
fde4bcdc-3fd7-4954-ae3d-ab2c7d0395e0,Jacob Henderson,bee94a4e-2e67-4d14-b152-2b67ea8fe262,true
44b78a1d-ac97-469a-8fa5-86125db633b4,WM.J.HAMLETT,307e69bc-c5b7-4957-9ddd-cca50cec0ccf,true
45b5bc40-6c16-46a3-999b-fed8b3dbd9c9,P L Trepannier,19eaf233-79a4-4a8d-9fc0-ffd98fda24df,true
c13b9952-6328-4670-8893-5f1a8ce0acce,John R. Daniell,e28cb0ff-4dcc-4c7e-bae9-09a9f75fd5db,true
ede46666-38ad-47fa-9781-417469d4f5ba,WM. Woods,1abe6ede-24b8-478f-ab80-24a85cb2f321,true
9b119fef-54e5-42b1-b9ba-f9e8b443de0a,JOHN L. HAYES,{undefined value},true
d5916080-8356-4331-9ca3-924283b25ce5,H.S. Harper,0179914a-dfeb-404d-8b4d-9f917cf56102,true
191e92bc-2627-4e6a-81cc-ac65a928e425,Simon Meilleurer,e6102fb3-1dce-4c7e-9725-a7fd001ab95f,true
fc6614a5-6147-489e-854e-90188e2ceb34,JH. O. Devezin,19eaf233-79a4-4a8d-9fc0-ffd98fda24df,true
b120ebf2-1cc9-4459-bf2a-d359725e6d4c,James B. Buchanan,3ab59f04-e9a6-47fc-851b-e425989d900b,true
f53562b2-97cf-486b-91a7-a1cf88710105,M. G. Swain,35840b97-3a1f-465c-bee4-f21da06aab32,true
499ce55d-5f26-4951-a278-4fa8ec290b2c,John G. Williamson,24e2071a-a68c-4a5d-b33c-f15fe908098a,true
49dcf6bb-3469-454c-bc73-367d3c0ef966,S. Meilleur,79ccc738-50c7-49ed-933e-f3a4f1dca5fe,true
37c797cc-34f0-4a3a-9222-55ccfa334271,M Courtney,6f861884-0c3f-4f3a-897b-6f695a4d2afd,true
b0a5019c-3c08-4123-947d-0ada18a9a531,John B. Dawson,34603285-ac22-4eb2-8082-84d4a154d7a8,true
51b68c98-c442-4ea1-999d-5d18c79881ca,M. M. & T. B. Brooks,032be9f4-def5-4aa8-81db-c19d2b8bab82,true
83267d27-ce3f-4d68-935c-58bb284f81a6,H. S. HARPER,8b5e2576-f541-4a0d-a5a5-55e93c00a62a,true
eb8eecdb-c38c-4eac-bfab-cc63167b8434,"JAMES A. ROGERS, Jailor",5b3e3ec6-884f-421e-a766-52ff28b4ad2e,true
858abf1d-db72-4dd4-899e-598d415ce781,"F. D. HALL, Shff.",d62146b8-80d9-4fe1-9426-b77afd7e7b99,true
c67008b2-a1ad-4efe-932e-a6fc44c929ff,Jos. B. Skinner,f84c70fa-e1bc-4538-ba70-70f414ff17b6,true
f1cb2a13-495a-49a6-9442-01339e1d6ab2,"STEPHEN JOHNSON, Captain of the Tiber",047c4115-b295-4dd8-ace9-19e28747f62b,true
4de028b5-4bc1-44c5-9ec3-b550d2e18928,"WASHINGTON COLEMAN, Jailor",ee17064a-fcdd-4b5f-b166-4a719c32123c,true
14722360-a929-4321-a491-7a23281bfd7a,CERISAY sheriff,13d78980-46c0-47c7-9ee2-126c06cfae21,true
58a1cb5a-126c-4912-aad1-b327fa3ae033,Office of the Mercury,2b86bacc-a2eb-4abb-a0ff-1303dd37d377,true
98f18793-fec0-46d8-b9ee-e866c1bab12d,John Simpson,00fe1bbb-ddfe-4319-ba96-38e4b55d1ad2,true
c930275d-cede-40b2-ac61-a58990626201,E. Beauregard,ecc2b3c2-78a5-4afa-8138-e2fbb38e2f8c,true
1d5f32d8-c238-44d5-802a-660127fb54d1,"M COURTNEY, Sheriff",b09e93ed-333c-4331-a123-8a759e19f683,true
01abe550-3366-435b-a007-6d5439afa483,John Fryer,4f77a5df-0cc9-483c-943e-d835f1b122b6,true
37e0bb7f-2998-4b52-9de0-5691c74b8bb5,"A SE1XAS, Master",82842d7c-3bea-44b0-b2c8-fbfbb0e619b3,true
5e21ebbd-3d30-4007-8ada-57abfdf1c5a5,William C. Lyman,38773e61-6822-49ac-b9d6-88224d77c2a9,true
eec37aa2-c99c-43e9-9e4b-9213a37e0d5f,"P. L. TREPANNIER, jailor",19eaf233-79a4-4a8d-9fc0-ffd98fda24df,true
ab55988d-13a9-499f-9533-ca01baf37320,J Simpson,46a422e7-a88b-4407-b25d-1f431a8d8553,true
45bc32e0-5782-4bc4-8f4d-7e3eb1759c1a,Leo. Abercrombie,9248b89d-285f-4d33-bc98-d18dd90aec84,true
3cdbd309-790a-44c9-979a-2804555cb361,P. C. HARRISON Jeolier,fedf0a9d-1d99-4afd-bffe-ed208745fc35,true
387cf563-3e67-4de2-9d15-a2ec0ad64ca5,JOHN FRASER & CO,{undefined value},true
0c954881-3560-4f5a-b5d0-bba5d33abe53,AUGUSTIN & THIBAULT,13be5007-04a5-41c6-8936-9130061fff3d,true
4c6900b0-f681-4511-a709-09e9c92191c3,H. T. Vennard,11ba5c89-961f-4935-9362-eb3dbef8a2bc,true
e64222f4-5852-4e66-acb0-9691d153e2ab,Martin Nall,01432cc4-2b4b-47e7-a148-ed12a862120e,true
0a4a0ce8-746b-4d9b-9aa3-242232283fd5,"C. C. HAZARD, & Co",{undefined value},true
ba49d8a9-830f-469b-a69c-260ddbae6333,P. Foucher,e7822bd3-847a-4f51-9abb-52a11fa861af,true
95108c6a-aee0-495d-b479-a7cfc551eaa9,H. S. Harper,780ed8fe-b8e6-4a18-896f-2bbecbbe3fe4,true
ac81ae05-dbe6-424f-8ebf-ce28a6c9e733,J Simpson,402cea69-892f-4839-b0cc-fc571ca5df0f,true
36947a8c-d2a7-4035-add0-bb7f94c0a4ef,J BATES Jr.,{undefined value},true
7b972e77-0cf3-411e-839a-8bf4b6410c7c,Obadiah Sprague,0160dbb8-295e-4db4-802e-a814bfc909ab,true
3b31561b-142e-4f3d-98b0-d15f5c2b200a,"Y. H. Allen, Sheriff",42cb64ef-5cfd-42f4-9dce-73879322b0fd,true
a701a16d-6e5b-4adf-9beb-be6241bb0fab,S. Meilleur,e6102fb3-1dce-4c7e-9725-a7fd001ab95f,true
1638c8b8-d92f-4c1e-94c0-0e3b157f98b8,Daniel Carroll Brent,4a4c6775-6b6c-4cad-bc34-d5e4fd5839a9,true
247a502d-6318-4321-842e-ea328cb8fda9,"JAMES NOE, Agent,",75406d36-4e24-4f1a-922f-e84b6a9a6257,true
0b2511cd-bccb-4db4-89e2-1968176c743a,J B Ramouin,76042740-fe9b-4ea8-8b53-d711ff2b9b5c,true
e4f67f39-13e3-454c-94fa-dc1d4780b6d9,James Talbert,0e5d4a14-0d4d-4405-ac2b-8b13f2a5fdd3,true
9940bd33-bbf3-4217-ad28-33c03369f7c0,P. Foucher ,38acd83d-c75e-4c0e-b950-3b469417b2bd,true
5817c46d-e0bb-4a8d-8d34-b606b3b68dc6,H. Bassman,a9b62ab8-8da3-400b-a416-b3eb433937c9,true
1bb58c51-541b-4ad5-ab68-310822fde2a0,Cerisay,fd6a32d2-eb01-459c-b361-aaf13e6d94f5,true
d7d4bfe7-b3ab-4241-9780-ca8f53287656,J Simpson,122c9ab7-0dfc-492b-b7e6-9e1859eb69a3,true
d8549238-87c3-4710-b348-96444a4f2b67,Delassise,e7822bd3-847a-4f51-9abb-52a11fa861af,true
47ba2146-5269-4526-aa06-fd014497b0f8,Henry Eastmond,7170e50c-8101-49e9-b8e6-db4ed63123d0,true
c5a97580-25ae-49eb-91a4-7c6c573c3bd9,Simon Meilleur,ccf1fc4a-7184-4609-9c07-d67e5c7793d7,true
7238ccaa-27c3-423a-8152-a613e8599532,EDW. H. POMROY & Co.,7f380284-6aa9-4efd-b77d-48218422aef2,true
c9705375-60cb-4937-b50c-b9590544bb6e,"IRWIN, HALL & WALTON",64e1a126-1033-44ee-adb0-3021e578a6d6,true
6749478b-362d-4c4a-95d6-12f52e89bd50,Capt. G. Myers. ,c467d0e2-f4ba-4a9e-9b4c-253e4fa1ae62,true
141508c1-bfb4-4308-b493-05a5aca74d42,"James P. Bates, Sheriff",d12bcb8a-1c83-4c0b-93ef-b369a7c1b068,true
3975c5d7-eaaa-4023-8b5e-190677342adb,"J. P. Bates, Sh'ff ",d12bcb8a-1c83-4c0b-93ef-b369a7c1b068,true
46e895f1-aa3c-4b08-8862-476af03a79f4,EDWARD COCHRAN,15210ca1-d143-4fc9-b1ee-1d5dc9b47238,true
b3351039-584b-484c-ba1c-d1a7b986a00b,"J. P. Bates, sh'ff M. C.",d12bcb8a-1c83-4c0b-93ef-b369a7c1b068,true
88253e62-e089-4b00-9654-6cd6aefd6f59,S. Bennett,{undefined value},true
1ac2ad78-da44-4bef-beb7-84a0051fb368,"J Bates, Jr.",{undefined value},true
e5f882bf-27c7-47be-825d-ae1e1bca5059,Thos. R. Smith,{undefined value},true
565ee407-d981-4284-b1fb-2b9981475bf2,John R. Danieli,a6693d9d-612b-4399-985f-32d00e0710fd,true
30c26a70-7d74-45fb-9aba-494c21e07226,John Simpson,4c7852e8-05a9-4ebd-9566-fdb28c70b294,true
a482448e-771f-47b4-aef6-b679f507e6aa,J. McGovern,6e467030-1dc0-43e5-b595-725864d42c4b,true
ca84d415-0633-445b-804c-63f36a22b9a7,Robert Brown,{undefined value},true
c0b43e8a-0c69-48ca-9526-fec7fefad3b5,ROBERT THOMAS,6287bca7-8eff-460c-ad64-4b9b97875d36,true
32030686-f61d-4f7c-9cce-cfec65f4072c,"GEO. DE PASSAU, Sherif.",670b28ab-87ce-4707-bd76-ce2402dfdef8,true
baba2535-fbfc-4e2b-9e54-6fa2ee79f530,E. Beauregard,23a65bf7-019c-4332-a1c0-d3588f1283ea,true
c7eafe1b-0664-4d8a-92a1-dea86161cba3,"Cerisay, Shff",8cee1486-0414-4185-96c2-bccb39677602,true
0d70abd3-9e29-4759-84f5-c4883b183c37,J. W. WOOD,e6507cef-8af1-4342-8bc5-959d2ad063c6,true
c491189b-e39d-44e8-a0af-c8bd3b016f5a,"J. BATES, Jr.",325200c7-edcd-4488-b66b-9a5907ac1c95,true
89af49a1-eee0-479b-a073-ead4078b8be5,"HENRY DURDEN, Sheriff",7270dfcb-55ff-4f84-bd21-fb4e103953b0,true
63559368-ebb9-46da-8ce0-9541d321d01c,J. Simpson,d739ef0b-b6a7-4dd9-812d-2b03ac5ca6bc,true
45c34d93-e713-4de5-96de-86a99e6a4044,Simon Meilleur,23a65bf7-019c-4332-a1c0-d3588f1283ea,true
591f7325-9dbc-4272-87f1-3ad6ef53ea8a,Edw. II. Pomroy & Co,e2896cb0-14e0-4db8-9c7e-4eb0edd8d655,true
08749a60-bf6c-4ce8-b9c2-343d5553c3dd,James A. Houston,{undefined value},true
4ba621d7-f0b6-4dd3-ae5a-062babc70bb9,Clement Brown,ac377ca7-8bc0-4a2e-a6d2-0b0e4f435720,true
10ba5897-7909-4e0b-a1c9-b007b476a12e,TILMON NIBLET,23709a1e-a463-412f-aa7a-f01398426ad1,true
12f1c244-e445-40ea-b8b4-65435b39a10d,"R. MICKLEJOHN, sheriff",a8566411-e3bf-4519-a74a-745cab2ee11a,true
24929316-1bba-47a9-94a8-501cfbb5cf8c,NALLE & COX,e74d0022-9bf9-43aa-9138-21e53fad6df3,true
8ce279a8-406f-4163-8bb9-14671b50c79c,Orsin Jacob,{undefined value},true
656ef5dd-c578-45a4-8653-55d2323f4640,J BATES Jr.,325200c7-edcd-4488-b66b-9a5907ac1c95,true
9e17d407-751e-4ba2-9f72-5256d972e06d,"James Savage, Junr. Jailor",b91d9423-02d3-4966-95c6-f3b816f62645,true
4fa0b464-3d9c-4598-a992-e2bc9ab4d452,Payne and Harrison,026f5472-34b7-4c69-aff8-9ae5cd62e07a,true
23b6ab2e-dcdf-4052-a40c-a0fa8c0c2a15,"E. D. Hall, Sheriff",184c42b1-621d-4d65-ac0a-459bbb916dc2,true
b47dab6f-9d97-498f-b8d0-ff0c74635035,OERISAY,cdf668a2-a15a-4ae5-a707-8f45db1c691d,true
b48d4422-f874-48f4-8aaa-5009268f8c7a,"JAMES EDWARDS, Sh'ff",d2d21cf6-f1e4-4bd0-aedb-3ba44b04aa5a,true
83abc0cc-2cb8-498f-a486-64cb06f5e31c,JOHN SIMPSON,00fe1bbb-ddfe-4319-ba96-38e4b55d1ad2,true
bee55851-2dd5-47f1-82dd-3878338d9028,The Borough of Freeport,{undefined value},true
b379d0f6-6420-4dc2-9e22-8df36f4bac16,P C Harrison,345cb03c-796e-4b28-85ae-1cbae6923307,true
1661bc81-4e90-44e8-bdf6-e438d3a084fe,S MEILLEUR,8939e824-4367-40ab-aab7-80f5a66267f6,true
ca2887d0-0896-4421-8f1a-4cdaf9205b8f,George Creager,11038f12-0044-4efc-953f-4edf338db354,true
7239f65a-6a6b-419c-b3e9-a93cd16029c9,Thos. P. Frith. ,4d7da19b-0bd7-4b9a-b644-f997cb76ef53,true
bd2d3afb-797a-41da-890e-621d294e8247,John Freyer,ad6b7028-8e50-4a0c-86d9-dde1f66d9649,true
6382d103-1984-4133-9c6e-a31d11c9e210,"Cerisay, Sheriff",0ea0deb0-59da-4232-968f-3c534484e99b,true
359c0446-e265-429a-bb0b-69443743f196,David Shuler,2e583649-a7c0-40c1-8c9b-206729f2eecc,true
feffdd3c-1bee-4410-a2a6-bc1cd94e8eaf,Simpson,122c9ab7-0dfc-492b-b7e6-9e1859eb69a3,true
d5d3a3cd-0e55-4c10-bfc8-cbae218a0f00,Robert Micklejohn,0db05456-f952-46f1-bad0-6de4d4757052,true
4aabed78-4dc6-40c6-9abb-5c6a1b268afc,S Meilleur,d624fc25-a1f5-4b4b-9ac5-cd65f836b101,true
2db9ccad-9985-45b4-b0bf-496bb65163a7,"P L TREPANNIER, jailor",4833b423-60ab-4ec5-ba0d-8d6b7051ed76,true
f8ab2ae6-f249-49e5-940d-74dd60f9839c,J BATES Jr.,bdb790ed-056e-4000-9219-c019d95e886c,true
1233d9cd-f6c4-46d9-8b5a-14aac7b7a3d1,"HENRY DURDEN, Jailor",889f9971-6978-4352-b123-2c157b532b8d,true
d9f87e1e-11c8-4bc4-a7b6-6a9136324adb,"E. D. HALL, Sheriff",33d3e5b7-12d8-418c-a137-790e3c7b9af7,true
7f354b87-86a1-4985-946c-c4a3ab09b6ce,"WM. Moore, Adm. of the Estate of Wm. Cox, deceased ",14358b40-d659-42a9-aa83-6fe2f9a98db1,true
30f00725-6617-4f0c-8bd8-f7d87f3e0253,"CERISAY, Sheriff",c0d00e49-b168-40c8-8cbb-f7f8ee8d48b6,true
beaf21c0-d69e-4774-88db-b675ad1dfcb9,FELLOWES & CO.,03d13afd-8c73-4275-8010-083d95c25ca0,true
fce3601e-afa1-4b20-a701-45638ef62f88,"James P. Bates, Sheriff",325200c7-edcd-4488-b66b-9a5907ac1c95,true
c60afae5-f85d-4d7c-9061-6d5af1f14fc6,HORACE L. HIGLEY,0e5ceaeb-d96a-4fbd-802e-8dbaf22623ac,true
07e13215-c651-46f9-ae2d-bfd5cb5e1ca1,S MEILLEUR,78a89189-c411-44f2-8750-6a61c2778473,true
5d904e19-f642-4c61-afdf-3c4875bad44a,W. W. WHITE,{undefined value},true
953828e7-61aa-4339-b446-4fe9ea839c5b,P M Tourne,c35e5089-8f53-432f-bd42-0ae671c1c6ca,true
9bc0e7b8-f61c-41be-a3c2-5f53bcf33239,John Hampton,303a5ec0-141d-4450-b758-cef2a60216a1,true
faf68cc3-a0ac-402e-b841-626bbc2f381c,S. Meilleur,d624fc25-a1f5-4b4b-9ac5-cd65f836b101,true
d012ab0a-bcb6-48a0-a40e-8e4a1d11e55f,IRA E. ARNOLD,5aa3cfa6-ab65-4b46-bc59-927a57e37168,true
d8280a2c-0888-4d36-899c-87b835edc2ad,A. Lilly,cfe2ebb4-2a5e-4045-88cb-efabbf36338d,true
245f4818-89f1-4ca6-8ccc-a0abe9e88a20,J Simpson ,122c9ab7-0dfc-492b-b7e6-9e1859eb69a3,true
631862d0-4b5a-4961-adb8-384ee3174e98,John Hampton ,239a8c7f-542b-447e-b0d3-1e3c9a7e4515,true
98dc6553-cc8b-4600-b6f3-df7df8c4c6de,J. Bates Jr. ,6fa42eb6-4c0a-4ca3-9056-0bef1fa4cfd1,true
2f470133-4a30-41b6-b470-148a6e759101,R. Micklejohn,38773e61-6822-49ac-b9d6-88224d77c2a9,true
e0ee9103-489d-4a6f-b3a4-6fa2f049e360,"Bell, Buchanan & Co",02711c30-2c87-4f69-bed2-fb034bf8aa3f,true
55e9179b-f208-4cfc-8908-c36fd93dcbb8,James A. Rogers,293385a1-bd22-4cf6-bbde-ea4278e4fdab,true
8c189d08-6306-4416-9c12-eb7eb3ee8fca,"P. L. TREPANNIER, jailor",19eaf233-79a4-4a8d-9fc0-ffd98fda24df,true
df548856-561b-440f-acde-9958e081c12b,"P. GITCHI, jailor",325200c7-edcd-4488-b66b-9a5907ac1c95,true
442527c0-8b2c-4795-b30d-578e0a968e56,James B. Buchanan,27a94edc-31da-4ddf-83bf-89ff8374eed2,true
7b6d2511-67b3-4380-8cce-6690a1a58f67,J. Bates,{undefined value},true
8ba385e4-b431-4e16-ab40-a09abb6b86a7,CERISAY,cdf668a2-a15a-4ae5-a707-8f45db1c691d,true
26397b6f-a98c-4184-a0af-7b4db278fce2,G HUGGINS,325200c7-edcd-4488-b66b-9a5907ac1c95,true
5d012693-0266-4b9b-b2e9-f9911fcd39a0,E. H. KENDAL,7c7f5ce4-69eb-43dd-ae42-84e628c76066,true
4f8513b8-5c8f-483f-a87b-7ccc67c4743d,JOHN HOLLAND,8ee97a73-3ccd-4e00-a489-2ceafe9a3e60,true
843d9075-233f-4454-8310-ee5a5bfaef6e,James Delaire,fd499a65-89eb-4459-a461-f7fe8de25f02,true
0436dd75-8669-4b1c-8e87-e79d93f47ebd,P L TREPANNIER,19eaf233-79a4-4a8d-9fc0-ffd98fda24df,true
ba9de47f-c248-4019-9b40-beac899db622,"John B. Grayson, agent for Thomas Lawson",{undefined value},true
13231bbc-a3fb-4c7d-ae42-73d9cd1fd920,"Cerisay, Sheriff",{undefined value},true
e32292e2-9d6b-44ba-9e46-54bf890da2a6,P L Trepannier,0e94fb5a-3b4d-4895-9c7e-25c5649cd7b7,true
01a12257-828b-494f-8359-818c6130fa61,A C Sumner,9ac93744-5ddb-4689-a0c6-c94a6656d643,true
8412889c-b4ec-46bf-b0cd-775edc051501,W.W. Bozeman,093d56f7-cc8f-4b88-b7aa-0326ac14c045,true
ff50abea-6c8a-450c-9372-a91e39731597,James Talbert,ec04c3d0-bea8-4fd1-92e9-7f95dab49506,true
3d8c7de7-8210-4e71-9b1e-8e2d1235b96a,Reynolds,4b925e12-ac4e-46a7-84f6-c891f6b170db,true
4508fa7f-d688-4fdd-b991-f86001352586,CERISAY,dc9f3569-350e-48ec-a7e5-7ab04a0ea471,true
21d553e2-0ac7-44b0-bb97-5d6ebcf8b629,"EDW. SHIFF & CO., Agents of J. Tournillon",d0ba392a-77e5-4b20-b5a8-d7d4a426fccf,true
ae040007-1b0b-48bb-bcdc-4ff984ba869c,"P L TREPANNIER, jailor",59da8c2a-bf32-4362-8177-058c4187366a,true
cb350678-b777-4b26-bd26-9e1b57b8c5d6,JOHN MANN and VALENTINE WINFREE,671a8dad-f7c7-429c-a2a8-c0fd999d764b,true
09c0009a-83ce-46de-b24f-04dfabafc0b8,"ISAAC N. JOHNSON, Sheriff",02617748-1495-4513-aa92-e72fb5fca438,true
97426589-5c9d-4199-9403-ebc58a996090,ROBERT MICKLEJOHN,ee17064a-fcdd-4b5f-b166-4a719c32123c,true
1f97d7a2-9f0d-46a3-8830-31545832d1ec,S.B. Murphey,058f28b1-dc18-47a4-a932-77bb078bfe2b,true
896635f1-88c8-4222-856f-98328fe2b0eb,J.C.W Legare,{undefined value},true
e2bfe0fa-1b51-43f7-b18b-fd1e90e50a53,G. Huggins,6d92e733-9db0-41eb-8840-7b3c41ccb1a6,true
d2b399e0-2e8e-42b0-89b4-b6a4fb510487,James A. Rodgers,02ea6d05-297b-431f-bd98-6b2e47b3e063,true
71fcae5c-efc1-4459-9a9f-57f95d67403a,W. C. Wilson,026f5472-34b7-4c69-aff8-9ae5cd62e07a,true
d593c768-ad9a-4e7e-a987-415ea7d5ecf3,"Thomas Bullard, Sheriff",7574bd28-02ef-495c-a6c9-2e8073bbc3c8,true
f62000d6-bd9a-4ce3-9304-afdc6cd78887,Isaac Barrett,{undefined value},true
ed08c816-d7a7-4410-80b0-77e43e91805e,"Johnson, Rayburn & Co.",032be9f4-def5-4aa8-81db-c19d2b8bab82,true
34f4a0b6-8a81-44fc-bf77-d821dde31c99,"Buchannon, Carroll & Co. ",32e576a3-d099-46b9-9ee9-4a287b04347a,true
7872b5c5-29d9-42de-a22b-d6bcf76f583f,Geo Brown,{undefined value},true
f6728375-c790-4994-87f6-1d3aa77d4b61,P. L. Trepannier,eca5fc8e-9675-44b9-843f-d61f6e9a7d85,true
765d85f5-f3ce-472a-8724-91845c09199b,Martin Nali,01432cc4-2b4b-47e7-a148-ed12a862120e,true
2c956e26-00be-4064-8911-26b630462d0e,S. Meilleur,8939e824-4367-40ab-aab7-80f5a66267f6,true
0f2a4151-953c-46bd-b700-5682b7f0efdb,D. P. Hillhouse,6f13ef43-8514-46e5-8447-c9305cbd2d8c,true
a9e007df-1c3a-42af-a28f-837e68b7f55b,"Daniel O'Hara",086174bc-df5a-4800-85cb-f51675602070,true
8e080eeb-2673-43ad-96a0-0a253e968f1b,"S. BISHOP, Jailor",ab917e57-4e8a-42f2-b737-9c0ed5fd9e4b,true
26ba877d-099f-4fd5-b709-350127bb862a,JOHN W. WILSON,9a45dea2-35c3-4da4-a7ad-afe5191b32ec,true
bcccb58b-ee47-495d-b113-988e7d9f01f1,"E. Beauregard, Warden",d624fc25-a1f5-4b4b-9ac5-cd65f836b101,true
ad522795-b1ee-4f30-8ddc-353415d76075,R. B. McRae,62da07dc-bc1d-40c4-a00a-dcdddbdda652,true
2419844c-cf0a-4994-a89a-93739b740853,J Simpson,63c82a67-6162-4500-80f5-ea96a9f98ad5,true
6c0fa83c-c196-4c33-aa05-2321f199991f,E.J. Gardner,c12c12f6-3e93-4465-a595-f983ea3a634f,true
e251185c-4c85-4906-9621-bd7ef87188e4,John Rist,9221b09e-ad3f-4ca7-a328-4572da4ff91c,true
ff24e328-f471-41b8-8c06-57f4895e2f11,Stephen Johnson,c9a656bc-4376-49c8-ae0c-37b63a8509f0,true
b17b014e-d28d-4453-802c-4399b2bbd98d,M.D. Eslava,{undefined value},true
e03da861-f85d-4562-a290-9c8255fce93c,"H. D. Morrow, Sh'ff ",7cd24e21-3c08-4bd0-9913-16ea5404321b,true
456d9fc1-4085-4d2f-9d12-289bc9d1167c,Maria Louisa Kerblay,c284eff3-60e8-460d-888b-ba639b6388eb,true
cf120b31-2304-4bdf-9050-e7cfebb14a4d,P L Trepagnier ,{undefined value},true
3aea0d56-918e-49d7-be20-fc4e2e2840df,W. T. J. VANN,aa4592b2-d299-4b88-91eb-d833fbe71b97,true
f086b61c-e577-4f9f-b661-96cd897f202c,Willis Holmes ,146afb24-357f-441e-b5a9-f3fff1cf4cd3,true
d4383596-8de2-4b8f-a154-a63d12560c50,JF Buffet ,750961ba-b63b-4eed-9724-23dd201091d3,true
67164210-bb75-46fe-ae5e-834c1c0e0f7b,P.L. Trepannier,19eaf233-79a4-4a8d-9fc0-ffd98fda24df,true
1f990597-ddf0-47f2-b163-7d5108c62127,H. G. SPRUILL,03c43a79-9be8-4b81-a124-693c4d6cbc28,true
9b3462c3-11cb-4387-aa89-c8969e3be7d9,SIMON MEILLEUR,23a65bf7-019c-4332-a1c0-d3588f1283ea,true
3691be1f-0cfd-4c9b-adf5-8393df2ac49f,W. C. Wilson,59ce82c7-12ae-470d-a761-5e19e519d349,true
9a891de2-6007-46b7-b2eb-88e6507c0382,"S. F. WILLARD, Overseer",5b98593b-e622-4df8-a36e-e824a253596b,true
eccd67d4-7847-4a48-a15f-f0cb97b67ce8,Simon Milleur,{undefined value},true
4d36e7dd-54b2-4dba-b21a-87762a1cf635,H.F. Wolstenholme,39ad5961-c174-4792-8d78-c55c46ab3e08,true
be1ec472-53b5-4b7d-bfba-ca1134549cd8,P L Trepannier,a09b1776-226a-4b2c-bdb4-6a019958b8fe,true
8891c1b5-bd63-408d-a30f-26d35c63c666,"Cerisay, Sheriff",12bfb377-19bc-420f-8a26-f5dfb7f4d7db,true
cc255ab7-60b1-4396-8e4a-a7b165854ebd,John B. Allison Sheriff of Haywood County ,e6532da9-cf30-408e-b8a4-40c8251e5ae9,true
8f5e9254-91e0-48b7-846a-f8021f153871,H. S. Harper Capitaine de la guarde,453bb5b2-5294-4e7a-b6b2-77eec472a926,true
faff52b6-07a1-4ef4-8454-e7f08ab8560f,S. Meilleur ,4b8222ce-cc21-4ede-9f92-65e58de4f35d,true
35250328-b1c1-4508-acee-3386289f0cc4,"J. P. Bates, Sh'ff M. C. ",355f5f91-bb87-4fec-8698-522a9c4b91c9,true
c9e6612c-308d-4c08-bd46-0265406153df,THOMAS KELLY,50c65299-6c25-4b17-bcf9-80098ae82932,true
e0662493-1454-4046-8227-937e537d2d2e,"Jas. P. Bates, Sh'ff",7e88329f-1b82-43ca-88e3-24d49d1a5cf9,true
f10ca6f0-ef3f-457e-9305-cd10b8f21b82,Jas. P. Bates,f4eae264-ece4-4342-b371-a7e2f818afab,true
93fb29d8-0d91-48ab-895b-1e0a9801e220,John Anderson,2043a990-f55c-49ae-a0e3-ceaaaea1538c,true
b2b568e2-551c-469d-bb9e-4d3e7745c8ca,"W. S. BALLENGER, Sheriff",9e96b574-4ea0-4884-849f-c5f11babb67c,true
71d8c8c8-22b5-4ea0-affc-41fa41456116,"Samuel Lightbourn, Jonathan Stickney",c83690f3-0fa1-44bb-a2ad-d0788e32ed49,true
317d59c0-7b0a-4449-8819-e5250d420af0,P. L. Trepagnier,7f54899f-44ec-4bfb-b566-0dbf74e3de11,true
d9d3e36b-02dc-4774-a4d6-3f81401b44bf,"M. D. THomason, Esq",737e7668-f589-4ce1-8993-8229f4ddb967,true
825ab4bc-25de-405e-af87-79725c3ff9c1,M Courtney,cf584d6e-04d1-4e9e-bdc4-474c72270aa4,true
7183842c-1af3-48ea-bd7c-f534e558c2cb,L.L. Trepagnier,4f596ee8-9ec3-43c5-8077-d34b25ce819d,true
557fda40-1419-4bba-8b04-daf56deee438,William C. Lester ,174bd6cc-a174-42c3-a0dc-e8ff994d3088,true
a1acebd2-875f-4b71-93d3-5e94a06512b6,D.P. Hillhouse,1217d636-3c58-43b2-ad8e-9890290ceb38,true
a73eeaff-fb6d-4f32-a021-86a8bb30ecd2,John Simpson,15f1e448-3a0b-477a-b7ba-c49b56d3934a,true
55b3df42-20e3-419e-9292-1c847c81bdfd,"WM. H. BIDDLE, Deputy Sheriff",aa4592b2-d299-4b88-91eb-d833fbe71b97,true
dfe63300-2bdf-4c89-8fd7-8267a74a1442,E. D. Hampton,4561e88d-9a91-41bd-8ee1-10073b8c362a,true
555f2e2e-acfd-4181-8d05-81ebc01f6403,Thomas Miller,{undefined value},true
49eeff4d-c0e4-4000-a341-1d50336ee9c5,"P C Harrison, geolier.",670b28ab-87ce-4707-bd76-ce2402dfdef8,true
00fa8c58-87f7-4d59-a092-80248a1bb4d3,Michael Sullivan,427412bd-c07b-4c7a-a16b-3b401e2aaa6e,true
9099ad78-3401-4656-9c21-f3db3bed6631,E. J. LAMBERT,{undefined value},true
ec028a1f-e1c2-4ee4-b505-7bc505355e3a,J.P.  Moore at the Alabama Press,14358b40-d659-42a9-aa83-6fe2f9a98db1,true
9e858213-fd5d-44b0-a9e9-94371f18d89a,Robert Micklejohn,507b5968-86b7-476e-a83d-a4307622ed57,true
87441125-5394-43ca-9059-1a7874506f56,THOS. PEMBERTON,f1789717-a88c-4f89-852f-8f36a3996225,true
f08e3749-c653-4fce-aaa6-1ea10c7141fa,"IRWIN, HALL & WALTON",270c6d1c-5a96-4b07-a94b-e6ccd0c2206a,true
5fa0eecc-4ce6-47b3-afd9-b3bba47410ea,"JOSEPH OTIS, Dep Gaoler",7f1343de-3670-4ea7-ab6e-6981fc5a64b5,true
343172e2-d5a0-447e-bad5-2ade85b2e2ac,GREEN MILLER,b70ed8e2-6def-43b8-88c4-9f831275a387,true
8c65b149-51d7-451e-83fb-0ae1fe97e30e,A. Lacouture,{undefined value},true
d47093e8-d6bf-4305-8b7d-32bfc51ccf91,John R. Daniell,06a78825-10a1-43f5-8f08-0b3c4fd31769,true
e8248069-1350-4be6-aaff-5a6cca1c939d,"Morgan G. Swain, Sheriff",53c185a7-304f-4871-9bc2-afe97e2ed245,true
bec7fa03-2658-4b30-b7be-1fe85172a1a9,Goal,7687fb7d-10ea-48c7-a4fb-e66495cc8fd1,true
bdc0e212-c438-4039-995d-cd20f45cb4c7,Henry H. Lowe,8046ecfd-0253-4bd4-b998-d368c23787c6,true
0c153c9c-e80d-412c-a9f6-883e5943e2d5,NATHANIEL BATTONN,1df7da0c-c98e-47eb-92d9-9fa777bef3d0,true
5f0e5f1c-b5fb-4cbe-a7b8-8185068be203,J. A. Lewis,{undefined value},true
70e350df-69a3-47ff-b75c-ef9c1768a0e5,Nathaniel Hollon,303a5ec0-141d-4450-b758-cef2a60216a1,true
4114b25b-335c-4f44-8681-5b610e788f8a,James Talbert,3ca75d42-adbc-455c-859b-345e23de9ad2,true
c147958f-2b7c-485f-a834-e5ef065659b4,Andre,68d63db0-db1c-4cde-a194-f8b3f43d7b68,true
69108a55-3b21-4391-a2d8-415d26ae6e54,P L TREPANNIER,19eaf233-79a4-4a8d-9fc0-ffd98fda24df,true
82f1f629-460d-4fd2-ad20-834858699e94,J. Simpson,c638cf25-cd87-491f-84f2-f75998e4010e,true
d7f825cd-914a-4556-ad6a-86b3294a59f5,J Bates ,06634f71-ced3-4e24-a2f9-bb75a0739262,true
a1671c09-06a5-4b78-a1bb-9aabc75221c4,"JOHN SIMPSON, Geol.",bfbcae17-ee66-40dd-870b-d575daaaf4b0,true
7d4771d5-042f-4ff1-9a62-1aab57a071f4,I. Trepannier,d43faa64-db0e-4bfb-9da7-db002f055bb4,true
d3672186-d7e9-4fd8-8fd0-f0b4fc94b12a,Michael Sullivan ,427412bd-c07b-4c7a-a16b-3b401e2aaa6e,true
26da7505-c348-4300-b567-a9f9ad50662e,Mr. Z. Norwood,22013135-0a33-4846-ad9e-f79764635203,true
b9bd5385-1e12-409d-984c-de7ef6bc5add,H. T. VENNARD,fc1bbe5f-a092-4596-b02b-27fa11aa2492,true
a805ea0f-9587-4457-91b0-f54cb82e4dd4,WM. R. BIVINS,a8566411-e3bf-4519-a74a-745cab2ee11a,true
8ee4eb33-dcef-433d-95e7-f0281d95d112,S MEILLEUR,8939e824-4367-40ab-aab7-80f5a66267f6,true
7fb93eee-8b6c-4f6c-805b-902e6ecaff25,Richard Beasley,b58111ea-50a3-4171-b59f-f75d508a5446,true
f6d83825-254a-40b6-ae9e-f47ec5047cfb,J A Reard & Co,728102ef-1081-48b2-83d0-836be153245b,true
d0db22be-67ee-4839-b3a2-09184ac75b8d,J Simpson ,00fe1bbb-ddfe-4319-ba96-38e4b55d1ad2,true
b4861bff-00e1-4bae-8ef7-9fc18843fc19,Nicholas Voss,6bc4c56b-be77-4f3e-ba82-0234d65ff574,true
3f30bcc5-2db7-4f36-ab95-edbfec40e84d,Capt. Marwood,29af4088-2849-4efd-96b7-192c8d95b635,true
2b60998e-bd32-41be-b3b2-6ea759f8fa83,"H.D. Morrow, Sh'ff",bca5789f-4588-40f2-a3c1-c9dd038db2f7,true
232db66e-237f-4c9f-9c3e-40dc757f7501,W. T. J. VANN,aa4592b2-d299-4b88-91eb-d833fbe71b97,true
77f0df20-8e5f-4ac9-98c8-4f59bdb1d5a1,G Gowens,db243ab5-8806-4e94-b9ec-5e934950bdc4,true
63217abc-30a5-429e-853b-2b2f934e760b,Payne & Harrison,08887da8-da0a-4991-816c-f8e7486a0c6f,true
ed39cc8f-cd60-40af-935c-eb06d0c84c14,JOS. S. WILLIAMS,026f5472-34b7-4c69-aff8-9ae5cd62e07a,true
ce84f950-36e5-408d-bfb6-c30f1a47e5db,H. D. MORROW,a5693698-3b74-400d-b0f2-c2b8fc733069,true
c3025044-5edc-44e5-87b9-3a805d678df1,LEWIS,{undefined value},true
3526c8b4-9e86-4e88-9f8e-184712cea56b,J Simpson ,122c9ab7-0dfc-492b-b7e6-9e1859eb69a3,true
5a0c7060-95e0-4fb3-8711-0404896962f2,"R. B. McRae, Sheriff",aa4592b2-d299-4b88-91eb-d833fbe71b97,true
1251ecc3-59a4-4b6f-8dd6-f477b9a939b6,"AMOS WADE, Agent for T. B. Wallace",0ddc71e2-660c-4418-b683-2ba157c85c80,true
0ed18610-466b-4888-bf71-9944e6aec42d,R.B. McRAE,7179d9cc-5b23-4322-bdaf-f4dba4291546,true
f42b8ab3-83a8-4f8d-aba7-06aafca4da13,Campbell & Labranche,e035c1c2-c540-4468-947c-ebdb6efd0aae,true
56b3e079-834f-496a-9899-4c5355469b22,"S MEILLEUR, geolier",08887da8-da0a-4991-816c-f8e7486a0c6f,true
aa1a1cb6-b4f2-47c4-8cc6-cf4b015f182b,Simon Meilleur,be533a67-adea-471d-b3c6-83a0a5ad8d9c,true
63749477-d2d4-41a4-a24d-6298016ac3cf,David. S. Smith,aac3d160-3430-4b5e-a0d2-ea99f077ca6d,true
bfdd3a29-48a2-489d-a2d4-5ae215c975b8,Simon Milleur ,0dbfc2f6-255b-4d67-a52e-d2eb430350b5,true
b85dd79c-d1e4-432f-b6bc-14d8a2414afe,"H. S. HARPER, Capt. of the Watch",e3f05348-5ebd-40a2-a68b-394e64fca806,true
f1730074-5c8b-43d9-92c6-c274c1a52e66,A.D Duval and S. T. Love,032be9f4-def5-4aa8-81db-c19d2b8bab82,true
ec7c367c-bebb-4598-9c5e-3c28347ba8a3,"Benjamin Ray, Junior",ebb8052a-75bd-459a-b1f6-90ddba5b8e0c,true
73276855-b43c-4678-b300-997472e08417,E. Payton,01b9e964-6e76-4b29-9453-84ee341e9892,true
184b52dc-b039-443c-8510-a521bb530ee9,J. F. HUTCHINSSON,325200c7-edcd-4488-b66b-9a5907ac1c95,true
23aae9e8-8160-4532-83d9-4594f4b00a5c,WILLIAM WELLS,84111c89-5fd6-44ed-861f-0e6cd9399c89,true
6cb1fff1-5b3a-4741-bfab-91b20755ffc3,"R. C. BLOUN, D S.",63f1c63f-23b5-49e2-9ff9-6e0e52324e72,true
9e6cc0f2-c5fe-4c24-8c88-ad2a337f3c78,Sheriff Cerisay,5db9761f-9d88-41ef-8fed-924dd30e5201,true
950064a4-0a68-4687-9ac4-f10d8345ea66,P L TREPANNIER,19eaf233-79a4-4a8d-9fc0-ffd98fda24df,true
166c208c-5af2-4a42-85d7-6ce41ef35c34,Andrew Black,122c9ab7-0dfc-492b-b7e6-9e1859eb69a3,true
beee6be1-83ad-41c9-80a7-e40bb2ed6d75,Jail of Milledgevilee,343f2d3a-9c85-4358-af88-93f5384a9903,true
4027f2ed-307e-484e-b068-28e70d30561e,H.S. Harper,e04737f6-79bc-489b-9c20-24e5a87198f6,true
85b88712-6348-4373-bf59-495470bff4cb,G. Huggins,325200c7-edcd-4488-b66b-9a5907ac1c95,true
7b8f00b4-25d2-4ce5-8c5c-5f4b200570f1,John Foard,3114b2d4-367b-40dc-99a3-6450a56f4e43,true
356ca498-0902-4d58-a2d8-1c98ecbe8896,John B. Dawson,377323ce-5f26-46f6-8ec5-5241b934ee5a,true
0539c5a6-0def-4b26-a29c-9f20ee8b533f,"W. H. HIGH, Sheriff",40817ae9-197c-4a40-9540-8d016b150d23,true
fe94e6ab-91a3-41fd-b315-efb048dc4038,J. F. HUTCHINSSON,325200c7-edcd-4488-b66b-9a5907ac1c95,true
156c8851-a3e9-4206-9046-44c8bdb01cfb,L.A. Foucher,53f43da1-d6a4-43cc-bd94-ac8729116ad3,true
33fc5373-a57d-4a3f-8ba2-c152d9a58eb9,Benj. Williams,023c3994-97b2-486e-b934-9bc95b753e15,true
a97902c5-32e4-4f95-885a-a9ab1960a9b5,S. Bennet,1491261e-07e9-433b-9e07-b72a4c90644d,true
07a4acd3-0277-45bf-b588-d32d26b5e1c8,Simon Meilleur,7cd7c39b-a817-4da3-b8f4-3ed957f9a045,true
051ea484-dc8d-4b9e-8e7a-7ca88392fabd,"James K. Polk, Governor of the State of Tennessee",{undefined value},true
bfac275e-d646-4f2c-a17a-e03636703ec8,"R. J. Jones, Sheriff ",d5a430ed-8ff8-4351-8992-03d992e8ce85,true
8c62e717-636c-485d-9acf-00e7a3b878fa,S. B. Murphey,daebac85-4902-410c-bfb9-9cc725c774d9,true
2b665b37-7861-4060-b721-d3a4c1aad8a0,Nalle & Cox ,e74d0022-9bf9-43aa-9138-21e53fad6df3,true
eb16c798-353a-46d7-aaf5-aa9bc0a61b35,"R.M. White, Sheriff of Mecklenburg County",c114108c-4cf7-40bc-8115-d0ec4c7d80f6,true
7adaad17-dd07-486f-8a79-755ca7fc598b, J SIMPSON geo.,41e7dddf-ccee-4a09-80bd-be65501104dd,true
30cf119a-a488-451e-b1d9-9764369b2576,Thos. J. Frisby,026f5472-34b7-4c69-aff8-9ae5cd62e07a,true
24cac0b0-fbdb-40bb-81eb-c16f8af6d0ea,J. H. Lewis,08887da8-da0a-4991-816c-f8e7486a0c6f,true
4bbef1f7-1c6e-4d0b-9b8c-df7772aa44b0,W. T. J. VANN,aa4592b2-d299-4b88-91eb-d833fbe71b97,true
0335c48c-1ffc-49a0-908c-15ffbc723d7b,Benjamin Moore,cb68c0c7-ccbb-4a30-bdf7-e37fde490350,true
6253328d-5d09-41db-afb4-467168b09d4d,I. HENDERLITE,8a6d7e9e-9477-4d8c-bc67-8e100f91ec0d,true
9982c6df-4971-4e7a-9a41-4edbb925ce83,Daniel Moorer,2c9c8afa-f25a-44fe-abbd-74686313f69b,true
220bd558-71cf-4bd7-9bed-5a0302cdc0fe,H. Klonne,af9516f5-037d-4812-87f9-ba5278e7f8bb,true
e1cdd9be-23d8-48dd-aa35-bf03ca0defda,H. R. W. HILL,ab58d9aa-abe6-4a7b-8a83-687836727a91,true
e66d8883-b395-4054-bd65-c000d9988ebc,P L TREPANNIER,4a1b1b79-913f-48e7-8113-1513207b83c7,true
0a3195f2-e6c3-422c-8474-86bd30cbe54a,J. SIMPSON,6a68f079-0899-449c-a5de-4d597d8149e3,true
83264dcf-920c-4cee-8176-fb3afde9278b,"Jas, P. Bates, Sheriff ",325200c7-edcd-4488-b66b-9a5907ac1c95,true
b8adc6e6-d9d1-4fb1-86cd-e70d63b8fba3,William Moseley,bcc7bd92-f853-4af7-bcc1-348894afaf19,true
14125e24-fd20-4e62-8023-c663ffc4eacc,Geo. A. Botts,808bbebb-f454-4205-bf87-0512c580b6bd,true
29c1f5d9-d79b-4169-ad5d-1c36f94a8d25,"David Shuler, S. O. D. ",f0c05b80-0c44-48a7-ae82-24adfb6195b5,true
82d53704-43ae-450c-8b3f-f96d22ee27b6,William Brown,01186d2d-c1bd-42f0-a262-17c074f2cbd5,true
44996292-bcbe-4a0f-ab4c-c1ca021a9511,William Nixon,4da8e67b-0876-4af5-a83b-90a0f130b293,true
9390f8a0-3b92-453d-afda-13c68bee2dcd,WM. R. BIVINS,1efbd6f0-85ad-4d1c-b194-dfc7d9537dcc,true
c938b4eb-1b94-46f7-99ab-2a5b81b6488a,P L TREPANNIER,19eaf233-79a4-4a8d-9fc0-ffd98fda24df,true
80de3b8a-ad98-4176-b646-181a442dddb4,WM. R. Bivins,507b5968-86b7-476e-a83d-a4307622ed57,true
888b929a-318f-4ab6-bd1a-79ed8fe5d7be,Roman & Kernion,b4cd0da0-0671-4907-b059-cb12ea1c3ab7,true
705ef428-0ef5-4ae0-bc1d-f86d4bd4a7c3,Robert Micklejohn,c85f87f3-faaa-4411-a21b-0e57d09aa680,true
4171283a-5ceb-4698-b87d-0f6c5d68f081,Daniel Moorer,2c9c8afa-f25a-44fe-abbd-74686313f69b,true
569c8d79-94cf-452e-9478-52679fea5883,H.T. Vennard,fc1bbe5f-a092-4596-b02b-27fa11aa2492,true
2df68c09-28fa-4751-83b7-17f3c91abb30,JNO. H HAND,4fe8abdc-daa5-4e73-be9a-7cd3d96792aa,true
cc5d020a-d266-4fbf-8d1d-ab1d8e3b0ef3,PAYNE & HARRISON,9b7d5ba2-965e-480e-8e17-a9370cbf3244,true
7916b201-709e-4fd3-96b7-c91af4c5125f,P L TREPANNIER,19eaf233-79a4-4a8d-9fc0-ffd98fda24df,true
8ccf2fd2-e7a1-4a8e-aaf4-219046d4db44,EDW. H. POMROY & CO.,7f380284-6aa9-4efd-b77d-48218422aef2,true
b475d329-e6a1-40ff-b9b3-9bb960c18beb,Cotton M. Stevens,204e1bf4-44e6-4a5d-830b-7d79e8f39814,true
ec3cdea4-daf9-45f6-9804-0a6babb11d0b,S. Meilleur ,79c6d514-5247-4015-b7bc-ddcfa87f2e3a,true
8903d7e1-14bc-4af1-ad23-c8addeb8a44a,S. Meilleur,79c6d514-5247-4015-b7bc-ddcfa87f2e3a,true
346e1ec8-dbdf-4929-96ed-fb6d3877d8f3,H. T. Vennard,fc1bbe5f-a092-4596-b02b-27fa11aa2492,true
7afaf7ad-7fe4-4828-a9d8-d6e9d135828d,J Simpson,00fe1bbb-ddfe-4319-ba96-38e4b55d1ad2,true
f954e7e0-d0e5-4e3d-853e-dfde799c5998,Susanna Bordeaux,be3ae75c-34d9-473f-a691-abc72317b4fb,true
8e2c3287-b9af-4b3a-89fb-4f222d6ee3ed,H. S. Harper,ba6a75b1-d4a6-4f62-9741-0dc844dd49a9,true
c8e4273b-4925-4f58-8251-c34d4ec1ca36,S MEILLEUR,23a183f7-5013-494c-97b2-09bb72e6ed65,true
02aba975-63bb-4bbb-a9c8-7b6e45a46163,Sheriff M.C.,403710f9-75a6-4a02-87cf-2b5ff3a535f7,true
8ff15650-0f9d-47b5-94b1-e72ce26968e6,"J. Bates, Jr.",44c1e34e-1c45-4dbf-9c17-5916fd215204,true
851945a1-b29a-4826-b685-e8656a277a63,H. S. Harper,080583a1-d172-43ed-9160-231fe3e4e0a3,true
ef43cee8-a01e-472d-8d4e-95a6c1074a8d,"J. Bates, Jr.",44c1e34e-1c45-4dbf-9c17-5916fd215204,true
abec8bb6-78b6-466b-aebd-aa57e8454c60,E BEAUREGARD,c69ece10-7bd7-466b-b9c0-478964e71752,true
7994bbe8-00be-417c-8afd-a0db00e5fbb1,E. D. Hall,dc0a1390-3cef-4933-be73-de400e0bfa20,true
4299054f-13d1-4d37-89e4-cd99ed391c79,E. D. Hall,aa4592b2-d299-4b88-91eb-d833fbe71b97,true
4d2b8ff6-086f-40ad-8db5-3395a2cefd39,"DAVID SHULER, S. O. D.",bd25b2c3-268b-4296-9369-94000b6e3a13,true
0a50a4a4-79b8-4dca-a3d6-9f43e1021d1a,DAVID SCHULER,bd25b2c3-268b-4296-9369-94000b6e3a13,true
47fc40b6-3f31-4fa6-aee6-1fdb4aec8352,"JAMES TALBERT, jailro",3ae448b1-b26f-47f0-b8d0-dd1964df28f1,true
fcc14f95-7750-4400-9a9f-0dccece72960,L TREPANNIER,395557a1-25c6-4db1-a42e-5f549546b215,true
95c6e380-9486-445a-8475-1285a2949d0a,CERISAY,9bbdc57f-1913-423e-b404-9563d01dbc49,true
590c9ed7-9806-46d8-901e-a1b0960dd75c,"James A Rogers, Jailor",293385a1-bd22-4cf6-bbde-ea4278e4fdab,true
b02347c2-2eb0-4f9f-949e-cdf6aac175f2,Major Harbin,86df645f-c4de-4ec7-9b4b-5a8ac14532ee,true
095b0a04-19e0-4428-b939-9505d61ca6f3,"Henry Durden, Sheriff ",2a01dc8b-f788-4ccb-99e7-ddcd1f54cc18,true
40b9a9b8-6764-4fb3-b0a1-e77744892498,J AICAID,a00a6fad-afd3-42ff-963a-6bbe8d0bffa5,true
c5ea5cfc-e7d3-41a0-9f24-c44ee0ca5aa0,David Shuler S. O. D.,28e19384-5bd7-43fe-a950-4b90ee9d799a,true
5c320dc6-a9ba-4e42-b6ac-f7bfc220c9d0,Paul McGreal,63f165ef-62c2-45a2-8835-0900e642cb9c,true
06f22351-1e33-4b84-a232-418847c166c3,W. T. J. Vann,dc0a1390-3cef-4933-be73-de400e0bfa20,true
3c540ad3-be32-413a-ad86-9b3c229c0cdd,Geo: De Passau,5a41497a-1708-4ac1-b15b-44ab79153802,true
e701015e-713e-4790-8262-2ce84f7ec4d0,"SAMUEL JORDAN, Jailor",1199ebca-ca09-4236-8675-ef82314eb679,true
c0d6cf24-ea77-467c-95b7-c1e9c901b3b7,"Irwin, Hall & Walton",64e1a126-1033-44ee-adb0-3021e578a6d6,true
43b6f7e8-74df-46c4-ace5-b272cf2f8c29,Jas P. Bates Sheriff,737e7668-f589-4ce1-8993-8229f4ddb967,true
0a7bebd1-cb38-4242-a932-6515b58d002e,John Heath,6c410f23-d2a8-4767-97d0-b2dc7996c344,true
7ef40a13-25e3-4977-90c2-b1973dc9f54e,JOHN HAMPTION,8b613122-4ef9-4033-9d75-87f1ec6ef202,true
85b93d70-7748-4c9b-8c6b-3482c0201340,T. C. Whitehurst,6b208c2b-bd0f-4bf0-9f64-46c6d1e822f2,true
0cadfd9c-e047-4a31-a8f6-a3e19fb052a6,J. Simpson,4c7852e8-05a9-4ebd-9566-fdb28c70b294,true
9328cb4f-c03b-4ab5-a20d-b3eb5286678e,James P. Bates,325200c7-edcd-4488-b66b-9a5907ac1c95,true
8c0e7c36-6738-46f5-ab50-be38ebe9abed,"G. Huggins, Shff",3a6c15c7-9ebd-47a7-a613-6887fdf54f8c,true
e19b1914-ef20-49f1-9b94-4ca9de1cd588,J.F. Hutchisson,737e7668-f589-4ce1-8993-8229f4ddb967,true
810f5767-bb72-401a-961e-e92947dc4383,G. W. CORBET,ba89e6c1-5095-46ea-9716-46de93820c2d,true
4b69bc4c-25fa-4559-be80-e02b8ed83acf,DANIEL MOORER,7cd9d431-c06e-4810-ac07-50c1ed20dd60,true
2a2e3a00-f63b-45ec-8003-e532c4f110bd,"ROBERT ORME and THOMAS WEBBER, Esquires, two of his Majesty's Justices for said County",f0e3106e-f677-4577-8bbe-ad14e2ea2c3e,true
fafdc983-37db-4098-bb9d-9b6c0201fc06,John Simpson,122c9ab7-0dfc-492b-b7e6-9e1859eb69a3,true
2519b277-1508-43b3-9c86-9c2fa9c0dce1,SIMON MILLUER,7cd7c39b-a817-4da3-b8f4-3ed957f9a045,true
d05c3d54-c076-49f8-81ee-801aeaefe4ef,S. B. Murphey ,b9fdaf48-6a1e-4594-b7e2-0a7ce3cca54f,true
a3989264-3776-4adb-89b1-ffc209fd78dd,William Wells,b54c3fbd-634c-4524-9fe3-57ee59c254c4,true
baa5ba91-5bb5-437a-a281-2deb00ccee96,JAS TALBERT,11394f11-eb68-495c-b33f-bf964e488187,true
473cc1ec-a298-4894-9405-9c364565607f,GREEN GRAY,5bdbee70-33ce-4d9e-b52c-b40845f6a890,true
e15f0cd5-6217-4a39-b6df-a50558670e68,JAMES HENDERSON,238a774c-c958-4f44-bcab-f30fc8f51eb3,true
92a84058-f930-4ba6-9194-82b884de69aa,"P L Trepannier, Jailor",06c1e12b-292f-4d98-b5bd-81fd3ad2750b,true
37d72fde-ba4a-4c8f-be94-a97758927bcc,"Irwin, Hall & Walton",35311200-1acf-40ab-9379-0b2554a3886b,true
3f9862f7-e3ee-48aa-96e5-59dbb03a201a,"John Simpson, Jailor",402cea69-892f-4839-b0cc-fc571ca5df0f,true
5c42069d-73bf-45ec-81ee-924fbd0c67bf,J. H. Trapier,d8625612-c828-4410-96c3-fe90055cc103,true
2873cddd-3d22-408c-8a09-bdd9e359c64f,Daniel Judd,e74c8ffa-db6d-460b-90a5-82d9cc72b14a,true
36e4f60e-8c25-43f5-833f-efa056f067b3,Robert Micklejohn,008dd19e-7344-4df1-b2fa-8c6906432110,true
8db4010b-a5fb-4447-8f15-e3f0c8f5af1d,E. H. Kendal,4c7d0fb8-7d50-4ff4-91bb-09ea4ffa5716,true
140cfeaf-4e6c-4ac7-93d9-0fc3b7326fcd,W. A. Philpott,11016f21-795c-46e5-af87-4987f266444f,true
d7abc4b8-708f-4a6c-ac32-202647d4d01a,R C Blount,973a8d94-6d45-42ac-940a-d3d6960d1e46,true
6921aa11-4177-4a5e-a8d9-d0b782fed696,RC BLOUNT,973a8d94-6d45-42ac-940a-d3d6960d1e46,true
5b2995f5-178a-4521-acb0-e3592f8c0a0d,Daniel C Brent,{undefined value},true
febfba42-618e-4e3b-8b63-239e16fbde6c,W. S. BALLENGER,abeb02ab-9baf-4a77-bfa2-0878abe3ce1c,true
8c1e68f2-f1e4-4401-a2e9-b07f8f079513,Martin Nall,17297e71-34f3-46c4-89ea-a890c9cdb043,true
7459df91-7e3c-48d4-b670-f289b6ab231c,"J BATES, Jr.",325200c7-edcd-4488-b66b-9a5907ac1c95,true
e548b1cd-7881-4275-a5f1-7d377b96e1c3,John W. Wilson,32af557d-b888-4ebb-b316-8adeacd5997e,true
ac2608f1-1be2-4e81-8ed4-77aa35c25e81,Henry Durden,13162bc7-260c-405b-9683-492fa1a92af1,true
77e054c5-432c-472b-b612-cbbff693779b,"J. Bates, Jr.",325200c7-edcd-4488-b66b-9a5907ac1c95,true
b89483bc-fe30-4706-bfec-3daaf506575a,"CNRISAY, - sheriff ",c641918f-2b2c-4b29-b32f-b742dc22da7e,true
e81bd66e-0c05-41f6-a1e6-35f5278d44cc,"C. Grine, Jailer",ce13d447-3ade-4620-a174-4c5d381d9381,true
31294afd-6c47-40c9-9ad9-1eb256398b2b,Marshall Boyd,9fbefbbd-53ba-409f-9079-38bf47891357,true
53a6667f-1880-400f-8a61-216f0d42c6a8,J.F. HUTCHISSON,f4eae264-ece4-4342-b371-a7e2f818afab,true
4598d97c-1b97-44ff-a3d3-85ba7f5d0fac,"J. Milleur, Jailor",8d34be7c-ca81-4317-8461-a5d56201912b,true
18df61d2-3d9f-40ce-9272-82afde60f586,P.L. Trepannier,3bec05ed-403a-44ae-8267-5e5c882de169,true
bff16f17-c9ec-40bb-9cc6-0d1d705d6642,Rhodeham Rawlings,1c05aba3-56c0-4427-b2e6-f327f392de80,true
b42668ba-625e-424e-a95c-b4442ee8d9ed,J.F. Hutchisson,b713f8fd-0a3a-4534-9c02-cb506cd906ce,true
216dc24b-03c3-4e91-b02a-573e2b51876b,"A. F, NEAL",733b8b8e-04b6-402d-a669-1a90bdfb3fb3,true
189e8a22-783f-48e6-b282-28636d363faa,James A. Rogers,648b78da-6d0e-4c3b-ba19-a23676979d6b,true
ce4a0537-dd76-4a3a-ab68-4b36ef87b07d,James M Hones,990cfae5-cea2-4fd5-a23b-8e2728d59288,true
399e1679-5563-45bc-b9c9-e4bfd778a415,Isaac N. Johnson,e711136e-6ae4-4ae6-94a3-48651e736faf,true
7545fe8c-c898-4e9d-a8c8-530cbb99f6c8,H. T. VENNARD,fc1bbe5f-a092-4596-b02b-27fa11aa2492,true
d9ebe6fe-2b5b-4a64-b448-5ea5c43e8f28,Simon Meilleur,8939e824-4367-40ab-aab7-80f5a66267f6,true
01b7173b-f32d-4b4a-bbd0-bf33997b0460,GEO. W. UNDERWOOD,c82a235a-a4c3-4e14-ab9a-e03508a7d940,true
4d7d5c08-bcfe-49b0-bec9-05a4de143311,A. L. ADDISON & Co.,dfd46008-4e02-4e4b-b76e-9bc66063ca2b,true
a3dd55f2-70c3-4a3f-9156-5ef00aad8195,W. & D. CROUCHARTS,076f4af4-9827-4c7b-a44c-99f0d1dd2ed2,true
eb951972-9193-43d5-a8a5-ed4b5137212f,Geo. W. Underwood ,d7f7d1cf-6390-4268-b175-b9695e6f9cfb,true
f0830b32-5fe9-429c-9102-5458189ee7c0,"Lindsey M'Cary",36a058a6-dd26-43b2-80aa-d9a90a97bc1d,true
87661f0f-d363-428b-bb01-ed38138ef016,E. C. GRIER,00d6c630-7563-44a2-9901-eae7a2c0c822,true
ba154ad7-acc0-48df-888b-24887ceba7de,Jo. Baxter,4e150e39-f0e7-4f08-ab44-7a005f2cb2e4,true
0ca83876-3457-4c55-b9d0-f2c7fe110cee,Nicholas Lewis,1d4c844e-7ce6-47d4-98a6-4ea733ed3d80,true
e86e97e1-94fb-408c-a0b1-88a934df9dfc,"Henry Durden, Sheriff",303a5ec0-141d-4450-b758-cef2a60216a1,true
be767567-22e2-449e-9dad-d647125d709f,"Sam'l Bishop",ab917e57-4e8a-42f2-b737-9c0ed5fd9e4b,true
00ce7a31-bc36-4d21-bbac-6531af301b7b,"P L Trepannier, Jailor",19eaf233-79a4-4a8d-9fc0-ffd98fda24df,true
9d06309f-3466-463f-84ae-2073e8e1b6c2,P L Trepannier,47144c8a-dc6d-4a5e-b32a-55b3205bc700,true
deeec2ad-efbe-4402-ba4f-a8517675ff3a,E. D. HALL,5152a01c-aea2-42a4-8335-ad1dd197d2de,true
ba593a85-b119-4d32-8583-5be704624fa0,JAS TALBERT,3e3d9f95-83a3-4b1f-bcae-3d9e3063bab9,true
3aef5584-eb63-4fbf-9471-2f0a6e3f9e4c,"P. C. Harrison, Deputy Sheriff and Jailor",556d6e60-932c-4320-a32e-b75a4cb4a1f1,true
0cb152b2-2919-43fb-907f-d182b041f5bd,J A Beard & Co.,728102ef-1081-48b2-83d0-836be153245b,true
cdf5f2c4-d9e0-4e65-a6ae-a0db53cd272b,E. C. Grier,0ea00d69-dfdc-40c7-8d11-756debbc5f88,true
4b93a00e-8385-46d9-8ec2-f893c23b57f2,H. T. VENNARD  ,fc1bbe5f-a092-4596-b02b-27fa11aa2492,true
2db4debf-5dea-4979-8c6e-4c058311cc6e,"Daniel Morrer, S. C. D.",24e2071a-a68c-4a5d-b33c-f15fe908098a,true
e475a167-e9e9-40c7-8e38-d36025cef0b8,Thos. R. Smith,00599968-e1ee-40f6-9a95-2c6858072872,true
3823d5c4-c996-40e0-a8ee-b5d7b2c8344e,Charleston Courier,24e2071a-a68c-4a5d-b33c-f15fe908098a,true
7a1019f6-a4d6-4618-a69c-e16a4f10d1a9,Asa Lee,78506393-79b8-4f54-b3ec-51afa7c36671,true
d9daa636-c77c-43ef-8467-4fd04c5c80a8,Simeon Marsh,c5ebf605-5950-42fd-bb12-2dcc4a9fcf68,true
be38fbf1-e2e9-47a4-b3bc-4641dc9cf228,McCall & Adams,af1c5b46-9108-4fed-a2dc-120010085280,true
bae1c2a0-dde4-473e-8756-58d88dfbcb45,Nathan Foster,211f9023-9a6b-47d3-a36d-20d2c4952e03,true
eb9844c7-8ec0-43ff-bb0d-aa56766dfb6d,E. Beauregard,c1250ad3-d88c-458f-bdd5-01590f8cc6c8,true
ff4c3803-c57e-4660-8dd0-02e80e32969a,"J. BATES, Jr.",325200c7-edcd-4488-b66b-9a5907ac1c95,true
a94960e5-aae9-4541-82c0-f9d55cbe0e04,M COURTNEY,2a84ef9f-45df-428e-ab0d-770a98b4efd1,true
ff3114fa-7d23-4cf5-8d98-0363fae11046,Job Colcock,b3bf7b61-4c8c-4d1f-b6c7-06dad425e308,true
0f3b2e85-ebad-4f1e-b87c-dd56225cdc31,"John D.  McArthur, Jailer of Cumberland Co.",5b9b93e4-49a2-49bd-8032-4b028eeaf74e,true
07e65fdc-e3c8-4135-8b4c-ed6f9ed6312d,"Lawrence Battle, guardian",00b4d5dd-fb4c-416b-a0c2-1302ddfe5f60,true
f8e87eb7-6233-4d23-8894-6bd9a1ebe7b7,FRANCIES I. CARTER ,0b9e38b5-e77b-4ed6-abe7-b78cf65d5b36,true
7656c51c-9366-4fcc-a43c-b6bfd3324a36,C. Tippet,42a46af7-2bdc-4204-9b7d-58cb2c111c47,true
733de858-7448-43cd-932c-3ab4a3e84fa5,Sutton Weems,90790698-a0ec-408d-847d-1931a72fa77e,true
fe8db72e-5938-4f2b-8013-0346446536ce,Jo Baxter,bfa82808-6681-46cd-853f-75a8f1022be2,true
61164b4b-6b39-4aa7-a805-aed125193b27,George Creager,67d0a230-d698-42e1-94cc-0beb4ee82848,true
012b8c37-13b9-416d-a5c7-48fe4279672e,Wylie & Hall or Eric Bernston,fe0b234e-0fd1-4aed-96f3-d064f91f7f8d,true
f30fb229-9b97-42f6-97c8-3a5deaaf78d1,C. Scott,e8837f21-4fca-42c7-ae10-c708074bf714,true
916c1ef8-35dc-4b3f-9bd3-3225b918b496,L.P. TREPAGNIER,5c3a8405-ca6c-4f52-a79e-ae47f76636ac,true
a74decb0-26e0-4e39-9237-deaacf3eab28,N. Rochester,0df15c92-23cd-4326-a9f0-98bebe020191,true
8b299738-9ef6-42b4-b1a8-f3eba3984a7e,George Creager,55eecffc-2bdf-4378-a4a4-0fe5714487d3,true
708e0e6a-74e4-417f-97eb-eca17a4e70fc,John Phillip Worm,13f5837e-1782-4991-b17d-ea29b14f6dbe,true
2b466a40-905b-42f2-9a4c-1b7e2046c184,Joseph McCeney,255e95e2-96bd-4bdd-b606-d0de2e354260,true
7e6061d8-5f2c-4b4d-9493-f8b4df335649,"James Wilson, Sheriff",75c3e827-225f-4f85-b45b-da93d102b907,true
690b54b1-3ab9-4663-ae90-12cf2a3b769f,Daniel C. Brent,3f51252c-51d4-4b6b-95a5-5710c8c818c8,true
34fbc082-3636-4c92-929e-b78eb87ea357,Isaac S. White,556d4979-5a72-4b72-be42-3a9bf8057b4e,true
1bb1bbd4-4643-48c3-bb74-326c6a37371b,Horatio N. Steele,5576ff33-254f-4405-96a4-e7cf03f1819d,true
9e489b0a-074f-4a85-a3aa-ef2b4881d1a8,"Robert M'clan ",dd18c94e-599d-465e-a13d-a5bd833544eb,true
b134d5e8-b8b6-4748-9f24-5ef4553fd0a8,Thos. R. Smith,00599968-e1ee-40f6-9a95-2c6858072872,true
d932bea6-f16f-4f5c-8c5b-5bca37769c12,E.D. Hampton,d5d95fd9-666a-402c-b8b3-8cd00d99b1b3,true
982c1d9d-fd50-4eaa-a268-5462d87646de,"Robert M'Clan",4a4c6775-6b6c-4cad-bc34-d5e4fd5839a9,true
48af3411-d8bf-41d0-a29a-558a46b60cd1,"Sutton Weems, sheriff",c4756cd9-2cb8-412c-8e0a-22fa756dbcac,true
6103dd99-bc40-4a1c-95f1-5099b955506d,"J. SIMPSON, Geolier",c67f1222-446c-4100-81a4-554fc9b515e7,true
f546428c-e58e-4651-8a5d-dd28ee891252,Edw. H. Pomroy & Co,421d9642-c5e5-4a9b-b733-9ec2066edfc1,true
41ff263c-5c15-4221-a896-c2c4dc465051,"James Talbert, jailor",71a4dc6c-1346-45ec-b12c-0b9d30510e30,true
5081e4ab-46c7-4a6e-a707-5ea6d52a004e,M Courtney,cf584d6e-04d1-4e9e-bdc4-474c72270aa4,true
cdb259cf-d3df-4f86-b555-0512a73978ae,SAMUEL BELL,01451310-5516-4cb9-a0cc-005488b48297,true
7da7419d-525c-4ac9-9fdd-9e894a294dd9,John D. Young,3d63af37-c167-476b-a7c7-b00ac516c466,true
547b8756-d22f-4d73-94af-55f91431676f,R. J. Jones,aa4592b2-d299-4b88-91eb-d833fbe71b97,true
8d858844-3b06-4ba3-8986-63777323cc34,James Wilson,9f405afa-5be1-4e0c-80b9-fc613632ed7f,true
3611cf7e-83c5-4281-83c6-8a80b4c082a2,C. SCOTT,b5afa8d6-b67a-474a-9220-35c620477957,true
88df1dc5-5e1e-4a22-ade5-0e031222eccf,AUGUSTIN & THIBAUT,13be5007-04a5-41c6-8936-9130061fff3d,true
2ffce5f5-7363-4f39-b70d-e83c89b2826b,P.H Glaze,d6e89cde-0b2b-4629-b4d4-b2d5a6731f45,true
3fe5fafd-b1af-4eb8-bc47-4814bcb906e4,Jas. R. McCall,6e028bfa-abb3-4eaf-81d6-264a14e16126,true
531ddf53-1bc3-4829-9943-fac346c24e88,Jail of Mobile County,c6397afe-4bf6-4088-94bf-b0ac5a490bde,true
4385b868-833f-409b-81af-c0241fafa686,GEO. W. UNDERWOOD,23b9fe4f-b492-430d-9b0c-01cb7a64dc56,true
d3b53d6e-ff58-4d9e-9418-28e82ca5ea09,"H. S. HARPER, Captain of the Watch",080583a1-d172-43ed-9160-231fe3e4e0a3,true
7421ee72-3f10-4cbd-9a1e-3ba0d55c9a93,EDW. H. POMROY & CO.,7f380284-6aa9-4efd-b77d-48218422aef2,true
6d71c263-63c1-4f6e-8c8e-1353268dff8b,"OWEN FENNELL, Sherrif of New Hanover co.",b02b500e-9632-4d30-93d6-31315159b8f8,true
cc0b2c8b-8bde-4ac4-a145-ffc041cc10a6,B. Merry,51a2b01a-b52a-408d-ae55-9a251bfb81ca,true
e8365f16-3549-4226-8d37-0c4a3d28ccb8,"R. H. VICKERS, Jailor",e7b0bddc-9ef9-44fe-8e08-16e69e532715,true
096f17f7-7455-4d95-a965-7a255c4ccc0d,S. BENNET,e1a45847-81a2-495a-9f03-1c60a72db9b3,true
2f7d0a0a-8349-447f-881b-b0676e48e057,WM. R. Bivins,953d722e-aeec-4545-aa47-15ad099ff073,true
98416e61-169d-45f8-bd95-732cb4f26aba,Geo. A. Botts,1341755c-477d-4f50-865c-5ac514d9d3d1,true
ed985107-6dbc-4e88-89d9-a09e59f4ed5b,P.L. Trepannier,19eaf233-79a4-4a8d-9fc0-ffd98fda24df,true
78494940-25b1-4cc5-8141-cdae5b7dd828,Simon Meilleur,7cd7c39b-a817-4da3-b8f4-3ed957f9a045,true
29bc4c4a-7500-40d9-99cc-94802bdbe538,A. MAULDIN,41d0c66a-5271-4613-9a20-862b977c7db6,true
609acdcd-19c7-411c-a8fe-1ed7c0fb42f3,Edward W. Montfort ,6bdfa12b-b175-4ceb-9ea7-74e110bb7809,true
bb23e31f-f1ab-4719-a9ae-9af569f8041f,"E. BEAUREGARD, Warden",50628b38-cbaf-4c95-8002-cabfdcfdf42a,true
026e5681-b822-4bde-a869-585399823751,H. S. Harper,a611dd24-346e-49cf-bf3b-449e6d915357,true
267c0530-1835-4830-a83a-f9bcc7183983,Christian Miller,d4f64a16-737e-4a39-bd44-dd3902515dfe,true
8b312218-25d4-4c51-b5b0-0d1f862fe8a5,J M Taylor ,61bcf1ba-eef6-49a8-a04e-c99558528dec,true
fcfdcaaf-adcd-41a6-be1e-b4c165563dc2,WILLIS SCOTT,570f34bf-c328-45c6-89d4-e48cc63c6a6d,true
5f29b592-e88b-49a8-a4b2-426e7fa3ce9d,Campbell & Labranche,e035c1c2-c540-4468-947c-ebdb6efd0aae,true
ebb85efb-6af7-427b-b4e4-8979f6afa34f,John Barnes,72c95213-83f0-4af9-96d2-309cd07b68e8,true
eb1aea61-512d-435f-a210-76ab1b7cbe0f,Thomas H. Maine,11e05291-030b-46e9-a6e9-49d626137d19,true
9c0779c2-2062-4162-8362-b13c36ee918a,"P L TREPANNIER, Jailor",48d59e6b-9d8c-42fd-a179-cb7f439d2a0a,true
8b2d9126-f6ef-4278-8c92-96abcd18602d,M Courtney,83de3c4c-bf9d-4a5b-aa8f-f3d45ba03f9d,true
0b75b8c7-b82d-4394-a5ad-fcc542d95a88,CERISAY,c5c16298-953c-4f2c-874b-1ce816fa6677,true
508831ff-c376-4df6-a383-03d4c30c37b9,"Wm. Herrington, Shff.",77372c0b-0f98-4f3c-9af7-4572a903ccc0,true
82baea45-4b7c-4e49-a824-d9b323fb3bcd,"J. BATES, Jr",325200c7-edcd-4488-b66b-9a5907ac1c95,true
ed91e05e-590a-4cc5-b6a7-9518fc5db242,John A. Quay,{undefined value},true
93f12a28-9338-4be7-a08b-1760f030c967,Daniel Moorer,737160bc-a9c8-4640-adef-c139caa31d8e,true
a8804f81-eccd-4df1-8864-caed6d0abd77,Daniel Moorer,2c9c8afa-f25a-44fe-abbd-74686313f69b,true
c48f4680-e9ae-4793-914c-d92e9e71881f,W. L. Callais,d0922eba-7bb7-4ccd-add8-c2e1a6810ccd,true
4c49fa04-9334-4935-b4f5-f67c3ca84027,"Cerisay, Shff",61c0eb6a-29a5-4853-b2db-913a73730fc5,true
f748e725-4450-46f4-b62c-6cd5fbb2d48a,Robert Micklejohn,953d722e-aeec-4545-aa47-15ad099ff073,true
2c35b492-6b8f-4f09-8299-2366a80e0336,Felix Walker,4c7c304e-2a9a-4fb4-9f19-509fc854dc1d,true
788ebcef-6139-4149-a7c9-348feaaee798,"J. SIMPSON, Jailor",122c9ab7-0dfc-492b-b7e6-9e1859eb69a3,true
8ed8aeea-ee18-404c-8c28-54a0092c06f1,"James M. Astin, Sh'ff",98008817-6875-4d90-8366-05f46474619b,true
a2cd1661-a432-4d8a-8262-b0f9404a82aa,Jno. C. McLaurin,{undefined value},true
0831cfe4-dd86-4057-b7e4-5ac10da8ea73,JAMES TALBERT,2f348ae3-4c67-4d26-a90e-fb8669984351,true
416dd426-af54-4c9b-b45e-3f2055e0a6cf,R. MICKLEJOHN,661bb714-31db-43f2-9484-6a4e1d54a246,true
c3cd11e7-9ac7-49df-97b6-374506dcf071,SAMUEL MILLER,3a7a928a-ddb6-4c32-bb3d-2e41e2a98a24,true
ec1dc6a3-70a0-49fd-9b94-33c7e579494e,Jacob Rickenbaker,28e19384-5bd7-43fe-a950-4b90ee9d799a,true
fafad1f7-50c3-4b66-baef-dfad8ecf8021,WM. R. BIVINS,24dbdc6c-f325-42fc-9767-2c1d7c993c89,true
4661c854-2688-47fc-82f0-3139160de274,P L Trepannier ,19eaf233-79a4-4a8d-9fc0-ffd98fda24df,true
788bf247-fafb-402b-b5be-1dd48e4da39d,J. SIMPSON,eed92f27-a5f0-4601-acc5-b82f1794a0bf,true
b2a1e145-00f0-4b73-a77b-983e8dfb8611,J. A. BEARD & CO.,10e3319f-c093-4c57-a148-55bd831ba0e6,true
0fec1dad-a26d-42c4-9ffe-98b287846451,EDW. H. POMROY & CO.,7f380284-6aa9-4efd-b77d-48218422aef2,true
5601532a-555d-4135-8e9e-f9bf552abddd,James H Riggin,{undefined value},true
4ae38750-347a-4f60-a04a-ae81f11df7cb,"Isaac Tobias, Jailer",058cc9d3-f759-4191-b2a6-a35edce2d683,true
7f1838c6-f02b-40b4-a733-666fb69195e9,Gaout S MEILLEUR,14358b40-d659-42a9-aa83-6fe2f9a98db1,true
f071df68-43fc-4c57-9e8f-55c9604567e1,OLLIN COOR,9cc51ae3-ab9f-4261-beaf-8324965e8fe8,true
035e040f-be37-4078-acdd-6e9928debb83,M. H. BROWN,9144ab3d-fec5-4b8a-93d2-90a1e4adfdaf,true
b0093254-e858-44e6-ab4c-79ea2cc2ec7b,Mr. Gregorie,{undefined value},true
4461d487-d757-42d0-ae58-3840aefba84a,John Dore,a0501251-2c8f-4f07-b692-49196ddc529f,true
85736bbe-bccb-40c9-962e-6e669cd5613f,"S Meilleur, Jailor",d624fc25-a1f5-4b4b-9ac5-cd65f836b101,true
ab945765-01d1-4c95-86ad-60bb00e68eec,"J. Simpson, Jailor",13c23bdb-13a1-4c5e-a0c1-6ab12bf9aedb,true
1c30fcd3-1778-4598-b59d-288bd88432a4,D. Villars,{undefined value},true
f5303eb5-4070-45e4-ac78-0d6e6ac5944a,"J. P. Bates, Sh'ff M. C.",d12bcb8a-1c83-4c0b-93ef-b369a7c1b068,true
55ac6bb0-692e-41b4-8fa2-06ca1fd75967,S Meilleur,8939e824-4367-40ab-aab7-80f5a66267f6,true
ca00d17f-e358-4602-b5e5-0bcb151cfe18,James P. Bates Sheriff,d12bcb8a-1c83-4c0b-93ef-b369a7c1b068,true
b73d96c2-6cc4-4ffd-b948-583358491a62,H. S. Harper,b8f5f2ef-254c-4cff-83a0-1fcd1963222f,true
9881b24c-1fe7-4357-b45c-046f513e11c1,Augustin & Thibaut,13be5007-04a5-41c6-8936-9130061fff3d,true
fc8443c4-e1e9-44a4-b4a6-53df6d315318,the State Engineer ,{undefined value},true
137513d7-91b8-4214-8cd6-445d2663200f,Henry Overstreet,93a57880-e5d6-4e39-8e0a-bd2e03243507,true
ffd34609-c632-42f8-a3d4-77b6e06149c8,O. F. Alexander,10adf5a0-d6cd-4ffc-a357-2346720ba025,true
e662b4a9-c0ba-46b1-868a-c3a021f9a914,CLARK & MOSBY,e7822bd3-847a-4f51-9abb-52a11fa861af,true
a07dc1c3-5d91-4b51-9b4b-944233aa5aee,"J. P. Bates, Shff. M. C.",325200c7-edcd-4488-b66b-9a5907ac1c95,true
5cf0984f-00c7-4fed-839a-20c611b09c7d,JOHN R. DANIELL,79e44149-2369-4db8-a670-51cb4552a58c,true
81f27a0b-6695-4d53-898a-8e0f59355c2b,"Jesse C. Farrar, Shff.",37d47c7c-efb3-4b6d-8db5-2f642632976c,true
b1bcd524-2f51-4a19-900a-8bc53195a44f,E. D. Hall,aee8027d-d99a-4eff-9e31-5fd6b2f510f4,true
a50d13ee-49c3-4aae-a804-d15489a57a73,Abraham McGehee,{undefined value},true
ce8bee4e-0d0a-4399-aa36-291f5400b042,J. Rabassa,{undefined value},true
6e7bd43b-0f3a-43fa-8650-768b3d337fcb,Augustin & Thibaut,440f0884-5b4e-47e6-82c8-9a1014574b39,true
f5389705-98b9-4ad8-a282-606112b2e923,"James B. Moore, agent of William Clayton",bb4577af-115f-4f4a-920d-2edc30700ab2,true
d970a386-6b97-4da0-a1b9-00bab78f7e8e,EDW. H. POMROY & CO.,7f380284-6aa9-4efd-b77d-48218422aef2,true
21fd962e-b647-41bc-9fab-c3a3be9c0f54,Henry Jordan,14358b40-d659-42a9-aa83-6fe2f9a98db1,true
f986c833-5477-42e1-8f26-19dda2c31d0f,JAMES W. DOAK,1e8311f6-93bf-486a-89cf-27f8335041f7,true
44c55d94-bb1b-490d-94de-baac83f6b850,P L Trepannier,19eaf233-79a4-4a8d-9fc0-ffd98fda24df,true
0f2544a7-ec1c-4e15-9f26-80c33923f772,"George de Passau, Sheriff ",5a151dc0-012e-4a76-8580-f6cbed9b1759,true
1fb69e10-1d6f-4dc7-be87-e396647a89ca,J. Simpson,19ff8ca0-57f8-49d1-97cf-32eb25fd3c62,true
5d5136ed-e02f-4e63-b1a9-1cdbc9bc7a6b,"Cerisay, Shff",68fc0274-ab7d-450d-a729-dd77b39d4a41,true
26d20ba2-cbe4-4a17-aadd-a15e2286fb96,H. S. Harper,080583a1-d172-43ed-9160-231fe3e4e0a3,true
bfca8a9b-0592-4dc8-98c6-7436ca237580,D. Duvol,7c9b41a1-6176-4265-b80c-9ddf3f98ee4f,true
69d3b701-96ad-4c1b-9b3d-44033e476455,J Bates Jr. ,{undefined value},true
c0fcff7b-bc6c-409a-a4b6-e00b28ee9c18,"Gotten M. Stevens, Master",05a63752-e272-48f6-9050-72590c5d7ac9,true
1a756364-a739-4b4e-81f7-6aca2856dbaa,William C. Lyman,38773e61-6822-49ac-b9d6-88224d77c2a9,true
4bc452e7-8a8d-4eb5-97b8-58b9e75e0c46,Samuel Potter,bcc7bd92-f853-4af7-bcc1-348894afaf19,true
0c07d360-646a-44d7-bd77-a13cd7b99c10,Orren Moses,dde3aef3-dfb0-4899-a0a3-fc1c533581d4,true
5ea4faeb-4e2d-45e8-92b0-6d2d4c869b47,L. A. Box,661bb714-31db-43f2-9484-6a4e1d54a246,true
2d8ee1f8-841b-485e-8ebb-a671ac86badb,"Robert Brownlee, Engineer",e512b063-eeda-445e-b497-258d6d3b11ed,true
690131d5-d336-4dd3-b4db-10bbe113f283,"James P. Bates, Sheriff",d12bcb8a-1c83-4c0b-93ef-b369a7c1b068,true
3568e6b8-3551-414b-9711-ce7782feee3a,"DANIEL MOORER, S. C. D. ",7cd9d431-c06e-4810-ac07-50c1ed20dd60,true
935cece6-c166-4221-9e04-a0d2f8016175,Christian Miller,1c74cb6f-2ed0-414c-8377-cdf970ea0f61,true
63869dc1-a065-4cf2-8ed6-433f730c633c,JOHN ANDERSON,138a62c6-5d83-4bce-b8d3-ba768d0922b6,true
e0f51965-bf9b-466d-b86b-7b2a453663fb,"G. Huggins, Shff",737e7668-f589-4ce1-8993-8229f4ddb967,true
9487840b-279c-4eda-8da7-8cd493797a3a,Daniel Hulet,f3bbfb50-21f9-42fd-9c30-5f9131a9d780,true
030d4891-cc05-4f80-a221-4537f9e62b69,"H. S. Harper, Capt. of the Walsh",080583a1-d172-43ed-9160-231fe3e4e0a3,true
3c94ad25-42a6-4b79-ade3-e3968e1c0811,A. Lacouture,200dd13a-8478-4ae1-a217-c518dc42b674,true
6d90a148-6299-478a-bb34-e4d0fe1504b6,J SIMPSON,122c9ab7-0dfc-492b-b7e6-9e1859eb69a3,true
489573b5-f9cb-4e03-a962-243452c86f1a,Henry Durden,{undefined value},true
4973d0dd-6c62-4540-a1e5-aa87c03a2475,HENRY DURDEN,79e44149-2369-4db8-a670-51cb4552a58c,true
c8946bc7-0327-46f6-9c9e-21a7cfa5eacc,C. & A. Battre,{undefined value},true
7970e661-1437-49b2-a63e-220b1ba6774d,WM Herrington,0696fc4f-4e6c-4e00-b2e6-c891b9b0f5d9,true
03008733-8db4-45f5-a974-cbb8cf0cef21,Isaac N. Johnson ,8e11afa1-fce8-4545-8cce-71ce99201d79,true
ed2af6c7-9993-4079-80f5-8a22eaf2819e,Not Given,{undefined value},true
93eedb01-4d7d-4d33-b8d1-d129547b7386,"Wm. P. Welham, Manager of Magnolia Grove Estate",52c06148-9b37-4735-a2bd-bbab15e1ae94,true
935261a4-568e-4a9a-82af-b0e12d2fbe3f,"J F. Everitt, Sheriff",325200c7-edcd-4488-b66b-9a5907ac1c95,true
636e2d03-0d60-4677-90ba-9d0c5d83c010,Not Given,{undefined value},true
72c17b17-d368-4991-8644-42b682697fb0,"William C. Lyman, Agent State of Georgia",507b5968-86b7-476e-a83d-a4307622ed57,true
3c90baf6-93f8-43d3-8860-4ae994588640,"ENOCH ENDSLEY, Admst.",{undefined value},true
01555046-d341-4b41-b161-f0c06f13b740,J SIMPSON,122c9ab7-0dfc-492b-b7e6-9e1859eb69a3,true
98cf810f-00dc-47cd-9054-7590fee69305,JOHN JOHNSON,{undefined value},true
d95eb071-f465-4664-bfb8-04b6c95e4201,GEO. W. UNDERWOOD,c82a235a-a4c3-4e14-ab9a-e03508a7d940,true
dca8b6a7-c4ee-4a99-8e72-4aab98bc2b75,R. C. Martin,4757cc69-165e-456c-b1c0-8b5b17d1c00c,true
c79ed040-abd8-4463-9b29-2a02109f0c9b,"IRWIN, HALL & WALTON",0931339f-68ff-410c-a015-c7fabb03599f,true
4012d49d-03c5-41d2-9b3c-6d946a9241b7,H. S. Harper Captain of the Watch ,4857e3e0-c48d-4dca-aa56-ffed7b437eea,true
2e2cdb5b-e407-400c-bdc5-2fa91996b335,James A. Rogers,9db34bea-c1ef-46ef-8e6f-041bdda5ba88,true
35beebf8-e38e-4c2e-975f-5ca909e995f4,S. Meilleur ,8939e824-4367-40ab-aab7-80f5a66267f6,true
e3453d71-a1af-490e-b11a-a4f056a96173,J.  F. Hutchisson,325200c7-edcd-4488-b66b-9a5907ac1c95,true
2689054e-c9f6-4dbf-b191-aa30fa5ff7bf,Cotton M. Stevens,0afd2704-9c29-4f31-9ffe-3627c61e7958,true
065ba751-9488-4fb7-8b25-f9dfe75f7bdc,"Gwin & Love, by A.D. Duval & S.T. Love",95bfd958-230f-4dea-b0e3-a80c6f0117d4,true
2332df06-5b8b-46b8-aaba-4fdd088a88b0,"Guilliam Aertsen, Esq: City Sheriff",42e3511f-98de-473a-8120-a7018ba73282,true
dbf44cbb-fa2e-4a16-8e74-5ca052ebb4eb,M. H. CLONIGHER,f3d36379-6d9a-471e-b340-be921c1663aa,true
3250dcc9-e60d-4630-837f-b0bea38e78f1,WM. B BEANES,7df73bdc-dfa8-44b7-8ade-a5d4b83fd084,true
98e2f471-3dd2-4051-88b8-36783ee48ff9,John Platts and D. Leitch,1ae8c712-d121-4d69-a020-154d3e6df15d,true
d5f0c31b-e24f-4252-9559-fa8ff0242515,"E. D. Hall, Sheriff ",e1c271e3-255e-417b-a2c3-c748d2d1d0e1,true
868c0607-01ae-4099-9aa5-1351c5323f95,"Irwin, Hall & Walton",270c6d1c-5a96-4b07-a94b-e6ccd0c2206a,true
314ae3e3-3ea3-4867-b35c-9f7e1b7193af,"Simon Meilleur, jailor",403710f9-75a6-4a02-87cf-2b5ff3a535f7,true
c58c0923-872a-4aba-8df3-8429546bc8fe,John R. Daniell ,368be5fe-ca8d-43f6-be6c-7c552466ba4f,true
c6cfadc7-bb41-4334-bc6a-d93e4c42ecea,JORDAN & WILLIAMS,92c687e4-ce96-4970-ac53-abcb04f0b76b,true
5f7cda9a-e5fd-4327-8d74-49a9e2e10b2f,GREEN GRAY,35d2493d-dc98-412b-9450-90f8a89be2fd,true
0781ca48-68fc-4e3f-ba59-41e3cd84337b,HENDRY DURDEN,448c3f8c-6443-4f80-9ab4-f383ac96de01,true
3df8ad69-b962-439b-bba5-0300a46e8a0b,Henry Durden,79e44149-2369-4db8-a670-51cb4552a58c,true
6814f4e3-bf38-4357-85ab-b1c939a2b58f,David Shuler S. O. D.,2e583649-a7c0-40c1-8c9b-206729f2eecc,true
d005dc91-b9f0-45c7-b5f0-bebfce23e12e,"H. S. HARPER, Captain of the Watch",37d97e75-3617-4c8b-a0d7-a2799e0d3448,true
74628e4c-0d92-4559-b784-63d6abe2ef21,"THOMAS CLEGG, Guardian for Martha Duty's children",dc201e24-47ad-48ca-80fe-09e6f6f4cf7d,true
d6fc5c5b-408d-410c-8995-89019b0c6692,A. Mauldin,c850e4ad-bf6a-4916-b911-5e2ec1729306,true
8e6906c9-95ca-429d-8974-96ac2647e4d1,"Isaac Boykin, Jailor",60aa4bd3-7e2f-4586-b498-af309f0824df,true
ebfe0504-8fc1-4631-8263-3a15de461212,"W. A. Blount, Jr",{undefined value},true
45ee3f03-d9a0-4612-ab2e-9e2a2fedd47b,"I. Henderlite, Jailer",af8b4014-4d70-466b-aebc-91b84794a54e,true
c844af78-41ee-41a2-a95a-4dc4f857ab2e,"W. T. J. Vann, Sheriff",aa4592b2-d299-4b88-91eb-d833fbe71b97,true
933ee570-5337-499b-91f8-34127f83e4f0,"William H. Smith, Sheriff",93138d51-8f3f-4d62-830c-918b8233d63f,true
937934a8-6067-4449-888a-fcab2fe3ce9c,Edw. H. Pomroy,7f380284-6aa9-4efd-b77d-48218422aef2,true
97512e15-941b-4e6e-9140-19a2c21ba3d9,"W. H. Talton, D. Sh'ff & Jailor",77372c0b-0f98-4f3c-9af7-4572a903ccc0,true
7f2b930e-b7eb-4aea-b5f6-8b26f0795fe4,Caleb Miller,e0fc91be-0f65-4eab-b6ee-0dc553353abd,true
dce57016-764e-4882-8059-5a88d74f69ab,"R. CARUTHERS, jailor for Wm. McBroom, Sheriff",6b800fcc-33a1-4014-b713-e50eb5399604,true
d6527e3d-f342-4888-93d0-6b75e04c9788,F. Sanford,0c881bf0-049d-4f9d-a1f4-bf77a964efba,true
8c31b40f-5900-4711-90f0-a6f8b964a64c,"CERISAY, Sheriff",c0d00e49-b168-40c8-8cbb-f7f8ee8d48b6,true
dadaf62c-3277-44a6-a410-2c36b64c0b43,"P L TREPANNIER, Jailor",48d59e6b-9d8c-42fd-a179-cb7f439d2a0a,true
4b3abacf-a676-4a16-a7dd-2a68eae60a2e,David Shuler S. O. D ,15b2d3a1-fac6-4b28-b2ab-825fcf5290bc,true
57d536b0-9bdc-4bae-a446-ae811a1ba056,Levon W Tart,ff4d0397-9573-4378-94d0-e3c15e428c14,true
793a56d5-931c-4637-ba51-f56bd8375be8,C. Scott Deputy Marshal and Jailor,55c4c2cc-c297-4248-b057-3d6bda99265c,true
3c8e7ba9-7775-40ba-89ce-ec59d2dcbbd5,P.C. Harrison,40b78ffc-2abf-45f3-a4f0-ba7834ca5e58,true
a984b704-e7a3-48d8-ab07-7451a593ba2e,Isaac N. Johnson,e711136e-6ae4-4ae6-94a3-48651e736faf,true
2b824fa3-9f3a-4d2f-a3ab-c771938b2dbf,S Meilleur,8939e824-4367-40ab-aab7-80f5a66267f6,true
c4cafb7b-c662-42c7-8904-a3abdb9bdb9c,R. J. Jones,aa4592b2-d299-4b88-91eb-d833fbe71b97,true
2c72872c-d881-406c-87d5-3f84c5661e55,"Henry Durden, Sheriff ",8ea3d4bb-38c3-4699-9e65-781d7760223e,true
0042c2e6-50d5-4e3c-9ac3-b15bae6ecaea,Mr. Clear,355f4c85-0051-41b0-a6d6-bb906def5aba,true
c7c8591b-cda0-42e1-9c05-22df92ee29ad,I. Henderlite ,8a6d7e9e-9477-4d8c-bc67-8e100f91ec0d,true
0f402eb2-4a67-4f1c-bac9-ef7632cc534c,Henry Durden,be6ff823-51ed-4a84-ad1d-9f33b7abf03c,true
59f0830a-9cb4-4d8e-baca-b47e0c7893f3,M.A. Mosely,782b33bd-7c60-4f7c-a8a5-7c443e99f622,true
1218d793-2bae-4233-8fa0-5a018cf82c46,J Simpson,122c9ab7-0dfc-492b-b7e6-9e1859eb69a3,true
c786cd64-ef18-4378-9c26-f9a4aa23adab,"E. D. Hall, Sh'ff",ce2167f3-8093-4080-b3eb-8c6b24ed333c,true
ecc17ee9-b759-4166-a3cf-f306613d2386,"Sh'ff M.C.",{undefined value},true
8ab97922-35b6-48af-9cfa-82b0e257cd86,J. P. Bates,06634f71-ced3-4e24-a2f9-bb75a0739262,true
34f34a88-927c-4d44-9873-1bf74a2c2e7e,THOS. R. SMITH,{undefined value},true
2c06044e-87a0-4b21-a21d-fceb10d45680,A.L. ADDISON & Co,e7822bd3-847a-4f51-9abb-52a11fa861af,true
6afee939-1244-4dab-8024-c70ffa6d6c6c,S MEILLEUR,57250e40-083e-4107-a1af-951ec70711ef,true
e9a5bc43-acf0-43d8-8943-9b5665383fff,EDW. SHIFF & CO,8dd53e60-1725-47a4-9f2f-19b43ffddb5a,true
2e473a2f-03b1-42ce-abfd-5ed9ae2a15f4,STEPHEN JOHNSON,146afb24-357f-441e-b5a9-f3fff1cf4cd3,true
910361f3-fc86-4ce8-a37f-d8644174662d,JAMES A. ROGERS,4e8fd33a-9201-4f96-a296-2457a1612f5e,true
ea567b31-6285-470f-8933-88f35dcffbeb,"J SIMPSON, Jailor",6fb18f6a-1f87-4a07-8f86-6298dbbcc223,true
f96fcb23-4444-4a41-b555-81e825211608,W. M. Cook,032be9f4-def5-4aa8-81db-c19d2b8bab82,true
5c36dd52-60d3-489f-bb77-76a88a918da0,S. Herriman,08887da8-da0a-4991-816c-f8e7486a0c6f,true
c5999780-c289-483c-93e6-f5119ee897a6,"M. WARE, Jailor",d12bcb8a-1c83-4c0b-93ef-b369a7c1b068,true
1e6c06fc-1f5c-4b74-9128-b337d8e65aeb,B. P. Ranse ,15305f52-28ca-4da5-99e8-f4774dcb3da0,true
7dc6edc1-8e64-4bd6-9cf6-cbc1a7ed4b72,JH. O. Devenzin,19eaf233-79a4-4a8d-9fc0-ffd98fda24df,true
1c6e1c75-99bf-4fb5-901f-8f5e5b5427dd,R.H. VICKERS,954ed1e0-f03c-42bc-8b55-2b5c4099a41c,true
d21c83fb-0ac1-40e1-913c-20f1d84c91c5,JAMES A. ROGERS,5b3e3ec6-884f-421e-a766-52ff28b4ad2e,true
8d133ff5-e0f6-449d-9ff2-0685946410d3,JESSE FANN,25f84358-73e9-453a-9aed-c4be9a7cdb47,true
9b952f58-2da8-47b2-97c7-cd5aba18dfec,J Simpson,fba3ec0d-cb55-4c44-a110-a489a6ac7c8c,true
0748ce51-5886-42f4-8dca-d7a1d4691763,C. Klutts,a287b7f6-b0f1-49c1-ad34-c00489adb14c,true
b12be8af-31d6-401a-8dff-c84313bffafe,"James Talbert, Jailor",4d0a57b2-22c3-4264-a43e-598a533a5bb0,true
5bc352e4-c850-4937-b968-97611600755b,E. D. HALL,5152a01c-aea2-42a4-8335-ad1dd197d2de,true
3219b90d-ed0d-4184-83dd-1b3879975bd2,S. Bishop,817b07db-dcf1-4634-8b70-4639c20f381d,true
0a1fbe52-305b-4148-aa18-cfa6844dfb4e,"Hanson Kelly,  Administrator",10adf5a0-d6cd-4ffc-a357-2346720ba025,true
dd2588e2-ad86-421a-b14b-49dfdfa2b716,Geo. A. Botts,41d7d762-eb0f-4c9b-ba46-beaa42b2fa27,true
3713d61d-e06c-455e-8158-2edbe2199a95,"Cerisay, Sheriff",fd6a32d2-eb01-459c-b361-aaf13e6d94f5,true
cb3042c7-5df1-4635-b73c-82f9bc5d1a06,"Martin Nall, jailor",17297e71-34f3-46c4-89ea-a890c9cdb043,true
e96ad281-e5a8-41d8-a030-14ac444c127c,P L Trepannier,19eaf233-79a4-4a8d-9fc0-ffd98fda24df,true
b44f7873-419c-4ed2-88e5-0cf40bd86e9c,R. MICKLEJOHN,27994267-b011-445d-b931-ab524ce2c051,true
ac5a9c65-74b7-4bce-9e17-0c5bf2ebf42d,"Cerisay, Sheriff",cdf668a2-a15a-4ae5-a707-8f45db1c691d,true
d762f624-5ac9-4bd8-8e94-202916a47879,"H. S. HARPER, Captain of the Watch",9af833a1-c525-4026-8d53-29e4f4e1b284,true
4001c154-160f-44f2-b937-318504382e61,"Ceresay, Sheriff",52b4c804-c6ba-4a33-9f92-5de0de1332e7,true
5d5e073d-a3ed-40fa-b0f8-52f67d1fe813,Geo. A. Botts,808bbebb-f454-4205-bf87-0512c580b6bd,true
0ba5dad6-4376-4757-bd1b-ca3ad277d379,P L TREPANNIER,19eaf233-79a4-4a8d-9fc0-ffd98fda24df,true
134aaf4e-e7ee-4720-a0ba-a43f922dce91,J SIMIPSON,75912927-3703-4e6f-9065-c71fa9979056,true
98a76105-7569-42c0-b4ff-d2ed372a4790,"Cerisay, Sheriff",cdf668a2-a15a-4ae5-a707-8f45db1c691d,true
0fe4e993-ba91-4eb9-b174-59040a550d9a,Patrick Merritt,023a6251-da02-45d1-9ced-63e6068778d6,true
b2f0b695-2329-4063-a6a7-4b89d599abfc,JAMES M. JONES,990cfae5-cea2-4fd5-a23b-8e2728d59288,true
52937e23-abe2-4cf7-8812-1553d325e3ec,Cerisay ,03d13afd-8c73-4275-8010-083d95c25ca0,true
168ad87f-9026-49dd-9032-ac5af1d075ac,P. RIVIERE,dc43687e-5fbe-4a54-8dbf-6f48b7a9c290,true
7de2d645-7564-4311-b901-d1ef434efce9,Lafayette Gazette Newspaper ,{undefined value},true
5781c506-0887-48ab-86b8-10ced31835f6,A. F. Knipschild ,c287ac1b-df78-4d22-a6c3-209538e71ac6,true
ada2ce32-6e31-4cb9-840f-847ff21c5f8a,J. P. Bates,325200c7-edcd-4488-b66b-9a5907ac1c95,true
3873881e-a6df-4010-9367-2574e26cdd81,Jacob Rickenbaker,4df66f70-ad7e-4601-bcde-bf5bd4dd0477,true
6b52218b-8e85-4ad2-bc66-0ed951ffdafb,JAS TALBERT,2f348ae3-4c67-4d26-a90e-fb8669984351,true
7676240f-8acb-441f-b30d-1305e19f1392,"Daniel Moorer, S. C. D.",2c9c8afa-f25a-44fe-abbd-74686313f69b,true
dcd2904b-035a-43ea-baee-09e04d8924fc,R.H. VICKERS,ef7c3c55-390b-40e5-a343-228c33147b6a,true
1d7de157-e7c6-4537-9351-472bf2bb655a,State Engineer,08887da8-da0a-4991-816c-f8e7486a0c6f,true
d53f0f76-b14d-4f6a-a2f1-2f028b188f79,S. Meilleur ,8939e824-4367-40ab-aab7-80f5a66267f6,true
ba44397d-63a4-49a3-98a3-8329164c125b,THOMAS PARKER ,{undefined value},true
1dffe699-889e-4fa4-8a66-a2e77e4b6eea,John Leversage ,04c39e82-1b6b-4295-a64f-1d4b4a9e66be,true
625d2848-5569-498f-babd-0e9c10d2ccde,R.C. Martin,b134bc7a-0894-41cf-b0e6-e78c6fd0bdb9,true
0a554953-5d9e-4aee-b4d8-3d8da3ff663a,"P. C. HARRISON, Deputy Sheriff and Jailor",5a151dc0-012e-4a76-8580-f6cbed9b1759,true
f974affe-968a-4740-8f9c-5279a2373ccb,"E. D. Hall, Sheriff ",214c7cb3-052f-43f3-9ef3-0088781238d2,true
932090e7-3c9e-4210-9202-69245332dccf,"Courtnay, sheriff ",f475ec91-c19d-40aa-be77-ea57624f9f1d,true
97e09ac7-c0b5-4b4e-afb2-a27afab34946,"M Courtney, Sheriff",89493644-70f3-482b-a752-c25a077422ba,true
dab00102-4bea-4871-8de8-9cdbd93ea781,John Jolly,bdd8efb8-c420-4dac-8f42-63a5d25fdd9f,true
e9de684d-3fcd-43b4-b87f-d691160bf10a,Payne & Harrison ,e7822bd3-847a-4f51-9abb-52a11fa861af,true
d264302c-472e-467a-9241-63b223fef719,Geo. A. Botts,c0df844e-9dba-4616-8529-4c142452d5d7,true
2a83646b-6a5b-44d3-98d4-6554056ef989,Jas. P. Bates,0e5ceaeb-d96a-4fbd-802e-8dbaf22623ac,true
bce44d57-99fa-4547-ba95-8457a66ecccc,"M. G. SWAIN, Sheriff",35840b97-3a1f-465c-bee4-f21da06aab32,true
fcf88cca-110e-48f8-a99e-fcf344ea39a0,"J. Bates, Jr",0e5ceaeb-d96a-4fbd-802e-8dbaf22623ac,true
947f45a0-5e7c-4b7e-b92d-4dbbf38225da,James P.. Bates ,06634f71-ced3-4e24-a2f9-bb75a0739262,true
e80d03af-0932-4e2b-bad9-cd81e507b8e9,"W. W. BOZEMAN, Jailor.",f6547bb6-c6aa-4975-a5e2-d46ebb204c76,true
a3a68773-254b-4fb9-b5f5-ed02dda008db,"L. ROBERTSON, Jailor.",1b945833-4539-4f25-9d3f-6ee8f8a48cbe,true
1a69f8b0-bf23-49f3-b520-f57ffa9c4a67,"E. D. HALL, Sheriff",aa4592b2-d299-4b88-91eb-d833fbe71b97,true
01a517c0-dd1b-473f-954f-0ea59423141d,Wm. R. Bivins,0dd0e04c-0125-4632-8384-ae6d87ef4b49,true
cfb94a3d-2dc8-4a38-b78e-c5a02532138e,P L TREPPANIER,19eaf233-79a4-4a8d-9fc0-ffd98fda24df,true
a13d5e70-cebc-46b9-9ad2-3c7253739100,"A. Seixas, Master",ecaefb44-1e5f-4c57-b0a5-8d5928160fad,true
9afecbb8-6ec4-4776-b5cb-3d54e7cd65b4,J.A. BEARD & CO.,d102d090-9d8b-423a-b8a7-d71569216e46,true
d5203da1-dc61-481f-86e8-6205f7aff85e,"D. Shuler, S. O. D",59ce3b4c-1a9f-433a-bb3a-57c5800feed2,true
6b2e5f6c-a6e3-4273-b49a-16715a5540c0,"A Rogers, Jailor.",fc990c88-8399-4333-a841-ad3e241a851e,true
3c57a942-72c5-4dc1-90d4-34cc27fbb13d,AMZI VANDERBURG,2b076a03-7e02-4306-835a-77e4640be550,true
3a12cfed-0aec-4974-a138-7daaf676b908,"J. BATES, Jr.",325200c7-edcd-4488-b66b-9a5907ac1c95,true
7f0adb78-d9b6-4cbf-99a2-8ada0eda7517,SIMON MEILLEUR,50628b38-cbaf-4c95-8002-cabfdcfdf42a,true
cc661ef9-5d5a-4b95-ae2a-c05b78d75a71,H. T. VENNAD,fc1bbe5f-a092-4596-b02b-27fa11aa2492,true
479058c4-7934-4f11-b2ea-62e4064a377c,GWIN & LOVE,139221ca-112a-4e56-b165-d6c43bdd6f0e,true
194f384e-bffd-479d-a6ff-df2837f6cbe9,"JAMES A. ROGERS, Jailor",5b3e3ec6-884f-421e-a766-52ff28b4ad2e,true
7803c6a3-671d-462d-bdc1-ad27e77d4140,"JAMES A. ROGERS, Jailor",5b3e3ec6-884f-421e-a766-52ff28b4ad2e,true
a357f9f4-4a8f-4315-b72b-36593335432a,A. A. Williams,{undefined value},true
764e8a06-4ea1-405d-bbc6-71d7c479abd8,"Irwin, Hall & Walton",270c6d1c-5a96-4b07-a94b-e6ccd0c2206a,true
417fa62f-ccbe-4eab-8ae0-deebb4dee249,J Simpson ,475def01-2549-4b9b-b29a-9008df6eb200,true
48ebfb60-d8c5-4d03-a871-221a4dcf70fc,J A Beard & Co,997a8abd-a720-4ce3-bb72-bf27637abc64,true
b72aac99-0edd-4844-9885-ab89baa6936f,WILLIAM C. LYMAN,154645df-d91e-412a-bf66-75f64c63a526,true
82ab4ccc-001d-4b3d-ace1-d8532d9aafdb,M COURTNEY,53ef6e30-34c3-4b26-8253-1357966a791f,true
82bbbd0a-fab6-4d4a-a06f-d1c4c8b0ae68,"MARTIN NALL, Jailer",3468bed7-bdf8-4915-b106-8d40926b64dc,true
222006fa-a422-4b46-9321-ff9d049b9907,M.L.F. REDD,40325cc5-bb9e-484b-a05f-11a6c53103b0,true
5e60f385-31f4-4509-b801-04ae276810b9,David Shuler,f0c05b80-0c44-48a7-ae82-24adfb6195b5,true
fff0d0df-7747-4537-a837-91caaa91a2e3,Robert W. Franklin,3b5fe76e-fb22-477e-9273-70fcd346de64,true
985d6d31-204a-4854-bc55-5e6ce81f4422,"J. BATES, Jr. Shff. M. C.",d12bcb8a-1c83-4c0b-93ef-b369a7c1b068,true
e42c3e2d-6073-4d7a-aa7b-3259daae32f7,"J. BATES, Jr. Sher'ff. M. C. ",ce350731-24a2-4ad4-a2f2-9d1441da9147,true
c1c3b935-7786-4f84-817f-c513371abe1f,A. F. NEAL,733b8b8e-04b6-402d-a669-1a90bdfb3fb3,true
e3ac58e5-ba19-4075-aea9-998a56b1b176,J Simpson,4c7852e8-05a9-4ebd-9566-fdb28c70b294,true
1bcb6f46-74fc-4c99-8986-ff92d9d87c26,J Simpson,4c7852e8-05a9-4ebd-9566-fdb28c70b294,true
20f0e011-dd2c-46f3-956c-5d905a7d9bb5,John Freyer,fe011bd7-479d-4117-a4e9-021dbec9fe95,true
947c184a-5249-450e-adb0-23d4148252fa,James B. Buchanan,3ab59f04-e9a6-47fc-851b-e425989d900b,true
57a55bba-6ef1-46d8-bd14-45f7d774d95f,Martin Hall,20e2db25-7dc5-4647-ae67-3d5d6fd9c8e1,true
0e696189-ee5c-4a99-b49e-243ff1de8f16,WJ SEABROOK,6dea65a4-206a-4eec-966a-2e84627ec6e9,true
0f2e3a7f-5321-4e24-a2eb-42adb6e7d499,Cerisay,375e7abe-cc1d-408a-810e-1fd740e2c6a9,true
7959487c-38e7-4f82-b85d-48119f1ab003,Henry Durden,2a01dc8b-f788-4ccb-99e7-ddcd1f54cc18,true
f04c4b14-6159-4a1f-9927-03cb50f9dcc2,Cerisay ,57194ff1-07c1-48aa-bfa2-8fc5e2e6a5f2,true
cb517785-ae62-42b2-a9f6-7aa3f3657c42,George Jackson,0ce5d9aa-2477-4c55-83a1-fa76a1190589,true
c0c423ad-da24-4a41-9f58-0642260e0f2a,L TREPANNIER,e324f40f-7745-4582-9cb2-d4d9ec7c0698,true
c973e931-0809-4bee-9639-04d3c29aa64e,J.A. Beard & Co.,d102d090-9d8b-423a-b8a7-d71569216e46,true
366555b3-8391-4aa5-b45e-f58c1880a4fa,"JOHN B. HUSSEY, Jailor",768ea7e5-b80c-4b1f-814c-c1c53a28d946,true
8d91a083-e50c-48c8-95e3-be2d9fc3430d,Green Gray,5c1953a5-506a-4755-84fa-8a990d674d9a,true
c6a408e6-4f9e-4720-9f54-4ab70083bf6a,A. Marchesseau ,3c7662c2-53e8-4b5b-95cd-bb467daa7314,true
dba02504-51de-4dcd-8e44-61d2e5d02690,Lewis A. Box,507b5968-86b7-476e-a83d-a4307622ed57,true
177511da-ee72-4e1e-b3c4-d6fd34d79416,Simon Meilleur,23a65bf7-019c-4332-a1c0-d3588f1283ea,true
5df3bf1f-cd5a-401e-a3cb-d0ca2956c86a,Shropshire & Ellmaker,704bd1f4-0a84-4b32-80a8-54cb3608cb63,true
1db8d840-37a8-4714-b608-c742079f559c,Paroisse S: Jacques,{undefined value},true
dcb7fca3-5162-4385-bfb7-100cb640c955,E. Beauregard,1be33def-d8ea-4683-bba4-e0020ae62b84,true
94f82079-53e7-4b83-886d-bbd9ffebab68,JOHN F. SCHMIDT,1e215642-c41a-4040-baba-f57eba6c369b,true
52801ef6-98dd-41a2-873f-ff611be2a3ff,S. BENNET,0742353c-5607-47ec-9486-cc891b8c1b0a,true
1f0ed7cf-6c86-435d-9120-0b91153d75b9,Z Roman,764a8381-9d94-4ecf-bf5a-f65c2ec7852d,true
4a8ad7c3-958d-44b3-b718-5bec829d9ef5,James A. Torbert,{undefined value},true
bacd2f83-ec7f-430f-9768-dfc84e484803,"Cerisay, sheri",5a3955eb-db55-4066-85a2-2206e1f6747c,true
fe6bc599-c312-413a-96e4-4e18d7397063,S MEILLEUR,e8b87342-5a49-4fcc-85e3-7c8dd3d22366,true
45858231-f4ac-45f1-9afe-baae58bb9c4c,"GREEN MILLER, Jailor",1aea0fcf-5fbc-4854-8927-5e84486a7f02,true
4bde9958-5032-4b34-b838-ca47e35eacd5,"ANDREW BLACK, Geolier",982ce236-68f8-41d1-825d-db53c21f25a0,true
5cb48172-89a9-406e-8394-9ee2b879dbb6,Richard Carnes,0eed3b77-a7c7-4bbf-a677-c0f0a4eae3b4,true
91c09a9a-875b-40d3-a987-4bf56d392eb6,"P. C. Harrison. Dépt. shf, et Jeol.",6d15a033-b2f2-43c9-bbe4-3c698a4b522d,true
b97c1517-7d62-407e-b68d-ccebe7fd072b,"M COURTNEY, Sheriff.",3febdaaf-c241-414e-beaa-c3c7a9d6758f,true
ad5f7531-8853-4b48-99bd-52121136acc1,A.M. Holbrook,28249203-917a-4fea-884c-7c2b3b61ed4a,true
c43f8bcb-81b1-4fd2-9eab-afd5006737fa,B.M. Shelby,e56a0816-3270-413d-b813-7c580792cc90,true
26a36ba1-2c13-4a1a-9733-96f11cf8598f,"R. B. McRae, Sheriff",5152a01c-aea2-42a4-8335-ad1dd197d2de,true
07386fc2-d023-4b4b-b97b-50837fdf28a2,"Rogers, Barker & Lord",014eaf12-f807-4bd6-aa77-2e8885534580,true
14f8b4be-22e7-43d1-81b5-17e9e7968ecf,Cotton M. Stevens,55b29dc9-be2d-4ab5-b354-bcaa20230149,true
ecf853a4-e284-4530-ab05-e618fbdc4726,"IRWIN, HALL & WALTON",64e1a126-1033-44ee-adb0-3021e578a6d6,true
e8653445-9b49-4e80-8ca5-ea5d334e7a98,"Irwin, Hall & Walton",270c6d1c-5a96-4b07-a94b-e6ccd0c2206a,true
49a1a778-84a3-4774-9a79-9541d0001002,S. L. Riddle,3f89fd96-e9b5-4e39-a2e5-4c023727ef50,true
e490f30c-72f1-4432-87de-ec5ece62260f,R.M. Jones,7b58d87f-3938-48db-8763-c280db4facc7,true
8f215c2c-f880-4212-9490-28fcdeb0ed88,Robert Smith,ea566f5f-92d8-4f8f-8ba3-72e7c9db71d7,true
5d9471a8-214d-42ab-9407-41dc66ac7fb8,"James A Rogers, Jailor",02ea6d05-297b-431f-bd98-6b2e47b3e063,true
216dfb93-ccf2-4a96-9e26-81a082f57755,"J. F. HUTCHISSON, Sheriff M.C.",d12bcb8a-1c83-4c0b-93ef-b369a7c1b068,true
21ba2004-3cb5-4328-b944-072f1ff6bed4,WILLIAM McLEOD,f9203ec9-3891-446c-b726-df1a5f645400,true
8c55f16e-4012-464f-9293-e6dc83c687bc,Joseph Baxter,43be230d-2b1e-43ed-8963-bb25cddc2638,true
313468eb-d81b-4e7b-91c2-ec0466345938,M. Ware,{undefined value},true
38e9a2c6-e0a6-4217-b313-50d05c4e1a28,Not provided,00599968-e1ee-40f6-9a95-2c6858072872,true
5ca79a83-94e0-4dba-9cf4-1760c66f3bb7,Tilmon Niblet,bdbdbf61-3616-4691-89e9-bc9b358bd839,true
20a1d9ea-1143-40ca-8044-500214ef9139,D. Schuler,ef4f4f1f-be4c-493b-aa5a-a42c01b37949,true
8f8bbcfc-1a0b-4691-956d-2fba23d76c6e,Robert Micklejohn,8897c8a8-76ff-490b-8029-5882a9a2353d,true
b530bfe1-9921-49c5-b94d-547689521e49,"CERISAY, Shff.",a34ef7a6-2aa7-49f3-b38f-0ba6f1580797,true
f71e042d-43ac-46e0-a425-e3c7c30cd7ac," J. BATES, Jr. ",{undefined value},true
ffd828e6-3f27-41b9-8d70-28a94214f7b7,"John R. Hutchins,  Gaoler, Camden district.",10ecceb2-922b-4afb-b3a6-0bef5bd5ba9a,true
76546ea5-8cdc-43e2-b289-5a06f432c18e,Payne & Harrison,1a4855c8-f7bf-4d6a-8586-8467aea3d6bf,true
e65e4f36-5ab3-4d3e-baa3-eff9de413b7d,John Lee,214129a7-d6c1-4654-aed6-0bc6153c8df4,true
610d475a-734e-4cc4-9bdd-47b8503665a0,EDW. L. Roche,c7012f81-508d-4913-9c4f-094d9aac7d17,true
7389c0d1-b341-4650-90dc-e445ae24daa1,John R. Daniell,af2ca089-4fbf-47b5-b835-ddd39cfa41aa,true
1e266b3f-04cd-482d-aa34-4039d81f5523,Laurence Brengle,aab3bdb8-815b-46f1-abac-add3f6a4b4ae,true
79522f00-dc1e-48d5-8304-71a70dbe1b91,"Cerisay, Sheriff",11da2dde-a823-438d-90d8-5d468fd2a8ce,true
99c01d0b-ff92-47e4-9201-c21ea4bda3fe,Foucher,7e0f4567-0990-4e4b-b3a7-5adcc9a1da9a,true
93132515-e7af-4a8d-ae0f-9c3409cb3249,James A. Rogers,a710c6ae-46f2-4b40-9109-89d6b07df635,true
015a3113-03c8-4319-b74a-b6dfaf44fdac,James Talbert,4d0a57b2-22c3-4264-a43e-598a533a5bb0,true
ef68ee57-753b-4143-8139-8420400db602,B. Toleedano & Taylor,{undefined value},true
0f9299cd-1221-4d46-b9df-5bd7e5799a27,B. TOLEDANO & TAYLOR,{undefined value},true
db0ec2c2-7e08-4dc0-b570-4c09bcb4f4b8,John B. Hussey,4509b04b-b131-49b5-a081-c63ace6ae249,true
89b47371-960c-4b7f-a51f-e9b2cf7fcfa6,W.T.J. VANN,421ac39f-0f5b-494f-b3d9-d477a0d9698b,true
5095b8a2-3a08-462c-80a0-e52e01b01188,"SIMON MEILLEUR, jailor",21a302b8-54a8-4dd6-9e16-eb7c383f913a,true
a4d7859f-00fb-4537-a33e-60a807a9ca1b," EDW. SHIFF & CO., Agents of J. Tournillon",d0ba392a-77e5-4b20-b5a8-d7d4a426fccf,true
a9d0c76d-45cf-4ee4-beca-c1cf745a49ab,Zachariah Lockett,fb58f487-9aee-4d20-b14c-f2a34e7ecfe0,true
0df0ba87-17bf-4d71-9e7e-b1e26c49a00f,E. D. Hall,{undefined value},true
e02c05b3-8909-4ac9-815d-00e5ff3e2da9,PL Trepannier,a1809c5e-1201-40e4-948a-6bd6fbe09d10,true
0ded03f9-95c0-4119-b49a-20440cc543cb,Samuel Potter,7797117f-9db2-48a0-b76e-05b59e0303a8,true
4173fab0-ccc1-48d1-bba5-e0664dce0880,P L TREPANNIER,80c4362f-77b2-4d3e-be97-990541e9b020,true
03451c75-6652-450d-8a12-c5b5e80327ae,Payne and Harrison,e7822bd3-847a-4f51-9abb-52a11fa861af,true
256fb31d-1481-4e60-b1b1-89de9e02c8c8,N/A,{undefined value},true
bc271a0d-f0dd-4399-b7cd-d9fd6ec04ec4,George De Passau,345cb03c-796e-4b28-85ae-1cbae6923307,true
db283445-782c-4323-a7af-b8fe2f03714f,R. Micklejohn ,a1e076c9-559b-4332-ab08-fc3f857d3a6b,true
d61b4027-ea8f-4f2b-a856-49960765591e,John D. McArthur,47ae0e97-928a-46cf-8f16-3ee47d72d1ee,true
61e161e3-ef84-479d-b8f0-0801fc0ef2a3,J Yarbrough,989ddcfe-9011-4562-8be5-b81fdb74404b,true
cbfc1048-e9e3-4eee-bd80-406d15a2f6fc,"J. Davis, Jr",{undefined value},true
4c516349-3acb-4a1c-94b2-46a77a0925cc,Jno. H Hand,281b1473-8299-4c5a-af38-11007c92b6af,true
106e5922-b60b-4ad0-9be4-a66478e2b2c0,"Irwin, Hall and Walton (multiple people)",e7822bd3-847a-4f51-9abb-52a11fa861af,true
a5ea264b-e9bb-410e-bb2f-c186781f9ea9,L A. Foucher,{undefined value},true
214377d7-f2fe-41ef-8b33-7398f54aa8a0,James Paine,014eaf12-f807-4bd6-aa77-2e8885534580,true
f7431d43-14c6-4a75-9927-ab49cc58e8aa,P L Trepannier ,7f1f5bf4-07ef-4b19-be02-3733c35a58ab,true
1075e943-770c-4086-81cf-cda093e14d6d,Mary Robinson,0afd2704-9c29-4f31-9ffe-3627c61e7958,true
b0815bb3-6745-4a0b-a186-069c61ebe0a1,J A Beard and Co,29eb9e75-d464-444c-b0c3-031f7e8e2cd7,true
279ffb5b-e93e-4697-8ef4-e2a73ca694cd,NAPOL B. HAWKINS,{undefined value},true
60692de7-88a7-4cc3-9e66-ea081926fdd2,GEORGE de PALAn,08887da8-da0a-4991-816c-f8e7486a0c6f,true
b1c8428a-0dec-4534-a093-d1076939df54,ROBERT MICKLEJOHN,12ff3d29-b774-4c2d-87e7-db86f38ae45f,true
295dc020-0bb1-465c-826c-6ac8fe390ba9,T.R McCLINTOCK,99a10262-33a1-4e7d-81c4-47eca4bcb0a1,true
59029713-1d6b-4325-8755-793d47b968d5,Orren Moses,d9038f03-e719-49ab-8572-2806488d99ca,true
c7b9a3ed-6ab5-45cd-bfd4-0cf601dad471,George Jackson ,025673de-f572-4a6b-a889-478a9f9a7443,true
03e8f0b4-d9b4-4e8d-8e1c-b877421dc5c6,Rozan,0dbfc2f6-255b-4d67-a52e-d2eb430350b5,true
5a3ea1ba-d5dd-4e24-adee-953bf0d3f9a5,S. Herriman,{undefined value},true
c4d69eea-0788-41d9-a394-7ca82a716bb6,Simon Meilleur,63a03163-cd9a-4f10-8187-78e5e07bb6dc,true
aec615be-3363-4fde-bfc0-ab7db11fd2bd,H.S. Harper,7d6351d7-eba9-4d64-976f-d88ccbee67cd,true
60e678ce-c4cf-4883-940a-9d2cca362e77,Lewis A. Box,38773e61-6822-49ac-b9d6-88224d77c2a9,true
22e332ae-675d-40e8-b83d-ba3583cbaa7e,J.P. Bates,06634f71-ced3-4e24-a2f9-bb75a0739262,true
1b3ddbea-0d25-4502-9ab5-17615cc53e05,Thos K. Slaughter,f2701adf-65aa-44f3-a848-534ea7252b8e,true
6c990c7b-c39a-4ece-86c7-c8e62c2b5017,Jh. O. Devezin,{undefined value},true
774b4ae8-2333-4fec-96a1-57d2a16c28a9,Robert S. Norlin,71abb399-ef83-4b35-9722-036f351c7cba,true
fa63958e-4fb1-4bb8-9b5e-056d70407333,J. Bates,325200c7-edcd-4488-b66b-9a5907ac1c95,true
96c8cdcd-8a24-4c26-adaf-1efa2d08618a,James Graham,9a8b14c0-f4fd-49a3-a88b-23666496b654,true
3a36cb87-3611-4ff2-8d15-ab3ef465b6a0,J Simpson,4c7852e8-05a9-4ebd-9566-fdb28c70b294,true
31f8317f-ee7c-40f8-8ae5-ad3941206a6a,Simon,e7822bd3-847a-4f51-9abb-52a11fa861af,true
84253d95-9150-43b9-9fd1-ceb364fae9b6,C. Crine,ce13d447-3ade-4620-a174-4c5d381d9381,true
043bea70-ae98-4980-9dd1-a5acc0765e92,Lindley Roberts,6980eb5d-545b-4fb7-9875-44c3fb62129b,true
4d1376e4-9932-42f4-947b-d7f9b89f90f8,CAMPBELL & STRONG,e7822bd3-847a-4f51-9abb-52a11fa861af,true
9fdf47d8-3d06-4e1f-8c73-518ef7facfc5,Subscriber ,10c4f463-aaa4-47d1-b135-56a52ec0b089,true
8e723554-8974-418b-ac80-616ee285230d,O. Roubieu,{undefined value},true
4ef5c3e8-9877-443f-88a7-08e125a08e6a,R. H. Vickers,110e74d2-49f0-48e9-bce2-36d35fc6b945,true
d89cad4b-9af1-4dad-adb8-5c621c93f0ac,"W.T.J. VANN, Sheriff",7797117f-9db2-48a0-b76e-05b59e0303a8,true
3465c85e-0101-4bc5-bc8b-2904d51cb555,"J. Bates, Jr",{undefined value},true
a9f8cf31-6549-4932-a9c2-ca71a8ee5226,Simon Milleur,c1fa71e2-e026-405f-a778-c1dfada6b281,true
94c73271-eae8-4438-9568-c7badca4265d,Richard or BIG DICK,1eb4cf1c-3ec5-49ea-8484-ccab314b4e25,true
78afe4e3-0295-4831-be88-0fa167376d5c,Raymond Harris,116bb72c-68c7-44e7-8cb2-f77e52845af9,true
e9b72f8e-db61-4417-9a03-897a11769210,A.F. Neal,{undefined value},true
4066d4fe-1005-41df-b955-c60027cb3f13,Geo. A. Botts,bbcac6dd-d426-4054-9918-367f7ab750db,true
bf7349b3-8c1e-4326-97ff-d706dd4d21a4,Joseph Chevalle ,{undefined value},true
26b2c5bf-fab2-4805-9475-ccfadbe88552,Sam,0ddc71e2-660c-4418-b683-2ba157c85c80,true
8e22a482-e970-432c-8dc7-9605028345d0,W. W. Montgomery ,6d3bf158-b7f8-475b-97e0-c0462c0d5223,true
110447f3-8026-4820-9266-b482231a9435,Geo. A. Botts ,239a8c7f-542b-447e-b0d3-1e3c9a7e4515,true
b16579bc-2bae-419a-ba73-a4f87d7130fc,CERISAY,cdf668a2-a15a-4ae5-a707-8f45db1c691d,true
091c8607-e00c-459e-bfcf-1aef92d928c3,Taylor Lawton or E.M. Raynard ,63ce9377-4049-4226-8775-0271ce92d0fc,true
ab817829-728a-4b10-8de1-d3ed71d93941,Mary Ann,91d0f39a-41a2-42fd-91da-f56e68642878,true
854aba84-13e3-4df1-86b6-3944f2dcf8bf,Delaissise,2f0046af-be13-4976-be42-aed9453c0c60,true
7ecfc861-680a-457c-98f5-8a6c4ebfb550,LL Trepagnier,ddc6136e-3eeb-4e9d-a6c4-7f7b7423e1fe,true
1dc634cd-cf85-4548-ad18-349b090bb54d,"DAVID SHULER, S. O. D.",ae34b637-045e-4979-9f30-83caad9b9f24,true
ff333b22-5d81-4f22-9c9c-a2779d1895fa,J. Bates Jr.,{undefined value},true
46a26c22-9344-4bd9-8bb7-c9b4820eaff4,P. Rotchford,0aa4caf7-47ab-4975-a6f8-16c64e453710,true
3f9aed7e-5ca2-45d0-962a-862f8c83b3a0,William S Boag and co,24e2071a-a68c-4a5d-b33c-f15fe908098a,true
bdba88aa-6c7e-4ec2-bb31-1a9a686b3046,H.S. Harper,f4674b39-f115-415f-8cbb-3c8f0c1d7ed3,true
bbab372c-9de1-467e-9c59-00353b649690,Henry B,{undefined value},true
f3cec51a-0e6c-4150-8ac7-73008409c242,J.B. Malliet,5f9caf26-fad9-46bd-8f76-7bc77b93bdb4,true
6761aa6e-0c04-474c-979d-edbb2c65f6e3,R.R McClintock,99a10262-33a1-4e7d-81c4-47eca4bcb0a1,true
bb4d93c6-e56f-46c8-ae8b-d83a64b528b6,Henry Durden,154645df-d91e-412a-bf66-75f64c63a526,true
e7129e43-c500-4187-abdf-8df406ec4c05,John Jolly,1cf4201a-256e-48c7-9d8a-48652ed9fb05,true
104d3f28-9609-4342-95a3-4a1d96810207,"W.T.J. Vann, Sheriff",aa4592b2-d299-4b88-91eb-d833fbe71b97,true
3974bc7f-bba3-4c9d-bc24-ef3c2ad7d0db,Joseph F. Brock,8dc65a21-dbd7-455a-8964-ad7c4f704f3e,true
c07ea5cc-39f1-446a-8987-2fc54b40a255,Paul Kistler,30c19220-b981-4544-83fe-255a1ef45539,true
fa2c05e7-bbd2-4625-b5ad-72348a113823,Miles Costin,d47d3800-1efd-4e46-a840-b5aaf632103c,true
9119d001-639f-470c-8b03-4ade19648b52,S. Meilleur,878c61c7-863b-4ecb-9f43-ddc8121f1525,true
cc8fa8f0-1835-4b89-b993-9a08bf081d79,Geo. Chisolm,de65446d-c806-402b-8213-4b12ede6a325,true
b1a0bc3f-f72a-4956-bddd-d575482d80bb,Coulon Jumonville,59ce82c7-12ae-470d-a761-5e19e519d349,true
82e61394-e9f1-412e-b9d0-a4f7f393c93d,William C. Lester,6a4bc16f-582f-4a39-8366-0448ecf49c03,true
ee7199fa-7942-447b-bafd-bb8a57ab789d,J SIMPSON,{undefined value},true
bc0b621a-b672-4eb4-a321-5bfdb7fcefd4,"R.C. BLOUN, D S",f100852f-5252-46f3-9896-10be248629bc,true
86f3ab49-7cb4-4ec5-b6cf-d792fba4aa39,Daniel Moorer S.C.D ,afe2eb29-5744-4285-b326-ac9cbb4e8efe,true
c6cfe3ba-2bb8-46d2-94d1-9ef48d981c69,C.A. Boon,9cac8d81-3d3b-46c0-9a23-bb2ee640b85a,true
3f0ba84a-6498-4fc6-953b-0157f4a281d8,George Creager,272ea116-48d8-4698-94c6-5837f41b1a83,true
a01f4d79-7197-47bf-bd59-aa8940e65023,John Stewart,0127c7e1-ff75-4d8e-bd1d-c4ff4c7f0412,true
803f3832-e67e-45b7-9a4e-0d0ebf06d57b,W.T.JJ. VANN sheriff,101d9389-fd33-45d3-9fb4-4307dd7f527f,true
0456f1f7-d414-4dde-8dff-b3b247af8958,John R. Daniele,4cbcbe92-6eac-4c3c-ae3b-37a8742c7ef4,true
f2d3bbc8-fb60-4662-a4f9-d8610e3b3ed1,"W. H. HIGH, Sheriff",d5e19140-b1dc-43be-ade5-4ce6e486658f,true
b7d555b1-c1e8-4e62-a7b2-263510dc25ee,Payne & Harrison,63c82a67-6162-4500-80f5-ea96a9f98ad5,true
0746b970-d274-4284-af5d-2c8a01f86073,"John Lanier, Jailer",064c1fa0-49b9-4f55-b6b8-3bac89992746,true
7240310c-f108-418b-aaff-9430fcbde29d,J. Bates,{undefined value},true
6d7af304-351b-4343-8e3e-beded4ea32e2,Shrophire & Ellmaker,ef9e8910-7bfb-4c5f-bb91-91db326a2a54,true
a5b72740-17dd-4a2c-8ea1-11b172ce37ee,THOS. J. FRISBY,03ca03dd-68cd-4f8f-bdb8-373c78581fc5,true
9cd94900-3a26-4046-b53b-8b0b86998f21,J W Woodland,c8a6b2c7-eb66-4c58-a15c-bf5bf9490ee9,true
01aa9d7a-58e5-452c-9394-d3c592118f05,C. JUMONVILLE,90f8abe4-f12d-49a4-abb1-8e9209d1df9a,true
29e089f4-bd3a-444d-966c-a391292f7348,JAROT MATTHEWS,3413bc24-e4c8-4af4-ad0f-3995057935d5,true
f436f36a-8c43-4dc3-a9c1-2f9e3d4df34b,"H. W. Bradley, Agent for Flournoy & McGamon,",08d8992a-a7a8-4bbf-850a-960f7fad1405,true
69ba92bc-b934-47fa-8e7e-a2ce4bc72839,Elisha J. Anders,d8446b0d-158f-456b-a49c-2ef8bcbefeee,true
afaf5477-7c0f-4168-8356-6540a7e28ae0,Wm R. Bivins,6f13ef43-8514-46e5-8447-c9305cbd2d8c,true
ee660b07-b551-4df3-a58f-fc6ce62ce384,WM. R. BIVINS,6f13ef43-8514-46e5-8447-c9305cbd2d8c,true
1d9df73d-36e7-4c04-ae05-86d88fd87866,William A. David,4c7d0fb8-7d50-4ff4-91bb-09ea4ffa5716,true
272de48c-9815-4681-af2a-09da2e20dc5a,WM. Mayo,4d136fd9-0795-4503-ba03-6c9f557d01d7,true
98757486-fe29-434c-83d9-df6a2ef05f18,Simon Meilleur,146afb24-357f-441e-b5a9-f3fff1cf4cd3,true
af0816aa-e20e-438d-8faf-f0045d8800c0,L. A. Box,6f13ef43-8514-46e5-8447-c9305cbd2d8c,true
aad52111-d43d-4581-8815-7f5055e0052d,P C Harrison,cb015268-eee3-466d-ad91-1b56e5d77147,true
7f054991-6024-4939-85fd-a2cc999e9d2b,H.T. VENNARD,11ba5c89-961f-4935-9362-eb3dbef8a2bc,true
6fd097f0-8c6b-4d75-a0f6-71335a5b1711,A. Philson,{undefined value},true
a588c0a3-3e83-433c-9b02-d8cc2d73b2a9,J.P. Bates,737e7668-f589-4ce1-8993-8229f4ddb967,true
a068c441-da79-47c8-8c70-4e09701bcf50,ENOCH ENDSLEY,811cc97c-24e3-4949-a061-4662cb3b48c6,true
549e73be-1f93-4906-a782-8439b3bbc34c,M. L. F. Redd,d157631e-e0a5-4d09-9b1f-fd270558f71f,true
92311ab5-296e-4188-a5fe-3e7d2cabeb46,JAMES TALBERT,dd629687-01b3-47a6-9791-abe6a096b091,true
8130af6d-e398-43c0-a70e-d2fd6344cf59,S Meilleur,5f0bc0d1-01e8-4e67-ba84-02463bc1ec9c,true
0fafb2c9-866f-4322-800e-662595d3a759,S Meilleur,{undefined value},true
15923314-c3c6-4d44-a222-3167722e4d52,E.J. Lambert,f12255d3-fdcf-4895-96df-09ca0a2d466a,true
58ef6d3a-8903-4699-a0b9-bf63813ea936,"WM. SEABROOK, Jr.",49872c3d-6728-463d-ac31-f0b41f439035,true
67a601b4-bfb3-43fb-ac19-3c15c2190c64,J. HUTTON,{undefined value},true
865b5d6b-6777-40e6-ae4f-a6cf844a4f5d,J. Simpson,00fe1bbb-ddfe-4319-ba96-38e4b55d1ad2,true
efa3d98e-f85c-4a8d-a8f4-f7396f1861ed,William Bayard ,{undefined value},true
f1b2d29c-8e48-40f3-8a4d-aeab35197203,John Fraser & Co.,05a63752-e272-48f6-9050-72590c5d7ac9,true
b589dc87-d115-4745-abb6-c6746fca142f,ALEXANDER MAZYCK,9ace5d15-1db2-4b4a-82cc-d4eb752ec5e4,true
22bc79c3-555f-4672-9ee7-5d209bde82bd,William J. Parks,4bb092b3-81ee-40eb-b273-fe9bae86cef8,true
83f85c7e-9b4c-4dd1-a442-fc67d12aa2fb,T.J. Pretlow,31012950-b11e-43e8-a174-19ac2c23f76e,true
73e78045-0195-401f-a72a-fe503bca67ae,J SIMPSON,59ce82c7-12ae-470d-a761-5e19e519d349,true
f154aeeb-92cf-4547-80d4-7848ed244da3,P. Sheils,8567331e-d6a5-4610-bd75-c61a518ec31b,true
a594ff9d-4c55-4510-b244-23cfdd967a67,"Reynolds, Byrne & co",a94e7bd7-1d7c-4967-9324-30275b10a298,true
016b23fe-802d-41b0-a837-b64bcb15f2fa,John Anderson,21bcd0c1-44fe-4636-9b7b-bd89878174b0,true
0ca9bd47-afb0-4bff-a183-f3ccf5f316fc,J. Muse,61ff1c5c-0503-4b29-86f8-cc8e2f14065b,true
883b79bc-dc19-4b29-bfcc-166939f5745c,Simon Meilleurer,59ce82c7-12ae-470d-a761-5e19e519d349,true
bf1d8deb-521d-4734-8c74-b75458bdd91b,"REYNOLDS, BYRNE & CO.",90f8abe4-f12d-49a4-abb1-8e9209d1df9a,true
bcd81041-6b94-4e01-b450-9a5ec71c914d,Robert Dunbar,9570f896-b6ea-4876-92ac-74f8df41c711,true
0eb4765a-237c-4fa0-b577-ebd4b6691bc3,G.H. Ruede,569832ff-eb99-4b20-9c82-edc322758109,true
f9154bea-07c5-4066-a781-fd1b988b2b82,Henry Findley,06d163fb-b936-48e2-a589-3f1815ca4b7d,true
4f7434d0-dc98-4913-a3d1-eeccf165d058,S Meilleur,8939e824-4367-40ab-aab7-80f5a66267f6,true
d5e7089a-c62c-41e1-9f36-1948d85a682d,JAS.[James] ROACH,19c9119c-cf41-4fe1-a4d7-0ac4729f9f91,true
741bff99-574f-4413-8b1a-5b396b1f6015,JOE,a7727e0d-3bee-439c-ae90-920e6b2f8a69,true
dc79d6bc-c7d0-437f-b3fc-a0980115d709,Samuel Rawlins,2307510f-5a1a-4e92-a171-e6f0f5ee1401,true
3655668a-caf4-4940-835c-f78fbf638ace,J Simpson ,257b3c80-9754-45ca-823c-3a3efdc4294a,true
fbe1f2b4-254e-4a86-a86d-5e3aae2cdbf3,John Fraser,05a63752-e272-48f6-9050-72590c5d7ac9,true
cbea62df-b57d-4d02-b726-7d2e77a1cb0e,R Micklejohn,{undefined value},true
938ffce6-8146-489a-acd7-43d15b8281f7,J. Bates Jr.,44c1e34e-1c45-4dbf-9c17-5916fd215204,true
ba620f1d-44de-4faf-9044-1c36a5796bfc,Martin Green,04560cbd-c213-422e-a6c8-f3b42f80dc0f,true
618fdefb-eced-49ed-b34a-62836cc9f1b9,P L Trepannier,87bef0f9-8444-428f-a04d-8835de0eb0d6,true
1fc534f8-5b28-483a-b1ca-14bac1238e44,James P. Bates,0af51cca-1c11-4dc2-9b10-9d1a87eb9383,true
ba7630c9-5a5f-409e-82cb-6f0432c6e3a6,R. Micklejohn,343f2d3a-9c85-4358-af88-93f5384a9903,true
0d72b7b7-a105-4625-b492-abf312fd5188,James K. Polk,0126a125-0485-48bf-9315-d4bca5eac498,true
b04f34ad-5a47-476f-8cdd-730faed51664,David Shuler,{undefined value},true
abe47e54-9d0c-4fac-87d0-078876d8af74,A..M. Holbrook,0063843a-42e0-4894-8f1d-d7a929585721,true
74ef2197-30cc-4482-ae11-c74bf19c6fdf,W.C. WILSON,9b7fdf43-51e3-458a-906a-5033921fe693,true
17d3309a-96a5-43b0-b498-976c2e3da4cc,Jas Talbert,1a4855c8-f7bf-4d6a-8586-8467aea3d6bf,true
c67e76ee-2f6e-4a06-b509-71bd0a42c947,David S. Smith  ,b9a569c6-771f-4cad-afd3-fb9422cd228c,true
7c458fd4-dbca-4326-9b69-2ab325898801,George de Passau,3b85106d-e46c-40cd-9982-598eecb95286,true
d24ce1ab-b1ff-4fda-b25f-456ead7f095b,A. R. BAINES,{undefined value},true
3b2e597b-c0d5-43da-9efa-dd6fa47a0904,John Waring ,{undefined value},true
62e67f9c-cc66-4501-a059-8ebcdc8ece27,JAMES TALBERT,7870d505-10dd-4952-bb6a-4990cc9fde97,true
7ad9af13-6d78-4b22-baca-77c7df5bcf81,Ebenezer platt Hartford,3004a88d-b8df-45d3-97f3-e4b8aea56bc9,true
6223cd01-4a2c-42e8-bd7b-964898260f23,L TREPANNIER,e46f5874-49ac-43c3-8191-ca3ddb98ec6e,true
7939178b-95d4-46f9-b089-199b9b058649, J.B. DUPEIRE,{undefined value},true
893dcb04-e1e6-40e3-9a0b-e031893c552c,James Wills,{undefined value},true
9f94ccb9-82d6-4745-a55d-ca35ce15684d,JOHN S. SHEPPARD,{undefined value},true
a6446cd8-ceb3-4cc1-92d1-176aa714b125,Executors of John McDonough,6407df2d-7cd9-4b6f-92d3-c2d01b40a844,true
5357aab6-82c0-4ac7-a41e-8cf30400a4ed,James A. Rogers,a848dbbc-4315-4c9c-bc42-c85c37b490be,true
9bf083ef-c6fa-4389-a651-772c034b78bd,D. Zubly,{undefined value},true
79df8f5e-3c52-44e5-8912-63ca026c6e2a,THOS. R. Smith. ,95a2cf03-618d-42cc-9323-882f061a78d5,true
f108a1a2-fd43-4161-bd5e-0f41b098829e,Green Gray,384d9d90-7915-4685-b99a-590f8393d809,true
2d542bf0-6d21-40e9-857a-0803e17a5fc2,H. S. Harper,080583a1-d172-43ed-9160-231fe3e4e0a3,true
450d8a92-9eb3-4d7b-80f7-d3249868bd64,S. MEILLEUR,78a89189-c411-44f2-8750-6a61c2778473,true
911417c6-f378-45b7-84fe-66630f180e43,WILLIAM L. HALL,{undefined value},true
97b5d874-c151-4784-9988-e74c0351df02,Lemuel,{undefined value},true
64994f97-a4d9-4df3-8bdf-973b776e472b,"Lillard, Mosby & Co.",5e46e946-5813-4908-b3a3-b43d2c1ed1ba,true
7f4b0b3f-40d3-4c72-b221-df69b76bea5a,WILLIAM A. JARRATT,{undefined value},true
7b1572b6-fe1b-4088-a437-d82b47a7be1e,Lewis A. Box,7a78e783-b341-4c95-b1f9-e54c75f2018d,true
94c4408f-1586-4f15-9dbe-fceffb60fa7f,David Smith ,89056a2a-e7e7-4ffc-8261-456150bba3aa,true
ac4a9b2c-666e-4142-af37-9fd49168f621,Robert Graham,{undefined value},true
3f476a52-378d-42d6-a2ae-0bd3fec670a2,frank dutcher,{undefined value},true
a12e6233-d05c-4d96-b82a-b790bdf553f7,Daniel Wood,346fd160-9c85-4de8-96d1-ff1a9c2d40be,true
b94e80b8-3004-4ff7-abfa-15aa3ea30cb3,Evarste Blanc,71d5b64f-5e39-46c8-a429-3547dd716f28,true
e20ba393-abda-4e69-82cf-e83220f4938c,John Charlton,eae621ac-5d6b-4aca-8cad-eb977c52471c,true
2fe7379b-b5a4-448f-a830-517d08f36659,William C. Lester,086592fd-bcfb-49ec-b231-1361894686ba,true
c5a3389d-9b50-4a3c-b414-cc20e209e989,John Gilbert,d564e161-3ed4-44ac-a131-07531811ef86,true
095128bc-fb2d-4f14-ab80-cfbf16bcdc71,E. Beauregard,0dbfc2f6-255b-4d67-a52e-d2eb430350b5,true
302dc159-a062-4270-baf6-695f89bf0a70,P L Trepannier,c2973942-4379-4e9c-b588-4f1d04eabb79,true
982f1c48-1589-446a-b731-7dce9618e174,Edward M. Heron,0716f2c1-9e4b-44a0-b56f-1634d0a5fc47,true
076295fa-29d1-442b-8410-0e8987c11cd2,Edwin H. Pomroy ,7f380284-6aa9-4efd-b77d-48218422aef2,true
419a9677-44ab-4ff8-93d3-28b31814efdd,P.C. Harrison,815a2142-d30a-4c90-873a-6c1fb4dce6f0,true
0d64a198-726d-4b94-8160-012af96fe8d4,WM. DUNN,4bdbb284-f3ee-43ba-a0f1-107ec5286930,true
5f801d8c-3375-4cca-b6b4-a3df14e38e98,CERESAY (Sheriff),{undefined value},true
8a82afbe-65d4-4e73-a12f-d4bf214dcb5f,J. Bater Jr.,239a8c7f-542b-447e-b0d3-1e3c9a7e4515,true
24334d96-d46a-4ad5-bd97-25126143d4c7,P. Sheils,c624c37a-af84-4ff5-87d3-6dbbb006a3f8,true
9f47fab0-cf51-472f-976b-ae42fae7f60e,David Shules,9b5fcb11-5145-4d48-a865-6cb35e0c4617,true
a33c61d7-8d5c-4ebe-b3f2-a3692869fab9,George W. Underwood,fc7d4b42-9ad4-4861-bf2c-298619af58b9,true
afc2b52c-b5b1-46fc-a6c6-eca7c0eb722c,Townshed Dade,42bc4266-b29f-4bc4-95f2-39c514e51935,true
89257c31-a19b-447f-b93b-728440a2d8d4,A.F. Knipschild,baea13cc-516b-4cb5-8ec5-34ea1214b8be,true
feca951d-b775-478e-b10e-1dc41a2203b5,R. J. Jones,a7727e0d-3bee-439c-ae90-920e6b2f8a69,true
28fce5f0-5368-4328-b26f-73cd2a54f2c1,A.F. Neal.,733b8b8e-04b6-402d-a669-1a90bdfb3fb3,true
87ca0679-9b01-40a2-a804-7eeab8aa3f99,P C Harrison,345cb03c-796e-4b28-85ae-1cbae6923307,true
5d573b8a-9d85-4566-b242-744dbd6b4d3c,J Dusuau,dc6a0dc7-5d46-4006-868e-a97c73c05297,true
25e8a510-2dd0-4456-8469-039206858385,A.D. Duvall and S.T. [P?] Love ,14752310-4bda-45ad-9822-0ee8098dad8d,true
095cef14-fe57-4611-82cb-e9808a83b322,Mordecai Gist,{undefined value},true
46da1357-225c-4a6a-a5fa-89e5b4e51110,A.D. Duval and S.T. [Samuel P.?] Love,a97bc983-93d6-44bf-89ac-b78a82291da4,true
1d6a25e3-7988-48c7-8ef7-f38228872f35,John E. Foscue,15829ca1-db3b-4b9f-b2a9-625a39d2e1f8,true
c9e0b8c5-fd19-4b8a-8c15-60bad1dd703c,Robert Micklejohn,343f2d3a-9c85-4358-af88-93f5384a9903,true
b32bb5a6-68a4-407d-aa70-08f6c55c22d0,Thomas Kelly,779e7e8e-022e-4519-b89c-5d325b817b98,true
4f781061-0069-422f-9d22-1b292e42d9a9,Louis Desforges,227c1a88-2b9c-4f6d-b475-bf3e2c8115cd,true
35aebe7b-3a2e-4981-9fe5-fe2358e43d6e,HENRY DURDEN,a600112b-a8dc-42b4-8326-4cb12b2b3ac4,true
98bdaaaf-b489-4e04-a896-1cbbf2b62620,"J. P. Bates, ",6f3510d3-51f3-4ff9-af62-1a293a42e894,true
fc1b0d71-ef8f-450e-8d55-3573e1e58792,Jesse Farrar,6acd3e17-06fb-423c-a06a-075b23304eaa,true
dc2c90e2-7fbc-4a1d-81e0-d774aa311d2f,William Green,921c3e1e-e502-4e1a-85d0-41533ef77e38,true
15d71afb-82b5-4f35-8e48-82a2e6649ea8,A.E. Whitten,572e2fbd-4640-4853-9865-1b830a637a61,true
0ed976c7-2d8e-47e9-ac56-69afb1a561f0,Samuel Jordan,f6547bb6-c6aa-4975-a5e2-d46ebb204c76,true
d0045b7c-544f-47e1-aacf-211eb021e302,JA Beard,{undefined value},true
fe4f9d77-f0aa-4691-9a2e-da0178ce7172,"J. Bates, Jr.",44c1e34e-1c45-4dbf-9c17-5916fd215204,true
e8734f78-0e86-4f10-b8d1-3422189e0165,W. C. Wilson,{undefined value},true
a50e1241-c191-4fd3-898f-0dce02ea0822,P L Trepannier,19eaf233-79a4-4a8d-9fc0-ffd98fda24df,true
2d3a5a91-7a47-4f7c-bbb7-df087c48ceb7,Isaac Henderlite,f5eb9e66-56c6-4bb1-9974-b186d9aab7b3,true
e5fa4c01-3823-477d-b699-5fd866113bd5,B. Barton,9318ef82-0a36-4059-93cd-fda7a69cce53,true
2eab588e-4a87-49fd-990c-e841e0c74bb9,W.W. Montgomery,{undefined value},true
68265a12-37ca-4171-99a4-c89054709d1c,Jh. Lombard,{undefined value},true
0ce4fb4b-c9a1-43c2-8220-5f94d934c667,J. Bates,{undefined value},true
382d6719-3fbc-4d7d-9e28-5ae2a9a8799d,L TREPANNIER,{undefined value},true
ee2909ae-b3a0-4f36-9317-b7098a947e68,S. Meilleur,026f5472-34b7-4c69-aff8-9ae5cd62e07a,true
f04a99d6-dd46-4f3f-967e-370bd382d2fa,P L Trepannier,985fc7b3-2cf2-4cf2-bfbc-6f7c77844232,true
45320e25-58bf-46e7-b3dd-bf74eb8b9361,Ceresay Sheriff,59ce82c7-12ae-470d-a761-5e19e519d349,true
3cc3076b-98b4-4dce-b445-be643fbeeee4,Thomas Kelly,0c307e97-207e-4e24-a738-f59bd1917ed3,true
ff8f6561-2dd8-4874-be44-9e7e2fdd37d1,Elizabeth Lahiffe,{undefined value},true
7020ad84-0dc8-4116-bebd-e7d17c76c587,P C Harrison,63d6c5a3-e82c-4e98-81da-324428b4b879,true
445da420-ce3a-4172-a802-f6820bbee2d9,E. T. Hersaw ,{undefined value},true
ac5ff41e-b33b-4eb8-bf74-933cc2a6f3c4,Hennry W. Lubbock,{undefined value},true
977a4472-f905-482d-aa6f-0d29bb4e7ed1,Dana JNO. Rogers,e7822bd3-847a-4f51-9abb-52a11fa861af,true
35782f28-1e3f-45c2-8f78-6f75eb171128,Nicolas Combelle,ec8670ae-5013-462b-a3b0-eccfb1c13a7e,true
1c40c18c-c180-41ff-9230-1256e2dc15bd,D. Froselaizs,95a2cf03-618d-42cc-9323-882f061a78d5,true
cfc67f1b-6808-4cc7-b788-3bc87aba44b0,Richard C. Ziperer,7941600a-f489-4e8e-9aeb-ff5c60f427f9,true
cdb5e3b7-32a9-45ba-8c9d-bed53fb63727,"M.L.F. REDD, Sheriff",0c2eda16-8ded-4581-afd6-8382b2b7b099,true
bbbd61be-1bbd-4172-b1b1-b566f1dc3538,Augustin & Thibaut,13be5007-04a5-41c6-8936-9130061fff3d,true
58b52789-b3a2-46eb-b4d8-7a4191491dc2,Ahimelech Hartsfield,8b744185-21ba-4c4f-a077-12d09447b2e9,true
5c5f9eba-0b38-4c6d-9851-5746b8051e21,J.P. Bates,bd0d7ecc-9920-498d-a26a-17321e502df7,true
b076e851-0fbe-41a6-bb8c-2a39f4c0d33d,Cerisay Sheriff,216b4759-951e-40e8-8174-c60ed002546c,true
3576b5c9-d458-4062-acc1-c9707ec4f12a,R.R. Moore,{undefined value},true
f9552d11-1a04-4c4a-88c0-96d75e6d44c2,GREEN GRAY,427412bd-c07b-4c7a-a16b-3b401e2aaa6e,true
69fd45d0-afb0-4c05-9270-f8e250c76eb0,   B. TOLEDANO & TAYLOR ,{undefined value},true
d39db97e-cf9c-4e5f-bf8c-40535792f897,Jas. P. Bates ,0af51cca-1c11-4dc2-9b10-9d1a87eb9383,true
e5f33380-c50d-4379-aaa3-d586673f35dd,Gilbert C. Russell,6671a400-3a27-44d1-8188-e64c9565cab5,true
636cba88-d731-44d7-9272-3558977bb904,"WM. R. RIVINS, JAILER B. C",507b5968-86b7-476e-a83d-a4307622ed57,true
02e082da-5ae0-4b25-8d1f-b116202095d8,C. & R. Lazarus,{undefined value},true
a9715d01-9873-4f7a-b80f-474e6d8f768c,"Morgan Sawin, Sheriff",{undefined value},true
d53627f2-aa27-4f5d-8b3a-8303e9ff4072,MORGAN G. SWAIN,71bb7abd-0168-49e3-9ea0-b6162cc1dae4,true
ef241ae1-c2b2-485f-b789-b9ec4571d987,Morgan G. Swain,35840b97-3a1f-465c-bee4-f21da06aab32,true
e844edd4-71f9-438b-8d3b-041b42fbaf12,W.M. Cook ,09413097-c4e5-46d2-9ce6-2578e26d9014,true
a8240e77-7f55-4ce8-ad3a-6fbd898b82aa,J Simpson,{undefined value},true
28ce95b9-4966-4a3f-9839-863e4d896071,"J. Marshall , Sheriff of Stanly County",8bc42b37-cf5b-4af5-bfcb-1230a1892178,true
cdaa70b2-4596-4f19-a8b8-81e7c94fb46b,R.E. Reames,4ce4024a-e314-4608-b4a3-533e7aad4097,true
e6b184aa-703e-4342-a43f-26880d46516c,LEWIS HYNOR,d980c971-24a1-477e-882a-bb9c9983e634,true
8039fb71-2d95-4a21-b1a7-6f044fa6981c,J. Milleur ,026f5472-34b7-4c69-aff8-9ae5cd62e07a,true
d22fcd9b-620c-4472-b538-b13c3af7ecd7,Willis Holmes,e656381b-e099-454c-9b21-91c4f251cca6,true
6b6e7d56-a508-43df-ae3f-ce0e2bf1b9c4,J. P. Bates,{undefined value},true
cc4cf07e-2431-4efd-8503-737f8b076a4b,H. Wood,637bec00-3410-4d28-989c-45cf9ba0cd7b,true
fe5c3430-5158-40a3-a3b5-6643bbecd777,J A Beard & Co,59ce82c7-12ae-470d-a761-5e19e519d349,true
ffdd7b63-4d6f-4a41-ac15-f135edeaea45,J SIMPSON,146afb24-357f-441e-b5a9-f3fff1cf4cd3,true
4291e5ae-23e5-44aa-a8db-c554c3f46948,"F. Beauregard, Warden",ecc2b3c2-78a5-4afa-8138-e2fbb38e2f8c,true
63650fc6-0217-4b2c-9152-4932166c8c04,S,{undefined value},true
023b37d2-cdde-426f-b96a-a11da87852e8,STERLING THROWER,00599968-e1ee-40f6-9a95-2c6858072872,true
174cef17-c825-4345-ae53-23102a29a02b,M. Ware,{undefined value},true
785c59cb-b0ba-4195-81ef-0c99ae910adc,Jas. P. Bates,f4eae264-ece4-4342-b371-a7e2f818afab,true
8b16890a-a789-4abd-9a95-0828f1be3368,Joseph Dill,62d1da65-3fe5-4a89-912c-8e66cf64a35d,true
49dfb828-a043-44f4-9a98-894e35ebdea2,Simon Meilleur,8320e76c-e453-4b27-8b53-e1a0fdcf28cb,true
ee900789-0bc0-4558-b018-a6135bcf986b,BENJ. F. BORDEN,420f0df9-d14f-42e3-8ada-efb17571e419,true
3410a5e1-8668-41f0-8483-778b214853e2,James Packer,{undefined value},true
65d06c39-1404-4c65-8a39-ff0c8fc385b9,Martin Nall,3f727624-f154-4d3e-a27e-6096bf262e0a,true
9d562398-e350-4ae8-b8c3-b3bea409111f,PL TREPANNIER,19eaf233-79a4-4a8d-9fc0-ffd98fda24df,true
3127db40-18a1-41a3-8644-a1ac801c5d12,John Comas,5a53d68e-8143-4911-91af-8f1c2d9bdbe8,true
72f5c8a5-b8de-480a-8581-1a7ce39d921d,Sam,fad923b9-1b64-4897-b8c8-26c10bab4ff0,true
81a1d583-010e-4900-8bf5-7ae82936a232,WM. Mayo,5545f682-b835-4c05-aaa1-939b4ad21e0d,true
84617875-2e9b-4834-b0ba-4c8c4830cf9a,H. Klonne,c8952f5f-a456-44a2-8f13-9a0297c23cf1,true
d7eb68cb-0b17-45bc-9173-d7185c15129e,WM. H. Oakman,6f75bd3d-a461-4ba2-93c1-74f63d4a7f9a,true
077af22d-4455-4043-893d-0f26d3d2316a,P.C. Harrison,541fa876-86cb-4d03-a60b-a3560d35a779,true
b2dbc8bb-ad13-481b-9bc4-e54ac5dc4b3d,A.D. Duval and Samuel P. Love,032be9f4-def5-4aa8-81db-c19d2b8bab82,true
bc94beaa-f098-4cb0-bede-404283b09858,Winston and Shall,026f5472-34b7-4c69-aff8-9ae5cd62e07a,true
d0f0a27f-bc8f-4211-a9b5-36d7980df0bb,W.H. BIDDLE,62da07dc-bc1d-40c4-a00a-dcdddbdda652,true
596b2f50-6c88-428e-a2c6-f8e058de31c2,Daniel Moorer ,e6030fea-0b91-49a5-a15f-5ea6d73316eb,true
46559de4-7396-4b63-a32b-9118c0dd077e,David Shuler,{undefined value},true
08d75c10-ff35-4674-b44c-1efae7e3b542,W. Underwood,d7f7d1cf-6390-4268-b175-b9695e6f9cfb,true
42eb763a-93e9-4ced-83e9-ceab08e6a88c,Simon Meuiller,88e1b20c-6859-4bd4-b1ff-74a3ffbcc060,true
940790ff-3076-4cdb-8197-9f0ef5607c85,Wm [William] R. Bivins,343f2d3a-9c85-4358-af88-93f5384a9903,true
cf13ddd1-7397-45cc-91a4-3f0e259c544a,Mead A. Smith,32421079-9442-4cbf-9d9c-14d29c59c6e9,true
5ac9f155-ecd7-4547-ac5a-067da6790f9a,WM. SEABROOK Jr.,e72b197a-cbcc-416e-a912-eb4749f1c8ea,true
62c077e6-e4f6-47eb-aa6a-240b6ccad4d9,James E Kea,135ad922-ae4e-46f0-8b06-2d53aaabd3d8,true
3a0b8624-60c8-4e15-9a40-6bbe8c7ac8d9,John R. Daniell,397de8e0-dea2-4c5c-b4d1-d1c13f95cf57,true
22e8fec4-310a-4347-9719-7fe511230c97,W.J. WHALEY,a1aacf70-1137-475e-afdb-d9808199b3dd,true
9fad5c83-15fa-4b21-841c-bc3e5b8aa3a0,J. Milleur,23a65bf7-019c-4332-a1c0-d3588f1283ea,true
bf96ad1e-b0cb-4c05-94ed-ad0fbfced94e,P.C. Harrison,59ce82c7-12ae-470d-a761-5e19e519d349,true
aa3f6b7f-b8d4-4036-b478-42fa3a1b8c02,Geo. W. Underwood,b24dda16-c61f-486b-9ebc-da70523f18ab,true
daa53658-67d0-4dec-bd7f-dafa3c1862fc,A. C. Watson,7584a0bb-cc8e-4749-a801-770a5be38a4b,true
e3b53e90-9ae6-491e-a79a-35f8a198f265,PETER LOW,52fc787a-bcce-41c1-b9ae-76d0e544b9b4,true
2cbbf572-79d3-4f61-9118-9f255baac49b,Robert Micklejohn,{undefined value},true
e0c7ea65-0007-43c7-9c70-f6d5f38360c7,P.W. DEBUYS ,{undefined value},true
f618f75c-9a94-4295-89fc-7744016ed19d,Robert Mickle John,917ff4ac-2d08-450b-80ca-66a8c20f9b19,true
bf17d69e-243a-4513-921b-4b02471d31a7,B. H. Warren,{undefined value},true
6fc05210-93e9-4bba-85f6-26d2e63d2283,Simon Meilleor,0e6b8090-4dc3-4e7d-9fd4-31a6a0b66fea,true
6c77e2cc-089f-40c3-ad28-b2d1a8834ae3,WM. R. BIVINS,301b81a3-7490-461c-a272-5b3dd735b7b7,true
d2d9d21e-7398-404c-9ba7-c372d549761e,WM. R. BIVINS ,047bf20d-0d01-4b6c-81b1-c18afe49ce79,true
7faa4bf6-60c1-4e39-8cb8-36619579764c,J. Dutart,6908ac61-a767-4e7b-8af3-6e537bd22b42,true
4a20619f-1006-41b4-a2ed-676d6018eee0,James Brownlee,{undefined value},true
1c6a0180-594c-487d-9ba1-d23fd8828028,Owen Fennell,98815bf2-21b8-492f-9a75-012bfe8eef65,true
a7e860ff-4b45-4fbe-b928-29e5ba473c58,THOS K. SLAUGHTER,c796214d-afa4-4795-acd6-3c195fffc013,true
c0be00eb-6510-4976-8d15-34a862e5d791,"E.D. HALL, Sheriff",7ec427e8-1c47-46e5-9c21-39ae62625bd2,true
8c1376b4-0561-44d4-9951-60e485ec84c9,J. B. Byrne & Co.,5fe1ba78-f00b-4a25-a448-3452d3aee48d,true
5d20ed9f-ab30-4fa3-ac81-05f809decdbf,J. Bates ,{undefined value},true
26cfbcb1-05af-4b9e-a052-5432f0e9839f,John Fryer,{undefined value},true
1632141b-68cb-4f0e-9fc7-cde7d96738cd,J. Hates,f4eae264-ece4-4342-b371-a7e2f818afab,true
d05ee5bd-f5a8-4e54-addc-8bb9dee7e6f7,Simon Meilleur,1be33def-d8ea-4683-bba4-e0020ae62b84,true
80dbc0d0-4120-4562-8968-bb57acaa661a,B. Toledano and Taylor,{undefined value},true
8c8d4c8a-764d-437f-811b-10befd4a495a,John B. Grayson,0dbfc2f6-255b-4d67-a52e-d2eb430350b5,true
6a88225d-cfe4-4974-9fc6-977b08578e1b,P. L Trepannier,642573a4-68d5-4499-8880-0060aa302d24,true
3888ca20-9300-42de-b35f-7c48b92b0951,Daniel. C. Brent,30146fcc-7e59-4212-99d5-714ad33398a8,true
5b27341b-5996-41c5-8025-15ccb0840abf,Geo. Shall,420d0455-d996-4e9d-87b6-1e3c7dfc9d02,true
c0915e8a-fcd0-4acb-888c-430b9ebcbbd1,Nalle and Cox,e74d0022-9bf9-43aa-9138-21e53fad6df3,true
6813b9fb-8aba-42aa-936a-94ac6c5f4164,John Kedglie,24ceb22b-a8c0-4310-b8a6-a9ee074190ac,true
21ea646b-f152-4f48-8b51-f350455f4aea,A. C. Sumner,0e8378b0-04eb-42f1-bb70-3fdc095949bc,true
052786d5-0da0-45c5-937d-e3eeaea7fcd0,NEILL R. BLUE.,7bfec99b-3245-47d8-9c18-fd3577737f44,true
88323bb4-aa74-417a-9d8f-46915fb4f056,John R. Danieli ,af2ca089-4fbf-47b5-b835-ddd39cfa41aa,true
47554da9-0823-4c01-bf3c-d443bf554f41,E. J. Lambert,68809c98-a932-4900-9d8c-30f7ddc0f39f,true
48a97c59-1104-403d-9317-23d0c10f2216,Thomas Lehre,086174bc-df5a-4800-85cb-f51675602070,true
710d0fa9-eae1-4fc4-a291-714887f97922,Campbell & Labranche,6c7c8404-fa99-4f7f-8fc1-a51bbce7c6bf,true
f42fe0b4-2e9a-460b-a2fe-bd2780d77bf6,Smeilleur,4c53bf5b-742d-4c23-89d2-f2a4c1a6b9e6,true
07c51bd4-7a66-47eb-9d04-9b4399b0901c,H. Thomson,{undefined value},true
254d1649-4da8-44c8-b07f-1d678dfc9556,"J. Bates, Jr.",d12bcb8a-1c83-4c0b-93ef-b369a7c1b068,true
fc5fe513-6718-48ce-817e-16b8a9e0b52e,P.H. Glaze,2698d8a9-cf23-47be-ac80-2f89e60d5168,true
6407c594-69db-4568-bccf-3d01bc5b1b59,George Cramer,{undefined value},true
c3428d38-0300-4f41-b35e-3656745df453,"M'Loskey, Hagan & Co.",7c9b41a1-6176-4265-b80c-9ddf3f98ee4f,true
c6d5c6a1-f927-4881-a6c4-b9fc324ce9b0,W.T.J. Vann,239a8c7f-542b-447e-b0d3-1e3c9a7e4515,true
217107e6-c4a5-4cd7-a6cc-c8eabaf80ad3,Charles B. Morris,19f1f1ae-d4da-4c92-81ee-d76b48fb745f,true
2c0f8c09-ff00-48ac-be81-5f95534c0412,Adam Boutwell,07a9db33-d17e-451a-bbf5-34763ce18a1c,true
0b655e93-7880-4170-98a4-e9e692d1c4ff,C.N. Price,{undefined value},true
393195fa-db0e-4220-b3e1-6e1037c1aa97,Martin Green,7c19ebfe-3940-476d-bc46-cbda1b7c3783,true
665b282d-6ed8-4a6f-a080-833d8e440498,George L. Moore,08bd09ec-36ba-4558-b995-28a04a01ac16,true
8e5bd126-cff9-4beb-9c78-e567de88c32c,Matthias Hillburn,8760273f-d5c1-4d78-97c1-ee6829e24589,true
467ba42d-d1cd-4784-8661-9aa5b8c00d46,"J. Rates, Jr.",{undefined value},true
00b90f85-d90c-4a87-b457-881e33aaeef7,P.L. Trepanner,19eaf233-79a4-4a8d-9fc0-ffd98fda24df,true
b0174e30-cd9e-40fe-a135-8674963cf2b2,William Mitchell,4d1febd2-308b-422d-8850-887fdb5654b4,true
f6515fa4-9feb-420d-b1f3-365262917141,J Simpson,13c23bdb-13a1-4c5e-a0c1-6ab12bf9aedb,true
d47e1b05-f027-4433-b56b-639a8ea939ce,Wm. Allston,10545153-3742-49d6-9e0d-92e37ce08e22,true
52591bdb-9719-4a95-886e-cb453628bf39,Simon Meilleur,7cd7c39b-a817-4da3-b8f4-3ed957f9a045,true
2bedeaf7-190f-4c9b-9d65-667d1a400811,W.H HIGH Shff.,57db865c-2c59-425c-a53d-96915c642900,true
0633a42b-4cfb-433e-89b9-f04ad34db78f,Orren Moses,dde3aef3-dfb0-4899-a0a3-fc1c533581d4,true
f1d360aa-b72b-4909-8f60-93f73972fae2,James Talbert,971aec5a-5153-4412-9a1b-d26d8d528f51,true
f1e507a5-ac2c-4642-9439-c64a821e7d79,John Simpson,81e6c275-a629-487c-94b1-71403991f55b,true
55b0d16b-4215-4a43-b35e-6810c1e2879f,Cerisay ,4a04ad93-bdbf-465e-bff9-01d23c3ac11e,true
31cbbd7b-14f3-457c-9342-3fd1c240735d,S Meilleur,026f5472-34b7-4c69-aff8-9ae5cd62e07a,true
4fc7c9c2-4685-419f-a6be-a5825cd55697,S. Meillfur,{undefined value},true
703668c4-6149-41b0-98eb-bf9dda5cc1de,W. W. Matthews,{undefined value},true
049c8716-a1f0-4204-a78f-e16ba52bd3b1,B. H. Warren,79e19f11-3e81-48fa-9715-0d434f4a7dcb,true
c623e5c8-7fc0-478f-a194-175c792eb4a8,J Moses,d9038f03-e719-49ab-8572-2806488d99ca,true
b5aeb2fa-b300-4387-8120-5af7f02daf0e,James Savage Jr.,06634f71-ced3-4e24-a2f9-bb75a0739262,true
0c926965-cd69-444c-883d-707e917cd9d4,Benj. Willins Esq,00599968-e1ee-40f6-9a95-2c6858072872,true
45a7a7fd-d3fd-424a-b309-d7be1532a8b8,B Micklfjohn,e8478b8b-a4e8-4c08-b558-03d54c1128b0,true
a5ba867e-6263-428b-8700-f2215b607a36,E.D. Hall,62da07dc-bc1d-40c4-a00a-dcdddbdda652,true
8c940d7a-a307-4962-9d0b-f37f33723eeb,William Moore,{undefined value},true
61d2ad80-e1b3-416e-a721-32d1f46099a8,Evariste Blanc(subscriber),51a7d958-39eb-4a45-bf7f-5538bddfd2e7,true
1003d8cb-1c4c-44fd-8e42-acf4a98070ff,John Champneys ,5c5db9bc-ee9b-4b60-acbe-2dad2503cf21,true
c9c3a7d7-dc62-49b9-aff9-6eb8ce986bcc,M.G. Swain,41b0485b-95a4-4745-b89e-2ed0e38c196a,true
2ae651fe-0dd2-4056-95e9-f8bc20213a66,Isham Griffin,8fc3f62e-3478-417b-9bde-6d2ee3b02c2a,true
dc65bc57-538e-4970-b17b-6f1e11fad89e,Randolph,728102ef-1081-48b2-83d0-836be153245b,true
4d337e3b-46fc-41f3-9e5e-8efbc7ff6cd8,P. H. Glaze,e7822bd3-847a-4f51-9abb-52a11fa861af,true
71a6f1b2-302d-4130-b939-bf24dbaf190d,Mary Robinson,0496f9eb-127c-4fed-adb0-45f4897bca00,true
78743a73-516a-4457-bd31-1bd5acc9e8dd,B. Barton Shiff,dc64079b-c1c8-4e9a-b1db-145e8a1ffbdc,true
ebbfc34b-8a07-4d02-989d-194291e8db9e,SIMON MEILLEUR,723e3677-c385-4aaa-9e6e-199141966d03,true
b93f5a2c-a116-4b53-acdd-cf5ea8fd05c9,S. Meilleur,{undefined value},true
0037b4dd-f928-4b11-a61f-7f81fdc52b26,A. Mauldin,6b6268b3-cde7-477e-8875-a5b87275d5df,true
9313b957-71de-40c9-bdc4-ad4d1cf9db97,A. Mauldin,{undefined value},true
a6758319-0653-4238-98e2-f56b3b67ff76,John A. Seabrook,ae9bd1e6-6a55-48b7-ae93-e01a224d11cc,true
5ee3a0a2-48dd-48c6-9d88-7517e9b37258,J. Milleur,b3d4e811-0d9d-4185-9a88-03d5fbf9b311,true
003bb66b-26de-414b-9d1d-eab4a507ca10,Henderlite,afe2881a-b148-4fa2-b9e1-b10524c21e63,true
f9e78f7a-6621-49d5-a48e-e4c45f27a577,David Shuler,f0c05b80-0c44-48a7-ae82-24adfb6195b5,true
fc1f472c-cd71-40e3-bacf-fe24db648b80,J A BEARD & CO,728102ef-1081-48b2-83d0-836be153245b,true
f70beaa2-350b-4ebd-b7e0-dbbe5a462653,William Curtis,{undefined value},true
1317b3a7-c699-420d-94c6-307413733a39,"M'Loskey Hagan & Co.",{undefined value},true
b1c48b67-e57a-4f73-b013-2739848b4141,J.S. Johnston,{undefined value},true
edef0125-4a6e-4bd0-b7df-6bfe68990306,William Walker,7ad45860-d880-433d-a425-535c313294c1,true
922e1db2-0c69-4948-9a7c-bd2417bc8764,Clark & Mosby,e7822bd3-847a-4f51-9abb-52a11fa861af,true
1e9e55e0-dfec-4c29-ba4d-68683dcab335,A. Mauldin,6341e770-c88d-43ba-b1e5-6f63ff5d91f0,true
7f2948ef-74be-4769-bbb0-48593dc2d682,A.F. Knipschild,11394f11-eb68-495c-b33f-bf964e488187,true
3c1fcd54-d367-4744-922f-272a089f4647,Cerisay,68fc0274-ab7d-450d-a729-dd77b39d4a41,true
3a6786b7-a3ea-4af4-870a-c97faf12b293,W M Moore,2e5d20e9-f9e2-4764-9c18-97049bda1eda,true
37510d5c-cd4c-436a-b89a-21f928080c12,Isaac Boykin,5e8f7eeb-8d63-47cf-af10-dd19adc39915,true
3dddcbfb-9e34-410a-976d-5ebe5b96145e,W. H. Talton,aa81ea90-0154-4b84-8bd5-8899f29949f3,true
6217de0f-cecd-4558-82b0-9cb8c287435e,John Wilson,239a8c7f-542b-447e-b0d3-1e3c9a7e4515,true
236198ce-2fb2-4018-baaf-32c95dd6761a,William Tripp [Fripp],1b64f53b-52fa-4b0d-95b3-8dacc7171209,true
be907bf6-c477-4142-a354-18277a3850ba,E. Varner,35057102-87f2-4a7a-b7c3-612d825f3f0e,true
1f1625ae-10d5-4563-9ce3-f8884aac75fc,James A. Rogers,4ec1116b-4131-4104-827b-e524a3e7ef5f,true
6df88a88-9bd7-4a41-b39b-9cf09a971d64,Lewis A.  Box,953d722e-aeec-4545-aa47-15ad099ff073,true
c393d199-24d6-467a-b2d7-e04d640fde32,E. L. Kimbrough,644552ae-0090-4c4d-8adc-e7e38bdac938,true
0f6894b0-dbf6-42fd-91aa-045f009e7424,"Irwin, Hall, & Walton",7a770e58-627c-4c50-88e2-26fcc7eeb3cc,true
2b08676a-b293-43a5-98df-b4db4915af96,Henry Gunnison,ff14fbc3-5b1d-44c2-a1c8-086f64543cc4,true
742c0459-5716-45ff-ab7c-7da313f2b676,A. Marchesseau,466a8558-5807-4f5c-960d-1791a8d617ba,true
71bcbdc7-1faa-4163-b947-5ee320de1382,James Taldfat,c1ed9ae2-0bb6-41cc-95eb-bf229156b4c6,true
38b96137-959c-44aa-b863-990a615fd168,I.N. Thompson,d0ffbda8-42e2-446e-beec-085831d29744,true
4ca12cc2-b671-462b-9842-843473aeba58,E. Varner,0df9255f-a194-43ce-9a61-c9bd8d11a397,true
190f2a85-7e35-4f4e-921f-d260cd0ff881,George De Papau,31346a46-caf1-425b-b4b0-fcefff4d12b5,true
08399e19-d921-45b2-83e2-36afaf8239d6,S.B Murphey,86cc5d8d-5872-4dfd-a760-14c0d0758f83,true
b558a6ed-d790-42de-96df-34e9aa0bdebd,CERISAY,10a3cb3a-70f6-48b0-b30b-4fee28ce2d8a,true
952ffac1-8b4f-4ad5-a54e-034fb67aeed2,John S. Means,053ceaba-d4bc-4063-9129-46f985f8cfdc,true
eed4a58e-f06a-45f5-9c5a-3f5e6ec78510,H. S. HARPER,{undefined value},true
20a90238-5048-4e84-8e96-7282748a458d,John Freyer,0ee1cc30-a178-4178-b7e6-75e036ce4bb2,true
af9f5e4c-5a95-4f20-833a-e60192a6b47b,"J. P. Bates, sheriff Mo. Co.",0af51cca-1c11-4dc2-9b10-9d1a87eb9383,true
b1fcb5cb-f4d4-421e-a69f-e617adc69b28,"George Anderson, Jr.",{undefined value},true
04220327-7c01-42dc-9d21-a10e85625bab,Mr. T. Benver,026f5472-34b7-4c69-aff8-9ae5cd62e07a,true
59b5a4d5-35bf-44d3-b981-f455e4692a9a,William Harris,1b30b80b-c9f5-4c43-a1d9-891dd5282859,true
64e01809-7649-49de-bbdf-fae723531369,mr. Husler,026f5472-34b7-4c69-aff8-9ae5cd62e07a,true
86bdb44b-7d42-46bf-9efe-56e399068572,D. Wheeler,63615892-c1d1-446f-b423-052a1597467f,true
5dcf4071-fa54-47b1-97f3-28b18b58a5e8,T.R. McClintock,{undefined value},true
8fa702dc-2b95-440f-8725-f4ad59e0cec6,James Phillips,84f11eb8-e949-4215-ba71-b6428cb5612f,true
bdf07e5a-f096-4a62-8299-9b3ab01d23e1,J. Talbert,3ca75d42-adbc-455c-859b-345e23de9ad2,true
23e2f840-7d5b-4e4d-95c2-55ae36c76b19,Spencer Kent,08887da8-da0a-4991-816c-f8e7486a0c6f,true
8a944b59-957d-4970-847b-e6e231e5143e,WM. SEABROOK Jr,d609f30b-c690-4913-b1fd-e6641fd07e6e,true
79ef4c6d-c0f4-4a1e-8af4-7035d3545bb8,John Lanier,16f342e1-505a-433e-888d-f1f303d52145,true
bb8e8612-113d-49a0-b778-c864f5b816d7,Thos R. Smith,7e723d21-1a82-4fbd-beee-b2d09207f214,true
3d40807a-9742-41d1-a721-6a68a25d56c5,A. ENGLAND ,ae9bd1e6-6a55-48b7-ae93-e01a224d11cc,true
41d64200-5528-4e3c-9df3-bd8414d81f35,S.Meilleur,54beedea-9a23-41c6-bd3c-1ea50735138b,true
c829d4d8-5bff-40f4-8c25-7d24b521e750,S MEILLEUR ,59ce82c7-12ae-470d-a761-5e19e519d349,true
9841d330-014d-4eec-b6cb-c31085878f9a,Green Gray,62f10c34-e45c-4f98-bc32-c7d7292f9a54,true
ff48539f-6bcd-4be8-9346-4e0051660a53,A.M. Holbrook,bf14ef1a-1daf-438e-b977-700350dbf9bf,true
09339474-a344-428f-b98e-d067c79161e4,J Simpson,fba3ec0d-cb55-4c44-a110-a489a6ac7c8c,true
487f4d01-418c-49a6-aa7e-fd8cd3b7cd2e,"WM. SEABROOK, J.",3ebec866-1392-40c7-bfca-0e9706e18fca,true
d50246fb-4b86-46d1-967a-554cb4d52819,MARY ROBINSON,285d9687-d541-46c4-8022-59af79eb14a1,true
1506d5f0-2f74-49b4-9151-b252be2abd16,George Merrick,{undefined value},true
c0490a3d-fa1c-43e0-b4b4-f7e05efa7592,The Daily Picayune,1a4855c8-f7bf-4d6a-8586-8467aea3d6bf,true
8aa8c6b5-d109-41de-9578-10a72fabecf2,"L.J. Bates, Jr. Shff.",06634f71-ced3-4e24-a2f9-bb75a0739262,true
8b197643-5b2e-4158-ae41-2916cf24699d,John Muck,210844df-792d-4e85-a55c-e2c35ef17dd3,true
bd1ab4af-55a2-40b4-a387-d384c68e976f,Alex Murchison,{undefined value},true
3ddbed8f-285b-4262-95b5-e432f4d9912d,John Simpson ,95518438-c997-4615-8f51-919612a90624,true
fb583f32-376f-4d9e-a62b-2adc23259b88,Master A. Seixas,{undefined value},true
4c4e8c53-749b-4fe2-8174-9ef3a937958c,Smeilleur,1be33def-d8ea-4683-bba4-e0020ae62b84,true
aab35534-524f-4b5e-b0ea-bd446254b9b5,Cherrisay,{undefined value},true
41527b6c-ffa1-425b-bd13-2025a2bbc8fc,John Hamton,e69f9727-9778-41a9-a9e6-cd64b3a422a1,true
00986a53-fc3c-4d27-9f86-09a74c191f6d,B. Merry,ee6428e1-9464-4e57-a68f-a55e48e71cb3,true
4eb28166-fd93-4a06-9b4b-697260740fd0,John Gimpson,402cea69-892f-4839-b0cc-fc571ca5df0f,true
baca55f5-d3f6-4540-93ad-5911b72ecc92,TAYLOR & CASSILLY,f47554cb-cffe-4754-8414-b3ce01f653d8,true
e28f3e5c-03fd-4aa1-bd44-6870bb4edaa9,William Jackson,fec30f90-05de-4245-b382-2655ea680e4f,true
3598fe10-b82a-47de-9ac1-64a28d396685,Sanford & Lumsden,507b5968-86b7-476e-a83d-a4307622ed57,true
f1785720-f97c-49c6-9268-d46079847f29,P. C. Harrison,556d6e60-932c-4320-a32e-b75a4cb4a1f1,true
3a8d9106-e522-4d5c-b884-932307d74554,Lewis A. Box,9812d906-5bdf-4269-be4a-eb3ffabc35b9,true
fd5cef2b-4de3-49af-89b4-709e13aa4f52,"J. [illegible], Jr.",80d2a165-d6e5-4c11-80ce-36e52250dcf9,true
f5bfebe3-9225-4d15-9f89-64e716350f88,Enoch Endsley,{undefined value},true
aa106d30-e7a4-498a-b019-8a309d79a05b,CISER- CORNELL INSTITUTE for Social and Economic Research,24e2071a-a68c-4a5d-b33c-f15fe908098a,true
07df4981-6d59-4f16-a20c-1ab04dde27e3,Simon Meilleur,59ce82c7-12ae-470d-a761-5e19e519d349,true
a5747721-6344-4896-a2b9-b20fe5ccec7e,Jas. P. Bates,f4eae264-ece4-4342-b371-a7e2f818afab,true
afbc3ef5-ea71-42b4-849c-e12ce0ed0295,Orren Moses,dde3aef3-dfb0-4899-a0a3-fc1c533581d4,true
503461a9-5ad9-4d81-9a75-4c8543e350d4,William T. Lewis,b00fd131-8374-4986-9b51-160206c2082c,true
8d3e1af7-de98-4c6e-b100-9774b8550e80,Peter Andrews ,{undefined value},true
ad125a4a-0c52-4dc3-956d-ffe7c6f0eed2,J.P. Harrison ,1587314b-d1ef-4f2b-b9cd-33d0446528f6,true
dd84968b-de22-4380-bec6-94f9b81dc233,D. MCDANIEL,{undefined value},true
8dd2ef36-a0d6-4144-a3b3-ee4d3e30128d,A. Lilly,c92d40b6-5c73-470a-a2fa-327c613950a2,true
c77e0dce-7081-4704-a685-e22bebd4c451,Cerisay,417332f5-ec1b-4b32-8b7f-8c0f468aad88,true
7cb47a3b-3e2c-4b6f-929c-3e884abe1677,J. Simpson,46e1e88a-278e-4ed5-8920-690f239a0011,true
01f11073-3dd7-45bc-9a4e-c699a1aa9eb9,Pierce Griffin,ee72ffb8-bfa1-4bd0-a496-023c782250c8,true
fd54af5c-246a-4f3b-b6ef-151237ffeec3,Green Gray,07c39b66-fa3b-4b94-9db9-17678c3fc68d,true
6e4fa4ce-ff99-444b-817a-70636ed0163b,"P L Trepagnier, Guardian",aa3a4079-d469-42ca-a6f0-5ac10f814e7b,true
9b127a7c-cd0c-4f1b-b731-f5934820bdd2,J Simpson ,122c9ab7-0dfc-492b-b7e6-9e1859eb69a3,true
698ff030-11eb-4d28-b77e-486b9fc76835,"M Courtney, Sheriff",6f861884-0c3f-4f3a-897b-6f695a4d2afd,true
e8cda848-ae15-4a26-a8ea-29aa5731bdc0,Elias Abrahams,{undefined value},true
a99aa424-53e3-4d1d-863d-34b411845d36,JOHN R. DANIELL,54c198f1-00ab-4a1b-be51-586e90b5d1aa,true
2d33a587-7b0a-4dd0-936a-43639d958256,"J. Graham, sh'ff",ce8eb41a-5666-4e0c-800b-a8c2d91d1e88,true
05acde43-7ad9-44e8-b20d-86c2f117ea76,L. Robertson,01f2db5c-97ca-4e06-8ad8-badbda559765,true
47d8a346-af56-4b59-80b9-021ba8ba3432,John Simpson,5f98a69c-3e8c-4f9a-bc91-03d6a71e307c,true
9d44c502-81b5-4202-90b7-73a016d9a808,E. H. Kendal,8760273f-d5c1-4d78-97c1-ee6829e24589,true
a01a858b-7982-44ff-9e55-1cc7db16180a,L. Y. Hezeau,{undefined value},true
4dc96fba-d904-4db3-b501-e557a09139a6,"H.S. HARPER, Capt. of the Watch",541bc42a-27bb-466f-9563-dd32927a2a2c,true
4ad327e7-45df-4a35-98e2-818c373fe197,J SIMPSON,402cea69-892f-4839-b0cc-fc571ca5df0f,true
749214a9-71da-4a0c-b69f-1973089d41f3,THOMAS WALSH,239d7792-8b0b-44cb-9579-9fa663bcd3c9,true
76dcc56b-0e18-4a66-923d-69dce36d58af,J. Bates,bca02900-d0dd-4c0c-9a2e-34695586d467,true
ec67aa56-e0c9-4af4-a78f-ef69940ccb59,J.A. Beard ,59ce82c7-12ae-470d-a761-5e19e519d349,true
0372a2c2-67f1-4de5-b740-0dd6bc45c25f,P. C. Harrison ,{undefined value},true
e8090880-6f5f-450c-b465-42ee466ba7e9,J. P. Moore,14358b40-d659-42a9-aa83-6fe2f9a98db1,true
134c8ea8-f788-497a-b409-08393f1e7095,"Charles M'Donald",657fcd83-4be1-4a19-8ebb-df761f059957,true
acdd38f1-bb72-45b4-975f-8c4407a31db2,J.H. Lewis,{undefined value},true
2c40d255-c3df-42d7-83aa-bec9d2dec8b6,Cerisay,256a98ef-28c0-45af-8fa1-9893ca073b00,true
f4de6a41-87f9-4d18-885a-f72856870893,R. MICKLEJOHN,{undefined value},true
953e7b4b-99c6-41eb-8d87-72bb4a73b35a,Joesph Bates Jr.,06634f71-ced3-4e24-a2f9-bb75a0739262,true
49d04aaa-14da-40a5-ada1-c84cdb568980,Rouzan,59ce82c7-12ae-470d-a761-5e19e519d349,true
734311ba-03e2-4f0c-b0fd-84f3c60725eb,W.C. Wilson,{undefined value},true
f3292374-9487-4cda-b57d-dbdc9b9eb23e,John Simpson,1a4855c8-f7bf-4d6a-8586-8467aea3d6bf,true
42843560-691a-49d2-9d4b-31ad2b3b47fd,John Simpson,712d1b22-a12e-4d92-a334-b07ab96a8406,true
65ffc8cc-7b6b-444c-9f97-05705fba56e6,"W. H. HIGH, Sheriff",b002a83d-71e9-4330-b2f2-46c7b370327d,true
8a3785db-bf22-4e1a-954d-e172a0ace480,Austin Cornelius,15be169c-a679-46f1-9afb-ce3d5befa5b5,true
5b14efe7-7791-439f-b4e2-d796ca06d1f0,Jacque Toutant,e7822bd3-847a-4f51-9abb-52a11fa861af,true
906b61f0-d0bb-4107-bf7f-365fc11c3e1e,Mr Marigny ,239a8c7f-542b-447e-b0d3-1e3c9a7e4515,true
b8c87e27-9b3b-4114-b181-7f7b46d8e2a7,John Stone,db14b6b7-162c-475d-9a0c-ea5be97c0d52,true
dd0b5554-671e-40d8-8afd-2f1af133562f,"J. Davis, Jr.",59ce82c7-12ae-470d-a761-5e19e519d349,true
6ccf8ca5-8a03-4fbb-afa8-7eb7d54db633,P.C. Harrison,8a226efe-f850-425a-aa99-e48fead4cdb8,true
6435aece-bad0-4263-9f1f-9aa3001b8a0d,"E HEADREGARD, Warden",be533a67-adea-471d-b3c6-83a0a5ad8d9c,true
d1d89116-aae9-4174-b7c3-fec7b2ac92a4,Joseph Cottle,9fbcaeca-15a6-448c-9a82-0f82dff8a923,true
874c06e8-b7a5-4131-9429-c6802835ef25,James P. Bates,9feafa58-db65-4860-9f40-6b99ac720539,true
8c71abbc-be34-41a3-a135-ad40a13ffaac,S. Meilleur,59ce82c7-12ae-470d-a761-5e19e519d349,true
e268d473-a553-495f-96fd-3fea0cc88beb,Green Gray,da014d96-abca-4d12-bf80-79a23da37017,true
a91a0b28-e845-49a7-8cc5-d3fb997393c5,"A. Sexias, Master",ecaefb44-1e5f-4c57-b0a5-8d5928160fad,true
084c6007-a3bb-4551-ae86-92fb156ba82a,James W. Payne ,8128068a-c4ee-4e5d-8b87-7ed788a99a08,true
d1cbd154-9423-4e69-958d-d8fe23d51499,R. Micklejohn,a8c2d7de-1fca-4d9e-b0f1-f8089edfbf25,true
394eaef3-97e6-43d7-a2d7-f25328ef2d20,Jefferson Homer,77d68162-d653-41eb-8655-5c5f00228d68,true
d4cc22f0-ea53-49ca-93a9-f833e79c5354,John Comas,{undefined value},true
7c1fb883-aef9-4fff-b558-4c24a204a341,E.J. Lambert,b5f4e4a6-bf63-4034-8d70-0b6aab5a65d2,true
ba705849-fa04-4d09-9502-f7d843bd4b99,LINDLEY ROBERTS,dee11e2f-918a-4a35-ad18-6baa82e25e74,true
f5e87a21-da25-474f-9ad6-36fa943c9be1,S.Roberts,{undefined value},true
b2804e4c-89ae-4809-a8b5-2df07c7de4e6,"WM. Seabrook, Jr.",24e2071a-a68c-4a5d-b33c-f15fe908098a,true
7c8e1a9a-c27a-4c8e-ac23-f2c3d71e4fc4,George Jackson,512a0da4-4238-456d-8f99-fade76b5f3ce,true
cc07d4ad-bcf5-43ea-8462-4f5ea6e21d8e,G. HUGGINS,0e5ceaeb-d96a-4fbd-802e-8dbaf22623ac,true
e1c23ff5-ac65-45f0-b5a8-cadb2d22dcdb,Peter Arnou,35d69006-c88a-4c79-9fc9-217d41212855,true
599ffa42-8bdc-4fef-a710-dd27e3f746a5,J H Lewis,{undefined value},true
9564b4e5-24cb-415c-95d9-304fafc44845,"R. J. Jones, Sheriff",4fd1cce9-f2f9-4c90-87ab-d16dfb0721f4,true
b8150a2b-3a82-434f-9f74-2a7d5424eaa2,MATHEW RAMSAY,529a4959-d23a-49af-baf1-d41e589d7d7f,true
b6aa5b0c-664f-4425-85cc-1b2551adecd7,E. D. Hall,{undefined value},true
387bd2da-ce40-44ba-9581-a8f2e6cb6012,Cerisay,613ae46d-6cd6-4642-a17f-13db1e1b561a,true
1efc2ec1-2fee-43f2-a4af-ab45f0038876,P. C. Harrison,{undefined value},true
8fec341e-5590-40fd-b936-36b76b3b8b89,Cerisay,0488cdfd-3ace-42c9-a834-55cac181cdd2,true
7f9f8a86-f982-4f42-a6da-834c10c96b84,Chas A. Jacobs,0207d563-df0f-4176-8c24-a007e9b37fbe,true
44122f45-7e8e-431d-89ad-2bbe58a937fe,"Hates, JR",d244842f-b220-41ed-b404-4f36d85d32f2,true
dbb92bdb-6470-4992-83ce-cf9d60a4dd1c,James W. Payne,7a54cfb3-03dc-468f-9ba5-c3a0765e408f,true
67e73804-6683-4f3f-8a0c-6c759495a6ef,GEO R BEARD,228b05d3-a0d2-4205-b0d5-755535ab6620,true
150473bb-d990-4d8f-983c-0d073886365f,Bridge and Vose,{undefined value},true
b5dc8527-6c5b-4d8d-89c3-3283501254ad,J Simpson,4c7852e8-05a9-4ebd-9566-fdb28c70b294,true
65919e27-a0a7-462a-ae84-f0901e067f5c,Simon Meilleur,c8054a4d-b4d1-4e29-aca3-3bda4bd05518,true
4c543270-a791-4d3a-a082-e61630778c88,Cerisay,68c5922e-0eb6-437f-8b73-198b623fa750,true
d6bd5fc2-fa15-4557-9f9c-d404cd0b1e34,Wm. R. Bivins,38773e61-6822-49ac-b9d6-88224d77c2a9,true
580338ae-633f-488b-b07d-2a6cd3d0d55b,E. H. Kendal,4a2689c9-7fc5-4b4c-8192-1fabb44b7916,true
9af6f7c1-7b6a-4a33-b28f-d75cd747a47f,J. BATES,{undefined value},true
c5644d71-ee49-413b-9eaf-e1bc8c8b762a,F.J. CUTLAR,01e8483d-44c9-429e-8c2c-d4209af1771e,true
6754f2bd-ee32-4f71-9a1f-a17e1a15e8bf,William V. Barrow,{undefined value},true
9836dbf2-cbbf-4fdb-b410-9e020ad98c3a,John Bane,4c191c41-d0d9-4789-8c7b-380a7d081f70,true
d8176599-17aa-4aca-8c85-9ae3ccc95618,James P. Bates ,{undefined value},true
cddb8cee-ebf1-498f-b8c6-d5eb7c87b07b,R. Philips,a55d26a7-a13f-4087-affc-7f9bd4aced52,true
5bde96b4-c251-4b84-9033-e3bce5cad3bc,Ephraim Wheeler,20d65165-5b85-4db8-98e0-c6b9714ed4ca,true
0abc777f-a3d1-45be-9bb9-df824c750b9c,John M. Winstead,c1646937-bbfb-4e20-9781-f1f26840e3b9,true
976e858d-821e-444a-a2ba-1cd7c2013f86,JOHN LITTLEJOHN,08b71653-b197-4653-9f5e-49ba9d82f70c,true
5dc08c28-b721-4c16-a39a-54687ad43483,"Lillard, Mosby & Co. ",5e46e946-5813-4908-b3a3-b43d2c1ed1ba,true
97dbdea4-5edf-4533-8a9b-643ac80dde1d,R. Micklejohn ,38773e61-6822-49ac-b9d6-88224d77c2a9,true
3b7ff03f-48a3-4115-a581-4fa25518f175,George ,{undefined value},true
4d111fea-90c3-49b9-ac2d-f08f039fbb60,William Patton,05a63752-e272-48f6-9050-72590c5d7ac9,true
9c9783d7-a783-44da-ad9e-662d51aa13fd,Joesph White,d91f03e0-d658-4464-a467-c811f9461671,true
abacf0c9-9a0b-43e0-a367-e10c7cf630a3,"Solomon B, Murphey",32878d71-2a14-4bb6-9223-22382fc22af2,true
ff5c42d6-263c-4bb4-9779-7830344e690c,E.D. Hall,48cbbbf6-7e50-4f7b-a4f7-174bd3a09548,true
22db7aff-9921-4446-bb1e-94e8ea3fa369,W.A. HAYNE,69283ce0-5e9a-47f4-ad91-3d18e5f5cf97,true
f446547d-450d-4558-b0b0-cc7a1898a30b,John Stone,dad2b88e-22ea-427a-addd-c1f630799a14,true
ec20bf39-7d5d-414b-a0dd-70ff2863c473,Z Roman,{undefined value},true
48cf0156-0010-40c1-9ff4-3be736ed00a9,J.L. Bundy,ed231292-b330-4733-8faf-042b7c6cfec4,true
8d6d62e6-379b-4581-b0de-661cb9b228dc,H. N. HOWARD,15bfee9f-73a1-4a7b-bf55-06568efead87,true
2d098e12-1916-4493-9b32-8210087b5bad,John Edmundson Jr.,91903dc4-5324-4123-a7e0-bbb3f2efd77c,true
d0703954-d746-4c4b-bb3a-1c89e87466ee,Jas Armor,59ce82c7-12ae-470d-a761-5e19e519d349,true
a7e6b273-7199-4eeb-858b-d5f4970a0822,Samuel Vance,{undefined value},true
0fe09785-b1ab-4839-800d-ddacc1ef42e0,Pltrepannier,59ce82c7-12ae-470d-a761-5e19e519d349,true
2f6f30a0-f3b1-408f-ad0d-23e6dc9664ab,Mrs. S Stewart ,026f5472-34b7-4c69-aff8-9ae5cd62e07a,true
3adb0968-85b9-4afa-9036-e79bd27e06ae,Benj. Boykin,ecfe5bc2-cb25-4456-bdab-4bf9e60e1530,true
ff176906-8117-47c2-bff3-0f69a58b69f4,L.A Box,8a8bdb06-1323-4f92-9bfe-9fbfd3467a52,true
03917aa3-d0d5-421b-b238-343100a1e6bd,Marcerylle,{undefined value},true
d50d7453-0459-4adc-87e9-fd826f8a6b20,T. Alston,9c30b7a6-2b95-42e5-b607-a44826597ff2,true
18c1c858-cf36-4e66-8d9c-368bb94afc55,A. MAULDIN,52bd33d1-33c8-4fe2-87ee-04c3ecca3b94,true
52d9b7de-e405-4b9e-96a8-3ba6990bf7e9,James A. Rogers ,5b3e3ec6-884f-421e-a766-52ff28b4ad2e,true
2c5112ea-2eb2-422b-9ddb-0dda8b673bab,Walter Knox,{undefined value},true
07120212-e5d8-421e-9a2d-dee115c2019a,N. Combelle,0dbfc2f6-255b-4d67-a52e-d2eb430350b5,true
ca411add-30b6-4965-85c0-79f72f123993,Shff. Cerisay ,8cee1486-0414-4185-96c2-bccb39677602,true
c4b78ae3-f565-4c5d-af0e-04e86e1ed38c,John Waring,5f8a500a-f382-4eea-bb50-8f45ae4633da,true
9e3ec389-1a52-4186-b286-738314c219db,"Cerisay, Sheriff",cdf668a2-a15a-4ae5-a707-8f45db1c691d,true
194b8239-df9b-408d-9395-d9a64285d7d2,Arthur Freeman,4b68844c-4e48-4dd0-a2b7-bb31c48737dc,true
5c4ee654-b099-40cd-8626-05f273830644,"John Simpson, Deputy Sheriff",0504d243-9f50-431d-9783-faa3f66c205b,true
e9198543-ef3d-455b-a558-bf58eda0fd64,THOMAS KELLY,0c307e97-207e-4e24-a738-f59bd1917ed3,true
7929d9b1-a74e-4dd9-b490-ec6e53c0d9e0,J.D. Allen,dcd23ec1-a4d0-4e2d-8dd3-47203c0b28a8,true
182a0f03-54b9-43ac-ba51-8c8d3588aa90,Sr. Proctor,0116dd67-ac6d-4ede-b860-b15d065863a8,true
da687a43-10de-4a05-a9b3-6c730af585a3,W. HIGH,2590a00b-4adb-4c7c-be09-5b664b314823,true
436d4457-908e-4505-8768-81ea945950e9,R. Mickelejohn,38773e61-6822-49ac-b9d6-88224d77c2a9,true
a79e70d2-9e91-40de-ab8f-d5f53742d6ee,Sarah R. Mebane,3bd95650-9e53-443d-8dce-5cbf85e7b02b,true
3ee089ba-9991-48ce-a08a-3b43fe43655f,L. Williamson,c93dd110-cb69-402b-9fba-e4332934047b,true
94e027f0-4e2b-4ee6-b8a9-96e545e1402c,"TURNER, RENSHAW & CO.,",20b3b67b-68a0-47db-bb14-2f9264b86a0f,true
65a53572-6d4a-420b-84fc-00c97c082b8c,CERISAY Jailor,{undefined value},true
4d9e3bfd-f849-40a6-9dd3-580f590fc7dc,Daniel Moorer,03452740-c36e-460b-8883-74c9f4752ecf,true
eb4dbf7b-7edc-476c-a580-4df1625fe57f,"John Simpson, Deputy Sheriff and Jailor",61d23dd9-deb2-4fca-8d37-9e3e462129d3,true
66db2051-8628-4b6f-9a7f-c993ab52f272,J.A Beard & CO,cb45e6f9-cd99-4a97-9556-321cff06890f,true
c4c6a204-016d-46aa-b7f8-5485651316ed,J.M Stevenson,bcc7bd92-f853-4af7-bcc1-348894afaf19,true
3b9462e2-8c5d-4b3a-a290-00f60aaec1f6,W.  D. SMITH,98b94eaf-ad61-45d7-ace5-d0bdaf0cb6b8,true
5ee3b934-a490-4f1f-9ea3-a9f26aacc68e,H. S. Harper ,c1ed9ae2-0bb6-41cc-95eb-bf229156b4c6,true
8e89a671-5478-449e-b3ca-d635b04990ec,J. Bates Jr. ,0e5ceaeb-d96a-4fbd-802e-8dbaf22623ac,true
3b435abd-bce7-44be-b2e0-2c04b207ed98,William C Lester,20f87268-6510-46df-8cfd-af0e86c98617,true
eb5763d8-a4af-42a2-8e91-1b0ac32aab3e,John Hanahan,07b92699-2f0f-4f36-b5c1-3b7b52fa2498,true
6a1ea5fb-3435-4884-a24c-bc034a7e00e4,W. W. Bozeman,64261028-7e69-4dcf-96bc-a56c390e1635,true
18b9c62e-e51e-4995-95f9-e242128edab1,Lawrence Jones ,8b1423de-0a41-4ac4-8ff4-f17ad36f5888,true
c3ce5ed3-f095-47fd-8d34-db0ef69ed62d,J. Ballard,3df0c198-3de2-46d3-acef-771ef00319cb,true
ecbfea68-d3c5-491d-943c-f58cee0cecef,Neill Shaw,239a8c7f-542b-447e-b0d3-1e3c9a7e4515,true
e98bcdf1-97bb-471a-a28a-6ad6f40ef0f7,L  TREPANNIER,52044b1d-39e6-40ac-bca1-5989d67ff9e2,true
1c6d0fbe-5a6e-42b7-8db4-2ee0cc15f41c,Simeon Marsh ,03974fae-52de-434b-bee0-85d9be1fccb9,true
ebe7f0b4-e4ea-4b9d-a16a-73f3f9c45a66,J. Bates Jr.,37f11617-4133-4303-af27-f21bddea4f60,true
32b7ed22-ff1b-40de-9511-ea5aad4923df,Levon W. Tart,bf9b5c82-e8bc-4752-b604-08073440b423,true
c43643e6-067f-478d-a009-841e8f6cfa01,James Talbert,9861c9d3-fbd0-4ede-874b-6717ae3d4dfb,true
3fbe4f6e-071f-4b9c-9bde-d6203c0f0379,Martin Nall,01432cc4-2b4b-47e7-a148-ed12a862120e,true
83d04619-bf59-4173-a7f3-3613c551f854,Benjamin Fudge ,d027b785-7f12-49ee-af25-37d20c656b61,true
2df6b6cd-d387-4e64-be5d-cc7f27d4ced9,M.G. Swain,35840b97-3a1f-465c-bee4-f21da06aab32,true
507a2fc3-d1d2-4086-bc56-5750c7b8e9bd,George Henry,014eaf12-f807-4bd6-aa77-2e8885534580,true
90ee9d0f-1851-4ae8-8b69-13f300d21844,Cerisay Shff,0ea0deb0-59da-4232-968f-3c534484e99b,true
071518b7-d172-4adb-a7f6-48eecf04b6e1,MAXIMILIEN HENRY,5f0bc0d1-01e8-4e67-ba84-02463bc1ec9c,true
6130db78-b111-44f5-8281-645ac2f713a2,H. T. Vennard,5b732b05-559d-418f-9b02-ea110a79c278,true
8dd5c6e0-8db2-4d8c-b665-715df24c52ee,J.B. Randell,74ded608-baae-491a-b25f-d3b22b0cf692,true
b66591bc-417d-416d-830d-90da37ff1f70,Geo. W. Underwood,b24dda16-c61f-486b-9ebc-da70523f18ab,true
985081ae-5f2c-404c-9740-90955452060e,Joseph O. White and Jas. T. Reese,a0336ff1-c3e3-4bc3-a82f-863eecaf8835,true
14ff0309-9dcc-4cef-80bd-a97d293edf26,"John Hamton, Jailor",c5842e79-a15f-4f21-acf0-cff2cdcc7dde,true
ab986a25-177f-465e-8e65-c842ddbd3a68,Shropshire & Ellmaker,704bd1f4-0a84-4b32-80a8-54cb3608cb63,true
bf24abbd-1239-44b1-97ad-4204a945b524,Edmund Hatch,7bd3e28c-a7ca-46c0-a6d7-476e2c9138b1,true
c36b7a44-71a3-47ce-b098-5387d733d753,Z Darensbourg,9b7d5ba2-965e-480e-8e17-a9370cbf3244,true
789b6a10-e384-4164-8f69-922a3d42d9e4,E.D. Hall,62da07dc-bc1d-40c4-a00a-dcdddbdda652,true
1855722a-a5fa-4dd2-bc81-ddfcf5ddeb2f,"James Savage, Jr.",80813b0e-ddd2-4291-99f9-8e0638b2aaf4,true
252df608-2286-4010-a93f-494a025a2ad9,WM. Seabrook Jr.,49872c3d-6728-463d-ac31-f0b41f439035,true
1117a1b4-af45-475a-9f02-21b9bac3b6f2,Subscriber,7c9b41a1-6176-4265-b80c-9ddf3f98ee4f,true
9b7b34a0-6e04-4d40-99ec-b13d7f027eac,John K. Boyd,f84c70fa-e1bc-4538-ba70-70f414ff17b6,true
e4a73518-2304-4486-a2ef-0771d3539468,Thomas MacGill,4fcee215-7c90-4daa-bf05-23ed163d77f0,true
4dc7d04d-7e25-42cb-bad4-71ed1685ff61,Thomas Parker,182de4bb-b605-4d40-97cb-e4f9db1fe12a,true
3b350893-1872-4408-b9c2-8de30b1e129c,G. Huggins,00599968-e1ee-40f6-9a95-2c6858072872,true
9652d07f-0f92-4cef-8d3d-d562d551960b,P.C. Harrison,6cc8097e-33ab-4a9a-bce5-52f225cbc52f,true
74950cae-56c6-474f-8ca1-d65510bea20d,Not Provided,8aab5a2e-92d2-4ef8-b886-2f1c71b7cc79,true
7f726b8b-e6cc-4d4d-8d1d-e9867e410bf2,Charles Prince,49060685-7b59-4fb2-815d-d6efab96a86b,true
31ab4d14-0e44-4329-9556-f4fa9e381ff0,University of New Orleans ,bf14ef1a-1daf-438e-b977-700350dbf9bf,true
7321768a-65d8-4573-ac17-ac61a27e8904,H. KLONNE,3af5abc4-9a3c-440b-abc5-76ffa60436fa,true
9cb8ad20-0352-48b9-ab59-e32514565233,H. Klonne,33f26fcc-7b1b-4863-ba8c-da793d400fb4,true
7836bd7b-42fe-453b-8903-dc65fff1b7f8,H. S. Harper,8e1d5a85-4024-4c4c-9983-0a0bd0dc66ca,true
92e7048e-c960-44f5-b9f1-a0dcb657cf87,R MICKLEJOHN ,7aa65b09-ce38-4816-aead-bae97df659fb,true
db2ea0b6-8fb5-4f34-9c47-7acf916df7ee,David Kinney,56ac6493-0937-454e-ac0e-4d44d64ba1de,true
cdf221b9-466e-45fc-b69a-cbe753d395ca,Martin Nall,7fc02e5e-af6e-457e-924e-3de59a804c65,true
e5020ada-3c39-43ab-af91-e9455cbf7c96,Chas Meyer ,12a308f0-6843-48ee-befb-12a4ff8d23fb,true
e3dcc531-07e8-414d-a907-7ce3217f92f1,Clement Brown,9861c9d3-fbd0-4ede-874b-6717ae3d4dfb,true
24956ea4-d31f-423d-90da-0e213f0f8b45,Mary Robinson ,10de254a-a5b2-4282-a9c4-f97ef581cfe6,true
a728bde4-290b-43e4-a6f9-5e41b2b06564,Payne & Harrison,026f5472-34b7-4c69-aff8-9ae5cd62e07a,true
d138c12c-9614-4d59-aed7-123fd16d7454,Michael Sullivan,91677dad-54dd-4cf4-a451-6441ada4baf6,true
600f257e-c790-40af-9e17-7c3dfd5f5369,A. F. Knipschild,1bfcfcc5-99ef-44d2-ad9e-3b5422647867,true
61c4dd06-9203-44d5-84ed-ed71c85ceacf,Tracy & Brother,4247f999-1672-4507-9aa0-e9962627bbb3,true
20171499-150f-49eb-ad3a-df812e9de1a6,C. A. Ogden,a3b0535a-06b4-4d2e-ba3d-f95c95589b53,true
cf1bec5a-5270-420e-9a1a-92d0834f6ab9,Jacques Toutant,42bcaa6e-94d4-432f-9eec-327d7fb4e1c9,true
6e09b39d-844d-4c93-a6dd-2d16116f8b5e,Henry Durden,{undefined value},true
967dd6c5-0c58-44d3-82e9-027930dc86a1,Issac N. Johnson,6f5a362b-65c8-4dff-91f9-17ea9bf9b7cb,true
e3222533-a853-4675-b67a-1010445ae886,P L TREPANNIER,b2031319-281b-4a95-b0aa-33420f2d0885,true
a38b98b7-22eb-41ad-96f3-401e0312107a,J.A Beard & Co.,cda60828-c539-4f54-a24b-0b3ca6827412,true
b6d6751d-404e-453a-a385-1869ae0b4e6c,John R. Daniel,50529eaa-75f3-4e54-ba39-c103bc813497,true
8e52b44c-d4c5-46a9-8af7-fe83ca64c4a3,WOOD TUCKER. ,507b5968-86b7-476e-a83d-a4307622ed57,true
f4ab2377-faf3-4568-a2fa-470f77b38a07,J.A. Beard & Co 49 Magazine st. ,e8b87342-5a49-4fcc-85e3-7c8dd3d22366,true
207bd5bb-8ba8-484e-807b-072f2af47386,WM. [William] L. Callais,1601f1e9-630e-4085-a6ab-5e5af0625671,true
608fa288-31d4-4b9e-9fb0-a9e4309f7e40,J Simpson,63c82a67-6162-4500-80f5-ea96a9f98ad5,true
cb9cea98-5dbe-438e-9ce6-e3f8dc9b86a7,Jeremiah Nichols,98815bf2-21b8-492f-9a75-012bfe8eef65,true
f95ff5e9-970b-4eb4-8acf-c0a08cf8a155,Ezra Mantz,7930bc4e-e1b1-4628-94d5-e030044ed8a7,true
65a120d1-f381-45b6-80e5-d5044525a188, P. L. Trepannier ,240765c3-e335-4fb5-bdae-9c4be9e6d476,true
d2beae7e-bd65-4bb5-bc47-8477a183dbf9,J Simpson,{undefined value},true
c382d6e8-6fa4-4dc1-9fe8-65dffd66f6e6,A. Lacouture,026f5472-34b7-4c69-aff8-9ae5cd62e07a,true
d3fe8668-80b0-4177-a1c6-8e8913d350fe,Henry Durden,2a01dc8b-f788-4ccb-99e7-ddcd1f54cc18,true
918fc92d-9800-4334-9960-4f25a0363b8e,P. L. Trepagnier,22945125-c998-4784-89bf-3c2641276b21,true
5517adb1-7ce2-44b7-84ee-cb3b1be40576,Jas Talbert,38a3beb4-2ea7-49cb-a5a3-76d3d22e434b,true
700e2f0e-9613-4648-85e1-f6d4c196c662,J. Milleur,3cede3db-9504-4924-8633-1124ee61cd08,true
4edea09d-dffb-4b8f-86f8-14d4b2c410a1,"M'CALL & ADAMS",14358b40-d659-42a9-aa83-6fe2f9a98db1,true
461722b8-0f34-4555-92d7-36d33437040f,R. Micklejohn,{undefined value},true
e773fdc7-f108-4598-9265-42b0afc5747d,Wm. Seabrook Jr.,014eaf12-f807-4bd6-aa77-2e8885534580,true
da7ea7a8-e307-4d7c-859c-6a8c43df4cf6,Stephen Turner,f78352d6-e21e-4935-a927-7f09e7918ba4,true
fc2d0ea6-5c6e-48b6-86d0-2fbdb024863d,John Dampton,8b613122-4ef9-4033-9d75-87f1ec6ef202,true
3d4f37c4-a55c-487d-af55-2423f2e09f63,Morgan G. Swain,7852188b-08d4-498d-8813-28260ea2813f,true
e5431e7d-d775-400b-ab5c-f3bc12f454a2,Cerisay,61c0eb6a-29a5-4853-b2db-913a73730fc5,true
f97e6484-7cb6-4211-b29f-23585e49bd1c,Samuel Jackson,e7822bd3-847a-4f51-9abb-52a11fa861af,true
7427252c-f9ff-45d2-bb70-81aa8bbefcae,J. C. W. legare,{undefined value},true
8244a9bc-d86a-4694-8c99-5ec557158278,John Hampton,8b613122-4ef9-4033-9d75-87f1ec6ef202,true
abdb5796-9ff0-4ee5-936c-d9a38985481a,H. L. Hawkinson,6e29341d-ac86-47f7-a127-80c7e6fa99da,true
48acaa6d-32ca-4edd-aecc-b80a5e3c5258,P. C. Harrison,90649da6-f5a2-42fa-a15b-a9b0ec2da645,true
50d30619-06b6-4caf-8cb8-a6756a0cca60,O. COOR,76e7f0e7-6bd3-4101-8a39-2cced6d8efcf,true
c209ed4c-0727-40f3-a40d-c80dacd01402,P. L. TREPAGNIER,7dedbddc-09db-4cb9-8b4d-64a5f8ec41d0,true
8813f13a-b89f-494f-90ac-6817be5d5889,James A. Rogers,5b3e3ec6-884f-421e-a766-52ff28b4ad2e,true
eab36783-fbfb-4279-8e0d-be4f494b381f,Henry Overstreet,c3f4a8f3-21f2-4ce5-8d67-d2281f583746,true
e9aab5a5-ebc2-4869-a571-ddd7424e333c,J. Malleur,03d13afd-8c73-4275-8010-083d95c25ca0,true
0561a4a8-a3bc-4eee-957a-cb0a8eca353a,C.A. Ogden,f12255d3-fdcf-4895-96df-09ca0a2d466a,true
55677f72-0adb-4636-8168-0c46615432a5,Cerisay,68fc0274-ab7d-450d-a729-dd77b39d4a41,true
b7441799-1113-4976-beef-a0f974af09b5,G.N. Morison,c45fe954-a17e-4cd1-82ef-82b3095610ec,true
34f1c087-365e-40ba-8fe9-e62ea56b1630,N. Combelle,e4d3c17b-9f01-42e4-8fdd-8cd8f6b8b988,true
6ba29639-c142-4e04-bdc5-ed25e530b4ea,J. Simpson,63c82a67-6162-4500-80f5-ea96a9f98ad5,true
f338a177-60a6-4ad2-bd43-a951c40c0085,John M. Winstead,a1c25cc0-9569-4219-b675-c57d0a6f262c,true
51145261-5b23-4b27-bf11-a39202705bb8,S. Bennett ,{undefined value},true
cf492ac3-4785-4233-9eb3-5d8e924dca63,John Anderson,14358b40-d659-42a9-aa83-6fe2f9a98db1,true
0c8e76a2-9abe-4db6-a37d-4c7fa05b5fb8,S. Meilleur,8320e76c-e453-4b27-8b53-e1a0fdcf28cb,true
fe80b04c-3c21-4f05-8591-243f9ba5645f,Robert Philip,24e2071a-a68c-4a5d-b33c-f15fe908098a,true
b096db9a-3a33-4216-b086-e7f15b7bd1fa,P L Trepugnier,3bb0591f-813c-4c03-aca8-70c0d0f3ee73,true
55fe564c-7192-4ac7-9f91-89c9a4ab82b5,James Talbert,3bb44ee3-0533-4417-a041-105a9f31e109,true
0fd997f3-18a4-4d17-b889-64935b91b47f,"R. M. JONES, Sheriff.",{undefined value},true
3e1813ca-47ec-4170-b0db-11619e616014,Bartlee Smyth,e31cb26a-da7d-4e5e-8554-14628aecd7d3,true
0fa14dcb-f393-4dab-b072-74dcebb09eda,Stephen Johnson,59ce82c7-12ae-470d-a761-5e19e519d349,true
88514e87-eaa1-46b4-b168-9b1fe2d2434c,Mary Robinson ,000eeef8-32c4-431c-88bb-86a821c34da6,true
505592d1-ec1f-4dfe-b62e-3ef1ffb6ac2b,E.Simon,2872bc76-f9a0-4475-8085-c76b619adafb,true
6399ffcc-b1d7-4349-b5b9-dc028b642629,J.M. WILSON,e7822bd3-847a-4f51-9abb-52a11fa861af,true
d409fab0-d303-49de-86b7-d24a199c0733,Cerisay,68fc0274-ab7d-450d-a729-dd77b39d4a41,true
4d86efb6-7f78-4f45-8cd8-797c00179852,JEAN SALVANT,4156f57c-13e7-41c9-9550-395d5b9e7f95,true
38269db1-9b28-433e-b219-3204cb62f163,John Simpson,122c9ab7-0dfc-492b-b7e6-9e1859eb69a3,true
1f0ad14e-a31a-43c7-95d4-0c9dd2a7656a,B TOLEDANO & TAYLOR,{undefined value},true
1c93d32f-c416-45db-9941-c8fc7ed94b96,Henry Durden,af2ca089-4fbf-47b5-b835-ddd39cfa41aa,true
6bca702d-9193-4541-9efa-42ec56bc73f6,Lt Foucher,026f5472-34b7-4c69-aff8-9ae5cd62e07a,true
2b554009-de1b-4b90-a3ea-944b869dff3c,J. Bates Jr.,0c86c826-0051-405b-ad11-937dbd99b63d,true
119d3078-398f-42da-aab8-8341b425a013,T R Hyde,{undefined value},true
d8648ede-7ea8-4e96-b89d-a948dfdac924,JAMES JALDEAT,cb73e198-a788-48cf-be88-c967e256f503,true
eb2d960a-e530-49c0-8778-180db26368d6,J Simpson,7bdfa9da-3579-421e-9985-b6688ffed0f6,true
3c4ae0cb-3062-4f8e-9cb5-4c35a52d61d2,"E. Beauregard, Warden",23a65bf7-019c-4332-a1c0-d3588f1283ea,true
f5d2af8b-31a0-49d4-be09-5f8301da4caa,ANDREW BLACK,6a68f079-0899-449c-a5de-4d597d8149e3,true
b70cf8db-035c-4022-943a-fac031ffaa49,M. G. Swain,{undefined value},true
e9dfc2b4-a684-407d-ac24-9a9b3d253d60,Morgan G. Swain,53c185a7-304f-4871-9bc2-afe97e2ed245,true
1f786b6e-23de-40ec-a5f0-7f8708ebf1b0,P L TREPANNIER,3d0a5d49-4561-4366-ab13-9f7f0a6c62b9,true
cc5d6a3d-6600-4c48-ab32-2defa500e95f,Daniel Moorer,2c9c8afa-f25a-44fe-abbd-74686313f69b,true
5107a8ad-6e32-4e5d-98cc-416b09fa716b,A. Williadis,026f5472-34b7-4c69-aff8-9ae5cd62e07a,true
4b5b27e0-d815-4979-8d30-dd409cfad72c,H.B. HUNTER,10c4f463-aaa4-47d1-b135-56a52ec0b089,true
10f9d3fa-3886-44dc-b954-fa9c8099a524,James R.  Baird,01decd0f-3159-423d-bb84-5a56df4216fb,true
42850c0e-ccf7-49cc-b1a5-b04953fd0a78,Mary Robinson,c796214d-afa4-4795-acd6-3c195fffc013,true
181e2b88-fb5f-4865-bdee-1f300939e310,W. M. Cook,032be9f4-def5-4aa8-81db-c19d2b8bab82,true
3c92dbed-89f4-48c8-ae51-39fd96bb545e,O. Rouried,{undefined value},true
257f8d84-878c-457f-adf7-9666444d8d1e,Thomas Bailet,8554aa6b-0a3d-459a-9249-b120fec4c780,true
94c51d33-df04-4a29-9780-eb8f5840ce6e,James Wilson,64449037-fb67-426b-9328-be8297112fb7,true
c547d18e-1b54-42a6-abd8-c678d9897b29,Sherriff M.C.,98dac682-660a-4ca1-81f7-3a29916dd2c5,true
04da980a-b878-42b2-ab27-d13278d7697f,P C Harrison,dec7765c-f52d-443b-8a4a-e5708b7bca04,true
af050d6f-a104-4b5b-91f5-e88d243ee385,Sutton J. Weems,e1cc2e06-d8cb-4d04-bb6b-5d44744255a0,true
5e395666-3777-4bd6-9a2a-d6bae83a98bd,John Fleming,a411e5b1-a9f4-4fdd-ad48-90561672255f,true
ec147eab-6813-4247-817e-b183089f149e,Sutton Weems,1f47c9ab-e301-4b18-a203-50b34ccb727a,true
f3a5403a-b949-4c41-b45f-18226397ce9e,John Comas,57edd080-d451-45f2-af37-1d711d603d86,true
3203a9c2-66e9-4bd9-893c-dbeebd551dc4,Jas S. Scott,4aaf6730-bc89-4098-a63a-bb5f6234688c,true
3472081f-e4c6-4704-a543-fd6438e78786,George Creager,83675639-534a-4350-afa6-3702fa8905a9,true
b7b71a8f-662b-42a9-a82a-e6e3d6c123df,"C. Scott, Deputy Marshal and Jailor",2ffa7485-6f63-4ab2-86bf-ce39812d0e6a,true
a7ac7652-a033-42a7-80b4-3f54c0b760ee,NOT A RUNAWAY SLAVE AD,ec9eb41e-8fc4-4bcc-a169-0d342d0860ce,true
39a7f77f-6c20-4868-9ebf-c812ffaae642, H. T. Vennard,10ee4435-4a38-483d-91a0-098ee5ac8555,true
f02694e9-0d02-4402-a4a4-346c8d9c80bb,Edward Hammet,eef06425-9a8d-4972-bd5d-ce6ca2a452b3,true
6431d8a1-2319-4509-b087-47473856ce30,Cartwright Tippett,710eea53-6eee-4b64-a4ec-988442ed50d9,true
5f212b51-79c4-40c4-b351-a612c8480a1d,George Creager,fd4b88a4-c604-463a-acaf-b9768785f589,true
9dd1b909-6d5c-4d76-a5d9-fc4635788218,James M. Smith,7265d9aa-fc04-4a63-a370-0399bcebf1ab,true
fd78134e-9604-407a-8b4a-e35a0a5dae85,George Creager,958c4560-52e5-413a-8720-76ae70a052a0,true
192385ed-f98a-447f-b816-74fbd541493e,Lewis Collins,5daac6c4-739e-4cef-86f8-2c5da80aec03,true
bffbc24f-6f26-40f6-bfc6-51a1512ee2df,"George Creager, Sheriff",f894672e-e5ce-45b6-92ff-3638942df6a4,true
85f861ba-96df-4bc8-8cf4-728cb3f63fdd,George Creager ,f904adfd-7079-4e6e-8284-356778f4a1b7,true
4ddb92f2-c610-4054-bf4a-62ce47d20f23,Thomas Bailey,b7bf5dfb-0b67-4431-9c7e-4ac01d6e41be,true
9ff378c7-36c3-4162-a6f8-1ab04e6f38be,"George Creager, Sheriff",0e9187f5-0c5c-4a0b-9886-2ce0319f818f,true
6c911f3c-986a-42e5-b521-8507269c69c5,Cerisay ,0488cdfd-3ace-42c9-a834-55cac181cdd2,true
6d7c57b2-77b0-4ab6-8bef-0934fe18d96b,"George Creager, Sheriff",df80765e-7728-483b-bffc-6335e0eabaeb,true
00a3b396-d6b0-4c0f-a784-a8b6192eb045,"James Wilson, Sheriff",892a083c-bb43-427c-9930-1bcd67f6ca06,true
4d4f2129-3e63-4eb9-898a-826ffbb1536c,"Jo. Baxter, Sheriff",bf7af6c5-34bc-482e-90bc-b68a9a61c600,true
cec476de-2371-4436-8445-9333af12ff8a,Sam L. (maybe Samuel) Fisher ,c48d7c80-d509-4c3f-8aec-70c02b79dc1e,true
e91e7f67-95fe-401c-80e2-09281c3defd8,H. N. STEELE,bbff5649-cf77-4b69-8ffe-25c7a04579ba,true
3e0eaddb-dea0-4fab-8dc1-2685f1cbf144,John Coles,b9cf1a4b-c9b8-4898-932b-8c68820295cf,true
c7728706-d59d-448a-b3f8-27e56a259c07,WM. Richard,5fa2820c-dfe5-46a2-9839-5e49c4b84064,true
eebf74e6-d88f-4bd5-8303-15e25f61c51b,E. B. Mayfield,5e2fd7ab-338c-4d88-a267-f8fe2c5a4d18,true
37bdaf39-9b39-41d0-a334-1caa17e6c980,Cartwright Tippett,c9bed0b3-288e-4b98-a4c5-adea3d05a2a6,true
6c1f722c-ec7a-4746-9e73-92d88a307741,Daniel C. Brent,30f3674d-05f1-4f4d-aa49-ff6ba41b41eb,true
88648936-a958-4c34-bf66-238527f86b33,"George Creager, Sheriff",47537da2-2924-4cdf-b4e4-b72febfae3e2,true
56aed5ee-9199-4a1e-8221-c41875a35e85,"L. Hilleary, Sheriff",996ef61d-2330-43b6-84c5-d75bf809b9cb,true
d344d549-4dbb-4b64-a2e7-8cff59c8a143,Edward Hammett,c060ac81-853b-4f86-848d-f7d7a031462a,true
bac2f57d-46be-4b18-90b5-10d6b8c7308d,"George Creager, Sheriff",47537da2-2924-4cdf-b4e4-b72febfae3e2,true
a3a5efb8-c89e-43ea-859f-28dab7c5a85e,Daniel C. Brent,a5d89c5b-7a1e-460e-a5a5-7b3032275e24,true
5e335a9d-3fc3-4b95-b93d-2c3fb3c118cf,Daniel C. Brent ,4d0df718-c614-4f93-87bd-bc3fc2622d40,true
721deccc-e0a6-4516-9bfb-54326bbb7e0d,Horatio N. Steele,58150469-1a3e-4454-8468-904e69416387,true
da16e59b-497d-41cd-859c-8b29af3050f7,John Simpson,122c9ab7-0dfc-492b-b7e6-9e1859eb69a3,true
c72bc3f5-230a-48ad-8512-714e1ed35fbd,JOSIAH ADAMS,ceb6d330-1508-4de0-940d-c4e88ea9e378,true
b743eb5d-7ca2-480f-b937-e329ee62c86e,Edward Shiff & Co. ,911418cb-5288-46b6-a0fc-30fe230efed4,true
7567a1c9-8091-44c5-ab79-21529b91a522,James Thompson,{undefined value},true
c412faa2-ffec-41b2-8cd5-8ad479c55f4a,S. Meilleur,8320e76c-e453-4b27-8b53-e1a0fdcf28cb,true
6e8cb65b-3f1b-4582-b4ab-53342e06bfe5,Thomas Machill,103ecc72-6b14-4947-ab62-eab494d3e637,true
9941d9a8-bbb2-4f66-81fe-a8ecf1374676,EDWARD HAMMETT,eef06425-9a8d-4972-bd5d-ce6ca2a452b3,true
7149bc60-030a-4171-9212-f6bdef0daffe,rushil patel,02970adf-db7e-47a0-866a-a0c734aa01a9,true
0cc1edcc-4c8f-4998-91b6-c836703a2a8b,Daniel C Brent,30f3674d-05f1-4f4d-aa49-ff6ba41b41eb,true
5ec839ac-d293-4522-8150-7b40ccb007ff,John Ledwick,007333ad-09e1-4297-90e3-f461e51e2b0c,true
43c55abc-e47e-41c3-8cfd-91ea42be75d7,"Robert M'Clan",b81d0291-ea85-41e9-a1c0-db77ba86c06a,true
49ccd7fc-87be-4237-8b6a-d7e730fb7d2b,"Deputy Marshal and Jailor for the County of Alexandria, D.C",58150469-1a3e-4454-8468-904e69416387,true
a803671f-5f87-43c2-81c1-10b4366da531,Henry Basford,{undefined value},true
37e19362-7e66-456a-ae28-a700f3b1509d,Sheriff Thomas Macghil,103ecc72-6b14-4947-ab62-eab494d3e637,true
db8463fe-fa66-4126-9f48-c7a3391e7577,H.N Steele,58150469-1a3e-4454-8468-904e69416387,true
1b524de0-2043-459a-8191-425542b064fd,Sheriff Issac S. White.,ef9e6153-fe2d-4d5e-beb6-fd590f151879,true
f3652a14-a35b-459c-aebd-2ed0cfe30292,"George Creager, Sheriff",92554ac6-467e-41a1-853e-a391f2e7b046,true
95ef1fe3-7a61-435d-adb9-74e008e79e61,Deputy  Marshal ,5576ff33-254f-4405-96a4-e7cf03f1819d,true
f7d0005d-92b0-450f-bc97-f39892ffbdeb,Edward Hammett,eef06425-9a8d-4972-bd5d-ce6ca2a452b3,true
d3053d45-5b38-47df-b7c8-efbffc681720,"Laurence Brengle, Sheriff",0cd762dc-6b98-4e9a-aab6-fa8794f0b64c,true
31ece49d-3904-4e43-891d-dc9b9fbd1903,Hall Neilson & Co.,951f7e71-e32a-4483-8b69-0b2faf558fec,true
4769469b-b0b9-4791-b9e0-c7e92306f26c,Henry Basford,6b885371-467d-45d6-803d-e71f43019582,true
08b1a1a2-099d-4df0-98be-e2e72912b7c9,George Creager,0383da12-e4e9-4aed-a7e8-7cf7be525d7a,true
68afb2f4-67a5-4538-b4eb-4978fe88e714,George Creager,0daf34ec-b0bf-427b-b196-063699bef204,true
b8db7177-d35f-42ff-9ae0-3143247c6ec7,John Coles,dac422de-618b-4952-9fda-a02c634a1897,true
1fb3488c-d7eb-410f-a2da-53296e369ca7,C. TIPPET. keeper,72ef1b30-4212-4083-8689-0bf84090ef1f,true
abc66fc7-71f1-43ff-83e7-dcd71241720d,John Fleming,ebb8052a-75bd-459a-b1f6-90ddba5b8e0c,true
1f9fca7e-59b6-400b-83c9-a100c952bbeb,Charlotte,9fbefbbd-53ba-409f-9079-38bf47891357,true
87447724-7dca-49c2-b35e-27ddbd3b2395,James Wilson,e7822bd3-847a-4f51-9abb-52a11fa861af,true
866f61bf-9ee7-4ae0-b7fc-c58f5abfc237,George Creager - Sheriff,24e942e6-1d86-42e4-a969-5a9e68c71bdf,true
cbbb1015-51ce-4e72-80fd-d9a8920a9b25,George Creager,28e92fc2-4165-4d99-a342-5bcb53f71926,true
5d74f918-3714-4738-b22d-be80f19e0197,"John , Sheriff",c954b80f-35c3-43b2-b75d-718602119054,true
232904bc-44ee-41b7-a954-ee978019a1ad,George Creager,81366390-ded3-44d7-8b86-7c2eda0617ca,true
e17be3c5-3362-4034-8451-964592269e33,Geo W. Hunter,{undefined value},true
d511bcea-aeb4-490e-8a56-934126b78e56,C. Scott,eff0d197-e10e-41a8-814f-23d502b347c9,true
f72adcf6-ff22-4022-8a00-9e95572ad79a,"James M. Smith, Jailor ",f08f3e47-bf4e-47a2-8cd5-6c40018ec17d,true
baaa27bc-3137-4f17-8108-772975e0973b,James Wilson,17fd3b61-75db-4a48-881a-19eca4c267d4,true
46aa039c-a6ad-44f5-a6cf-4f7c2d232e0d,Townshend Dade,42bc4266-b29f-4bc4-95f2-39c514e51935,true
cec2577e-c803-49ae-8be9-72bcb028adec,"C. Scott, Deputy Marshal and Jailer",58150469-1a3e-4454-8468-904e69416387,true
6bed860d-3092-4071-8430-a6158228bd85,Nicholas Voss,{undefined value},true
f77a5807-89a2-4a97-bc91-68fce34c94fa,George Creager,62d0586b-96d8-40a1-bca6-ce684b2b5df1,true
0868b613-f35c-42d7-8d87-3606f1ccccc7,Daniel Root,7be20d6c-6fc9-494b-872f-6e82fa48c13e,true
a1317a7d-8268-4e65-bdc2-994013f00448,Isaac S. White,e9039fad-6cc9-4ed8-852b-d7bffc5adcd8,true
983977a7-b38e-41f7-922d-8bfd63f04fe2,Hambleton Thrift,{undefined value},true
cbb2d517-39e9-47cf-9947-e858594fa710,N. Rochester,6becd845-0c6a-4824-8374-4b4970c3bc7c,true
b56a62b4-ab52-462d-b91d-fdfbf739fc19,"George Creager, Sheriff",54664863-0964-45c4-8abf-3cce208e528e,true
2e9b822f-5220-4836-b387-0bb3432614ac,"George Creager, Sheriff",47537da2-2924-4cdf-b4e4-b72febfae3e2,true
280ed3dc-8156-44f4-b9a9-95b996e5081b,Sheriff James Wilson,b7bf5dfb-0b67-4431-9c7e-4ac01d6e41be,true
771e7461-ecfb-42d2-82f8-b1da67fe6567,James Cassin,ef9e6153-fe2d-4d5e-beb6-fd590f151879,true
e1f300a4-d6b5-4610-a307-bb6df28bb6b8,James R. Dermott,6e1ea75c-f798-4e18-92c7-4c694c9956cb,true
d94e5993-14e2-46a3-8231-020195dbb32b,Daniel C. Crent,30f3674d-05f1-4f4d-aa49-ff6ba41b41eb,true
cbafad7f-9fc2-4be7-82ce-e852a85b0b50,Jr. Sheriff George Creager,0daf34ec-b0bf-427b-b196-063699bef204,true
b47e62f6-d837-4636-82b3-25b523e01fc2,"Isaac S. White, Sheriff",dfd1b2e3-323e-48d1-901b-2a73e9f8f025,true
e2552b68-437b-44bf-9f1a-5be74b7e4566,George Creager,43280ecf-1538-4bf6-861e-24b015003a7d,true
4e940f20-cfdd-4dbb-87b5-ad35511ba208,Daniel C. Crbnt,b5fb551e-1f61-4c76-aefd-1a4bedbcfbd9,true
a6a40c04-8b7b-43de-8fc1-ffc58f1adf80,Thomas Bailey,9f405afa-5be1-4e0c-80b9-fc613632ed7f,true
c42cc077-ff09-449f-81a4-42da5954ec3a,J. Marshall Jr.,ae32a822-8135-4e8c-a006-68c01bc5127b,true
00170f46-6e76-44fe-a466-43e90191f7d7,Horatio N. Steele,475cc382-f067-4df1-b9ae-6e677819ba23,true
b369b5a3-a6fe-4ea5-84fa-251fb572ffa1,Caleb Weeks,8e3753b0-b13c-4822-8e22-1069beda1267,true
838efc2c-cf9b-4670-8761-a71e739fd2df,Daniel C. Brent,f99d08df-9772-494c-8132-aefde8ad925b,true
afcaa656-f9ae-466b-93dd-068ca5deed05,Wiliiam Holmes,8e3753b0-b13c-4822-8e22-1069beda1267,true
f5ab0d9a-e05b-4f8b-b442-a06f99022b27,Daniel C. Brent,4d0df718-c614-4f93-87bd-bc3fc2622d40,true
061295bd-d4cd-43bc-89dd-1aaf81a62aa0,Daniel C. Brent,df08161b-6b87-4e62-90db-8b02caf9b852,true
34018edc-b2cb-4be6-a889-c1304e865dfa,Thos. Steel,475cc382-f067-4df1-b9ae-6e677819ba23,true
878a7efc-b763-4dad-bf85-504bd6bfa10d,C. Tippett,b5fb551e-1f61-4c76-aefd-1a4bedbcfbd9,true
562a5522-c129-4454-85ae-c6d57e767b86,John Fleming,48dfaf72-92e2-40ca-970f-74b53ad0bb73,true
37e62e4c-15ed-4a6b-a88f-38dab7b83a30,James Wilson,9f405afa-5be1-4e0c-80b9-fc613632ed7f,true
83f994d7-3f1a-40ce-8de0-c46a9105290d,George Creager,0e9187f5-0c5c-4a0b-9886-2ce0319f818f,true
176f6882-eb1a-48e8-80f5-b7eb10b5b131,Shields & Ashburn,0b5cc15f-e19b-4064-97d9-35709e68d84e,true
cd78f5ee-bfd6-4650-95cd-871211afb085,George Creager ,298a5f86-567b-4d4f-aee3-21a3472369ad,true
25685864-726d-4721-91af-a35fdb923c53,L. FILLEARY,8448ccd0-ff52-49d4-b769-a2f180411463,true
b01aea20-19b0-4c82-8817-c1d1ab23e69f,Thomas Bailey,c64e5707-3691-46bd-afe6-205beab9648d,true
cad58e11-7373-44d9-8400-f50f25b1a32f,Hall Neilson &Co,2070f1a5-433e-4368-b1dc-b97b1a1370ca,true
6ea4ab37-2f37-4287-8f13-1c655e13e122,Horatio N Steefle,edd43425-7bd4-435e-8a6f-0bfdc2d0b452,true
2ebc89bb-2457-49bd-b383-79d178f14b6c,Daniel Carroll Brent,f55a578b-d4c5-47ad-8d3d-9fe8bdad3fcb,true
9e3515b9-bf6f-401e-b645-51878863dd42,PN Steele,58150469-1a3e-4454-8468-904e69416387,true
4bfbda24-4caa-4df5-ae26-171b203f57a3,"George Creager, Sheriff of Frederick County",85e8ebd9-0458-4667-995e-f8835073f60d,true
3b11fe42-014e-4dce-98df-2b59e3fa2b55,O. Devezin,33e162c3-dbfe-4ff5-bcf7-a873e8ddecab,true
06d671cb-d73a-44d2-b9fc-4a1482291662,James Wilson,9f405afa-5be1-4e0c-80b9-fc613632ed7f,true
ab9bcc52-7ce6-4e4b-b0ae-5732c4c67574,Edward Hammett,6534d09c-0634-47be-ab7f-cd38f7f072c7,true
da12d4c3-bec9-401b-8d36-71273db1f379,C. Tippett,239a8c7f-542b-447e-b0d3-1e3c9a7e4515,true
490bb2bf-1cf4-4046-a345-1bbf9004ab4d,C. Tippett,a5d89c5b-7a1e-460e-a5a5-7b3032275e24,true
3da2b3fe-954f-4af5-aa4b-56cdcea089ff,"Rasin Galf, Sheriff",98a42da6-10e5-4981-a046-49c6c159f7f6,true
dc3b4baa-f429-46dc-92a7-d58eb4095d2a,Samuel J. Coolidge,a6bf441e-f072-482d-ae07-c98ebe41289f,true
e458c274-0870-4583-ba07-4278e4c80ea2,Samuel B. Wiggins,eddc51b8-5d05-4675-8e40-00882f849b8b,true
df3b35db-2e11-4986-a0d2-c19c88ce4386,A. Mauldin,08143c85-97b8-4956-bd20-4f724edec601,true
855d06c6-8cd6-420d-ab45-a3eb9dac76c6,John Darrick,39fb0083-7892-4080-b492-5c4bae35a842,true
b06a4547-ab7f-4631-825f-d21a18b09987,John Fleming,eaf24637-0e98-44a7-9749-626336df0bc0,true
d0fb9a6a-6c56-43ba-9f70-e075abdac472,John Humphries,b3383f1c-5f10-4283-b060-dc93b695a2f4,true
5aa66368-22d3-4049-af7a-c18c18c3c2e6,John H. Owen,e318544b-5d76-423c-a26b-c4968b2a178e,true
0f72aae4-ffe6-4729-a13d-7fadf34ac0a1,George Creager,7930bc4e-e1b1-4628-94d5-e030044ed8a7,true
a207e22d-8de5-4def-b836-3db6735de34e,"M. G. SWAIN, Sheriff",35840b97-3a1f-465c-bee4-f21da06aab32,true
0f60eba1-58a6-4f5b-8a2f-2e3d3f99c224,E. Varner,bbea6dab-ea32-40d6-90e1-37268c4ce856,true
1ce37aa7-4f4d-4737-a8b3-31cf6fa508ba,cartright Tippett,a5d89c5b-7a1e-460e-a5a5-7b3032275e24,true
efddc134-8602-42ed-8217-ae2747798aa6,DANIEL C. BRENT,ac3f5829-4964-4f17-9c08-b018d39408b1,true
ec964753-b8e9-478f-a434-f247154dd835,C Scott,5576ff33-254f-4405-96a4-e7cf03f1819d,true
8763be2d-234f-419b-9339-8f5013c07029,John Rose,299262f0-d3b8-4ad2-8dd2-a6986662c330,true
c56b73b7-2670-4e57-9a44-64755453e41e,Cartwright Tippett,24ceb22b-a8c0-4310-b8a6-a9ee074190ac,true
13c90d34-1dd9-4be0-8f9f-511b30819563,"C. Scott, Deputy Marshal and Jailor",3ee872d1-719e-4023-b9c1-45fad0204ab7,true
e37c502d-f7f6-40dd-b544-daf24dcec5d8,Edward Hammett,eef06425-9a8d-4972-bd5d-ce6ca2a452b3,true
357379a3-c62d-4a8a-b381-bfa796cf3cf1,Thomas R. Persons,{undefined value},true
d2c94ebd-a084-416e-8c3c-b434b5569efa,Thomas Bailey,becc747e-36bd-4ccf-8659-d5162f3160d5,true
272a4f1f-01e9-41b5-8e71-c46a480b9ba4,GARDNER FOLSOME,a5aab9b3-c69a-4780-8e5d-47a702c8a40c,true
4573c278-8a5f-4388-a98b-33bbf63a8fc5,J.S Emerson,{undefined value},true
2f9a9dbb-2762-4b97-9128-ea0509421303,Isaac,eba1dc1e-ec01-4801-90ec-dfef9ca9d06f,true
a0b6b894-05b3-42e9-b717-66d8bd56f07e,Cartwright Tippett,bea9fc0a-7e00-41a3-8429-7f3e3ae4310f,true
7d2c7daf-77b3-4c08-94d6-cc9f87a41ee2,Georgo Creager,67d0a230-d698-42e1-94cc-0beb4ee82848,true
96579c69-ee8a-4517-baa6-17c62de1fe66,"WM R. Bivins, Jailer. s.c.",6c39ac3c-2948-409c-a9f2-03f73bfa171b,true
bbbd6841-5324-47f9-9dd0-2683d07a8331,"Daniel C. Brent, Marshall of the District of Columbia,",527c442d-065d-4aaf-8fba-803eb554bd0f,true
73d5343a-e032-4543-b51f-530d88d1bed9,Daniel Carroll Brent,a5d89c5b-7a1e-460e-a5a5-7b3032275e24,true
57aff740-0a2b-4aec-85ec-1c56b43faebd,Lein Talburtt,a5d89c5b-7a1e-460e-a5a5-7b3032275e24,true
eec49462-9e96-46e8-823c-2fb200489eb2,"Robert M'Clan",e4b68140-49f8-41b2-a39f-2cd36af96308,true
75294b0c-a45e-4948-939a-0d7847659b6b,N. Rochester,6ff4192f-23ea-429c-afbf-4ad33b64e6c8,true
0833ad75-18b5-4bca-bded-b36ce2cef0c0,C. Scott,3a35925e-b1cf-441a-a4ef-dfc236bc89e6,true
714ed3be-8bee-4add-8849-fbc6950dae57,James Kinner,6bc4c56b-be77-4f3e-ba82-0234d65ff574,true
a41f9162-5561-410d-9af8-ae5db680a97c,C. Tippett,4eae7081-d145-4125-80a7-81adccadccfa,true
e8b9cc91-e3d9-4580-b957-72f48ec1ee60,Jacob Duckett,6f08bf2e-afbb-46e6-85a6-4b3fd148f8a9,true
57a4bf17-c211-436b-ba39-ad466e9ea4c7,C. Scott ,5576ff33-254f-4405-96a4-e7cf03f1819d,true
f872ddf1-6577-48fa-9c4c-80eb06722e11,Isaac S White,fe676996-af62-45a0-96f4-16e8986805bb,true
d4df71a4-fd35-47c5-ab22-2b104a9de419,John Stone,2ec76187-1ff0-4e2d-9085-eb714e468998,true
e0d6101a-2d1b-4716-950a-136abde00aea,Daniel Carroll Brent,e16d5764-210e-4265-bb97-a40dc6324b64,true
fdf958f5-1c72-4464-b416-f6c549c0e8cc,George Creager,11038f12-0044-4efc-953f-4edf338db354,true
6dd3ee76-40aa-4601-a995-c2d470685e29,C. Tippett,d5f9ed15-be6d-4c2f-8462-92e79b731bbe,true
93290074-d250-4eef-8d97-ed929e79b4ad,Horatio N. Steele,5576ff33-254f-4405-96a4-e7cf03f1819d,true
8b9ffe91-9555-42ba-85d3-b46444328b93,John Fleming,b8976ced-078c-4bdb-9c12-d1b793bdf454,true
7f7b9ecd-738a-42a4-ad54-1151304878d5,SIMON MILEEUR,{undefined value},true
591f7897-e94a-4b05-a6f3-129068d11c92,Alexander Scott,24ceb22b-a8c0-4310-b8a6-a9ee074190ac,true
f35a704d-7030-42b7-b2c9-132dea25b08c,THOMAS MACGILL,103ecc72-6b14-4947-ab62-eab494d3e637,true
809b9c2d-1f15-4bb5-bded-c9eac24333fb,"Benjamin Ray , jun",48c8d759-e00e-4c25-92bb-10384be0f0fc,true
ebd6403c-f57c-4e42-b0be-cd2726cee1c2,Parish St. James,{undefined value},true
9f55e0b2-cc5e-40d7-ad0c-52853b3bdaf7,JAMES HENDERSON,71abb399-ef83-4b35-9722-036f351c7cba,true
03c866e1-d12b-47a4-9e38-bc584aa316a8,James Wilson,9f405afa-5be1-4e0c-80b9-fc613632ed7f,true
148297d1-3cfc-48d5-bfcb-abf06dd3a0e7,George Creager,0daf34ec-b0bf-427b-b196-063699bef204,true
f4ca6354-ea5e-4d5f-b1a9-2691f916f1f5,Cartwright Tippet,a5d89c5b-7a1e-460e-a5a5-7b3032275e24,true
540e1f69-3039-4627-83c0-c31fa9d51f95,C. Scott,58150469-1a3e-4454-8468-904e69416387,true
6d21cfd5-c7e8-4481-b241-9bd5dc2f776e,H.N. STEELE ,35a29d8f-c95d-42cc-8071-a9f87d72b2ad,true
f55888cc-4fb0-46c0-8c71-ed964878fa59,R. Micklejohn ,2dd9cf5c-51de-4e3f-8c66-dec827da4ab2,true
f32d8b0b-e799-46f7-892b-3ac967e3edd2,C. Scott,475cc382-f067-4df1-b9ae-6e677819ba23,true
3ed8fdfa-1b1b-4299-960b-3eb35a27dcdc,Marshall Boyd,42936016-e80b-4c81-9d7f-d1c7ca3795f5,true
d63c880a-bf7c-450f-84f2-42c70470417f,Samuel Hammett,d656d0dd-4c52-43e3-82cd-9f1e962dea34,true
4e83c481-72cc-4f8e-b5be-846d35455ceb,"John Fleming, Sheriff",48dfaf72-92e2-40ca-970f-74b53ad0bb73,true
ba00b380-2d07-4a17-b4b4-807546386324,JOHN FLEMING,ebb8052a-75bd-459a-b1f6-90ddba5b8e0c,true
ad5b9b0d-9d2c-45d6-962f-4cff7cf1d96b,Thomas T. Page,3adc2225-f492-49a6-a806-140ce7443ac6,true
b86fa509-0478-4ce7-ad7c-f78bb51bbe3b,L. F. Jarrell,239a8c7f-542b-447e-b0d3-1e3c9a7e4515,true
cecbc122-5a0d-4b90-8c82-f2eeeb17e1ca,John Ledwick,503f254f-533a-45f9-83a7-ab60552fd697,true
3305f5cc-a6e0-467e-919b-1360a698ef8c,"J M'ceney",b2eb4d80-3606-41a6-84dc-0ff26f9c31d0,true
b6c8c259-3fc0-4461-90c7-99934aaee5d2,George Creager,29a0b495-4a35-4f16-bb4f-2210f8a19478,true
c93d7142-4beb-44da-8d29-65e744b68432,George Creager,7505f4a7-22b7-407d-9142-dc0ef3cd0a5b,true
a075cd53-e4be-4cdb-a217-138b83f4b0eb,"Benjamin Ray, jun",ebb8052a-75bd-459a-b1f6-90ddba5b8e0c,true
e9e42095-b1e9-49c3-9a54-f35ffed1aefc,George Greager,0ebd318d-b542-4865-ac89-a978478ad86c,true
6e7250d0-54b7-47a1-ab22-a9f1f8d5d866,Standish Barry,71566679-10ac-4bd1-a134-5509687a4728,true
6b453ed6-3c2c-4210-83c2-72e33596eff3,G. B. Causin,53466288-bf85-43fd-b583-8335ecdfa0c7,true
b6972d0f-4278-4f7b-80a4-0fc85477b6df,John P West,2504eca1-778e-4154-9d3f-8272cf38a6b4,true
8782e311-41bb-4bed-bbe3-ed99c44c7b9e,Thomas Bailey,9f405afa-5be1-4e0c-80b9-fc613632ed7f,true
4a37bc84-3434-4ab7-a922-0bde6749e5c5,James Wilson,03b41f42-996c-4e17-b9bb-2f5e01d1a753,true
6ac4f723-446e-432b-b90e-7558e3bb5a4d,J. R. Purvis,8079f10d-755e-4832-8d31-889bb779d6d3,true
8484c103-5bfa-41c2-a001-a2e5bc3001f1,Govner of Bienville and Villere,08d0265d-45a3-4fd7-82f1-9327619de9cf,true
caa81ee8-ef72-4972-ae6c-2efcd6c59071,C. Tippet ,949934d5-2d55-43ac-9658-07f70d962e57,true
bdece887-497d-44b0-a7cf-274cb7eb00bb,C. Scott,f022463f-5cf2-4516-b5c2-aa8d0c39276d,true
191114d4-3092-471b-8201-7a3daa9df98e,N. Rochester,f67f8240-0a4f-418d-81d8-84093d2ca59c,true
b08e3a50-400b-492a-a932-c6ac4cf698d2,"James Wilson, Sheriff ",9848121d-9024-4c17-ae03-663a5b2c1a0d,true
c87ab6e2-9c48-4da1-8a1f-73bcc7991da4,James Wilson,7317394a-e8c8-436b-9ad1-d3a72e21de95,true
da4d33b7-133c-47e4-940c-e34bb2fd1d29,Aaron,24ceb22b-a8c0-4310-b8a6-a9ee074190ac,true
f2800c8f-d4cf-4db2-8812-c262ef3133a5,George Creager,c028471f-68fc-4520-9291-d7aa2bd64c02,true
f4246011-86ce-491f-8b31-5a920fa8f680,Lauren Frengie,43d06ea3-443c-4bc1-a2c6-b284dbaddd02,true
1fb85dda-30b0-4f4c-aa27-64b65ae047a0,"Thomas Bailey, Sherriff of Balt. County",becc747e-36bd-4ccf-8659-d5162f3160d5,true
cf0dbbf8-80cb-4f35-a718-8a29bd8554a3,George Creager,ba5dd339-5ac3-4515-99fb-d017199c806a,true
e49f3ef4-46b4-4cb3-93b5-14099b282477,Isaac S. White,92d1d59b-683f-47a4-b287-f777b51f220b,true
67dddbf3-2858-43af-8e90-1ee995c0a39f,James M. Smith,9291d452-1a37-497f-ba1d-47c03ee9b24b,true
4fa3fd4f-9b93-4cfa-bc51-f2b8dee81f24,"ROBERT M'GLAN",44928da3-9c16-4c57-a341-8cbdcd9bef95,true
6c7bea2e-71af-4709-9922-9fa662050cc1,"James Henderson, Jailer",e7f22578-328d-4511-a358-40136b67a069,true
669c60df-f2b3-4d79-95e3-448a94b763a5,William Goodale,85bf95aa-76c4-4a9e-ab54-9df7150163ef,true
7a94c969-a31e-4f81-966f-114101a152f8,Joseph R Lee,a5d89c5b-7a1e-460e-a5a5-7b3032275e24,true
75c2d032-2549-4d5b-82f6-0ca3060ddde7,John Stone ,dad2b88e-22ea-427a-addd-c1f630799a14,true
e4ff099b-b839-4a69-aa13-1a340f07b78b,Robert McClain,107319f9-238e-492f-a293-7965af051db9,true
e792f45a-4398-459b-aa23-ecd6caf4a547,"James Wilson, Sheriff",b4e5d8e1-bac3-4729-afd3-496a7c1c1811,true
3e810e50-83b8-4e5f-aba0-2c361507a8a0,Daniel Carrol Brent,4d0df718-c614-4f93-87bd-bc3fc2622d40,true
c12659b6-ab3d-43ac-988a-339531278889,James Wilson,{undefined value},true
a7a3fe71-2196-48c6-be3a-6e4e28f27f5c,Sutton J. Weems,e46c2e03-e925-40ad-b504-3f2f98d9f062,true
3d446d20-02f9-439d-b1a1-c0cc13d7653f,Edward Grantt,{undefined value},true
b179d8e7-5e1d-446a-b0a0-c39d3a8e3c37,Singleton Burgee,{undefined value},true
43f5adf5-5917-4349-9d4a-17dbd85efd14,George Creager,0daf34ec-b0bf-427b-b196-063699bef204,true
e91ca47b-d1a6-45c2-9081-00921638bee7,Benjamin Ray,4797d069-a77b-4dd5-9061-2adbb5e4b2b0,true
cef59995-625d-49bc-aba2-3b6df84fd496,George Creager,aaca5963-1368-4170-899e-96d5cff0bfc8,true
a7ed1aeb-5c9b-44a8-890a-913d71e50e90,Thomas Bailey,becc747e-36bd-4ccf-8659-d5162f3160d5,true
88aa47fb-2381-4322-8578-8face1a5b02a,George Creager,28e92fc2-4165-4d99-a342-5bcb53f71926,true
95339448-eb53-43f6-a5c5-066d7270e4a0,George Creager,0daf34ec-b0bf-427b-b196-063699bef204,true
187ec9de-1b1d-4679-9d39-8f5dfee3b002,Horatio N. Steele,61bcb771-9dda-47e5-9ca0-83df2e78edab,true
31b8a457-05cd-4567-a93f-9e0869012935,James M. Smith,f08f3e47-bf4e-47a2-8cd5-6c40018ec17d,true
d45ee606-d05b-4ebd-8841-4185996fcc36,Daniel C. Brent,e4b68140-49f8-41b2-a39f-2cd36af96308,true
f11cf0f6-621b-4145-8957-2513972318f1,G. Tippett,59b59561-3ef4-4e24-bd5d-28bc10d201ea,true
455f0038-a098-4ca9-9383-99dafd9ff754,Isaac S. White,96623c76-d2b5-4bf8-a08d-0f55ffb66f5a,true
5af296cb-0cef-43c1-b1c5-e1cebb8512ed,James Wilson,ac1f4a1b-050e-4e89-95ff-671bf1fbe45a,true
bd05817b-d11c-48b7-a4a5-801c1198125d,Henry Basford,7d8e1139-c77c-4ea9-947f-2fb8d0fc0c8a,true
a4b9cdfc-493b-4648-a894-cf7c4d1c52a5,George Gloud,593eae5e-173b-4a49-8561-ea1f4669e99f,true
f7f44496-1fbf-4bfb-ba00-e69c1cc4dab4,John Coles,f8ad7565-1087-41bc-a888-e82e0ae63d00,true
baeae290-81c8-4b70-8ab6-ade8c8cd2320,"Daniel C. Brent, Marshal of the district of Columbia",4d0df718-c614-4f93-87bd-bc3fc2622d40,true
9880001c-9ec5-4231-872f-29d05da0d389,George Creager,e5f43edc-7f19-4420-a4a5-211b50b49b6c,true
d09e7a38-6a96-4906-9e49-9b02829e5921,"James Wilson, Sheriff",297eebaf-16bc-4745-87ad-407b09004e43,true
7c8b1f7c-56bf-4f2d-9e7f-74d4855b25f6,Danl C. Brent,27d1dbce-655d-415d-82f7-e564eeaaf106,true
548e3503-5f57-4c81-b2fb-b0ca3757cfa8,C Scott,592dc553-3e90-4164-b564-9d8dc543ae51,true
e8c6c0c7-39f9-4187-abf6-d58807582a71,George Greager,0daf34ec-b0bf-427b-b196-063699bef204,true
28b7ce4a-1199-4ebf-9428-9147b8ce6370,George Gloyd,4f4fc006-cf14-441a-9919-ae46ce6f3b59,true
48cfc1fc-20c4-4b89-b84f-ea682158d54c,"NOTLEY MADDOX, sheriff",90f7e63e-47fb-4d6a-bb4a-db25c576c6bc,true
8ac3703a-9720-43d6-84dc-3625fa1cbf8b,"James Wilson, Sheriff",d02818b2-5374-46cb-abf2-c89d9b83f16f,true
9106db1f-1ff5-44b6-ba14-e6380e8227ed,Richard Stuart,08d8992a-a7a8-4bbf-850a-960f7fad1405,true
42821746-6673-4989-91c9-b5827a0ab922,George Gloyd,b267c394-cab9-49c9-8f20-26c95d2470d0,true
3927bd2a-a2a9-4fc0-ab18-249fd1fdb6f6,James M. Smith,b6ff818f-cd1c-4b69-b4b4-a9b9eca9594e,true
697b9827-3842-4cee-99f9-e7b32551e6ff,Daniel C. Brent,870fb601-ae80-43cb-8222-71ba27932d4d,true
95573922-6d30-4d67-8071-1bdda87a912c,M. Ware,{undefined value},true
46becae5-a8e0-4d63-85ec-1889aef5dc3d,Daniel C. Brent,3f51252c-51d4-4b6b-95a5-5710c8c818c8,true
5a68c991-12e9-4178-add6-d8fd933cbc9e,James M. Smith,f4c923d3-9bd4-4696-8458-90fca74b00a3,true
27a19d08-da95-40c3-9f07-3153e624a09b,Nicholas Voss,1b258f7f-5620-4004-b165-50fa6e8b9df1,true
73dede2f-2000-4f15-bda2-388635f2c4b2,George Creager,d4f1c8e0-023b-46ac-a387-16ed276055bb,true
198a3adb-4b24-49c8-89ca-e489c29d5994,WM. Bruce ,1123940f-1692-4c1b-bf19-9b428ebde33a,true
bef75ca2-1ea7-4633-882b-15f847c0c278,"Daniel Carroll Brent, Marshal of the District of Columbia",44928da3-9c16-4c57-a341-8cbdcd9bef95,true
b8a465db-d9c8-429b-b739-b5518e1030b5,Edward Hammett,c060ac81-853b-4f86-848d-f7d7a031462a,true
f8c88c5a-bdc3-423b-8aea-9f7f8f9ae280,C. Scott,5576ff33-254f-4405-96a4-e7cf03f1819d,true
b79af47a-7f86-4fad-be66-fb2c58c6d760,Horatio N Steele,95bfde97-970f-4041-9764-7a2979328029,true
3be426c4-09e4-4c4c-aee6-95c1e5496980,Enoch Endsley,{undefined value},true
82011629-92f8-4113-83c5-169683a99346,Thomas MacGill,43002831-995e-4557-92c7-6213161434f2,true
2aa11119-fb1d-4849-8be2-2d9a369d4860,F. Sanford,862a4b3f-94a5-4658-88fb-3ee5ba240904,true
dc03fb27-1fa3-4564-8bd8-1618712101f3,James Wilson,743f4710-4797-473d-91e0-55dcabeb6e3b,true
f53c86dc-6d14-45e1-9a20-d71eae4e4b0a,James Wilson,11f95bec-051c-4280-a6c8-5883de822721,true
9b480f56-d0a2-449a-99cb-20c55eb9eaa3,James H. Smith,8f3bec37-ecee-4c6f-bc8a-00e84a262782,true
60f92a27-aeab-43c6-8f07-1f5356a65141,George Creager,4cef8dc8-8180-4166-aa7d-e1581922720c,true
3d586a23-ebfb-4780-9fa4-e2e07a36e2aa,Richard Straughan,75904ec5-d3c1-4c18-b063-b404c40bb097,true
f741dd8d-e3bb-450e-b991-b501a0862f38,"D. M. Lang, Esquire",1e1e0ccd-5c1a-4bd4-ab8c-04c44b71de51,true
f6a11e87-89f7-4e19-9ad7-dc2510963b20,James Kirk,b728b672-6dee-4b00-ab84-bd3800d419ac,true
c4ad72f6-ee3b-45c6-89e6-e3d83b72fd82,Lewis Collins,2775b015-2f8b-41a8-85c9-74d06230a777,true
bfc663a4-3046-4799-aae7-41899f52e0d5,H. S. Harper,a611dd24-346e-49cf-bf3b-449e6d915357,true
0e2e3764-7b14-4621-a164-8edc647e2261,S. Bennet,{undefined value},true
510e7abb-7b69-43ca-beec-bdc3656cef12,Isaac B White,e7f10195-8980-4d1f-a453-d4feb2a0a604,true
dde39371-1fa9-4c87-ac51-87205fe89495,L. Hilleary,d2b32368-ccdf-49c5-a190-16629f998236,true
6848ec30-c812-4efe-8266-92b1141221dc,Cerisay,39c79eeb-0d88-4940-9351-cbef46efe05e,true
6568d1c3-5785-4e52-9097-20303c8b3d53,John Magee,07b92699-2f0f-4f36-b5c1-3b7b52fa2498,true
745f30e7-9b87-445f-93eb-2294f0d7dfd3,Robert Marshall,dad2b88e-22ea-427a-addd-c1f630799a14,true
9106550c-f3b9-446d-9865-f26a1729b5ef,Isaac S. White,ee9d89be-62f4-47c0-bde7-259d6e76c14e,true
9be1d256-d4be-45a5-ae53-a4730686ed3f,George Creage,a376a2da-409f-4561-9695-f98b0f3ef297,true
5b506b3d-b6f6-4bd4-921f-85c41521d966,Ezra Mantz,94862cb8-2149-413b-87f8-c260199d1a89,true
1e68b77a-6a6e-4487-a9b5-bdf4e040800e,"Daniel Boatwright, J.",e95885b3-cc7a-4331-84b0-0c68737ebdf9,true
f9783078-ae17-4471-805b-226de79467f8,"George Creager, Sheriff of Frederick county",a3babe91-c9df-4612-9986-28098eb5ba49,true
8e5408b8-be78-49ed-9141-e72d07ab5a76,Edward Hammett,eef06425-9a8d-4972-bd5d-ce6ca2a452b3,true
cd53af90-d839-4d6a-a024-573818166b86,"Joseph Baxter, Sheriff",c165ba15-e397-43ed-ae98-7c3b517a5dea,true
6ea59605-7977-4536-a35b-11f2780432a4,S. Meilleur,8a2d0e34-1683-4320-a1b7-a5ce8e666fb7,true
deba9485-68e5-4450-ad10-738feaeb2f48,George Creager,96d0ad54-69da-4b23-ae5b-bd2fb64ae1db,true
017cad81-54ee-4c95-8aa5-4e339046a471,John Stone ,be79f7b5-204b-423b-92de-410546219973,true
8f0c27d8-5500-4222-8d2f-5ee504385198,John S. Emerson,857f2e04-6878-493b-be62-8fed5506356e,true
258246f1-facc-4fe6-9333-c0dd048ccba0,Cartwright Tippett,bb88f757-892a-42e0-85ef-ec1a3623a2df,true
eb93306a-879d-4336-a784-1934a0d3e2df,CARTWRIGHT TIPPETT,0eeca196-1c60-469d-8f41-ce465d8d0743,true
9d384b16-6bb5-4c11-b5ee-2deafdad367c,Hez Shugert,d892238e-1003-46cd-833e-7e6b01b7e51f,true
9779470a-be42-46c4-a057-5e11c25dd051,George Gloyd,b3f5b651-261f-4703-a66d-ed132332d251,true
8ee979e9-8289-4899-b5f9-5523e93101b7,Wx. B. Bnanes,ae523fe3-867f-44ac-94df-f1155771a002,true
0e6f87ba-608c-4dbc-bd39-812b9bfcb771,"M'Call & Adams",26e8d8f1-5835-424a-ac12-50ab094ee92d,true
187b8582-7b31-4603-956d-01120d7af3ff,"James K. Polk, Governor",032be9f4-def5-4aa8-81db-c19d2b8bab82,true
10bd919a-bb5c-4e8a-856d-07103ee54ba7,Isaac Stephens,5f8063ab-9df6-4d6d-afc2-db8871a565cf,true
6863fa63-5e5b-4aaa-9166-1d71da1aa067,John Kedglie,4493553b-c91c-4d04-a496-30656c1bad23,true
f472c98c-c01d-4525-a253-f5f03c2672bd,Cartwright Tippett,4ea2dbdf-cbfd-442a-abf7-4e7ad9e1a355,true
d8eaecfb-65f9-400a-9d4b-1bc8bfd90228,George Creager,adf15536-0bc5-4433-95bd-d903a65a0477,true
cf87ea15-bcbe-4942-a37f-d59e362aa70b,John Fleming ,c5b52777-f0a0-4ffc-9453-ee7054175fa9,true
9da353be-c2ea-40a1-9197-46d51ef11e9d,C. Scott,89bf8764-8316-46af-86a7-5c6398a6aa3b,true
ad59faaa-4139-455a-9ff0-e47085b7ae97,"James Wilson, Sheriff",11f95bec-051c-4280-a6c8-5883de822721,true
4b4a6fdc-0dbe-4d5a-a4af-bd2982d67f83,C. Scott,0b965468-05dd-4b48-bbcf-057b909ff0a8,true
9a52c722-c39d-4534-b391-1c4344964f6a,James Wilson,e90b0d32-ba32-4300-98eb-cf98f6daee41,true
e3977a4a-13ce-4b2b-a05b-87ed093f5058,Silas Reed,5e52d4fe-fef9-459d-adb5-496f68bd93fb,true
9cdf5fa3-520e-42d9-9d48-befac2f4c443,Daniel C. Brent,8b907883-1000-4a3a-9d4e-abc98c61f93d,true
4c3d4482-cb54-4c23-905c-6104823b33a8,Cerisay,7124997f-db87-4e15-90ee-df99f5dec566,true
577664d5-e853-4b07-8ea6-00cbfad1c93a,"George Creager, Sheriff",54664863-0964-45c4-8abf-3cce208e528e,true
d0a03cd1-1cb1-475a-b127-e4c4a9a46299,Edwaed Hammat ,0514d6a7-7cd0-4c98-a55a-809c0907ce84,true
ad4bcab9-8f14-4432-8054-06d471acd568,Daniel C Brent,6d3ca617-608c-487c-8a3c-05547dc4f8da,true
0a0b56ce-8ed0-4564-8301-7bf70fe5b201,Richard Frazer,4d0a55d0-f311-446c-aaed-2c5f52534537,true
226ae29f-326a-4f6f-bb7d-dcb7e715a977,Henry Basford,a33e1f4a-38d9-4ea9-85bd-23e497fbdd14,true
5b0953be-ea43-4d71-8a98-828451c4d88e,EDWARD GANTT,dd18c94e-599d-465e-a13d-a5bd833544eb,true
91234326-7478-4225-a7bb-5e40a0768b00,Benjamin Pendleton,7cf1f40f-6c25-4551-a649-44aa8ae95105,true
a5cd5db0-25d6-4d05-b12d-005bbafa7dda,"Daniel C. Brent, Marshal of the district of Columbia",c086011f-6eab-43af-9011-db0eb0ed51d1,true
7b61979d-d084-4641-9620-10bcdc6845da,John Boydell,662315e9-a74b-4052-bece-e17d9750d053,true
d91f2b71-e96d-4fec-a492-c85ba64f71c2,George Creager,00b95362-874a-4462-b81c-074c970c1dcf,true
17b51d64-f889-4453-91a1-8b3e083a9d2a,C. Scott,2c401b06-c9c9-464d-a25e-f2b1ec724600,true
52eed20b-b1d3-4bee-99be-b5d9ec2d8187,John Kedglie,549eda6a-fc55-4c05-8324-78ad3f8ca527,true
7af763ce-3ca3-40f5-a06a-4074d00d18ff,Cartwrigt Tippest,9fbefbbd-53ba-409f-9079-38bf47891357,true
8a4c4134-9f99-4427-8fb0-aa0e278ffcc6,C. Tippett ,0724c63d-121a-4910-9c81-a5a30c946fda,true
e2ff952c-b7e5-499f-ba26-71d285df0af0,C. Scott,85b3365d-1db3-45e7-8c9e-fa08ddf909d4,true
6865294d-4ed6-4538-895c-2e7a6c2eeab8,WM. B. Beanes,8fd3b9d2-33c1-4b82-9056-f3c2e9e9e050,true
2de367a9-ad73-4fb2-b6b4-12bc10c56b57,Sutton Weems,e46c2e03-e925-40ad-b504-3f2f98d9f062,true
488a115e-a9c0-41ca-bfd5-f178e8306492,Edward Hammett,eef06425-9a8d-4972-bd5d-ce6ca2a452b3,true
38db7e33-5e82-4f49-9076-15e81d49805f,Daniel C. Brent,3f51252c-51d4-4b6b-95a5-5710c8c818c8,true
ad5cb5a6-b539-40bd-9e37-795237b4becb,Thomas Bailey,a36272ce-fa8f-4e3b-95e9-9fbdb6d9eaba,true
17eeb5a0-23e8-4671-b5a7-04b75e3439e9,S. Meilleur,b4d78bdb-dbc9-4332-a76d-46dd16e2b232,true
4a28e7e6-d117-44df-a913-e8946f143814,"J. M'Ceney",b2eb4d80-3606-41a6-84dc-0ff26f9c31d0,true
54e519d2-fae7-4618-b2d8-17a26a5d3c0a,C. SCOTT,1edf3cc5-8dc6-4450-9c26-893b70c8897d,true
5c61c1d0-d7d0-43e5-ac84-54242fb29852,THOMAS MACGILL,f9f47762-bf5a-4424-b4c1-07435f9c3b01,true
b3feec62-b901-466d-965e-6ada81cb3225,Daniel C. Brent,44928da3-9c16-4c57-a341-8cbdcd9bef95,true
8cfe64bf-c54b-4480-a831-44b94b060997,Chas Meyer,03d13afd-8c73-4275-8010-083d95c25ca0,true
836125a2-96e4-4405-885b-64fd00b6b8d0,George Creager,30f059a3-7477-48fe-96db-b718f914a442,true
e63bf291-12a6-40ae-ab52-0ebea5ac19b9,"James Wilson, Sheriff",a26133ba-413c-4ac3-a24f-cafdb74a8d17,true
57526cb9-78e6-4772-bcb3-9bb0badb20a9,GEORGE CREAGER,676918af-a52c-4d4f-a3e0-8b51219bbd1b,true
163b0b00-d4d6-467a-b724-746fc7aca1aa,S. Meilleur,9c66fd4d-1e29-4ca1-9656-8c498fcecb52,true
9ecd7e86-bc2e-4a89-b25e-4af217050744,Daniel C Brent,a5d89c5b-7a1e-460e-a5a5-7b3032275e24,true
c33f6ec4-80d9-4f4f-8188-1fd7ac554fd9,John Kedglie,107c5194-713b-41f7-a7a2-ea5c7ee09fa1,true
11cfb21f-00f9-4763-bb80-6a3e98ac67a1,John Stone,a424061c-192f-4296-8726-1b5619aa2490,true
befbfa8e-a0ef-40e2-b12d-552a31bdc983,"James Wilson, Sheriff",81c0b8c8-a7e4-46f4-9880-b0d09a72698f,true
c2182a47-5d1a-44a9-9c09-0254f162b8cd,"Edward Hammett, Jailor",661486d6-be50-41c4-975a-0f1a86a6595a,true
db3402d5-2cef-418e-a4b5-84c3939310a4,"Isaac S. White, Sheriff",74a11083-0876-4c36-a7d3-e42749e4b7d8,true
32ee2039-50ff-4a55-a833-f98e3c946cbe,James M. Smith,622f7aad-d6a7-4177-94f9-7b8a7e9b45a3,true
06ed86d6-69e3-44a6-8271-0b5a4269d1d6,N. Rochester,f99d08df-9772-494c-8132-aefde8ad925b,true
22aa7519-4a9b-40c9-b2fe-024d3ee8919b,S. Meilleur,026f5472-34b7-4c69-aff8-9ae5cd62e07a,true
e685edb7-3534-49ff-a6b5-5b2faa4f1f75,George Creager,f6d8f202-dc31-4059-ada1-f21d074a65f7,true
77b1236e-b6b7-400f-aaac-9d1b4c79f4da,Hall Neilson & Co,951f7e71-e32a-4483-8b69-0b2faf558fec,true
f8cff914-af8a-4e93-b3ca-54252ea4b8f5,Daniel C. Brent,a5d89c5b-7a1e-460e-a5a5-7b3032275e24,true
6bc6e0a1-5ae7-49fd-8188-9acfa9d5221f,"H. S. Harper, Captain of the guard.",080583a1-d172-43ed-9160-231fe3e4e0a3,true
acb0ed9b-f41a-4a49-9341-cccbfe75c631,C. Scott,c1f1c708-8948-466f-aa88-4469bd32cbab,true
f9eb19e7-434a-4fad-b1db-a8d296214f77,C. Tippett,4a4c6775-6b6c-4cad-bc34-d5e4fd5839a9,true
cce68a87-0c55-4177-b913-682347f7ced2,Thos. Steel,3a35925e-b1cf-441a-a4ef-dfc236bc89e6,true
a583aa84-8452-4ed5-b64e-f29708c65634,"J. Bates, Jr.",0af51cca-1c11-4dc2-9b10-9d1a87eb9383,true
a58755b9-6443-4aa2-85e4-977574691b88,Isaac S. White,365be652-3af5-4938-9c6b-0d2489b81f75,true
d5d0e54c-b1b7-4a64-a933-205485e540c6,"C. Scott, Deputy Marshal and Jailor",d60c7d27-b331-422e-81d9-125a246ad710,true
315885a6-54af-4766-a6bc-ed63cd838c2a,George Creager ,45db49ce-a338-4f10-9263-7253bae3fe5b,true
040de15e-be29-48e2-909b-7cdce2de0f07,"WM. Barnard, Jailor",21d1a9f9-caad-4979-b224-e8156975cf78,true
513ec631-ea4b-492e-bea2-1bb26004bf05,George Creager,a864888d-9692-45b0-829c-142e70c4a6ce,true
04e47b35-73ff-4cb7-995c-bb706237232f,George Creager,a864888d-9692-45b0-829c-142e70c4a6ce,true
e1ebfb12-5bbe-4209-b8cb-5e9d745bd90b,Edward Gantt,df2ce1cf-73a8-4877-87eb-40160f63f505,true
e5c51f3a-f68e-4b4b-882d-6c3c443f52e0,"GEORGE CREAGER, Sheriff",8ed87cbd-ed56-42dc-aa40-58aae971ee76,true
732ba3b8-8487-487e-b77d-2450f0237c6b,George Creager,73f44fa2-8f94-4e12-ae0f-ce8c5d6f2abc,true
de23df5c-29a2-425f-a93b-c82e361df539,Carthwright Tippett,e4b68140-49f8-41b2-a39f-2cd36af96308,true
2fa9d44f-475e-4a72-a734-8c4722f6fbfb,James M Smith,dfd9077a-63af-437a-bd64-025f80de519e,true
58054e3a-804b-4e0d-a10d-5d38f114ee36,W.T.J. Vann,c60f3e04-89db-4569-b82d-bdbcc6a42bec,true
6d056a16-9d19-41e5-93db-7bb44e1d9e24,George Gloyd,228f5a3a-a70d-4eb8-b087-eb47bf08f0cb,true
d0c76166-bea5-4423-82dc-bb150dd794b4,George Crager,0daf34ec-b0bf-427b-b196-063699bef204,true
de1e474c-f53c-48d9-85d2-ec2a2e5b445a,L. Hillary,8448ccd0-ff52-49d4-b769-a2f180411463,true
01add444-1133-4b2a-9cfb-6bcdf04d3d2a,James M. Smith,ca058bb3-3dc5-4d22-8087-0d330232abb8,true
7fac4565-c2f3-44f5-a547-13252e411699,James Wilson,d7a5bfce-90a3-4db7-b04f-dce6fd8bfe67,true
e06910a4-3640-414f-a7ce-fe05ac8cfb6b,J. Simpson,6a68f079-0899-449c-a5de-4d597d8149e3,true
5e619fa4-54e5-4372-b9d9-0fdd20b32518,"Robert M'Clan Jailor, for DANL. C. BRENT. Marshal of the district of Columbia, Co. Washington.",54768ead-45be-429c-bc6c-b1aea7e5a260,true
60e8b360-2180-48b4-9b3b-56ddb33c5b24,Thomas T. Page,5d526117-6d0d-4a61-834e-8878e810ffe8,true
020fe02a-6ef9-4297-9a68-6d80091bc551,C. Scott,8cdc5d68-ea9f-4ef0-a5fd-18e2d17b046f,true
acd56b98-83aa-4cfe-94c7-4f11d25f9015,C. Scott,06246253-23b3-4bc9-9c85-dc58740be378,true
73057726-4f64-4935-a57b-42dfa823fc47,Thomas O. Elliott,50e37cce-58ef-4cb7-a092-8fe6912f9ac1,true
cdd764e5-ca2a-4fc6-a4a9-c18e1dfe9652,George Creager,17e1f1f0-3d15-4b9f-87db-0b09f40b1817,true
95af7b4a-32c3-4960-93f1-20fd9058efe0,Daniel Carroll Brent,4ea2dbdf-cbfd-442a-abf7-4e7ad9e1a355,true
d20190fa-ba64-430f-b39e-e9178b3911a2,Edward Hammett,6534d09c-0634-47be-ab7f-cd38f7f072c7,true
b0edb361-fc4c-48cb-9d64-dbb1014988ac,James M. Smith,ffa1394a-1e3d-499f-9941-291151df5ef3,true
e2036f47-ea1d-4db3-b8af-a09c0caa28b6,Thomas T. Page,3adc2225-f492-49a6-a806-140ce7443ac6,true
21c832e9-e369-4534-8fb4-55aba2adaac2,George Creager,0e9187f5-0c5c-4a0b-9886-2ce0319f818f,true
39709afb-651d-45f2-bb6c-6972b89fa189,Daniel C. Brent,30f3674d-05f1-4f4d-aa49-ff6ba41b41eb,true
cd51490f-15d0-4c18-9da0-34da63f31800,George Creager,9e1adfb2-061b-4dee-a017-f46552a17161,true
5d01b49e-c28c-494b-b67d-b8c8fa879435,"James Wilson, Sheriff",7fb539d7-dc16-49a5-a3ef-6dc8c9296e0d,true
c68275fe-f398-4b34-8149-71714fee70e7,L. Hilleary,c6238653-84af-45d8-921b-1d7c01f4637f,true
7b936993-3cd8-4524-b681-7498ff8d5a82,"George Creager, Sheriff",6cb8b16e-a571-496c-9bb7-8314e1e486a4,true
db94a206-2b58-4b34-96e8-c4bd45a57a97,Cartwright Tippet,a5d89c5b-7a1e-460e-a5a5-7b3032275e24,true
7bc8549b-84a9-4679-8f42-309eaee5e84f,George Crager,0dbe0e70-1a30-4a3e-ad9f-269fb0c6eada,true
7e924144-2a53-47f0-8b8e-95f44ff39b66,J. Simpson,fc6f219c-98a9-4deb-b6b3-a572757cb35c,true
2224d564-2358-481d-a253-77283b9ba534,Robert Elliott,e732ed8f-912a-42c2-afdd-f75cae6af250,true
63058e8a-d8c2-4c7a-a3fa-94bef6691189,Daniel C. Brent,4d0df718-c614-4f93-87bd-bc3fc2622d40,true
dcba8993-75c8-4d99-ac85-eae0fac1b10f,George Creager,ec9a86f9-833d-46b9-a064-55ea2ddd7cc9,true
a661a1e0-0579-42a3-94fb-4a87d518618a,"Orren Moses, Jailer",b7dfd5cb-9111-4aac-bf8f-9b39c91e9c28,true
fce6716f-565e-4bb8-93fd-843091f87108,C. Scott,4ea2d174-add8-4ead-af42-cc86bb514d2d,true
c32052ba-7b74-4001-b81a-7e44daeeede1,SUTTON WEEMS,616e9d1b-845c-40c1-996e-3f889ae3d5eb,true
8b54d65c-0279-458f-8fa7-6b244b4a1e2b,"George Creager, Sherriff",550f9a84-9bc0-45c2-9e71-16fc28bb1b5f,true
14be55e6-6cf7-4347-aaae-1d06251f6264,Lewin Talburtt,eca2d4e8-dd4e-4602-8337-506a39a3f358,true
9cdc9a85-bb2d-4317-83dc-fb8f70eacadd,ISAAC S. WHITE,8785c3a7-9643-4848-a78d-505258921893,true
4a70cffe-1c63-446a-ad55-b5948c330307,George Creager,b9b68298-1075-4b56-ba17-a59be3460f61,true
13a3f3b7-7689-4665-8a1d-4a60cc71e582,Samuel Henson,d8664c71-8031-41da-a1b7-c02fe59740a3,true
351ee61f-9acb-4ad0-941c-08afe7dc317c,George Creager,83675639-534a-4350-afa6-3702fa8905a9,true
bf9c1954-c209-45e4-b7eb-84959968d193,James Wilson,c64e5707-3691-46bd-afe6-205beab9648d,true
07e00393-8d16-418c-8213-37ada4d443f9,"J. M'Ceney",b876129a-3629-41ab-a5cb-e6ee69ddd890,true
9e513327-4848-492a-b7b9-226da692d7b9,George Creager,67d0a230-d698-42e1-94cc-0beb4ee82848,true
12e028bc-5e79-44fa-92a9-264fecfd00a9,George Creager,0daf34ec-b0bf-427b-b196-063699bef204,true
47a869f7-cc73-4142-96cb-0f7391cf9557,George Creager,28e92fc2-4165-4d99-a342-5bcb53f71926,true
f1b8a1a7-3c8d-4b70-a69d-cedcf8caafa4,Thomas T. Page,212c4895-1bfc-464c-8883-e67d90790686,true
b0b08562-c9f4-4e66-baab-388db1e33e68,Daniel Moorer ,13634257-9dea-434c-98bb-139d48650da6,true
88f67319-1bc6-48f7-9417-26e99e8b2230,Daniel C. Brent,62355dc2-456f-4af4-aadb-13beeacde335,true
9f9f8f29-dc4b-440d-aab1-7c9e8793f487,George Creager,a4aa3672-bfa0-4e2b-8020-f2274ad313ae,true
23109c61-7432-4430-a402-412bd2ef3d0e,Cartwr Gmt Tippet,1d4bae00-2c1b-40c3-b834-f709a832990a,true
00eb1b6d-4896-48f7-83bf-2968473316c4,C. Scott,58150469-1a3e-4454-8468-904e69416387,true
ba132cc7-e5f0-4d73-87e0-585dad57209c,George Creager,2caafc7f-7dd7-4954-a55d-ef4cddc0c8f3,true
ecd3bfa1-8624-479f-a4d3-d759936173ea,George Creager,79cd6732-c44d-4c1a-b362-d89ffba05668,true
87e60292-47dd-4e73-b9ef-8837a45b3529,C. SCOTT,a6ae179a-313e-410e-815d-219cf5874172,true
14d249a7-81b1-434f-a43a-3d11e5e3ff3f,Edward Hammat,9fabc407-951c-422e-b313-530d9852aeef,true
90a61641-bb33-4ded-85f3-8204c9aa1b5a,Isaac S. White,dede1445-23be-49dd-99ff-465bc7a95066,true
954296ca-0ba5-470e-9472-4e0387a9c4e8,Hall Neilson & Co,951f7e71-e32a-4483-8b69-0b2faf558fec,true
aaed4ce2-10e3-4b43-a5d1-3bc68b4a2e07,Geo Shall,a0e68721-7f13-494b-8822-690ed1b9a81c,true
efc67abc-1ac3-4cde-9f65-dc86a9d3fb0e,W.M COOK,032be9f4-def5-4aa8-81db-c19d2b8bab82,true
07f720a3-332e-4038-907b-4ebfdf23fe70,Jonathan Pearson,5fb99bca-3bc1-4d02-97b4-3862094bf261,true
b29e244b-7474-41d2-809c-7cdf298c7dc5,"Sam A. M'Coskry",3de973a1-d002-4cea-876f-93c2498bec91,true
56b78c99-26b2-4b05-a9e9-49ed76f4aae9,C. Tipper,75fd8e97-bd50-4867-beb4-369d743e93a7,true
799b3764-0dc5-48e3-974a-710146328096,Hilleary,bb899df3-4eb6-4651-8ea7-a87a7657efa2,true
570e2981-4832-441d-9ccb-f5463d71f181,Thomas T. Page,2c56780c-83f4-4a94-adf9-61ae0975aac1,true
2d621f8c-fd22-4bb9-b17a-18888c1655b9,Ezra Mantz,f904adfd-7079-4e6e-8284-356778f4a1b7,true
2c62b353-9a42-448f-9e84-69527720a244,George Creager,c655b1ff-2ce2-45ff-80cc-d44fa09c7e8a,true
41122a29-3b3d-47fa-99cb-1fb64a842b28,James Wilson,4d0aecb7-440f-4b69-8ba7-6a60582bc2f1,true
abbb9dc4-1173-4958-8d0d-6543207494f7,Daniel C. Beend,30f3674d-05f1-4f4d-aa49-ff6ba41b41eb,true
f0a34f7c-87fb-4d02-8d3a-f76317903bef,Cartwright Tippett,6becd845-0c6a-4824-8374-4b4970c3bc7c,true
87386e0b-97fc-43de-be21-de13f61d3531,John Fleming,c6f81cf2-0d43-4a32-9ab0-5e2c6d2b9249,true
6ab8e097-9bfc-4907-856f-ae55949eb9c5,George Creager,ba5dd339-5ac3-4515-99fb-d017199c806a,true
be9fa3c2-7264-4b84-bad5-3eed017c9f14,George Creager,e4d58950-31d7-4036-9d86-04daa8ca5249,true
5df80040-0a9b-4714-a47b-2a6683be8178,George [illegible],9fc7456d-5a18-44d8-aade-67b29edc4bab,true
ea2dce4f-832b-4b18-b11d-faf216c4d50b,J. McCeney,7d8e1139-c77c-4ea9-947f-2fb8d0fc0c8a,true
f39ed2d0-3309-43ab-adcd-e375e12ffe38,James Wilson,e7584dc3-8fde-4e4a-b5c3-d34db1726279,true
9c8bd4fb-35c1-4f11-9a4a-d696d73d79bf,E. Oldham,6b280d58-bf9a-4cb5-9b30-216f578f49fd,true
0dc10c59-b12c-483b-b23c-e62a6ad26bf3,Amasa White,e67d2455-545a-4928-ac67-eb8fefa67563,true
0bee84cb-d69d-4ead-afcd-98342cdbee17,Benjemin Ray,6847b93e-d3fe-4b39-a9af-a04da2ed4a15,true
6ae59a3a-1afd-46cb-bf5c-8a11e2db2079,Simon Meilleur,026f5472-34b7-4c69-aff8-9ae5cd62e07a,true
4181fddf-b7e3-499a-b45d-a63e2c93a6e3,Andrew Black,00fe1bbb-ddfe-4319-ba96-38e4b55d1ad2,true
28b6ffc5-d099-4b51-bdbc-8235c93acd45,Jas. P. Bates,5cf8eb25-7408-4f4c-be55-29bbf043d46e,true
793e894b-0bdb-437e-bd9a-25364907f0f4,WM. A. Nelson,7edc35e5-dd4d-40f4-b4d1-f2476109fcc8,true
bcc9bc88-a1f7-46b2-acfe-d46809bd51ef,A. Mauldin,08143c85-97b8-4956-bd20-4f724edec601,true
0ee0bee0-563d-4638-88d4-6cf877053625,M Courtney,0e28884f-69b1-4e03-94d5-d5722c3008e5,true
2c4c07c1-0056-4eae-8cfa-cae932131353,Ceresay Sheriff,2bb5207f-cf7f-41db-894e-31d02ae3c3c3,true
f9fdeba3-e8e0-4119-bbd2-36eed0ef728d,R. & G. R. R. Co. [Raleigh & Gaston Rail Road Company],56811335-4377-44ae-8ebd-6ef44a720a0b,true
1726fb55-588f-40e3-bcc2-d10984558049,J A Beard,bcb7c225-5eed-4e9a-a9a1-f7c46f772286,true
ee7c3c57-26f2-4670-80b7-665f3be2def5,H.D. Morrow,f978e646-1152-4717-a243-03ffd1616ad2,true
7726cb29-97bb-41f3-886a-9cf6b961000d,Richard B. Hall,184a1969-2c0a-4e0b-8729-5b6b1f50fab6,true
99277f1f-baa1-4df4-913d-79d966180fc3,Isaac S White,bbfd33ca-0619-4ef3-984c-4fc359dccf44,true
c0a658d7-e223-4975-81bc-92db49f6a5e2,E. Mubbill,d8b11231-0a90-4e32-8fe0-9f211d13f23b,true
9ff09233-e3da-4138-bb32-a70d59caab67,Car Wright,46744415-9c32-4c9e-b7a6-f7652fcf38cd,true
a99b357a-6423-41a4-9f6e-2d2cf68cc76c,Benj. Bovkin,991bbf7d-a021-4f73-980a-f1f8f018a9cc,true
ab86ecf4-2826-45c7-b553-70fcd9c53b47,"LILARD, MOSBY & CO.",987152d5-1acc-4d97-a8fe-5113dea3f043,true
b0f6de58-6745-460f-ab38-e9220244b4b7,James F Northington,a05d358b-0362-4a39-a289-fb3431128085,true
b0f776b9-906b-46eb-b81a-1c0e85250c1b,Henry Basford,b9538e83-87be-4ae7-98d9-10582a411127,true
928d5aba-6d48-4887-8e97-8f98ebb7a517,C. Tippet,17d5c374-969b-460a-8ff4-79d827954153,true
69408db3-623c-4e3d-ae1c-e7435ef6df2c,George Creager,5599b759-3ecf-4e18-b1ae-14436c9e7dbb,true
5a27f44f-4ca2-4a81-836a-c8760c846900,EDWd. DAVIES,2763144c-e1da-4e33-8816-8bbd9a433f3c,true
41194d60-3803-4811-8ae4-6a1d30e1f224,Augustin Thibaut,13be5007-04a5-41c6-8936-9130061fff3d,true
ef195b98-3e71-4fcf-a7fa-bacdae2fa367,PETER T. MERCHANT,24e2071a-a68c-4a5d-b33c-f15fe908098a,true
0ceba3c3-83d1-47db-985d-02b0a1af77e9,S Bennet,6a726d68-efa6-489e-b81c-a1ed8642bd4f,true
e950db7f-3344-4e85-b0d8-5ee6da86280a,"D. Duvol, Sheriff M.C.",7c9b41a1-6176-4265-b80c-9ddf3f98ee4f,true
b4573b37-eaff-4612-90a1-7b22d97fb291,"Wm. R. Bivins, Jailor. n.c.",27a691d4-3a79-4ac5-bcc3-32748cc7d532,true
c7a2800d-a4da-4dfa-ab68-30b8001757e4,WM. R. BIVINS,507b5968-86b7-476e-a83d-a4307622ed57,true
65a6185d-6187-49cf-bd49-be29761e31e1,"George Creager, Sheriff",0daf34ec-b0bf-427b-b196-063699bef204,true
0d7cf950-cc2e-42fc-8713-0ea03034d494,GEO. W. ATKINSON,d2d21cf6-f1e4-4bd0-aedb-3ba44b04aa5a,true
13573346-d51a-4107-87a6-228e63577578,Cerisay,68fc0274-ab7d-450d-a729-dd77b39d4a41,true
792e8c13-3b5c-4791-9558-ff8db516b788,"James Wilson, Sheriff",9f405afa-5be1-4e0c-80b9-fc613632ed7f,true
97971c47-cce0-4cd5-9fbc-9b5a42aba351,George Creager,1f53c11c-606c-45f8-bebf-1b87afd35d77,true
71b00efa-2562-4984-8a5d-d4eafd8d36f7,Ebenezer Pettigrew,eb502600-9a71-4139-92d7-300d85d9f96c,true
81250b76-3e6b-4198-b19e-ea20ee66ac26,J.H. LEWIS,c9fd7698-90ed-4d2d-a231-3237c9d451e2,true
1518a6bf-100d-4061-9ed6-cf51995fe8f3,Edward Hammett,c060ac81-853b-4f86-848d-f7d7a031462a,true
4e876367-1e03-4c4e-bf81-712242d17a92,John Kedolie,24ceb22b-a8c0-4310-b8a6-a9ee074190ac,true
9d4c958c-9631-4a8a-b027-a3d3ec4f0cc1,"James Wilson, Sheriff",5b2428e3-e456-4927-afe1-fd391794387a,true
b58c813c-901b-4669-bdf2-0416a552cb22,H. B. Guthrie,323a1394-2cdc-4473-8bdf-36777097ebca,true
735437d9-f05c-41cc-994b-acf1147d6535,Hamblin Bass,c8b761a3-559f-4bd7-aba6-902221c30ead,true
a1076213-1e05-46d9-8ab0-4258f6071d0b,"J. M. Boyd, Jailor for Alamance County",7023076d-dccd-4104-8af0-20d057ac545a,true
a69f5d08-bda2-400e-9fad-1cb19f026776,DANL. C. BRENT,30f3674d-05f1-4f4d-aa49-ff6ba41b41eb,true
a4c3e083-3d1f-404d-8c60-29b0171b96be,C. Tippett,1ba4ae95-7c4e-41bb-9cef-109220808c44,true
6ed586a0-273f-499f-8c81-39a79e1d8b91,George Creager,6cb8b16e-a571-496c-9bb7-8314e1e486a4,true
d160c3cc-3e18-4109-80ca-725d055f9e82,C. Tippett,cb934125-db5f-4f05-80a1-a822b6925da7,true
fb21b8ed-f477-4d25-b910-bc63fe5e3447,George Creager,322bfce1-640a-4b6e-badb-a0a04dbf036e,true
db4038be-78da-4940-9c09-7b38b1a5c852,D. Waard,014eaf12-f807-4bd6-aa77-2e8885534580,true
418ddbbb-5c7a-4437-bd6a-d29d3ee40751,Daniel G. Brent,a5d89c5b-7a1e-460e-a5a5-7b3032275e24,true
595d429b-7e2a-4e9c-a33d-08c7960469a5,Isaac S. White,04c2e752-22ec-4c39-a858-3e31808e96d9,true
04c8712c-9192-4c1c-bdae-e2c57969a0c9,Edward Hammett,72e682f3-16cf-4e09-9957-ddbd504c5808,true
5f2f5b7e-7091-4d47-a678-91a135e0a701,Henry Durden,42470b5c-a3f2-4387-9ba9-e154b04c21f6,true
8b11bf0d-56ee-4b37-bd05-b2304aa8e9be,M. F. SWAIN,7852188b-08d4-498d-8813-28260ea2813f,true
54dc987a-6438-4ecb-a81f-2542f8eac598,"Cerisay, Sheriff",acf87069-fab9-4c7e-bfd4-7b3c20590f05,true
c89abb58-aae2-49fd-a88f-b6109fac67bb,W. C. Wilson,{undefined value},true
43e41b6e-5038-4c3c-b3d0-986c13428317,"J. Graham, Dallas County Sheriff",59a53468-b6d3-4cf4-8ddc-843a5b3e79ff,true
89074607-46e1-40cd-a4c6-a73d5e9e0052,W. L. Callais,32a0ba02-70dd-4c5f-92aa-5debafb018c8,true
e459f9dd-6310-4f13-97f0-05287cc79242,Giles Hammat,e47b8b79-d067-41db-8193-bb624b038c02,true
069d40d4-97b4-4710-988e-91c2e83fb901,Massey Simms ,{undefined value},true
25ec6529-0e26-4ffd-bc82-c1f25e34d038,SAM or SAMPSON,1f96a1cc-6528-4c3c-9f09-57df57259cd4,true
1fd8636c-9376-4f76-820d-c54d824ddb41,William C Lyman,7411620b-ad7e-4b74-951c-09ceab629bdb,true
c48ca9b7-3e46-4fd0-b446-832cd9411dbc,P. C. Harrison,5a41497a-1708-4ac1-b15b-44ab79153802,true
4fdf6c7b-6faa-4a9c-a8db-b5a608e39a47,GEO. W. Underwood,b24dda16-c61f-486b-9ebc-da70523f18ab,true
145870c2-cff1-4dd7-bac0-fcda43b47157,A. A. Williams,146afb24-357f-441e-b5a9-f3fff1cf4cd3,true
3f67a15b-3693-45bd-a218-5c91e17b18ac,Singleton Burgee,ba5dd339-5ac3-4515-99fb-d017199c806a,true
c157fa12-12c7-4f3b-aa51-883c9293dc69,"Sutton Weems, Sheriff",e46c2e03-e925-40ad-b504-3f2f98d9f062,true
327d4435-a1c3-4e47-8637-6b9809ec08b8,P L Trepannier,4a1b1b79-913f-48e7-8113-1513207b83c7,true
392449ae-a0df-4c4c-a977-8c6bc6afa86d,Joseph Cox,105caeb1-110e-4a46-a7e0-c1d7832a4c17,true
71e041de-b1b2-40b2-99f4-b291b9c579c8,Edward Hammett,080fe7ce-b7b4-489e-b03b-a1f04d9aa1bc,true
9b469b3b-e153-4449-9130-75456e90dcd1,Notley Maddox,14cdfbaf-3e53-41f7-a3a1-ba4d7f12ba55,true
aaa80b75-3b73-4ace-8b4f-322b364c630e,Lewis A Box,84806d47-09f6-49f4-a2d9-1736fbf20fa1,true
93f56e5e-fe28-4bd0-9cf6-49ce01c08429,W.W Bozeman,84806d47-09f6-49f4-a2d9-1736fbf20fa1,true
7c3dc9a9-81a3-4013-95fe-584194a45ee9,Solomon B. Murphey,32878d71-2a14-4bb6-9223-22382fc22af2,true
022d7212-2123-44c7-b159-3365e7995bbf,Campbell & Labranche,6c7c8404-fa99-4f7f-8fc1-a51bbce7c6bf,true
e7c1d966-2aa2-4a8b-8487-025ddf9bef43,Mary Robinson,05a63752-e272-48f6-9050-72590c5d7ac9,true
dab8fe8c-f0fd-4d69-9b2e-6f8144d713b0,Nicolas Voss,{undefined value},true
ef8f24a0-3635-46e0-88fa-9f60a642c4d2,François Montamat,cc6186d2-431e-4844-8b17-802045936daa,true
87177aa5-4f8f-4c7f-918f-10676d79285f,J. Bates,0e5ceaeb-d96a-4fbd-802e-8dbaf22623ac,true
7ec4223c-1293-4609-b6f7-d304071af5e0,Cartwright Tippett,161fda91-fbff-418d-a06f-87ddbee0125d,true
6564c1d8-4ab7-4fa8-b7c1-4462c491f561,Edwin Chaplin,b3b0ec05-74e2-4713-bc50-a3a90ffe39e5,true
5e8a0a5b-6b11-455c-9f6e-5bc00dd37fc6,Daniel C. Brent,3f51252c-51d4-4b6b-95a5-5710c8c818c8,true
3d894ae1-0607-4daa-b922-0a7f77b3c0ef,"Charles André Cerisay, Sheriff",82df6c7b-128a-414e-99e9-513e7c2cc1ef,true
7237ab36-d326-4c4b-94e8-6f0a0346f801,p. gilchrist ,173a9201-0764-412b-99a4-c3a94e693df2,true
99892681-4651-48b8-b738-10b4aca5e1f1,"Charles André Cerisay, Sheriff ",6e9bc560-3d43-4654-97fc-d6eee8f58d7c,true
1075839f-3ba6-4ea4-b852-4e37f95af005,Caktwright Tippet,f99d08df-9772-494c-8132-aefde8ad925b,true
499cbd48-77fd-4ec9-bae1-05c86c8e2cb2,R.T. Long,87ece183-ce93-4237-9f5f-15ffc00915c7,true
325faa69-f0e3-4cf4-be9a-b4b06410039a,George Crrager,{undefined value},true
c7fbcea1-54f4-487c-88f2-d256ebf8c66e,C. W Bulow,{undefined value},true
e15a032b-fa1c-4191-a660-82eab366e3fa,P. W. Debuys,14358b40-d659-42a9-aa83-6fe2f9a98db1,true
13867aee-2028-4876-8d19-4ba9a8caa104,Samuel J. Coolidge,3af2b6f5-d616-4e0c-9211-e486daea2bbf,true
d107c095-b5d6-452d-b0a7-4e01f22094f8,Jeremiah Nichols,85c9257b-f5f9-4894-874c-9d2cf07b0413,true
768f992d-eed3-4be7-8093-bd08592db8d2,"J. Simpson, Jailor",122c9ab7-0dfc-492b-b7e6-9e1859eb69a3,true
0dac3e5a-641f-4513-93bf-c981d152e03f,Henry Deberry,79e19f11-3e81-48fa-9715-0d434f4a7dcb,true
4a1810f8-f6c7-457e-9be3-40f3beca5401,"W. H. HIGH, Sheriff",d73e99fc-5732-4438-af88-1cab1acb1178,true
604d36c2-60da-4fd1-bde0-c20610f9ea75,WM. E Pledger,623aebac-4030-4c68-8ae0-f25d8a4171a8,true
b605f495-f17a-4ff1-a5f7-2de45f8ea664,"G. HUGGINS, Shff. M. C.",e543486a-57b5-46d3-818e-a9627615acc8,true
5d4906e0-d62c-46f9-bfae-70a6dad68a00,I. Henderlite,a972b751-e936-42a8-af5e-cce99c77c551,true
6e7223fb-63d8-410f-a85d-fe3b56064423,Simon Meilleur ,df4bdfdf-6830-4214-8628-ac92c3bb458b,true
084f3596-923f-42e1-b682-d0dfd3299608,G. J. McMILLAN,565300b1-fc9b-4e48-844e-9f8d08fe63c0,true
918e80cb-2b87-4bc2-a92a-c76e31d652b4,A.Marchesseau,16a6885b-eceb-4bc3-865b-dc11eb7c4fc3,true
cfad0bfd-c5a2-4ee8-b282-ca4e7e229f7a,Martin Nall,4cbcbe92-6eac-4c3c-ae3b-37a8742c7ef4,true
051b9b38-0aa8-4fe5-9195-c200b74b982d,James W. Doak,2d6fb8cb-bacb-4bbe-a158-3d61e3aa5576,true
e308b890-92b5-406a-b27d-72fc8990d05d,Cyprian Bigelow,{undefined value},true
93224b45-ee76-4021-87b6-e1431b294b89,C. Scott ,58150469-1a3e-4454-8468-904e69416387,true
c690de64-fd34-478a-aaa7-7f335d2d4ecd,Green Gray,639c93eb-9a13-4cad-9557-5e15984cc2d7,true
c420a794-0846-4229-8d34-b92e0c5bfb2c,"E. D. Hall, sheriff",62da07dc-bc1d-40c4-a00a-dcdddbdda652,true
4723aec4-4db9-4920-9ed1-41b9e75dbc91,GOODIN ELLETSON,739629f6-2079-49ab-8ea7-ceb99ca5f819,true
5adc8673-6d6c-4d6f-9eea-7d6fea857c18,S Meilleur,1be33def-d8ea-4683-bba4-e0020ae62b84,true
b84bacd4-1e1a-4900-a353-987349d5d7c9,"Cerisay, shff",6de6fb3e-fbd1-442e-9a91-aac8d4bd15ca,true
b2e9af5c-8e44-4f91-a44b-ee4255ba8fa1,Edward Hammet,6534d09c-0634-47be-ab7f-cd38f7f072c7,true
92edf5ca-d481-4206-a7ab-d19e54c1a302,Edward Hammett,895c292a-9c20-4470-853d-89f0c31622fe,true
4895df0e-aa95-4761-8f4a-09820f3bae3b,James  Wilson ,e90b0d32-ba32-4300-98eb-cf98f6daee41,true
25b4c624-020e-40b5-acf7-e0ea3ed10320,Isaac Tobias,4896acff-b97e-4b75-af6b-c44404ba5ed8,true
080dfeb5-63b7-41a4-b838-eaf5fa516314,W.D Tisdale,f5eb9e66-56c6-4bb1-9974-b186d9aab7b3,true
7eddb1e2-3400-43e2-8df2-84110039ca8c,Cartwright Tippett,dbb34270-44f2-49d4-8a3a-076b314f8122,true
19a0c2ec-f3a2-43a1-b5d6-758e96cef2f4,Billings Throop,f2294800-8016-4268-a819-91e47b846aa1,true
e29cb9d3-25bb-459d-9ba8-a0f45c9c43a8,Morgan McAfee,d41a317d-e854-4a90-9ad0-60c2ab429ad8,true
840c9fc4-a910-43be-bd17-b86470ce30c3,Daniel C. Brent,44928da3-9c16-4c57-a341-8cbdcd9bef95,true
59db9714-b235-4007-8111-542e0a43393e,John Hampton,2f03b62e-742f-4d10-abba-ed88cc81bc4c,true
6c800a07-a717-45c7-a419-6b292587846d,JH. O. Devezin,239a8c7f-542b-447e-b0d3-1e3c9a7e4515,true
18801eda-6cb7-4998-94b4-a6dadfcac469,J Simpson,122c9ab7-0dfc-492b-b7e6-9e1859eb69a3,true
62ee7a7b-226b-416e-8910-9ebbb54b1db5,Hugh McLallan,7d1d17bd-19c1-4d57-8f02-1fb7e7395d11,true
0a77e637-fa0f-455a-9afe-39d64621e5a2,JESSE WALKER,{undefined value},true
e4204707-3c85-408c-88ba-803d061996f7,Simon Meilleur,e92fd7d0-aae3-4241-980a-a391a2e6e9bf,true
5ce37c7b-91e6-4f67-ba8d-9a68df4f75d9,Jb. O. DEVEZIN,{undefined value},true
2af1e06a-a3fd-472c-9abd-5e2c14830133,Joel L. Moore,7179d9cc-5b23-4322-bdaf-f4dba4291546,true
d0b5635c-1b61-4173-bd1a-19bd3df2d7a0,EDWARD HAMMETT,6534d09c-0634-47be-ab7f-cd38f7f072c7,true
a90d3271-2ca0-4ddd-9d88-c0b0a96c2558,"W.T.J VANN, Sherriff ",78f6824e-e6bc-4f19-b009-df9335a157e7,true
8bf38f6e-0de2-43da-8d14-3493f2fc0bb1,J Simpson,63c82a67-6162-4500-80f5-ea96a9f98ad5,true
bd623e60-5e91-472e-8beb-312228c83c3e,S C & R B E L L,{undefined value},true
ba08df38-f23c-42a5-8a88-e2f9fc9f89d3,Esley Staley,4269aec0-221c-4744-b654-01ed89b5f947,true
7bcc1f33-a1fb-41b8-96f2-686a5c185b20,Nathaniel Hatton,518b2125-76be-4b1f-add1-0732ecc0653e,true
bf95e3b9-d9eb-4ca3-b623-f43829650430,L. HILLEARY,936999bc-0be3-4c3b-86d4-02c806e5fb02,true
7afb1763-c089-41d8-8eeb-8474d4f5654f,James Wilson,09f098e5-19d9-4fef-be45-fdae49a772b9,true
260d0a29-22d8-45fe-88a8-dc566fd32dcc,GEO. A. DUDLEY,706a7078-8ba3-4c17-a329-775a56242c1c,true
0de94193-0841-4293-bf65-bcf232137497,Morris Jones,ef3356ed-cf9b-4ac8-8500-3f6cc8e5a2d6,true
de433ffb-179f-4ef7-b8be-4920d5d93922,Robert McClan,24ceb22b-a8c0-4310-b8a6-a9ee074190ac,true
4a8c7364-a818-4574-9bc5-c71bc0e0319e,S. Meilleur,866dc512-4d6a-406b-9290-1fe0ff1ede99,true
ff1e13e9-d1e7-4331-be39-b283eb5be5f6,George Creager,d64540dd-e436-444f-8843-2df8351d028f,true
c0373f9d-2ee0-4e98-86b2-f812b941dae3,Cerisay,05e62186-f959-4cbd-aa2b-fc5d5a334776,true
c64a251e-8d26-4f02-8612-97828d3a772a,Edward Gantt,2ce04ae5-918d-41ed-bf6e-aef6c38b7a60,true
dda43b89-e162-4136-b2ad-f6e0174257b3,Henry Basford,{undefined value},true
4fc0f391-c473-41cb-8496-fcfd10f998cd,WILLIAM AUGUSCUS WASHINGTON,{undefined value},true
6e3c9f69-3bb6-4e94-a591-03d5925a03cb,Thomas T Page,419fdbd2-a752-492d-8137-f4e7cae9fb87,true
82784cd9-86bd-4bc2-b724-030d333a2612,James Wilson ,0fbf8abb-07dc-487d-8e65-0f35fa0d6f65,true
84765f56-6c62-4127-b14c-e4d3bbd3f6c9,George Gloyd,e3794782-9a12-4835-a00c-e99904ec328e,true
dedf8f10-2772-4df0-9c08-9683d844bc7a,Daniel C. Brent,a9125fd3-133c-42e3-954b-906dd438e60c,true
e3079f39-83c2-4177-a8c2-a6672513a095,Solomon Watson,89db4738-2924-403b-8fe7-9c461c56874d,true
d3ffbb9f-aed7-4124-9521-e26ae943c45a,J.J. Sanders,acaa4a8a-ea2b-42a0-89ee-73ab29da6e36,true
dc634b8a-e834-4f81-870d-6063fa93cb1c,Daniel C. Brent,84bf9b4d-bbec-4f9c-b08d-bf9535804f50,true
2b111766-2133-42fb-8e50-62e1a9495578,R G Dingley,e7822bd3-847a-4f51-9abb-52a11fa861af,true
74a74d32-d24c-45e8-8394-cfd4ac7638df,C. JUMONVILLE ,d978c8e1-6572-4654-b584-e29f76bde294,true
a85ac5cd-be06-47bc-aae5-dc2c72afee9a,John R. Daniell,397de8e0-dea2-4c5c-b4d1-d1c13f95cf57,true
a208f111-661d-4b8c-b75a-492dad335419,George Jackson,0ce5d9aa-2477-4c55-83a1-fa76a1190589,true
cb838319-2173-4538-ab76-e7ed7870425b,J Simpson ,122c9ab7-0dfc-492b-b7e6-9e1859eb69a3,true
5cbf3d5d-3235-4adb-acec-4ed616370e7e,Arthur Fortier,{undefined value},true
7d853d51-b174-4c45-837c-b68bc45e71fc,W. T. J. Vann,62da07dc-bc1d-40c4-a00a-dcdddbdda652,true
5ccc368a-1071-4b07-ae90-6c1477d50015,Isaac S. White,d5f9ed15-be6d-4c2f-8462-92e79b731bbe,true
8e642677-4f1d-4f92-8a44-421a96e36a3f,R. Micklejohn,a8c2d7de-1fca-4d9e-b0f1-f8089edfbf25,true
03acad63-c465-4c2b-a9b8-e70b57adb0c3,P.J. & B. WEBRE,0b3e333c-0aba-4895-801e-f944c32d13f2,true
1676c110-0e7b-4b23-8749-f7d9a0dd5f92,Francois V. Bouis,{undefined value},true
5f7b6f72-2598-4031-a03d-2594cf0f3271,Henry Basford,{undefined value},true
06fb9141-6081-4b07-8e09-e9319eda6d1a,W. M. COOK,09413097-c4e5-46d2-9ce6-2578e26d9014,true
727d516b-2c60-4a91-86c5-9505e689b104,George Stubbs,ea2b3474-a12c-40e9-ae98-cfe1f387b15d,true
71a2189f-f63d-4c88-96a1-24d42573fbd8,Mr. Hugh Campbell,0b3ee556-245f-43f4-b8db-9b8cd5afd3bd,true
0782fa5c-774b-4aa5-8b51-78ac9ec30293,Simon Meilleur,{undefined value},true
ab7f53a5-9c87-41c3-ad8d-276b633017ab,New Levee,{undefined value},true
9025f389-f02f-4b5d-b1b3-3edd3aedf2b7,A.V. NEAL,906bdad4-31e5-4c57-b338-afd741388a3b,true
06b18121-f957-44d1-9194-f4ad10803bef,John Fleming,48dfaf72-92e2-40ca-970f-74b53ad0bb73,true
1c0733a0-b5fc-4fb0-9a9d-5a530ec7379d,B. CANTRELLE.,32ecbabf-bb7f-405e-a001-7c4635f82b1c,true
8fcbc278-b57e-416a-b475-088bc45e79d6,J Bates Jr,14358b40-d659-42a9-aa83-6fe2f9a98db1,true
f74143fa-3ba0-43eb-ace2-f98d091bee76,H.M. JOHNSON,32a0ba02-70dd-4c5f-92aa-5debafb018c8,true
938578f0-fa1c-4730-a583-db9b87567818,SIMON MEILLEUR,b48a2c05-16e4-43d2-9711-8add6699fea0,true
164bd344-14d9-469f-bead-1aeec223e517,WM. WOODS,{undefined value},true
25bcccb5-3c9c-46e7-a6b4-be041e5b2317,Chisolums & Taylor ,{undefined value},true
1630c96c-1d6d-480d-ade3-4c56cb27e171,James Talbert,3ca75d42-adbc-455c-859b-345e23de9ad2,true
beba620a-15f2-4fa0-88e7-1b3e4a2eeb3d,J.Glover,{undefined value},true
faa3e40d-80de-41be-852a-c9f65363a07e,L. EUDE.,{undefined value},true
9bfcd9e3-1ea9-4a90-8ac7-b95f151f232a,ALEX PHILIPS,146afb24-357f-441e-b5a9-f3fff1cf4cd3,true
7bb6c3c5-ad2c-42f9-abd0-5e9753764b5c,Andrew Erwin,52fb33d8-8cea-4101-ba1d-fd279fa963d0,true
c5349138-62cc-46eb-8f25-5cc5dab3b244,R. Micklejohn,b6561152-36ac-4fef-b125-242aa0c32629,true
b80118b9-b063-4d2b-86db-156bd11796f4,James A. Rogers,bf94807f-d1f9-46fb-b372-208e76924e97,true
3408458d-ac98-466c-83fc-f550f045e9a3,Matthew Moody,a9315a2b-2624-423e-9cf1-7f60058cffba,true
36658cac-6c86-4af4-bd23-e1b77838c34c,Stephen Johnson,146afb24-357f-441e-b5a9-f3fff1cf4cd3,true
ad763a8c-53a8-417b-8df2-cda4347dff24,B TOLEDANO & TAYLOR,8fe9924d-a339-4340-85d7-a0d6b54515a5,true
7aee3cb1-3fa3-4fad-b3c4-6e54fc569abe,James D. Goldbold,001bc419-0ad6-4bdf-a907-255e7ff41c1b,true
c845f71a-4851-4afe-abfd-c8fb255e44ee,R Micklejohn,38773e61-6822-49ac-b9d6-88224d77c2a9,true
4a45fed2-125e-42f4-b5c8-451cd34f310f,John R. Daniell,303a5ec0-141d-4450-b758-cef2a60216a1,true
2f57bf5a-ffff-4efd-85fa-b58a59a4c904,C. Scott,dd18c94e-599d-465e-a13d-a5bd833544eb,true
e5873cb3-7a2e-498f-8ccd-6e25c990a85f,C.H Hopkins,485a0f32-3247-46c5-8bbf-22c72165b7f1,true
22806b28-6cf8-43bd-bec1-12d01dbbf3cc,J Simpson ,475def01-2549-4b9b-b29a-9008df6eb200,true
62d0d878-5d38-4742-acdd-3f20f18afa7c,"Charles C. Whitehead, Robert A. Evans",f6547bb6-c6aa-4975-a5e2-d46ebb204c76,true
442ebe14-4658-4370-8faa-7168be4cb008,David Blackshear,14c1263b-a3cf-480f-bd27-4ac3408f82c4,true
11972b38-ad61-434f-a106-e24cafb7e646,William Holmes,810bb3d8-2973-4d1c-89bd-b2fbe5e4cc5f,true
40cb3c25-3508-4852-8cc0-da4dc93aa460,Andrew J. Cotten,{undefined value},true
4c49e8b5-269a-40c0-8bbb-e7daad9b514a,Collier & Martin,032be9f4-def5-4aa8-81db-c19d2b8bab82,true
91a06a7d-a672-4991-921f-1619dcb73d9b,"GEO. W. UNDERWOOD, Jailer",b24dda16-c61f-486b-9ebc-da70523f18ab,true
bf4b9bfd-214d-40e0-a344-9474b9de2c79,Isaac S. White,681cd029-c961-4c5c-8e07-9afc10e398e6,true
601578bd-d7aa-41c7-bd27-52e036fb6301,James B. Buchanan,17d07ece-e6bd-4028-a2fa-6f6f8aa04d97,true
222e6c4c-cfef-4981-8ef7-7d02054b40ed,C Tippet,{undefined value},true
17fcb72d-b60d-43fa-ac5e-bb7c70a190bb,George Greager,0daf34ec-b0bf-427b-b196-063699bef204,true
ccdfbdf4-3792-468f-8a3e-bff360621457,EDW. H POMROV & CO,{undefined value},true
9cc24267-69df-4516-b00b-3b4e050c977d,Thos. R. Smith,{undefined value},true
e1255737-a1cc-4ee5-beb5-642b35d23505,Daniel C Brent,948b62ee-2c62-484d-8ff5-0fbba25e3482,true
7526d743-c740-4cfb-b5fe-86c18c65e93e,R.H. VICKERS,110e74d2-49f0-48e9-bce2-36d35fc6b945,true
1fadcabd-b582-4ba1-9292-1316ca7fec64,C. Scott,0f329f53-35bb-470f-97fe-03a4b8036674,true
ca567e8d-2a77-4cbb-9b05-a03f969ce3da,Thomas T. Page,0b9e38b5-e77b-4ed6-abe7-b78cf65d5b36,true
9cccb7a8-92ba-4891-9d66-6452b2ed9c45,J AICAID,539b5f9a-04f6-480a-b842-b3af751f75fa,true
1e74df95-fb00-450f-b8ba-47ebd9d5c04e,Henry Loyless,64261028-7e69-4dcf-96bc-a56c390e1635,true
fae87068-c1d9-49e0-b85e-8e36b88f0209,Thomas MacGill,67d1dfd7-8425-4b61-9dd9-726753e9ad13,true
7b7370ee-cc79-46e8-8239-f3fe9ea1cc9e,L.H. FOUCHER,53f43da1-d6a4-43cc-bd94-ac8729116ad3,true
02652e87-33a0-4254-b372-de69633f3e49,A Simons,85ca21f6-8bf1-4045-b98e-110847ae8b8a,true
2badc510-eaa7-45a9-9b81-33702fa0f43e,"SAML. M'EAN. ",5dac08f4-1fd0-4035-b4c2-022ca020dc12,true
7f86062e-1019-4aeb-a94d-7d4df51e5dee,P. Gilchrist ,f4eae264-ece4-4342-b371-a7e2f818afab,true
85db8c27-b2e1-4fd5-869b-0bfc1fb52414,David davis,0ed6d4be-6834-4177-995a-2aa39be1cf80,true
921a4b5b-4fc9-4aa7-917b-69d7cf8ee813,H.S Harper ,541bc42a-27bb-466f-9563-dd32927a2a2c,true
8fe59f4b-201f-4e1e-92c9-1d75bb983a32,A. D. Duval & S. T. Love,cdda039f-5490-4e94-9919-53670971a032,true
b84d15ae-bc37-4fb6-a01c-80dc89243e7e,H. Klonne ,3af5abc4-9a3c-440b-abc5-76ffa60436fa,true
1ddb2376-0bba-4e36-ae19-5358ff3ab1cd,Andrew G. Bull ,4c7c304e-2a9a-4fb4-9f19-509fc854dc1d,true
6b396941-abaa-4898-b715-85bedbb7d7af,CHS. M. MIOT,118824bc-4511-4402-a551-59f428209049,true
434fde52-e9ab-4c76-8019-0ce815a2eeb5,Jones & Turner,{undefined value},true
1e764830-4bf7-4d9e-94be-8edfe991a232,E. D. Hall,ca9875fb-8d1c-4bad-943f-eb131c2df33c,true
85ae6047-4e78-452d-9dd7-6d00e71de70e,J.A.LEWIS,{undefined value},true
90a6c838-a120-4378-b5ff-a068c1a1eea5,William Kirkland ,9097d1d7-0b72-4c19-9220-7ee5661537be,true
b1411d92-dc3a-4bdd-9120-6da016fd2c41,David Shuler S.O.D.,bf3ac721-ba87-48d8-a539-ff7507208f58,true
dd1debaf-cf77-4b0f-b757-ee6e1e8359f1,Maria Louisa Kerblay,{undefined value},true
6e0ae18d-8214-4a85-a935-ee2e25043c1c,J. Bates Jr,ba80e581-dd28-4d84-b08c-f0563a78b2a1,true
6b4146b2-bb06-4e68-9fb4-e8e6dedefd14,Lucien Labranche ,{undefined value},true
613d2ff2-61df-4b3e-9d33-271271d88d5e,John Coley,bcc7bd92-f853-4af7-bcc1-348894afaf19,true
3e89d136-e43c-4dd2-81c6-0207437966e6,J. LATAPIE,3a568aa0-4a87-4bde-83ce-0a5f7e8ab44c,true
7301ca0e-0de6-49b6-8d88-281df67e6a75,John L. Harding,81dbeba1-00a9-4cca-8c83-540d2075566d,true
a4266d66-bd14-490a-a82e-494bed241de3,Ed Rives,d7dacb49-0a54-47a6-ab57-f08b8680254d,true
847dc3df-f07f-4c43-981b-0d8733e0b472,William Mason,76215dea-ce80-4924-8336-0341c86081cf,true
b904a780-6e65-483b-9df0-a037538a0eb9,J. Bates Jr.,0e5ceaeb-d96a-4fbd-802e-8dbaf22623ac,true
0e67532e-4450-44e2-bc39-59daa86f11d0,Jos. A. Beart,765dc323-23c5-40d1-928a-3977ca237638,true
c3da980c-27ac-48fb-9b7d-42cbe7109602,P.H. GLAZE,d5c5f2fe-8c6b-4943-b058-4eb590e4c921,true
aff6fe66-ba59-47db-bc35-ae8c7aabb7ae,Peter Zylstra,46153314-dbfa-4107-80f3-97b164404a61,true
1c6b4984-5fb1-4279-9046-2326c0d21d88,Jas P. Bates,146afb24-357f-441e-b5a9-f3fff1cf4cd3,true
c388c62b-7dbb-4cfa-9ced-6d43e09b0926,Isaac S. White,ee9d89be-62f4-47c0-bde7-259d6e76c14e,true
85849e0e-f12f-4669-81f3-dfb811b97e31,"C.C. Hazard, & Co.",718f8b1f-b701-412d-bbbb-5de5faf0c60a,true
458535ee-0674-4b3c-b96a-90fda087fe61,George Creager,676918af-a52c-4d4f-a3e0-8b51219bbd1b,true
42bde9d3-fb9b-4a6a-8b31-c319e936634f,Daniel G. Brent ,4d0df718-c614-4f93-87bd-bc3fc2622d40,true
c8c26dcc-ed3c-4a60-985f-d30a8a951c60,C. Tippet,17d5c374-969b-460a-8ff4-79d827954153,true
75503cda-2698-4afc-b0bf-5016220475a7,Robert Howren,5c4bdecf-c83c-4d7d-a4de-d918afc32b99,true
545c7349-9204-4b42-bc31-951414c36ee8,Thos. Richards,eb34927a-8081-4617-b22c-9b672b6a4dbf,true
fac583d6-d401-4af4-a322-abcfd9604a66,Isaac S. White,6ff4192f-23ea-429c-afbf-4ad33b64e6c8,true
3e3fb1e5-5e10-4a42-b80d-058b752cfeff,Cartwright I Pett,f93a571e-7bc3-45d7-b98e-656802648f2e,true
e62d0d9d-8eab-4438-bd5b-d31c36662020,George Creager ,676918af-a52c-4d4f-a3e0-8b51219bbd1b,true
0c2482b9-f251-447f-bb7d-6a5064f4d35b,Andrew Burnet,238dcd0d-d3ec-4486-af47-fa5fedb28751,true
23851e55-3908-4cc0-b82a-69dac77263ce,I. Henderlite. ,4c9e7117-7fcb-4a95-8d69-e730bb979ea7,true
db1a14c2-497f-4906-8dbb-76d0a4ad7793,Daniel Moorer,24e2071a-a68c-4a5d-b33c-f15fe908098a,true
df735a98-4751-4963-abe5-be3faf8aa037,Thomas Macgill,4d78f846-fd76-462c-9b8e-0c86daf6716f,true
01511799-fff2-4ab6-8072-80ae59fdee30,Sutton Weems,c4756cd9-2cb8-412c-8e0a-22fa756dbcac,true
76f69348-bef7-4f22-9fbe-9552337d11b1,"James Exum, Guardian",a9c605dc-d56e-4ec5-aaf4-08f38b176275,true
a36793bf-ab7f-4700-91cd-57b2461d6909,William Polk,f7e25846-571d-49ad-8288-3a2ecc9d12ad,true
0e9efe7b-1813-48ee-9943-d9cabc8bc46d,Edward Hammett,7320910d-73b7-4856-91e4-31353fbf23e4,true
1667ff74-24a7-475d-96cf-f7b02495cb80,E. H. Kendal,f4f8914d-b885-4ff6-9396-105fd1d9239b,true
7eaaf5d0-8201-4d2e-9755-c29a8a241293,B Toledano & Taylor,{undefined value},true
ea12d54a-7051-4417-8b2c-d3737b6c8768,M.G. SWAIN,7852188b-08d4-498d-8813-28260ea2813f,true
3efd374d-b346-4d16-bec5-61565282e526,De Passau,{undefined value},true
3e524743-cb62-4307-8ca5-5b8815d176bd,La Caldwell,{undefined value},true
e00f7e0f-8756-444a-844d-250aaa29b441,Edwin Chaplin,{undefined value},true
fe7fa823-3f48-412e-be9e-706a793236c9,I. HENDERLITE,2b0cf8b5-d6b0-4397-94c9-32cb7552edce,true
e8692750-a8ec-4e22-96b1-61b23ed66c0d,Thous B Smith,3cede3db-9504-4924-8633-1124ee61cd08,true
e636a1cf-0ea0-4008-829d-f36a7c5ad51b,J.E. CRAIG,0f86652a-37a0-4adb-95ca-8c3b44da039c,true
a5da17c6-bf12-4661-8485-2eeacaf070b0,Green Gray ,ae6d16a6-8864-4a63-978d-9faaba3ca7b8,true
3c293a92-39ca-4f55-abaa-2efa6fb6df7a,L Peirce,9482bc38-4573-4171-bc0a-f5e114e46863,true
f3004e21-892b-4352-909f-8c60dd55336f,William C. Lester,be6559a1-1ddf-4e6d-89d5-f918d0267496,true
b7590114-01fd-48ff-bcbc-fb0cad1c0a28,Henry Basford,{undefined value},true
ae4c10de-d196-4232-8d64-6b63f498d559,W. T. J. VANN,184c42b1-621d-4d65-ac0a-459bbb916dc2,true
ed104333-d141-49ab-880a-33d062bd65a6,R. H. Vickers,fb53c40d-06c0-485a-9371-84495ead261c,true
fe830a0d-b399-43d8-9ae7-d825aa8b4608,R.H. Vickers ,954ed1e0-f03c-42bc-8b55-2b5c4099a41c,true
fbffdc94-f13e-4a6c-a6ea-3bbdf3330306,James A. Rogers,1d101962-d38b-4205-be06-6f3f32135a9a,true
87507655-c928-4dd8-867a-6eb770068125,Danl. L. Peirce,3cede3db-9504-4924-8633-1124ee61cd08,true
2e301e04-8ef5-4eee-95f8-cb36854ffb00,S. B. Murphey,32878d71-2a14-4bb6-9223-22382fc22af2,true
4f10f917-574f-442d-afd2-9f5af0c7c9da,Henry Brown,114ff3a2-4608-4100-996e-cfda33c403e7,true
b337bd67-b8ca-453b-bd0e-d663bebbab09,P. L. Trepannier ,3199f461-524c-4228-87a9-079af145275e,true
963ed87a-d375-4ed6-afff-279a2b895d57,T.W. Price,3d7dafce-0b2d-4510-bb95-dda008d2707f,true
bffa1c20-3606-4595-87dc-c53b71329b9b,David Shuler,{undefined value},true
5d1839c7-105f-4b12-86e7-05f7bfc644f8,Green Gray,4be21be4-7a17-48c4-b3b1-a10a418dc30d,true
ab5aa98e-1745-4264-9dd1-e17e5d14a523,Julie Voisin,c4a0b3d7-17ff-4627-8d2c-03b4de28b9ee,true
40ce3487-e7be-4eb4-bf27-32870dded0c7,"G. Huggings, Shff. M.C.",0af51cca-1c11-4dc2-9b10-9d1a87eb9383,true
fb773fe4-1989-464c-ac8e-c00ba5f68bfb,Geo. A. Botts ,1341755c-477d-4f50-865c-5ac514d9d3d1,true
63f407d3-720f-432b-9190-f217d8207d51,cerisay,146afb24-357f-441e-b5a9-f3fff1cf4cd3,true
cb40e0fb-4313-426e-bc59-ef57cc8a2863,Nels Anderson,aabdaf56-dac7-4a92-a2fd-5bb60104f920,true
4b726dfb-2f4e-441e-9a34-46a680467b52,JH Lewis ,{undefined value},true
81ac17f5-ceb1-4d8a-8e36-275542222257,P.C HARRISON,b718d1ac-32d2-4b17-9d73-3827dcb76eab,true
75476ac9-2673-4e41-a7bc-dfcf680eb3c2,Not specified ,28dc13ad-8ceb-4748-8b2d-14ca3ef899f2,true
1fc12a27-af1f-4c21-9a8f-f8f50017db54,SAML. DE PASS ,41dba450-4601-4178-9086-4afd8409e7d0,true
2f4b2ce1-3b88-4cde-9acc-8aa72f826e17,James Talbert,{undefined value},true
378f33ca-a90d-47e4-aefd-02f2c7904e97,BARNA MUNSON,84fffe20-4263-433d-8bc3-647d5043db96,true
619e578f-8c71-4e91-a487-850f572ec55b,N. Rochkster,e92aad94-8b1c-4bbc-9037-206cfa2892b6,true
deb008ff-4571-436b-81af-885ec5040fb1,James wilson ,{undefined value},true
8f8e1f66-b983-4d21-8f40-6001d6e593d0,S.Meilleur.,8939e824-4367-40ab-aab7-80f5a66267f6,true
24aaaf29-eb90-4034-b98d-3ff8e89b868b,MOSES N. CARDOZO,eb8f030f-5714-4ba6-832e-8c80efffab90,true
3043bda0-a74b-454d-b703-47fafc581517,Orren Moses,af088922-92bc-4517-adcc-c6cbec98dd8f,true
f08fa2de-609f-444d-956c-bdb78881fe8a,JOHN DBELL,a3237f3c-7fc0-4e91-bea0-5c53987ba0a2,true
63c058c4-e08c-4b7d-8297-855db87a4f6f,Daniel Moorer,05a63752-e272-48f6-9050-72590c5d7ac9,true
f841c354-6f12-4788-b485-2a36681d53db,W. N. PEDEN and JAS. [James] T. MILLER,4fd1cce9-f2f9-4c90-87ab-d16dfb0721f4,true
71f73d99-436c-4139-8978-72e6b578da1c,Samuel Hammett,f045fd05-6e35-47ff-b2ac-0ec7df1556e1,true
4587fe83-e9d5-4b81-aa96-ed3c9a87a870,Geo. G. Kirk,b07718a2-eee5-40c6-8ebf-b3e1507192a4,true
1e1ee773-660d-41cc-9c17-6d41122f1288,J Simpson,15f1e448-3a0b-477a-b7ba-c49b56d3934a,true
14b82283-f2c0-4ad3-a62f-5aaadc7b02b8,P. L. Trepannier,d9f9e97e-dec2-4c95-a1f8-409fa53ffe0a,true
44aefe8e-0cc6-47d0-b1c6-66527819db87,"Irvin, Hall and Walton",85454e36-b0a4-4e9f-a50e-147e84240bd4,true
73b8d15f-7f39-485d-b1a3-085213d52188,John W. Lindsey,246a0234-a9a6-4284-a0ca-907ec419df73,true
d8c9b4a2-dbd1-4d6a-abc5-3f41789b8523,Raleigh Register And North Carolina Weekly Advertise,f7e25846-571d-49ad-8288-3a2ecc9d12ad,true
a33fe947-0dae-4532-a1c8-834c30c19c57,G. Huggins,2b0cf8b5-d6b0-4397-94c9-32cb7552edce,true
7643439d-1c2f-4e59-8ced-faeb80409131,"S Van Wickle, Sheriff",fdee876c-c88d-42d7-9b17-3d2c61d72e15,true
4b172464-634e-4c21-a273-0e859932798b,John Fraser,a0cc8af0-d3df-4bdf-9c1d-da2dad6fe57a,true
5cd40473-17bd-4576-a58a-74886b50698a,WM. R. Bivins,b6561152-36ac-4fef-b125-242aa0c32629,true
e0ac373e-e121-4ba4-a3fc-e2c767a202ec,CAMPBELL & LABRANCHE ,6c7c8404-fa99-4f7f-8fc1-a51bbce7c6bf,true
8d12b63c-0188-4eb5-9b57-66b9b1011287,A. Mauldin ,c7dcb7be-e306-49b4-bc3c-67cbfb5f6fe5,true
b0955f4a-8245-4808-92f8-59a10f7c6fd9,george hooper,ca1f551c-9d29-44b2-97b6-77dc2d98bd92,true
1be43ba0-6d47-4137-8d1c-2d775830f9f6,James W. Strange ,e005f1df-c643-4454-a00f-555ddbdc0b06,true
0edbf272-ecd8-4432-a231-a9d109a0f296,M. H. Brown,d1733318-dd19-488d-bccc-7690445f15f9,true
19d9a993-951e-4289-a299-d0cef82647ec,Richard C. Zipperer,03659b14-0c9b-4eb6-ac85-b3844314e654,true
d65825df-7b35-4bc5-aade-48e82e8027e6,Salmon Hall,{undefined value},true
9cec3199-6e2c-4a0b-b15c-dd4bc5be3579,JAMES M. SMITH,1029f1dc-359b-4adc-b739-88b92bf91ede,true
06a2f5af-b72d-45d3-a327-2f2ac1f14e65,W. M. COOK,09413097-c4e5-46d2-9ce6-2578e26d9014,true
9f641404-b170-4ba0-a3fa-ddea5027ac3e,B. Flanner,7c5b161c-7d6c-4a82-86f6-4c5cc328bef9,true
fa9e06ee-bc2d-453e-bacd-157d491277bd,W. M. BRAILSFORD.,f96e2a7d-8bfd-4a91-a858-5f97373d5669,true
c32bff8b-df4d-42a5-8a83-0d322730c182,James M. Smith,622f7aad-d6a7-4177-94f9-7b8a7e9b45a3,true
56595537-764e-4631-a1be-952169526d6e,Sutton J. Weems,2b703fe3-322c-4690-ae4c-a83b55de6220,true
d80f7f43-64f3-42d7-835d-d5faf20ffa29,Samuel Bishop,88bb1156-fdd2-451a-8d28-fef821fdaec8,true
ce419a6e-24dd-432f-9035-087f1c0be4b6,H CANTRELLE ,7bfec99b-3245-47d8-9c18-fd3577737f44,true
13502574-f39e-411f-afd2-27193cde3edf,JACOB DUCKETT,{undefined value},true
9e417953-2fa5-4c91-850b-c6f9e1c88471,John Douglas,c0be1a03-8c3b-4c33-98f7-cfa219be02b8,true
b08649b5-c3f0-49da-9db9-fe388f64760d,"GEO: DE PASSAU, Sheriff",0ff6c1c9-798d-48e1-a209-3e8c60e1150c,true
f3c7f579-f7d6-4e48-9e48-cef658fb575d,Andre,8f46b30a-6daf-4426-8d62-97a9a27c295a,true
8f7e4e0b-3ad4-490b-b3a3-f6d8e5ce50de,Henry Durden,0e8378b0-04eb-42f1-bb70-3fdc095949bc,true
47f76e3a-203e-4027-a5c8-479fdf83e7ba,"WM. Seabrook, Jr",e72b197a-cbcc-416e-a912-eb4749f1c8ea,true
57540c5a-354d-467d-a18d-2917fa5680a5,"John McReynolds,  Jailor",0daf34ec-b0bf-427b-b196-063699bef204,true
aec34769-c4db-4144-95be-a53b61baedfc,R.H Vickers,1b258f7f-5620-4004-b165-50fa6e8b9df1,true
c7743450-e914-4da7-80fa-2425d727b948,Patrick Creagh,663acb76-365b-4771-a187-d2894640c089,true
5df72880-296a-4954-9bf7-b1bd92e6d1b5,GEORGE PHILIPS,{undefined value},true
344c3b51-c2b9-4a5b-ae69-b78f20457697,Benjamin S. Ricks,36b52eef-d178-4f76-9411-40334595b618,true
6ecf87cd-d4bb-4557-a4f3-d7d9b8550ec9,S.D. Dixon,da801c91-e771-4712-b2e4-9724a4a9e3f8,true
f41cc455-4f9c-47a8-aa48-f897fbd18fd3,"James Wilson, Sheriff. ",d300df32-a44a-4437-8acf-bae4c4ba00fc,true
ee01cafb-18c6-4d65-b03a-970bd334b93a,George Creager ,77f63da9-032a-4d80-9ff8-379ec2e36a5c,true
9a063197-e74d-46e1-b37c-78db85204aff,Thos R Smith,{undefined value},true
c475f516-3bfa-4e6a-948a-568aa3b36d6c,C ZERINGUE,{undefined value},true
eb37f320-e6c1-487c-acec-e8db2cbdab7a,John R. Daniell,5857dc0c-699f-4749-9af6-1a746359c5ba,true
e0fee208-9baa-4db4-855b-5efcf9ca5431,John R. Daniell,54c198f1-00ab-4a1b-be51-586e90b5d1aa,true
32588c70-0dc3-41a2-95bb-5f769d2d83a8,John Allen,dc4d5a70-43b5-47c2-a6ff-f636cf461c09,true
29b2c7f9-3ca0-4127-808f-7119ec6347ff,S Meilleur,17e8c334-ba41-4188-bf67-9f2ecf779f31,true
931ca737-39d6-4e03-a86d-88e9f25f683d,J.B Packer Natchitoches,{undefined value},true
72c01e8f-610c-41d8-9007-0be0427428b1,Thomas lehere,014eaf12-f807-4bd6-aa77-2e8885534580,true
67165c83-0224-4938-bd39-7b37275eb07a,G. MARCHMICHE,7b7a8a51-baa1-450e-b9d3-6be18ec8c290,true
6ef36936-40bd-4b14-aac1-ccb4b8191ff4,Joseph H. Shivers,214129a7-d6c1-4654-aed6-0bc6153c8df4,true
958aba9e-cefa-40e9-85a5-b5030b1d65fe,James P. Bates,3cec5246-e4c3-4f6a-b6d9-09fc4c6e238f,true
8e3e6896-0b42-49d7-83bf-dbf524032f93,"W. A. PHILPOTT, Sheriff",1467b0f4-c5ac-4039-9ce9-a30427bfeb54,true
ed29d595-f5e6-4c7c-87a8-b9ac0fd3f4dd,J. Simpson,122c9ab7-0dfc-492b-b7e6-9e1859eb69a3,true
0c7f7cb1-b0d1-4d8e-b438-91644da7347f,Edward Daniel,2644742c-bde8-47f8-a5c2-0692d854e878,true
f07ee5c3-81d0-4da0-8e64-1a08e1f5791b,Lucien Labranche,{undefined value},true
904a8aac-f375-4651-acd9-f0f7e1be2699,James Hutchings,{undefined value},true
b1e0e46b-17b3-4bc1-b3fc-4cba66682bd7,George Creager,4cef8dc8-8180-4166-aa7d-e1581922720c,true
73334acf-df38-49f7-b930-0cc6df2f083e,C. Tippett,e4b68140-49f8-41b2-a39f-2cd36af96308,true
9a1865a7-a12b-4b23-8dcf-037a0d807629,W. H. Talton,ee9acf15-5ebc-4791-a5f7-34e5a99b8379,true
f8223b43-cee5-403b-9043-6414eb9e4f2e,P. C. Harrison,1da5f205-9ff0-4adf-bab6-6dfa24c98fa6,true
a19dd2f4-d906-4edf-a405-d18a0d8df3cb,Ezra Mantz,0dbe0e70-1a30-4a3e-ad9f-269fb0c6eada,true
91c8bbec-64d2-40ac-9743-4767571a73f1,S. Meilleur,dd47a150-1495-41aa-b744-de62996456e5,true
de355e40-9d68-4a0e-8939-ac68c5e18e43,P. L. Trepagnier,e1a0e4e2-3a16-4054-a9de-e19b007fcb3a,true
de92ea38-e6c3-4dce-b1a3-864f1fe22aa6,P.L. Trepannier,36bd657e-47ef-4bd1-a8a6-fcc3d9eb98f1,true
7c91dd45-95bc-4aa7-be40-9ca2ec1f4f96,Cerisay,13d78980-46c0-47c7-9ee2-126c06cfae21,true
637c253c-eace-477a-8d16-2108e315e744,C.A. OGDEN,27f15e5b-b791-46f2-8082-338ba50a3b79,true
76b048dc-e427-4996-b288-79d8f28bbe69,RICHARD SANDFORD,{undefined value},true
f548cedc-bb32-4bc3-ad25-0e7ddf0e47a6,James Short ,24e2071a-a68c-4a5d-b33c-f15fe908098a,true
6afeceec-1801-4537-8ffb-a3c7845f0615,Major Harbin,5bb76f56-7f30-4cc3-8662-219c0fd36ff4,true
b87789bd-fe55-4099-83b2-57c7bc98dbe3,Willis Holmes,0ea66820-d3a0-4495-bbd8-f2c0d9ee060d,true
a70f116d-b57f-4066-abe4-a167341cca61,James Galabert,f2030290-76e4-4003-a058-4ac9ec3032fd,true
265eef60-1c4b-4f0a-865c-b7740f8b8b8b,C. Scott ,58150469-1a3e-4454-8468-904e69416387,true
53af4784-da85-4087-8e46-dd5620ba7c60,A. D. Duval & S. T. Love,8a160d26-2c17-4893-92a6-de726a2f749d,true
2d02482c-f535-4d96-a141-a8eeeae0b176,"George Anderson, Jr.",b26516c1-92d6-4fdd-ae77-7846c8cc7016,true
fb0c3e99-eb4b-4774-a815-28852a29d3ae,WM.[William] W. BELL.,d1cdd9ee-073d-40b6-9c86-70271a8bf620,true
2468d8b1-c7b8-493d-868a-2b59d54611ac,J Dusuau,{undefined value},true
2087f735-4ec0-4aa4-90b2-6e9f35ae2efc,GEORGE GREAGIR,{undefined value},true
a25a1c3e-de9d-4f78-8ba3-257fd92f18b0,Solomon B. Murphey,d58acecf-c73e-40db-b644-275fee5e0ea1,true
7625709d-b1ec-4e4a-9be6-37a88c86709a,Martin Howard,334d9faa-63d1-4220-abd2-236f96399e08,true
2a927d50-86c2-4c58-a5c7-55e54eaba740,S Meilleur,8939e824-4367-40ab-aab7-80f5a66267f6,true
e47f28f3-02b6-468d-9393-90e6942b78c4,T R Hyde,{undefined value},true
bdae6783-516e-42b0-a030-827c7dd43da3,W. M. Cook,14752310-4bda-45ad-9822-0ee8098dad8d,true
fb115062-d1e0-4ce4-a7bc-11b6517b92be,John Fraser & Co.,11316fd9-4594-4cdf-b8ba-7f3faabc0235,true
44ec3f17-7b94-4bca-ac67-0baa281e158c,ALEX GEORGE,bf1978e0-2cf1-4b2e-9370-3bdb6c4d538f,true
394aa166-1191-4b9b-8468-92163e8fbb62,EDW. H. POMROY & CO.,f8de71c3-7caf-4312-8e7a-4bd24a783352,true
30728ea6-cf3d-41a3-b387-2bf41cac3c46,EDW. H POMROY & CO,7f380284-6aa9-4efd-b77d-48218422aef2,true
b3fb3e9a-829f-407d-b80a-3e030194e32f,"Robert M'Comb",d7739a6e-2904-4a7b-9733-43f46534a589,true
ff21db0f-fc71-4de2-92de-ac5351f0c366,Hugh Cox,0929d782-efe3-416f-8f8c-29c161859e94,true
834adeaf-16b8-4867-af59-7c146daabf56,Nicolas Combelle,e09c5455-8f2a-4b75-b5fa-72dc2314056d,true
fa71360e-1daa-4c90-b163-8dc557653eab,Lewis Tumlin,42c19917-5406-4b1c-b612-cb1366b69053,true
338d7bd8-818c-438f-941e-ad23dcabb1d7,George Creager,b5502ec0-257c-4db5-bae4-3f57ba12189c,true
c3d7fbdd-bb48-4625-ac92-f439e42fe71b,D. Hagadon,4797d069-a77b-4dd5-9061-2adbb5e4b2b0,true
c86b06de-8bed-4bea-97e6-3b9872b5989b,John Turnbull,{undefined value},true
169c853d-0c8b-42ec-a081-b1671e8b8f1c,R. MICKLEJOHN,1d4c844e-7ce6-47d4-98a6-4ea733ed3d80,true
d7ed7315-d705-4c39-ad79-724f40ce3507,Peter Arnou,dfc594e8-3c2f-4db4-b011-4ea260102f32,true
df2dc12e-f434-4018-943d-474223c1a543,E.D. Hall,{undefined value},true
766c90da-01c1-4aea-b045-e7a505e15651,W. T. J. Vann,15b27141-18ca-47f8-ae3a-ed469d651678,true
7e8b7bdc-7d95-4d18-9a5e-2c669025b662,I.N. Thompson,d0ffbda8-42e2-446e-beec-085831d29744,true
9b8c7c2c-36d5-4f06-ae8b-b5641c20c45a,H. KERR,ccfa1328-3e71-4271-87aa-5f8db5dc2cc2,true
4acd4168-d5ba-4569-86a3-d76f4a77c776,C Scott,58150469-1a3e-4454-8468-904e69416387,true
2cc7bcf7-5955-4595-bad9-b4f255890c34,Thomas Miller,328f806a-f569-4443-b4b7-6229cb82f600,true
9670bb86-9d80-4097-ab76-c84b68253273,Napol B. Hawkins,{undefined value},true
7eef7fd6-ab02-4fa1-8ef4-49ff074e409d,Silyar Morre!,80003088-40d9-4d64-90f8-4acecc059d21,true
bb238951-1e6e-4e54-9300-29b028939ee6,H. S. Harper,{undefined value},true
3d46f1f0-ab3e-462e-bb94-827c31523826,"Beard, Calhoun & CO",2053cdfa-2495-4471-ba2a-09218dd429d2,true
8f1c1ec4-310a-451e-8058-dd810e40a38b,Thomas Lehre,{undefined value},true
38aa04e9-7a40-413d-b01f-a5d0ca5bdaf6,JAS Talbert,a08d20cb-974e-428e-9011-9a643607bb68,true
d75c0944-82b9-4854-8c71-c066013a5169,Geo[rge] De Pass[aic],54a98244-5e13-475a-9ba0-7a625995c25a,true
fac1fdfe-536d-455d-9ad9-71d5c3516a44,Phraney May ,21130394-d71f-4685-a18a-c59b1aa21722,true
4ec97c0b-1e61-4f35-aa55-9cc54c73724a,M. Ware,239a8c7f-542b-447e-b0d3-1e3c9a7e4515,true
cb6bae80-73bb-42e2-81a8-a932fe253f50,Sheriff Reuben King,9f55628b-5b24-43e6-8899-09e401d9d27d,true
0cd58f11-2b4c-4bc3-b9ab-7937d2cce94e,"Joseph Bates, Jr. Sheriff",41e7db0c-7c59-4683-aba0-dccf08b1ba29,true
a610b005-bc01-469f-90f0-1383d7918f71,Thomas Macgill ,103ecc72-6b14-4947-ab62-eab494d3e637,true
7b753ea9-5964-4038-b358-d0d87c9010f1,Sir G[illegible]eton Bur[illegible]ee,4885258d-ff71-4af6-afd3-aeb557b22751,true
d788aead-9cec-4b17-b6f8-0bc75ac9aa84,Horatio N. Steele,8cdc5d68-ea9f-4ef0-a5fd-18e2d17b046f,true
a9f99f6b-0aa7-4998-a28e-a1abd91f177a,C. Scott,8cdc5d68-ea9f-4ef0-a5fd-18e2d17b046f,true
3b3ac941-93b6-4b63-b02a-2d6771fb2dee,J. SIMPSON,68faf2a5-2b05-4a55-866b-8ac09683a548,true
5426174d-9b22-4150-a9aa-8a71e4648ffa,Allen Edwards,1199ebca-ca09-4236-8675-ef82314eb679,true
5d4642ce-d318-4c07-90a8-c61b604bcbb1,Horatio N. Steele,58150469-1a3e-4454-8468-904e69416387,true
8217454c-6e82-4e78-babd-56976da4a5b0,Not Provided,a6bf441e-f072-482d-ae07-c98ebe41289f,true
73501729-83ef-47f5-9f61-4109c0be95c4,Morgan McAfee,0b3e7c5b-9578-485a-863a-ab71beba2c68,true
2f36bc01-3d37-4c0c-b307-c149c0b9d593,W. W. MATTHEWS,a1cd5147-9332-4a78-992c-a7d86b4f7821,true
1e3fc01d-9d78-4701-b130-c036cfd72ed9,John Fryer,90e98e9e-8323-484e-b070-4d483b8dd771,true
fe3f09be-8c7b-4c3d-beef-12088e2e5722,Solomon B. Murphey,027f4647-b3f4-48a6-9fa2-353b1a2ddd30,true
580eab1c-264c-4d68-aa59-3bfce894af39,James Wilson,d7a5bfce-90a3-4db7-b04f-dce6fd8bfe67,true
a057c41c-f55d-46bf-99b8-5a91d99648c7,Anthony Bourdeaux,11cd493b-009c-4f1f-b654-a959e42b687c,true
a1825041-823f-4120-9553-0f78dcef0941,"WM. R. BIVINS, Jailer B.C.",b6561152-36ac-4fef-b125-242aa0c32629,true
94ced978-fc37-465b-b8b0-94e139298cde,J A BEARD & RICHARDSON.,4e552383-37bd-45bc-b63d-f5b0ac25693f,true
4b5f90c0-5925-42cb-8e1c-e7eb0bc5dada,Joseph Lee,3199f461-524c-4228-87a9-079af145275e,true
6010ce63-5e5f-4f1f-96f4-1fe2fea1a541,James Vers,{undefined value},true
63137cad-21dc-4c12-98b1-19ae9bcd0a64,Orren Moses,7e3499af-99b0-4cda-b31a-fe94965bc203,true
bb163238-5156-466e-b04c-a611ede442e0,C. Scott,8cdc5d68-ea9f-4ef0-a5fd-18e2d17b046f,true
e7b2df4b-f747-4870-8e6d-b560f7bf4a8b,Sheriff,acf87069-fab9-4c7e-bfd4-7b3c20590f05,true
498ee20d-52a2-4d54-a563-40bc5f91d9da,Goose-creek,9653951d-2bcb-4371-88f3-6e63f93ad72c,true
3490f8c9-12db-47dc-9f09-f7af0e4fc012,J. Simpson,d739ef0b-b6a7-4dd9-812d-2b03ac5ca6bc,true
ddf9ec2c-5c63-4324-b226-2d86b10fdb9d,Henry Deberry,79e19f11-3e81-48fa-9715-0d434f4a7dcb,true
eda58011-cccd-40b2-b6b4-9778ca877728,J.M Jelks,{undefined value},true
f5fb80d6-8bc1-406a-9537-ccc5f45fb25f,Thomas Parker,182de4bb-b605-4d40-97cb-e4f9db1fe12a,true
3f731373-5b99-41fa-b09a-d1cd94389e88,Massy Sims,6bc4c56b-be77-4f3e-ba82-0234d65ff574,true
36d867d9-faee-4f9c-9b1b-d435d69d05b8,William A. Jenkins,86a5f1e1-2aa0-470e-b638-ad89458e8061,true
83963419-ba0a-4d23-9896-6063dd400b51,Cerisay Sheri,e9bcf742-5955-4709-ae8e-eeafcccacdb2,true
d2ee2807-8429-435f-9fa3-edd020ca29ec,J. Simpson,63c82a67-6162-4500-80f5-ea96a9f98ad5,true
9c841263-902b-41a3-aa87-aeafca43b636,Daniel Carroll Brent,30f3674d-05f1-4f4d-aa49-ff6ba41b41eb,true
df1ab093-e1af-4985-8829-873909c13368,L. Wagner,{undefined value},true
e2fc2f7e-9d5f-448d-b984-0d7d33cb68d9,P.L. Trepannier,8a6c3892-34ba-45f1-9758-c3501261fa11,true
2ed0c0b3-a6fb-4326-bc70-00f54d3ab323,M. Ware,0af51cca-1c11-4dc2-9b10-9d1a87eb9383,true
e39ca6d2-e847-4c23-b0ac-391845694fed,W.C. Wilson,{undefined value},true
66ead141-2a7e-4055-b3d9-f3a72d9c1c79,C. Scott,58150469-1a3e-4454-8468-904e69416387,true
3cf3348a-2ee5-4e6c-bba9-ba9307e86040,R. Caruthers,380d3ea6-7bab-47f9-b39b-e91877456be9,true
1806e873-62bb-4260-b105-9544c9b9bebf,S. Bishop,88bb1156-fdd2-451a-8d28-fef821fdaec8,true
e0a434d6-4b04-48ac-8360-03454aa52be4,P. L. Trepagnier,e1a0e4e2-3a16-4054-a9de-e19b007fcb3a,true
c635ef5e-4c37-4f27-bf44-8cd14c88d269,James M. Smith,622f7aad-d6a7-4177-94f9-7b8a7e9b45a3,true
fc9341c3-1546-4917-b30d-1f0ea27ee7d2,Stephen Johnson,146afb24-357f-441e-b5a9-f3fff1cf4cd3,true
fab61a27-dfac-46f8-a576-c4afa1fc54bb,Allen Edwards,64261028-7e69-4dcf-96bc-a56c390e1635,true
126948ce-4ddc-40ed-a0b3-c8386df016ff,Jas. Bryan,e0ca4d4c-55a4-400c-9e0c-87b1b530d9b9,true
8a8fcb24-1976-4e83-8d02-02ddb7308208,T.E. Krozer,3e89383f-49c6-4715-b8c2-89ac751396a8,true
7e8f052a-2507-4aa7-872d-258ddecef105,Washington Coleman,b6561152-36ac-4fef-b125-242aa0c32629,true
35667abc-1404-4363-9549-5dd0ada4ffce,George de Passau,40b78ffc-2abf-45f3-a4f0-ba7834ca5e58,true
36e2dbd0-909d-4fa8-b399-57071667ecf0,H. N. STEELE.,58150469-1a3e-4454-8468-904e69416387,true
48b7041c-06f5-4cc6-a61d-76f8a445ed52,I. Henderlite,886846f9-4a8b-46dc-99d4-52b71815ff05,true
3a9e81c1-0749-469e-bc11-1d5e9f690f6a,Simon Meilleur,8320e76c-e453-4b27-8b53-e1a0fdcf28cb,true
26d3e3f3-df57-4602-b616-2908aa9a575f,Solomon B. Murhpey,f689b964-da7d-4473-ae58-438533b62972,true
c29b4719-ff51-4f25-bc45-d435a23628b2,Henderlite Livingston,4c9e7117-7fcb-4a95-8d69-e730bb979ea7,true
370b57c4-5102-4c8a-9a4d-3ee0059494d2,S. Meilleur,146afb24-357f-441e-b5a9-f3fff1cf4cd3,true
08c3f07a-e11d-433e-9c14-6ae61742a557,Jesse C. Farrar,7c3bf4bd-e789-4df5-93dc-a65f8263ad7b,true
b032d899-1aff-4c06-a671-84398f55f195,Ma,{undefined value},true
2bb59f60-1acc-4e6d-92ad-ec078a847b0c,Wheeler & Weston,3cede3db-9504-4924-8633-1124ee61cd08,true
b3c77813-7f6d-4ce8-bb16-c9a6ff18c948,John Simpson,6ea91280-f699-43ae-b5b3-16d82056ca9d,true
17358545-698b-473f-a4a0-ecd60e58a9df,J.D. EASLEY,6efd167c-26e5-42cc-9abc-a039a0549ccf,true
ec1951a2-f7ce-4713-9d88-c0d220bd2140,"Thomas Bullard, Sheriff.",7574bd28-02ef-495c-a6c9-2e8073bbc3c8,true
a8397c25-4dd8-418a-bf41-86dbab0ed737,Aaron Livingston,78cd8518-3db8-47b4-9939-424a2ac71209,true
07723ebb-d244-4514-8c15-4c990523c12e,James M. Smith,ad6b7028-8e50-4a0c-86d9-dde1f66d9649,true
8bca8090-749a-415e-a499-dd9abedc09e7,David M: Wallace,5d94a7f1-d5f8-4ec1-862c-09856a31b1cb,true
f73677a1-4018-483a-bc0a-737dede4f610,John Redolie,d7bf90fc-131a-45c1-a27b-ac67381dc682,true
4ea7ec1b-a14a-4755-b5db-9526df85c024,"Reynolds, Byrne $ CO",{undefined value},true
3f14e418-0d27-47c1-ba2b-e699cef356bd,PETER WISS.,{undefined value},true
2b085e28-f63b-4d90-bfcd-3301de136ad5,J. Milleur,1be33def-d8ea-4683-bba4-e0020ae62b84,true
e29af613-0f65-42b5-923e-49950d553ba6,James Wilson,297eebaf-16bc-4745-87ad-407b09004e43,true
0c441d2c-2be8-468d-9fc9-d6bb2f7c9142,John H. Paul ,239a8c7f-542b-447e-b0d3-1e3c9a7e4515,true
220d4c65-73ac-464d-830f-70c7143811c3,Westwood Mason,bd0cb777-27b0-4b00-bc28-933894082510,true
25f38424-ad40-4c06-8b93-493f0c06b15a,"J. Davis, Jr.",{undefined value},true
c5cb0c71-3b13-4514-848c-70e6ae2107f7,Robert Brown ,{undefined value},true
3ab863e5-7ee8-4192-a157-fc4e0bb8bb99,S. Meilleur,026f5472-34b7-4c69-aff8-9ae5cd62e07a,true
2211a2e4-96c5-44d3-a399-41a819dbe2b9,"James Wilson, Sherriff ",{undefined value},true
ece78dab-0fed-4ab5-a7e2-415706238ad0,W. M. Cook,032be9f4-def5-4aa8-81db-c19d2b8bab82,true
a1fe93b4-7056-4045-8902-b62123e05d6c,"Cerisay, Shff",026f5472-34b7-4c69-aff8-9ae5cd62e07a,true
414dbb33-9243-4373-804d-15e7bfc55d73,J. Bates Jr.,77c794c8-d5bc-4a38-848b-2a143c548a12,true
b3095370-4a5a-47b6-9bb1-7e0e3f481c6a,J. Simpson,22a8d601-2346-44d0-bcbc-b8314e379b64,true
f611bcbf-7042-45ef-9bb7-1d01a5f87100,James M. Smith,622f7aad-d6a7-4177-94f9-7b8a7e9b45a3,true
b10c70b5-4a57-4bb4-b086-cdec505f6d4b,Thomas Lehre,05a63752-e272-48f6-9050-72590c5d7ac9,true
ae81bb8b-e143-4fe9-bc59-93a657cdc33d,E.D. Hall,7179d9cc-5b23-4322-bdaf-f4dba4291546,true
f267fb1f-eb63-4ce4-9c89-0f0f66cf35eb,"W.B. Atwell, Ag't",0db00c96-5fe3-46a2-84a7-038c9d004f3c,true
707b38df-638b-489e-9319-79f15faeba81,Joseph Inabenet,014eaf12-f807-4bd6-aa77-2e8885534580,true
3226b8c8-d318-433d-b55d-01f3dd24725e,H.F. WADE,{undefined value},true
1f5930a6-1681-492d-bb86-786a6e8a53f0,A.F. Knipschild,f6804ede-7835-4d1b-9117-4022e1ec2542,true
ee9e5481-5799-4f5a-9da1-9a091ae87ecd,William L.CALLAIS,3b45a883-94d1-4a5c-9cec-780c2da52c4e,true
c7c97cef-b26b-4263-9906-f96adf1ed9f2,WM. Wilkie,{undefined value},true
e22e8bf3-4e25-4dee-b037-85c80592a84f,Daniel Carroll Brent,08192688-c453-4f8d-94bc-6805acd18b94,true
1176608b-5068-4ef0-9a55-800ead28083a,J Simpson,122c9ab7-0dfc-492b-b7e6-9e1859eb69a3,true
be038ed4-7c84-4796-8022-defe71b6bb32,Edward Hammett,bd13a9fc-dd92-4977-88b8-931d4e6703aa,true
1ab45ffd-f11e-4a1a-9ea4-e3f1ef2fada3,"George Creager, Jr., Sheriff",0d906a55-0184-41bd-8e97-648eb5f64d58,true
92f4e317-f03d-452c-ac55-1195148287b5,Jno. H Hand,1836e421-727d-4fc0-a6ec-b24b9a980af3,true
f237d587-1b68-4f03-a208-150d44ff38e1,James Wilson,1685a5ba-0f61-472d-9051-18718a72d07b,true
3c0070eb-6ac4-45d6-b948-ddd7ea11212a,JNO. H HAND,a67987fb-e8ed-4143-9c90-ad95e4667df7,true
3cee56bf-cb0a-470a-84c8-b69e2a3233bc,James Savage Jr,3cf84c09-1557-4831-8e0f-c1a0868df0f4,true
08a4114c-e2aa-4059-b085-5475769e6486,John Hamton,50529eaa-75f3-4e54-ba39-c103bc813497,true
0f318f3c-f19a-4804-b4f4-55576554d589,J Simpson,63c82a67-6162-4500-80f5-ea96a9f98ad5,true
104514a3-99b9-478a-97bb-d20a4b216b5f,Green Gray ,2970c15c-c109-4fde-a21a-e101f4f1a807,true
1285dcee-1b53-4592-bbb2-4a4df0846882,George Creager,73f44fa2-8f94-4e12-ae0f-ce8c5d6f2abc,true
3d3e4a9c-5760-4cde-88e8-3e4b057c62c5,WM. Mayo,03d13afd-8c73-4275-8010-083d95c25ca0,true
2c326ab9-38f5-4c3b-a830-c0d12a3f19be,George Creager,ae055076-a1dc-4d35-b6bb-08980237a58a,true
0d8f6bc4-d033-4912-9a16-5b110b569205,W.H Talton,58560c8a-5986-468d-b4a8-3149d603fd51,true
fb01c6f9-0b67-4306-93c1-dd2e830173ef,G. Huggins,0af51cca-1c11-4dc2-9b10-9d1a87eb9383,true
3356e60e-e7fb-4a1e-be54-fa7c07c05a9c,Daniel Carroll Brent,3f51252c-51d4-4b6b-95a5-5710c8c818c8,true
02a54a98-1ac3-4293-9706-3e610b1bdba2,Cerisay,4a04ad93-bdbf-465e-bff9-01d23c3ac11e,true
c28a6c27-4964-4025-9667-e83aca62a5a8,"J. Bates, Jr.",41e7db0c-7c59-4683-aba0-dccf08b1ba29,true
d3281257-642a-4462-8766-5f5566e44cb3,"David Shuler, SOD",2e583649-a7c0-40c1-8c9b-206729f2eecc,true
f105b291-ecc8-4d1b-a10c-3f8f436ff209,E.D. Hall and G. Alderman,78f6824e-e6bc-4f19-b009-df9335a157e7,true
86e4d147-8b2c-42af-b17a-f9fdfd7c7426,"Cotton M. Stevens, Master of the Work-House",ada52603-ea9e-478d-ab64-e1ada1055c3c,true
634bb310-f485-4507-939a-3de0888422f9,"Charles André Cerisay,, Sheriff",406de579-7bc2-477c-a09c-bc7593f75a42,true
f1a80ca3-576a-4464-b520-c83e0943c4b9,George Creager,d51bba85-224e-4a16-ae78-2c2c9b98d98f,true
31ef404e-5fd9-44af-bd98-e58fdc884359,Maria Louisa Kerblay,b247be30-e625-4cc1-bf90-8adc768e1aa8,true
64830e5d-6c77-45a4-801a-f7365ab2939e,"Green & McDougall, commission merchants",041d9fe9-f23e-44e9-8a64-59389d21a09d,true
f324daaa-42a2-4bfc-8c79-843072c2fec2,Thomas T. Page,b2e60540-467d-4aaa-9fb0-9a6cca83d489,true
79839c71-6dd4-4f5e-8264-0027ce4f2837,B. Merry,f39ba4ad-06dd-457b-bc95-33fbb0e4d380,true
1bc0cda3-cd6d-438c-aa94-c3e87ce9814c,James Cavaneau,0c70fcfb-e043-45e9-94a4-dad0cb722168,true
ca68c717-484b-44fe-a731-83edd2034ed8,M. Ware,77c794c8-d5bc-4a38-848b-2a143c548a12,true
b5b3df28-74e5-4ac7-a283-ff08633ea849,Benjamin Corham,c00cab49-6ec2-485e-b4ea-1133da1b8021,true
56fd0d24-1086-4582-9e9c-adcb0844b90e,Patrick Merritt,023a6251-da02-45d1-9ced-63e6068778d6,true
0231721d-83cb-4dbc-8c3f-d55e9f8785be,JAMES White,935840de-642b-4e21-a648-2f94dc47cdf0,true
6809b376-9136-4d5b-9af7-f944e167cbf6,Jas. P. Bates,961e00a0-6207-4c67-8e0d-05a1f35f29fd,true
b06f8791-1ad4-4575-ac83-d57c6454585f,WM. Mayo,12303b90-dff8-4cd9-9894-82f0b3a10723,true
052cd9d8-0832-4ac7-b509-39ef2ad2c15b,Jacob Backman,2a451d0b-32ee-4187-93b0-d4a6da091680,true
d57a21de-cda9-467f-9d95-a5d79d34640f,G. Huggins,06634f71-ced3-4e24-a2f9-bb75a0739262,true
59982c47-3635-4b23-b1c9-51dfe5f9d156, J. E. THOM.,21130394-d71f-4685-a18a-c59b1aa21722,true
fbdab1d7-37bb-4933-9ea3-f179216f4fad,John Fryer,5a94ca84-0b26-4e8b-8ac9-cf8948e0cd96,true
df5c6cec-30ee-47c8-a9f5-5f2d7363f62c,Gustavus Colhoun,75738e0a-2de0-47cf-91c0-81cd8674346a,true
bef5d7d3-9e92-440c-a4f8-c1657d15b42e,P. C. Harrison,6b683785-0fd8-462b-a5c8-cdffda49f15f,true
2326c391-2c34-43af-9dd7-19b69ec9edde,Jas. P. Bates,ff3e7a5e-0a57-4229-bdcf-215c93473341,true
21846219-e921-4052-abc5-9e01bb700c99,H.S. Harper,13215aca-9479-41f1-9d97-1f7ff747507d,true
88671045-efe7-48c7-8bed-b12146e38e71,Christian Edward Multz,bcc7bd92-f853-4af7-bcc1-348894afaf19,true
168ea7d3-308c-42b0-9d02-33dec908b392,George Creager,d08f341d-bc68-4c22-8e62-dfd0bab86439,true
3c0c1d6f-4d9f-48ba-9106-5b599f627b65,Martin Nall,faa3be3b-79b2-43e1-8b55-19e28af1bb19,true
4927a1fd-507d-4174-9925-acf7ab729c21,Daniel G. Brent,182f6b55-ade1-4e90-8855-94595b942620,true
3f62262a-3c11-4c16-b672-38674db381b3,George Creager ,62d0586b-96d8-40a1-bca6-ce684b2b5df1,true
b4be5d8a-fae1-45e5-b3a5-4ac71689fa26,A. F. Neal,32469752-8165-48c6-8995-33db3110ab6f,true
91f99a83-d917-4e7e-bbd4-0d9600f362a1,H.S. Darper,f4674b39-f115-415f-8cbb-3c8f0c1d7ed3,true
1aef841b-4881-48d4-9cb5-93ca62a918ff,Peter,8bcb8b5a-1312-417d-b4c4-613bb8c16499,true
4cedfb78-b4f0-42ee-bcfb-50268d17116e,H. S. Harper,453bb5b2-5294-4e7a-b6b2-77eec472a926,true
80a8bc45-ef86-4020-93e3-8812d15daea4,H.S. Harper,537e99ab-fb96-4d09-86c3-81e9eedc99f9,true
65123328-8ef4-469b-b4e6-c314858fbce2,Thomas MacGill,63f2703f-6c76-49e7-b3a2-12e7c4f53449,true
804baba7-9bd5-4627-8d80-904ca77904f6,Daniel C. Brent,239a72b6-096a-48f5-8a9f-ba7441dd93af,true
06c79405-eb4d-4105-afa6-bd73526ce8c5,C Scott,8cdc5d68-ea9f-4ef0-a5fd-18e2d17b046f,true
0cd537d2-e4e7-4a3f-affc-dbea71a031b8,Ceris[?]y ,b660984d-0b8e-401b-8b30-c36a68e26827,true
dfc53c72-2a06-4576-9b82-c99bed50edde,Isaac S. White,0f77d99e-ebbe-4940-88d2-792eaaebb2d4,true
c4e15cce-bf29-490d-a5f1-b36a21f4d39e,H. N. STEELE,8cdc5d68-ea9f-4ef0-a5fd-18e2d17b046f,true
b3570b6a-fab4-4e01-9a5b-a2d987b0bc6b,George Creager,a65c5ae5-98e6-4137-a6d5-d96486b7007c,true
b7f2cc92-8e24-4fe7-ac0a-9b0f71a910cf,J. Simpson,122c9ab7-0dfc-492b-b7e6-9e1859eb69a3,true
9e8d7494-6681-4352-9656-b147cd779cb7,Walter Bowie,{undefined value},true
0e568e8d-634b-48c9-83f2-2679e173b81c,C. Scott,6c32cb86-a8a4-4dee-983a-560232c71a77,true
5cb3f478-17e3-42c1-9e9a-e5ae06ac3beb,Richard W. King ,8fa8f43b-f561-4d71-b67d-657bef5bfa85,true
23523bf8-3754-4cec-8960-7b5a83846fbd,Cerisay,8cee1486-0414-4185-96c2-bccb39677602,true
0a44cf37-5c5d-49cd-9fe4-6e48b93f9ea1,Hugh Summerville,13a860ea-a64c-49b8-8a36-533ebc38000c,true
8c07c78e-3cb0-4396-b8ee-4981df54b267,R.R Bridges J.L Bridges,064c423e-7c77-43ff-807c-cf5530a60a2d,true
80cf2fa2-c7da-4c21-9ecb-dce2457d390f,Thomas MacGill,103ecc72-6b14-4947-ab62-eab494d3e637,true
7df6990e-9ec4-4d74-9b59-bb8b17820587,J. Simpson,122c9ab7-0dfc-492b-b7e6-9e1859eb69a3,true
34207a4b-5fa2-4d1e-8043-86d9334d738d,"Robert M'Clan",ac3f5829-4964-4f17-9c08-b018d39408b1,true
cb1e7247-4225-4d54-8fa2-255dbe0ba9d8,Sutton Weems,c4756cd9-2cb8-412c-8e0a-22fa756dbcac,true
d0cf2b3f-00b6-4550-a392-49c017a477f5,Thomas Kelly,{undefined value},true
c09707fa-cd55-4bc0-a979-c2471db31e20,George Anderson Jr.,7f48d7c6-196a-439f-9431-921c03d3e3da,true
383efcb8-d924-47eb-a23e-9f32af01353f,Benedict Boarman,96f1161d-9ec0-41d6-abbb-35d6324e29bc,true
f2454caf-12f2-4da5-b9b6-22ccdfa88d37,E. B. MAYTIELD,026f5472-34b7-4c69-aff8-9ae5cd62e07a,true
280c693c-b548-447c-9135-d6e690349885,P. L. Trepagnier,440581ec-7232-4156-b30b-acdb2e08a4dc,true
59619600-4e6b-47ad-9057-33fde15cb138,Cerisay,613ae46d-6cd6-4642-a17f-13db1e1b561a,true
9946968c-5f37-4170-be00-cc6710e53ad8,C rtwrigh Tippett,c9e1fec9-990a-471f-abc6-37e6fe4d9364,true
117d04cf-3615-46e4-a6b9-00852d6ffdb4,Peter Dowsett,5fafe87e-5a3f-4e98-88df-fd2ad4ae5c62,true
0748ed9e-2568-45ca-a4e9-e28b977cab60,William Herbert,{undefined value},true
0192615c-7ea8-4b8b-a919-da679840df7d,"Jo Baxter, Sheriff",0dbf3161-b206-47fd-9f15-81545fcab897,true
ee34075c-e730-4dc4-b1ed-79bd48d77b04,S MEILLEUR ,e7822bd3-847a-4f51-9abb-52a11fa861af,true
910fdff5-2d90-4b9c-90f1-33193bc2fd0c,George Creager,17e1f1f0-3d15-4b9f-87db-0b09f40b1817,true
de056e0f-ae76-408c-b676-e98835e67572,Abram B. Hoob,25b3185f-1b88-4a2a-8145-81ed07203328,true
74a88394-1bdd-4c7c-b5d3-b5d86aa28709,David Shulle S.O.D.,bd25b2c3-268b-4296-9369-94000b6e3a13,true
159e53b8-6611-4496-92c2-0fbb32627eb4,J SIMPSON,239a8c7f-542b-447e-b0d3-1e3c9a7e4515,true
4bf36136-4b2e-47c2-a128-ab4eff0210a9,J GALBERT,bce66d19-e0fa-4902-9b2f-ad7842623e92,true
d787e036-eda6-4d27-9e1a-30525bd9875c,N COMBELLE,e2ed03ed-a156-49ab-b787-23c84781e57a,true
6ad49b0f-215f-4284-835c-09e2d07f5c3a,JH.O. DEVEZIN,3485a2ef-a0a6-42bf-9304-2d467612db96,true
4333d34e-83fa-4787-8de3-c4b94e6f7940,Rasin Gale,2f3990e0-7621-4b8d-97de-9b0438d574c4,true
0279d2bb-f824-4380-9a77-fc7382934637,Saml J. Coolidge,6a44bf33-c5ca-493c-98b6-42a51859ad27,true
077acca3-f686-4a76-81ef-30989711d256,George ,77f63da9-032a-4d80-9ff8-379ec2e36a5c,true
878a0aa3-be15-442f-a5ec-7bffdff14ea4,Daniel Carroll Brent,182f6b55-ade1-4e90-8855-94595b942620,true
bedba9cd-ddeb-444b-a7e4-06932cfc90f1,Cerisay,68fc0274-ab7d-450d-a729-dd77b39d4a41,true
a5475b1d-c584-4b67-a148-9cf7fa464406,C. Scott,28f080d6-6005-4457-bcba-0d844de98b19,true
84f7d57c-bcd9-48c9-9029-0130eb516175,Robert Johnson,154e318c-5c31-4931-bce2-035a249ab5bb,true
e56ed83e-667a-4e57-8e4c-5d3d212ae3fc,Singleton Burgee,{undefined value},true
9a32dc9a-b947-4256-bbb7-e995158ffa52,J.A. BEARD & CO.,ba66400b-835e-43ea-acc3-0f750c263eb2,true
e3e8ad07-d759-4ae1-b998-7aae01190707,Advertiser,13d2fe35-5bc1-40c8-ad71-30ac45869850,true
2022e1ee-5350-4dd4-b722-359277c25072,James Talbert,eb7525d5-eb11-4bf5-8ed2-bec3763e6378,true
d8331bf5-8823-4f3c-bacb-ea13250af006,John Simpson,122c9ab7-0dfc-492b-b7e6-9e1859eb69a3,true
0726a74a-2503-4ff3-b440-2e4ceed4ab6a,WM B. BRANES,38f268c2-c8e0-40f2-9e23-9e67e7e149d6,true
ac6829f0-8d8d-4235-b7a8-8f6bf7c0937c,Joseph Fuller ,7fef9e3d-36ab-48a7-99ce-032d6ef7aa01,true
c7f4f1b3-926e-4de8-8202-920fae65b4a4,Simon Meilleur,3f1c1bfd-d390-490b-9cc3-e5fc85103a26,true
54734f2b-caea-49f9-bb1f-0f39255170cc,M Courtney,f022dc05-dfa3-4849-83c1-b201dff62ff5,true
7a1d525a-7fea-42ef-aa0b-2ce7e3d89398,J talbert ,87954fa7-97b0-4c15-9a12-8fc39df4fe03,true
2fa94bcf-78ea-4c76-b719-718d35e2fdd3,CISER,7597ca6f-6442-4717-97b1-c9e6586b3777,true
11bd42bf-aadb-4640-837b-7bc7fd74a04f,S. ROMAN,46a422e7-a88b-4407-b25d-1f431a8d8553,true
463bfff3-10a9-485c-9324-b53b9b2a57c7,James M. Astin,98008817-6875-4d90-8366-05f46474619b,true
1089529d-db1c-4de0-aae9-409e245262cc,James Talbert ,87954fa7-97b0-4c15-9a12-8fc39df4fe03,true
8cd5b995-3374-4c3b-bb88-0ee73f1674b2,J. Simpson,122c9ab7-0dfc-492b-b7e6-9e1859eb69a3,true
17fae7e8-2e7b-4685-93c7-1c68c0daf231,N. ROCHESTER,6ff4192f-23ea-429c-afbf-4ad33b64e6c8,true
113efdfb-4cc3-4f6d-b1d5-c11e526a8f6a,"James Savage, Jr.",e56d2323-be94-4469-b706-3ef35307b699,true
514ffdd0-a759-481c-ba68-d9c812424586,"A. Mauldin, sheriff",d9ae541c-6af6-432a-9a5b-4f0b9544a078,true
6e12f672-58d1-4e95-9d8f-bd3801f7ac45,W. WITHERS,{undefined value},true
0f4703f0-d919-4918-b098-bfc2c774aa1f,Green Gray,ff6aa2dd-0685-49f4-b65a-3e46da3da986,true
96877cf5-848c-43c4-bdce-7b1eb5b6f89b,E. LOCKETT,1c49d5af-3672-4ff1-b092-f2edd8ba2e9d,true
c8a9ba0d-7755-4001-b060-9a887e6849e9,EDW. H. POMROY & CO.,0e46025e-d939-40df-a548-5c2a1d4bde84,true
43940685-1dc4-4260-b798-202f5266b713,A.F. NEAL,{undefined value},true
e94eead6-b65c-4bdd-a65a-77b6508bd131,Joseph Sauvinet,17f9e7c9-0d87-4f4e-8c91-92ab4623c8a0,true
7918b14f-9399-4e74-9aa2-c66a08c26e9a,JOHN L. HOLMES,{undefined value},true
5ee39cfd-f142-458c-831c-a50d0aec40ac,Angus Morrison,382987b0-1987-426e-9bd5-a47508eb9dd7,true
a18bd64f-00b5-4838-99e1-07b5405ac727,J. C. Joffrion,{undefined value},true
a419601f-2138-4877-ba4b-ac4741cc728c,"H.S. Harper, Captain of the Watch",4857e3e0-c48d-4dca-aa56-ffed7b437eea,true
038b2a8b-6ca7-4865-ad13-604352040f8e,S Mielleur,78a89189-c411-44f2-8750-6a61c2778473,true
969cc7a8-df07-439b-9cc0-4da13c518393,W.B. RHEM,afa88bf1-d92a-4ed6-b83d-fbf3b28c3034,true
0e04a28a-16f2-4421-ad4c-ddb7dc0daa56,Paul Kistler,6fe81b43-ae88-4341-bc04-8165747d4256,true
c4a8e9e8-f642-4e8e-8b82-ba6da5b0c416,R C Bloun,63f1c63f-23b5-49e2-9ff9-6e0e52324e72,true
4d0c20e1-c6a4-4dfa-ab79-8be79deb6757,Simon Meilleurer,026f5472-34b7-4c69-aff8-9ae5cd62e07a,true
67d700b6-1f93-47d8-9606-8069861c6e80,George Creager,c028471f-68fc-4520-9291-d7aa2bd64c02,true
464560f1-245b-44a0-b96b-0b931afcf7c4,Mary Thomason,88426b99-8d6d-4093-a66e-40a2e4c87f85,true
e77824ce-d8bf-44d1-9e15-a5355a1dc7d9,Simon Meilleur,23a65bf7-019c-4332-a1c0-d3588f1283ea,true
34caeffe-5fdb-4958-8269-74a921e847ae,"John Simpson,  Deputy Sheriff of East Baton Rouge and Jailor",22a8d601-2346-44d0-bcbc-b8314e379b64,true
125e1946-77d2-4631-88d6-b287c0aa3b0a,Simon Meulleur,026f5472-34b7-4c69-aff8-9ae5cd62e07a,true
90e1e2d1-9dc9-405c-9c20-818d306c68f0,L Trepannier ,e7822bd3-847a-4f51-9abb-52a11fa861af,true
ebfcaaf6-4905-410c-b6bb-4a28de99b9ad,S Meilleur,3cede3db-9504-4924-8633-1124ee61cd08,true
b6ce9154-4929-4532-8751-c6f0c2e9ed2e,Jas P. Bates,06634f71-ced3-4e24-a2f9-bb75a0739262,true
b8009e53-914b-426c-9430-583e9be386fd,Charles C. Whitehead,f2435bcb-b024-49f0-ab94-5b0160e8af92,true
a41d575f-efbf-41eb-a954-eb3790dda2b1,U. Collins,{undefined value},true
6198f923-8317-4023-87ff-a3019fa25c2b,Cerisay,d29abf64-ef9a-4e47-b351-a5661ef8a41c,true
59632d83-b324-4ecc-a9fc-cbe8055d4e65,Sheriff Cerisay,0488cdfd-3ace-42c9-a834-55cac181cdd2,true
5fb02b1a-308e-482d-b95c-1756d24a821d,H cantrelle,{undefined value},true
8e41630a-20b5-4e19-bd4a-713bf0ff82ba,James M. Smith,1029f1dc-359b-4adc-b739-88b92bf91ede,true
2e2f9692-fb18-4f34-be6a-8c1476bcdb8a,W. J. Duke,d37aceb3-c426-4bcb-bacd-cd9cf4e12f8e,true
944b6412-08b7-4a7a-85e4-c4e898b2ea3e,"J. B. PACKER, Nutchitoches",{undefined value},true
fa9da1fa-0870-4960-b338-8b56cf1eeb95,James M Astin,3a18e805-e325-4912-a2df-af783c955421,true
40ff0439-c99d-41dd-9fe1-797d3a4a2105,J. H. Lyon,fe363287-0d10-4cd6-a956-f15d803fe812,true
5412e731-c236-4721-85f2-d62c5437d2ac,T R HYDE,a5188ab7-2bbf-490c-af39-1a5da8ea52a6,true
17f91031-1255-4088-9709-a9573d8e9192,James M Astin,7efbca96-6786-4f75-ba94-078bf0460bca,true
bef31519-2963-4ea1-82d7-bdf7a517d3b7,N/A,08744e32-fb97-4104-b05f-d9eda16dfcaf,true
60d48d65-2e46-4f3f-9b13-d4ed8705ae7b,"H.S. Harper, Capitaine de la Guarde",dcf6ecb3-9967-480e-9f68-35e48c96c850,true
4f8fd75e-fa4c-4094-92f2-6a7bc3c42cad,Henry Hill,d548cc70-9837-46d2-b005-b95b7d8bd91d,true
135a009d-7205-4e1f-bc79-a89c3deec6bf,P.L Trepannier,de57c728-708f-4389-bf09-f04d92de36ad,true
a728ea24-ba79-4bac-a45b-2efb095281d5,Francoise Montemat,07a61099-7545-4030-aa88-797ec53a01ac,true
e74dba1c-6b45-4665-b21e-10f3d908e798,Andrew Black,77c9afe1-e92f-4a21-add6-c5f49508b91a,true
3044c8b4-9e6b-4072-b16c-2ed84b98e8be,"Jh. O. Devezin, Shérif",{undefined value},true
74fbdaad-f070-4956-afe9-5765c57c5971,Andrew Heatly,af297cd3-4130-4d71-acc8-9880947835c0,true
4491efc7-d461-41a1-9b34-120916fa9c74,George Creager,0dbe0e70-1a30-4a3e-ad9f-269fb0c6eada,true
cc4eb78d-9219-48bb-9237-8202f18dd619,Daniel C. Brent,bac4de7e-40b2-46ff-8867-eaa1df6d82da,true
7b0be4dd-2641-4f41-b266-386dd6d4d582,Thos. Steel,f50f79b3-bbd9-4846-b340-302dea235b60,true
e74fcfe5-7a8f-47d0-bf50-f66b89b3add8,George Creager,a7f5245e-6aa2-4bfb-b1ee-962f7aa8fa7f,true
bbed0808-3f84-43d5-be27-1dbca9b8c99b,Issac S. White,0df15c92-23cd-4326-a9f0-98bebe020191,true
a7093477-8489-46d6-b4ad-8946a76871be,Andrew Black,e29dd113-ab81-4b9e-9f45-67433251bf0b,true
717514b0-7d10-4eb0-8f22-e8b80f9d8ab6,"Robert M'Clan",caef7775-4baf-405f-89fb-2d89dd984279,true
879c4a6a-9e62-4d36-ae12-efb85976c1bd,Robert McClan,a9a161ce-6c29-4e98-acfe-b63713ae2a8b,true
22795629-6c58-4bc8-a24b-a58ab229c9f2,Daniel C. Brent,3f51252c-51d4-4b6b-95a5-5710c8c818c8,true
03838b86-d9e0-4dcd-aa27-130cbad55f68,James Wilson,d1e6cf3d-ee67-47d2-8ee5-64639a809d8e,true
8e5bbd89-4795-49e9-9290-832340a5e4eb,W.H. PRIVETT,43aae532-cbed-4a4a-8108-ea11b7f76fad,true
ead328c5-14a5-4a8b-bfe9-1ad1ecf47326,Sheriff M. C.,a2318d98-d774-4a97-b74f-b541d2836884,true
4194703c-a639-432b-8087-e713d54139d4,James B. Buchanan,1aea0fcf-5fbc-4854-8927-5e84486a7f02,true
a8bc9d71-22c7-43c1-8951-aa0af94b674a,John Kedglie,24ceb22b-a8c0-4310-b8a6-a9ee074190ac,true
9d847ab9-dd01-4b99-867c-6f6f77330895,W. C. Wilson,c6c2bfef-df28-4e68-9ca8-9a84e79696bb,true
a54fd743-b43b-41eb-956e-86f5f2a8175c,Thomas Kelly,0c307e97-207e-4e24-a738-f59bd1917ed3,true
359c3a5c-4c9f-4a26-8c15-97a3fd91b57b,"C. C. Hazard, & Co.",7c9b41a1-6176-4265-b80c-9ddf3f98ee4f,true
036f1578-d5cc-405a-a4ee-e00285092db4,R. B. McRAE,9baa8b3b-2e54-4b38-a5d6-587a85b96c1f,true
df92c068-6710-4739-9c28-b1683a15870c,L.H. Sanders,296ee6da-afff-48ea-b932-2458216239ec,true
fe48124b-5979-446c-a3ce-abab4ff27d2e,"E. D. Hall, Sheriff",aa4592b2-d299-4b88-91eb-d833fbe71b97,true
b8a4b8d7-9a9d-4ead-b4e3-515e8d5a8e88,Lewis A. Box,953d722e-aeec-4545-aa47-15ad099ff073,true
9ab530b1-b05b-4a08-8a24-2c15a2abd950,L. Boul,{undefined value},true
25b2fc4e-8525-423e-9c02-753c429e67df,Green Gray,ff6aa2dd-0685-49f4-b65a-3e46da3da986,true
606d4df0-24a4-42bf-b6ba-53278dfd2f32,S. B. Murphey,32878d71-2a14-4bb6-9223-22382fc22af2,true
2b65f5e5-bd57-40b1-9d46-6656d1e95efa,Catherine McMullen,ca76e027-1d13-4889-8a2f-5c700316738c,true
ea420dc1-f846-464b-90b5-789a37f259d8,James Talbert,a08d20cb-974e-428e-9011-9a643607bb68,true
9be63991-9677-4d47-93b6-be2e014f4f89,H.N. STEELE,5a4f3885-dc67-4a33-b5ee-a915c28e57e7,true
2ec3879c-3274-4b50-bb75-b8be0c97efa2,Cerisay,256a98ef-28c0-45af-8fa1-9893ca073b00,true
3206c7ef-278c-4b28-bc45-3b724dd83c16,John Fleming ,5a285cb2-d99d-4325-afe3-b89c4406a4f7,true
bfa192bf-c65a-4bdb-8e5f-0c666e00ba3f,B.F. Young,09413097-c4e5-46d2-9ce6-2578e26d9014,true
0cd0cd9a-72b9-4be4-882e-44357ed1e0bd,Samuel Potter,fae0a901-d470-44c4-b119-0a1ab2a3a2de,true
c233490a-0620-4888-ba83-7840d3a7c703,Martin Nall,87b60cdf-0efb-42ea-9d2b-213b755d2d7b,true
95c490a0-70b2-472b-994c-a8bd00980f62,H.F.WADE,e7822bd3-847a-4f51-9abb-52a11fa861af,true
73abd0e2-e98e-480d-85e2-296f2b0bdccc,S Meilleur,78a89189-c411-44f2-8750-6a61c2778473,true
62836ad3-c3f6-4b33-b9ee-27ce903b84ab,Mr. J. Yarbrough,8cb8d518-e442-4132-b337-214dd8ab82b3,true
10fec08a-067f-4b27-aac0-aa923326d063,W.T. J. VANN,7d996ec6-36b2-4ab0-898a-7bf38549e19d,true
847c822f-bff2-4c47-904b-dd79895ce810,H.T. VENNARD,c1d046d1-5bc6-4234-a010-ffdc811f375a,true
372c8b9a-2c75-4bfb-a801-5c480164832b,J Talbert,{undefined value},true
27d54668-c383-4070-9734-136b6a3de0ee,P.H. Glaze,6682ef42-6640-4af4-b665-a72cb1f3e3bd,true
71c66e9c-8c99-48ef-82ba-5bb82b73bfeb,W.M. Cook,0126a125-0485-48bf-9315-d4bca5eac498,true
2e53431a-98db-4731-b9ab-0ee3d019f0f5,G. de PASSAU,{undefined value},true
cae9e62a-675c-4e09-a619-d443e4765371,J. B. BUCHANAN,22d7234b-3414-4106-8f9b-88fd92ae0c40,true
01e6d057-4d17-48ad-841c-88fe4c97adfd,Jefferson Lyceum,710dfa48-fcb8-468f-8aea-7797ef1087e4,true
3f6f8163-0cdf-459d-8a57-522c6398437e,Cartwright Tippett,4dbe3baa-e39a-4939-9623-581e92064244,true
6f1595b5-9ff3-482a-8ada-23055c863b39,"G. Huggins, shff",1cf016a1-b887-4a51-87a5-c4dd907ff90b,true
f36fa552-ec12-492a-b2e8-cce2dc6405df,Jas. P. Bates,102733e0-5f5e-4bef-88e2-bb3d696d8eef,true
654ae50c-1beb-42b0-b94a-8af954c8198e,Lewis A. Box,{undefined value},true
28cf123d-728a-4821-8b16-5d5d6b0c14fa,D. MacMillan and O. F. Alexander,{undefined value},true
4cac4fb5-3ecb-4f15-b1c5-25df4d25729f,W. M. Cook,b634cc3b-4de5-4dfd-8f7c-47814163af97,true
15036367-fecd-4984-88ca-58723e633adc,H.T. Vennard,28dc13ad-8ceb-4748-8b2d-14ca3ef899f2,true
175796b6-0bec-4aa5-9c72-b9aaa4320d7f,J. T. Doswell,dfd46008-4e02-4e4b-b76e-9bc66063ca2b,true
6bbeaa83-3401-40b7-baeb-9230eceda49e,Gustavus Colhou,d755452c-b390-4f02-b4b0-421e3d8a92f2,true
3b48273c-d9ed-4ced-9aa9-ddce85a6a0b6,Charles C. Whitehead and Robert A. Evans,40fbb694-9819-447c-8298-57197a2438f9,true
e37ef61f-04a0-49ae-bff6-751e17807f92,D. DuPRE,ca9875fb-8d1c-4bad-943f-eb131c2df33c,true
8fb2b274-7789-4ecd-8a57-e65b3c352ac4,Lillard Mosby & Co. ,fb4053d3-5931-48b4-823c-98b2b94536ad,true
91d50c38-eced-44b0-8ce4-e2ff9c8f5683,Jesse Bowden,aa2f69ce-93b0-49d7-bbde-886cd1162d1b,true
4758793d-ae32-4c38-ad49-cddc89ddd219,Stephen Johnson,047c4115-b295-4dd8-ace9-19e28747f62b,true
a8082fef-984a-4b02-8cbf-b163b27f0be3,J. Simpson,63c82a67-6162-4500-80f5-ea96a9f98ad5,true
da54f0c6-7f0d-405a-a7e7-319f70fcb958,A.C. Sutton,0603a74c-d415-4668-93b9-462185c402d8,true
0f66e836-9ff9-40f6-b9a8-0884bcb4ee89,G.L.C Davis,1291d72a-6538-43c3-b208-dfc24432873d,true
73a998c8-8478-4f53-97f3-9abd3e62eb73,F M GUYOL,652e62c8-4efd-477e-93eb-1337a0c9a6bb,true
6bca2941-5301-46c1-9609-c5ccce29e576,simon meilleur,146afb24-357f-441e-b5a9-f3fff1cf4cd3,true
312391a2-8ffc-4d30-81c7-facd63abc29f,N. Rochester,304322b1-f71d-42f6-b3ef-2c3365ca1e6d,true
45150b50-a0e1-469e-bb1b-b48cc5eef5d8,J. D. Easley,f6404224-9278-4e8c-b988-b38da75314ea,true
b2f7dd44-3312-495c-8fa2-c709b287c15c,Cartwright Tippet,fd6fb78c-71a0-4f4d-af97-4d0e68ece3a9,true
7ae8604e-8b48-4ebd-9f24-461b8e78cde8,S Nye Hutchison,a5afc449-8102-4a48-be50-baef98c94d05,true
82275f51-50c4-4b0a-b976-bea50e1b6879,Cerisay,18cbf4d3-80e2-4e8a-ab74-265b0be8f901,true
2d5cf580-a2ec-4462-9129-b1f7cb7921a6,CERISAY,db40714c-5ae5-441b-8d6a-2704f301d65e,true
0af84c70-ffdc-40c4-865b-1d33ae96fbcd,BOSTON EVENING POST,f0e8a44f-a2a7-4d83-9239-62e8e6985dfe,true
9c746921-7ac7-484b-a6a1-ec16ae5421b4,Sherif Cfrisay,026f5472-34b7-4c69-aff8-9ae5cd62e07a,true
129bc15a-2054-4b18-b9a1-7ea0ab8c2fa2,Payne and Harrison,3cede3db-9504-4924-8633-1124ee61cd08,true
90e6aaf9-4b29-4743-97e0-cd11d0fddf2f,H. L. Atkinson,967d2f65-0115-4a40-9aa4-e596689b6d57,true
2bbf822e-c14b-4e4a-a691-2f2c200b53f5,E.D. Hall,62da07dc-bc1d-40c4-a00a-dcdddbdda652,true
244696b4-289a-4801-9911-309d364e0eb0,P.L. Trepannier,{undefined value},true
18f7c07d-2dbb-4a09-b425-9de77e664edf,George Creager,56345577-8f67-468b-abe3-f5983ffef091,true
49fbf9bf-ff1a-4c9f-a16f-689b7c10ffd7,A. M. Holbrook,{undefined value},true
84cbf9ef-e31f-4432-9fe1-c93cd6002da5,P C Harrison,28a2fc6f-db9b-44a0-b58d-492e68c72165,true
0695b07d-6f2c-4e4c-825e-6192890218ec,George Creager,173ec647-3b2c-4cb7-a088-b8478c3fae69,true
b561cc38-2950-4ed6-9f35-ee0cb896b4f5,Lafayette Gazette,026f5472-34b7-4c69-aff8-9ae5cd62e07a,true
1704ad01-0b94-46c1-94c3-ee3d7205d50f,Ursin Jacob,{undefined value},true
ba41655f-d65a-46f0-8f8e-183f25f9a917,JNO. HARRALL,99452cab-b110-4f7d-bb8b-ed10c75ab9f2,true
06db6ac5-fc3d-48a8-85ac-c9faeb719a67,G.D. Davis,35311200-1acf-40ab-9379-0b2554a3886b,true
a6833315-9645-425e-84d3-b35a1cdf3d36,L. JONES,caea0c91-e63e-4991-a062-7e4889812410,true
aed5b849-094b-47ca-8952-33ccbad5fcef,Thomas Walsh,239d7792-8b0b-44cb-9579-9fa663bcd3c9,true
b0fefadc-67ef-46b7-853b-b5f0322be768,Henry Durden,7f7f034a-fdc6-41e2-bb5a-8c0099ecb41c,true
576326de-72ae-43d6-bf50-a1bdbf4371d8,J Simpson,{undefined value},true
bf9ab286-ac80-4ba2-9204-38b337c227f8,WM. Moore,{undefined value},true
2389db71-6c8a-4df7-b5dc-fff7d5656eba,Thos. R. Smith,{undefined value},true
d92475d6-3f1b-4039-9d1f-a6e4f8b22099,James M. Smith,1029f1dc-359b-4adc-b739-88b92bf91ede,true
36be4f6f-0cd5-498e-87d2-af4a5145339a,H. D. MORROW,a001c03d-6e3f-4aed-8114-295858bddb57,true
c735916b-a126-4ab5-9e4f-a11cb6ed75e2,H.F. Wafe,f3434258-0f89-41fb-8073-7565ad8f9725,true
b891d983-f942-4b43-96c0-0780068c98b1,P.C HARRISON Jeolier,f4a688fd-c4bf-4ec1-9174-244b2c8ae32e,true
937ce6cb-e830-4fee-a382-82f9285779fe,A. Mauldin,52bd33d1-33c8-4fe2-87ee-04c3ecca3b94,true
e7ca6595-6090-4bba-8da2-18f97c5b76cc,"J. Bates, Jr. ",{undefined value},true
76cf0987-e554-4c2d-8f28-667eb2b5f9f8,R.B. McRae,2c903052-b5f5-455b-bc31-05c272fd8e5d,true
ec956ae8-534b-45d8-9ca4-7715e00709c4,John Hampton,0dbfc2f6-255b-4d67-a52e-d2eb430350b5,true
fbdc03ca-b9e8-46eb-8a0e-6ecba92e9395,James Talbert,{undefined value},true
46f11255-54ea-41eb-9730-e087441760c9,John Newberry,a5c0fdb8-b453-4d34-8aef-6cc619337058,true
a6a2267a-d8e8-4c88-9b27-0f03e0224a63,Henry Martindale,7797117f-9db2-48a0-b76e-05b59e0303a8,true
8b104b31-ac27-4113-b152-5991bdf6094a,H.N. STEELE,6c32cb86-a8a4-4dee-983a-560232c71a77,true
66b02cd4-cba5-4a1c-aa4f-ebf30cd85eba,A.D Duval and S.T. Love,032be9f4-def5-4aa8-81db-c19d2b8bab82,true
621937d6-7828-468d-8785-b410f36064f6,John McKeithan,b7edf057-0cec-4c64-b440-19be1cdc30b6,true
93bcc4c4-45dc-49e1-9c85-69c0316bd5a5,George Gloyd ,e3794782-9a12-4835-a00c-e99904ec328e,true
a777c605-f7c3-4fb5-9649-bb7d8d4452b6,Stephen Johnson,047c4115-b295-4dd8-ace9-19e28747f62b,true
2125f001-f5aa-4424-8a22-628f9b70f04a,Stephen Johnson,59ce82c7-12ae-470d-a761-5e19e519d349,true
11ffc6f1-45c6-4d71-ae8a-5b2b876a69bc,H.T. Vennard,{undefined value},true
08e28edd-f0c4-4526-a38d-de25218cd45c,Bridge et Vose,2544ace3-473d-4c5a-b243-2d11579f2229,true
838fede2-5ca3-4c76-80fc-6275fea17dcb,Daniel Hoffman,{undefined value},true
3c8420d7-d0ec-441a-accf-b5e945365bca,I. Henderlite,4c9e7117-7fcb-4a95-8d69-e730bb979ea7,true
f72deb8a-8361-49fc-9dd2-334ef030ca41,G. Huggins,737e7668-f589-4ce1-8993-8229f4ddb967,true
49d50fde-3996-4102-9ab8-93a4e0a6a591,"R. Micklejohn, sheriff ",953d722e-aeec-4545-aa47-15ad099ff073,true
bba18f2a-1c19-4e14-ae56-9529428ea896,Charles Rank ,054fda45-317e-4d33-961c-6dd389b3c517,true
79fe6cd2-b1eb-4bee-95ce-9dba1ba2266a,"M.H. Brown, Jailor",bc913b00-4b10-46c5-8ac2-0faa42acc425,true
e3d78374-08ba-4e6d-a4f7-259688a40216,Eric Benndston,{undefined value},true
3462deb8-8816-4a18-8be4-7eba9098e98f,Roman and Kermon,d5e8514f-9dfd-42e4-b090-616b195869c2,true
1ec902ab-c425-4051-8f8b-250bef3eaab9,Robert Elzey,4f86a28e-138c-46a3-bc12-2a57afa26666,true
6e3dcdc2-218b-404c-b483-54eb199ece65,Thomas M. D. Reid,91a4612b-bb1d-4bbc-846a-97963052ad3c,true
740d68fa-9188-4bc5-b745-97b9650b9f64,L.O LAIRD,d35e3202-32fa-4b6c-9681-82a375fe9308,true
1ea9a561-03da-4721-9ad5-32d1edf32439,Stephen Johnson,3ae77cfe-99ea-448c-a120-56e4babb82b9,true
e7b54b0d-618d-493d-baf4-8eff94da7736,C. SCOTT,75c01fa1-b59a-4c9f-84e0-ed1fd5d57488,true
90767f4a-6d5d-4ebc-80d6-3481028f9409,Carter King & CO,1883a81c-2f56-4d4f-abff-7c038ec15ec0,true
f63372a9-d985-4716-8b92-87c75b58ca37,Edward M. Heron,3f37b537-630d-4f12-8afb-859f883ed0c8,true
121007c7-73c3-4c7f-85fb-5859dccea391,T.C. Whitehurst,96109f8f-6971-4270-a2f6-654a09916616,true
a09364ee-b881-43ef-b963-808fe9ed9de6,LUCY BROOKE,{undefined value},true
aec470e0-dac3-4dde-9dc9-fab1cfe2650f,Lewis A. Box,9a4ae858-952a-4356-bad2-5f422988076b,true
47c46d07-0dea-49ef-a59e-5d3ce9198a8e,O. Roubleu,{undefined value},true
e833007a-564a-43f1-b130-7f85c3295950,New-Orleans Argus ,7806a99d-abab-4460-9a03-e68acb9f94a9,true
64399fe5-1f7e-48a9-bca9-97c460f156b4,E. LOCKETT,7ebf732c-b8d7-409e-a786-c24c7a3838fa,true
9f2d4efe-0a11-4ea6-a109-d104915bb345,JH LEWIS ,{undefined value},true
89e76a85-cdcf-4303-9371-a7a426e01c51,J. S. Armant ,14358b40-d659-42a9-aa83-6fe2f9a98db1,true
5f11dfdc-b0c5-4bbb-9d6a-6f94f99198c8,J.H. Lewis,{undefined value},true
92c6f313-a694-45f3-ba8c-09f48d227857,Martin Nall,089061c1-7bca-41a7-9304-67c4ab0bc4a8,true
5971d54b-25a4-4d3f-af57-28f2db824d6d,Sheriff,{undefined value},true
0cc83d65-fd6e-4ab5-85d3-aea836cde62e,The Lafayette Gazette,b3e149a6-7d43-4b79-b165-13aeb6a1d73b,true
5b56c06d-33a2-4144-83b0-38b61888a330,Isaac Smith,4d8465af-e989-4061-8811-8af4e20eed7e,true
32fd11f8-d31d-47f2-80ce-1b34e668e9d8,"J. Davis, Jr.",{undefined value},true
011721bf-7da2-4aff-a61f-6e745c590cbc,John. R. London. ,{undefined value},true
99e8e34a-70c8-491e-83c1-011aa71b8039,Cerisay,0b3e333c-0aba-4895-801e-f944c32d13f2,true
f922b638-d40d-4000-9576-968b88c35070,R MICKLEJOHN,a8c2d7de-1fca-4d9e-b0f1-f8089edfbf25,true
7c7045fe-97d9-4af4-a22f-cfc12fd50e07,Henry Eastmond,547fc7df-cca1-4477-84e9-ec8610105194,true
9f52fd05-da5b-473d-8196-b59d91a07d30,John Fryer,4ff55455-c0e5-4952-b3c8-680c190ab943,true
b98dc597-c207-48ea-afed-dbdc4afbac4f,Christian Fleming,{undefined value},true
b17ce6d4-48d7-4d2e-aabf-9b76945097f0,Simon Meilleur,54beedea-9a23-41c6-bd3c-1ea50735138b,true
f9913f39-116e-4bd4-bbce-44a2025aa19a,Daniel C. Brent ,3f51252c-51d4-4b6b-95a5-5710c8c818c8,true
5fe4b9f3-9481-4836-890f-23b401e7b61a,John Fryer,a3da18b9-12ce-44a0-af1d-887a930a580f,true
dfa74685-b3b6-4d78-b921-2514e06f9c09,Simon Meilleur,58c8029e-8565-4c0f-8312-ad3084932f77,true
e9626798-80c9-4276-baa2-ac8c4671d4ec,I. Henderlite,5a771490-e6a1-4831-bb58-ae3c522e1b99,true
288dee55-b2b0-4bfa-ac54-78e5246dcb9b,"P.C. Harrison, Deputy sheriff",0ce5c402-53dc-4439-976d-2ccfd20016a2,true
5fb056ec-6348-463c-af6b-4f8d02b314d9,"D. Shuler, S.O.D.",{undefined value},true
ee3e9d89-4089-44f9-8909-46255801d0da,P L TREPANNIER,ab6cb0bd-58ba-457c-abd8-33e293bf062f,true
127f8878-7dd2-4d2d-ad0b-d47928652c3b,"Robert M'Clan",e4b68140-49f8-41b2-a39f-2cd36af96308,true
8c507f1e-6b3d-4bc0-b032-61348c15e9ac,Francis I. Carter,0b9e38b5-e77b-4ed6-abe7-b78cf65d5b36,true
3c4e091e-665f-4582-b1b0-342528cfc9e6,John M Scott,{undefined value},true
0c9f9559-6eb5-4665-8add-346ed6a105c4,Jesse Bowden,{undefined value},true
ccf15b1f-1f68-437e-acd4-0b34e5d35791,"Kershaw, Lewis & CO.",07b92699-2f0f-4f36-b5c1-3b7b52fa2498,true
5fac2e01-7a4e-479b-b9a1-c339980981b8,Woodbury,{undefined value},true
10eb1113-5dad-4d3c-b5ed-418cade6f011,Orren Moses,0fc99d05-daf4-4972-b248-48aa940eb8fe,true
05b77f7b-ca73-4bd2-9978-003ce4eaf8f9,Cornelius Robinson,bf3b59cb-4cfe-495b-ad52-4c7c8fc5a3d6,true
792f5c65-9fff-488f-9426-9b7fbf6e9a02,Robert Howren,d8625612-c828-4410-96c3-fe90055cc103,true
2672ba68-a939-4724-a8b0-4e811fe57487,P. Gilchrist,77b20eb0-4dcd-496a-90d2-18695260a92d,true
61855bd0-dfb2-422f-9ed2-a2befa54b16b,S. Bishop,be36a2c1-6cad-4b77-befb-cc5341eddfc4,true
5664285b-17ea-478f-905e-d279bc9a9dac,CERISAY,893897cc-fe48-498b-980c-2616b14263cc,true
24957d41-5868-44de-b576-bade07a29534,J.N. Floyd,07a9db33-d17e-451a-bbf5-34763ce18a1c,true
3ebfcc19-0a2e-4954-bb25-b7cbec1e6242,"J. N. Floyd, Jailor",e364cb2e-97af-42f2-b810-b529bf39d428,true
2cc6d008-94ae-4bdc-801d-d6fb4cc95ea8,"A WILLIAMS, Executor",{undefined value},true
7eaa8309-d3b3-444d-b0ea-f608ac79c5b4,Cerisay,7775fab8-68a7-4f2f-b1aa-9ef8058d7c4a,true
1b615db2-53c0-4257-8397-26fc3686cfa2,W.C. Wilson,{undefined value},true
b4beb44c-5e95-47d2-8371-3c904f5c5557,Abraham Pettibone,{undefined value},true
9620e5ff-d64b-461d-bde8-a5030673a73b,WJ WHALEY,{undefined value},true
c5d97096-feb4-4d99-be57-c547139d269d,Jarot Matthews,17c0c7c8-f847-4a17-a5c7-a3f8a45a44b3,true
0bbb9a3b-a2c0-4a35-92a5-2f9338793573,Andrew Erwin,d7ce052d-ac9a-43e4-8f6c-d6379c69942a,true
ae9c35ff-b590-4861-bfba-6d222364b022,John Comas,57edd080-d451-45f2-af37-1d711d603d86,true
63735d26-2154-4daf-8bbc-acf874d00793,H.R.W. Hill,5994d511-8051-4d09-a6d0-7af495af9194,true
90686d91-4cc9-499f-b9e2-4573ae164dac,Madam Bonami,{undefined value},true
dd38045e-3212-4ffe-8c57-114088fb422c,J. Simpson,aa567d2d-3573-4c8d-a2c2-a9da5af8340a,true
d162cddd-fe68-414e-882d-9d4bed8819d4,R.L. Trepannier,3199f461-524c-4228-87a9-079af145275e,true
4cbf5757-ae1a-41db-9c42-9c0cd1bda200,John,01432cc4-2b4b-47e7-a148-ed12a862120e,true
4287fa1b-5463-499f-9590-b435f01f4bf4,S. Meilleur,{undefined value},true
6037f7f0-a100-4ab5-b0e7-bc814be628bd,James Rowe,{undefined value},true
356ae5a1-d125-49c5-a5ac-0275680cd110,"R. Micklejohn, sherrif",5f5b39c4-b511-4b78-9ea5-caf86986a860,true
6402dd1d-2ef5-480e-acc3-b25ab85b9755,SAML M. FARMER,{undefined value},true
a5734776-d38d-4893-b134-a3a3fb3ff26a,W. M. COOK,756f4cc1-def4-49d3-ae18-66644e4d506c,true
86b5d44c-cbed-45c3-882d-ff191bb762bf,James Wilson,0dc00779-0edc-45db-a969-ff7ac75ee536,true
ca2f5abd-7baa-48b2-b5ab-ce885bd546e9,Benjamin M Selby,7b2634d9-a643-42a9-81a1-de41d4313fe8,true
730d6b06-177d-40bc-9e9f-b4f4e97d7b7d,Robert J Howard,{undefined value},true
8dbbde9b-a692-40a0-a9a7-3a5c07a3f82a,H.F. Wade,9a8094b6-2ed1-4362-9a5e-1a79fc4c82a3,true
c969ad98-e2ab-44b8-8694-e8025874767f,"J. Simpson, Jailor",{undefined value},true
c0bade9b-04fe-41b9-9fff-d5f1377ac056,James Talbert,95450da3-7e6b-4fc1-a014-772736110823,true
b50a320f-acaf-489d-8eaa-6a6b00f0482f,Jack Crump,026f5472-34b7-4c69-aff8-9ae5cd62e07a,true
381db884-a2da-4677-8461-9fc1ae666688,Henry Durden,{undefined value},true
d884f11c-5124-483a-aa78-e7af6a15ac63,Campbell and Labranche,4fc225a8-7206-4195-9058-91e0552dc836,true
0975e124-d107-4c4c-ac80-f675cbc07829,P L TREPANNIER,9f4f5786-111b-4c30-bdad-04c4c860aaf6,true
2ec7ec66-bf49-4eba-8e36-931856d702e0,W. W. Bozeman,4dee645d-3990-4763-928e-4f7dc789e536,true
ea83a917-52d1-46dc-ac65-f396fd4a6cff,Martin Nall ,05ac381c-b28c-404b-b353-73624d4362a1,true
1dbf10d4-b5b7-4905-a747-0297da5c4ee2,SIMON MEILLEUR,23a65bf7-019c-4332-a1c0-d3588f1283ea,true
01b5f6d0-9894-4b14-bf9b-f798a2317d33,T. Cambridge,05a63752-e272-48f6-9050-72590c5d7ac9,true
acffbaef-e225-42c4-80d0-4a4d337ab0bc,Jonathan Pearson,32878d71-2a14-4bb6-9223-22382fc22af2,true
17ea34ba-6ebc-4c8f-a4e3-e8d6a6a73bba,Gustavus Colhoun or Bogart & Foley,146afb24-357f-441e-b5a9-f3fff1cf4cd3,true
f9f69417-9069-4057-b027-e994f6c0eeda,P.W. Debuys ,13d2fe35-5bc1-40c8-ad71-30ac45869850,true
d18fd24b-19d0-40d1-b688-da0a3b328866,Joseph Pickett,f7e25846-571d-49ad-8288-3a2ecc9d12ad,true
94630b3e-4dbc-450d-8d3f-a2ebd59a8ac8,Joseph Wheaton,{undefined value},true
edb4fac5-66fd-4c38-98d5-d53d2d2003ad,H.F. Wade,f3434258-0f89-41fb-8073-7565ad8f9725,true
5e42123d-2f16-4093-b65e-90e126cdd144,"WM. SEABROOK, Jr.",e72b197a-cbcc-416e-a912-eb4749f1c8ea,true
7d8dd74a-de55-47a9-89c6-332921da8a1c,CALEB MILLER,5d6479ca-37da-4919-be51-1a21b3bc59d6,true
c91b8f03-a340-48ae-ab21-6500e22e8d47,Thomas R. Smith,026f5472-34b7-4c69-aff8-9ae5cd62e07a,true
d0e8db22-686c-4121-9b8c-60e8d2699dcd,Willis Holmes,bff15e8e-ec34-4768-9074-1c20dd1fbf77,true
9b25bfab-6855-4917-b25f-de3417bdb74c,John R. Danieli,1064bba8-2653-4d8e-8fd4-726ddcae84d1,true
b93b1f2d-f890-4203-8453-49ae9b5706e2,Cotton M. Stevens,{undefined value},true
8b052222-5be6-4365-b8e0-a6ccc57f0100,Jem,f6500eed-fd98-4853-b91c-dfa1b50f6bd6,true
06a1f2fa-f030-4016-9b25-93f67ffa31fd,Poindexter & Edmondson,ef23dcc7-299a-40c5-b440-a087b9498b77,true
1f422cf0-bf43-4e45-9d91-e92f7bfb3ee0,E. Spach,b0483e6f-4fe8-4c1c-aad9-84be48c73118,true
d2e20a78-fc7a-4dcb-b17a-4ec90dd58e0d,Green Gray,ff6aa2dd-0685-49f4-b65a-3e46da3da986,true
2f4831d7-a610-4d1f-97b7-8799b935eabd,D. FLEISCHMAN,{undefined value},true
28fdec06-999d-46f7-b1a0-1d6c4d1a9cc4,"R. H. Vickers, Jailor",d05dc8e0-8fdb-4f30-a572-64ece800b54b,true
ee980d24-413c-4372-9f51-55faab06fb9a,Thomas Parker,{undefined value},true
9e9e10bd-963b-4c60-8024-6dededbe7e29,Cerisay,68fc0274-ab7d-450d-a729-dd77b39d4a41,true
d866b3d2-fd64-4078-bcb7-7a2ae10e7d8e,A.F. NEAL,733b8b8e-04b6-402d-a669-1a90bdfb3fb3,true
1fa0403e-9ae2-4d54-bb01-37a9eae4f30f,L.S. Hartley,20875045-57f0-401d-97e7-9da88af1a5eb,true
fd66bcc0-f2a7-4175-b5f4-72d779d60fc7,Isaac johnson,d54336fe-c13e-4fa7-8be5-efed47f6c438,true
9f59e153-d22d-446c-a001-e006de9b8d1f,C. Crine,c226389d-c156-45fb-afd1-5439332381bf,true
5ad0b4f4-70c5-4463-8a8d-389a645bcc4b,William R. Bivins,343f2d3a-9c85-4358-af88-93f5384a9903,true
2ed58208-e9ac-42fb-835f-e57f7c5fb0f2,J. Simpson,4c7852e8-05a9-4ebd-9566-fdb28c70b294,true
af65ce2a-2271-4e65-aea7-5a127e6c59f8,David Schuler,f0c05b80-0c44-48a7-ae82-24adfb6195b5,true
384d676a-7398-4ed5-8e69-cd94dbef471a,A Simons,08cf1e5d-c3eb-43b2-a714-f6ae4946c3ac,true
9c57802b-67fa-4e75-9d66-62448670a3e7,Edward Hammett,b951f2d9-6f62-48b2-a8ea-3b651720ce92,true
22ca46cf-e0ab-4e10-b112-8a898509fb92,Napoleon B. Hawkins,1fa6086b-bd0c-459e-8988-a1c1f033f09b,true
0518c478-d3eb-48dc-855f-b59f2330853b,Ann Waring,{undefined value},true
ca2319d3-013c-4faa-a106-edf4886fed6f,H.T Vennard,5b732b05-559d-418f-9b02-ea110a79c278,true
38eb5fa6-2f1a-43fc-8061-923684696cec,A.C. Curry,8fd25d2e-4e94-46d3-aec7-8a3f368d491e,true
9b7d0402-696e-454e-96b0-a57e41e2f6c8,Jas. Evans,{undefined value},true
6251d8a1-4aba-4e38-bdf0-87aaf668c74c,James W. Payne,464cf9b6-1f84-4995-98a8-ddd9a4cb7fc6,true
dc05b90d-87e7-4fb1-837d-b6aaedf4b3c0,Robert R. Phillips,754d43ff-a113-462f-9f94-c45f0e2fef7b,true
f8af1436-195e-41bb-b6bc-eeeda19e98b0,"A.A WILLIAMS, Execator",{undefined value},true
88aeed63-559a-4b13-a567-14802377ffed,Julia Hollander,bf14ef1a-1daf-438e-b977-700350dbf9bf,true
e9fca038-35d0-48f7-a8c9-d422725420c3,John Simpson,8cb3a8e8-db96-4b7e-ab44-eef4ecbe773e,true
cab137cf-4cfa-478d-ae58-7ba6290182e0,A. Mauldin,1bdfc6fc-99ab-4dac-a63c-20e65fd81afd,true
da83e4f0-4fb6-4460-8225-2061e46b0ff2,James Wilson,{undefined value},true
5347a34b-c341-4353-bb77-af8884888a02,James Campell,f9203ec9-3891-446c-b726-df1a5f645400,true
51b19bcc-aaf9-44d3-9e87-4cc3aa0b4c60,Francoise Montemat ,07a61099-7545-4030-aa88-797ec53a01ac,true
288b2abc-c4da-4b9f-8c43-1fe8b29f94d1,John Simpson,4c7852e8-05a9-4ebd-9566-fdb28c70b294,true
516b78e2-86a0-40a4-be92-cd06b4d19a23,Proudfoot Johnson,bcc7bd92-f853-4af7-bcc1-348894afaf19,true
bc59b4df-24d6-4389-bd3d-6efb28fd88ca,S Meilleur,3cede3db-9504-4924-8633-1124ee61cd08,true
a358ac9b-b655-42b9-a009-a618ea9f8b4f,John Hampson,395e08df-2b43-4b96-83dc-a325d8a9e519,true
1da5030b-19a4-41f9-bcab-7abafc5b36df,John Hampson,aa813145-b2c9-4aaa-99e0-eceb25c10fbc,true
ed66fbf9-1ad9-475c-aabb-03a73efc4be5,P. J. & B. WEBRE,68fc0274-ab7d-450d-a729-dd77b39d4a41,true
7cadbd1a-df99-429a-b423-144d60627b74,R.B. McRae,3d3b876f-0f59-43a6-a688-af4478794a01,true
d1a03944-0b0b-4620-8431-9814d78718f9,John Barnes,446e2a2e-7e05-4274-9c81-220801f84907,true
04b2e390-5fc5-4646-adfa-5ba760e88fb0,E. Varner,8417154c-d7ec-4aec-b571-461563ec911e,true
a3a8b09b-a020-4463-aa96-0555a90d9425,John Beard Senr,{undefined value},true
d804b6c9-d9b1-4f13-8f71-1c9da03e56f9,Jas Talbert ,d8b48f10-5940-48a3-9813-63bd5407c203,true
a9c951c9-4bf8-4efe-8ba5-63012c407cd3,E. Murrill,34fb1580-ffad-488a-80ec-d8abb0ed119c,true
c00abbbf-1b96-4ebf-8162-4cf0296e458f,George Creager,ac7ab3af-3668-40a5-a7d6-2ff12378d677,true
d044ce4f-3e74-4ccf-a55d-57cadb17fbef,CERISAY,62e03078-6bad-45ea-8842-0c22453b148b,true
f6b6143f-4474-43ca-9c24-d252547a20c2,E.D Hall,{undefined value},true
5ae05111-b698-4a18-95b9-0ddf89fa4abe,E.D HAMPTON,2e39c300-fe5b-47a5-bad4-914848c33ef9,true
1e2a5b4a-131d-4d5e-9c23-181d42078a50,P M TOURNE,286757c2-3172-4a6c-856b-6e83c06dfc6b,true
783cee15-a3d6-491f-be41-fa47d2dfa82e,W L Smith,de0a58d0-a14c-48e5-b2f7-f5880fe99ee3,true
ea167fca-201c-4584-b4cd-c7366e64de8e,W.A. Walton,1321ebd9-b9a3-4577-aafd-e4136998a465,true
30ea3672-75f8-4144-9451-35504e6592e8,Thomas Macgill,556eeb0e-9857-4ac4-990c-f7ed3994e9ff,true
4bbcff07-7119-497c-8c9a-ad92d32cc764,Robert Mcclain,24ceb22b-a8c0-4310-b8a6-a9ee074190ac,true
deede857-7645-401b-900f-a952bd37c3b1,R. George,05a63752-e272-48f6-9050-72590c5d7ac9,true
dcf434f6-ce01-4987-9742-ad4de7305c40,Joseph Verloin,{undefined value},true
e9202e40-2595-4593-ae66-25c136642156,WM. H. Dell.,e81fefaf-fe37-4eeb-bce9-80137ffe264b,true
55030316-f591-4505-8931-9730508f4a6f,J M TAYLOR,61bcf1ba-eef6-49a8-a04e-c99558528dec,true
7ae3128f-aa46-4875-a5de-444e3515c4cd,Isaac S. White,d5f9ed15-be6d-4c2f-8462-92e79b731bbe,true
53ed325c-aea1-46e8-a0eb-6484304a5001,Daniel S. Sanders,948fb1ca-aab3-45c5-a6eb-dc564b7a3409,true
ca17442c-ad1d-4efe-9efd-3f3a39235940,William A. David,a01e9f8b-8928-4d6c-8d6d-c26793e5cd0a,true
c489d988-5595-4550-a4a4-fe83bc9dbc3c,"S. MEILLEUR, Jailor ",28dc13ad-8ceb-4748-8b2d-14ca3ef899f2,true
9479ce65-4192-48c2-bad5-8e299f9c3c59,Henry Durden,50529eaa-75f3-4e54-ba39-c103bc813497,true
0f5f0c03-92c4-4c6e-b200-f71b2acb2223,J. SIMPSON,63c82a67-6162-4500-80f5-ea96a9f98ad5,true
956430b6-2aef-4cd4-9b52-6708d88bd42f,C ZERINGUE,28dc13ad-8ceb-4748-8b2d-14ca3ef899f2,true
e37b5437-9486-43bb-a260-6da525e8068c,Jas Talbert,3bb44ee3-0533-4417-a041-105a9f31e109,true
e953930e-24e2-430c-b240-23e9c3ae1936,Boyd Marshal,d23ec6fe-0144-4f15-ac83-9331d55d076b,true
eab691d4-6267-4bee-87b8-e616deeddc54,ISAAC LAZARUS,d258fe02-97d1-4887-a19d-9cce6b58655b,true
b1c323cc-fe39-4b38-b02c-8f467dc97b71,Joseph Inabenet,8a664423-cd5d-41bb-9c2d-3448a611965b,true
736d790b-1b03-4468-b445-99749b47a151,James M. Smith,1029f1dc-359b-4adc-b739-88b92bf91ede,true
787f4364-f975-4fe2-9d62-b56785380b52,Francis Mulligan,{undefined value},true
495e8dd2-c37d-4570-8a1c-6a4175027896,Cerisay,2ffe3a19-307f-4792-a32b-b65e1c2aa57f,true
f3d76c6d-1d77-4fc8-8520-87d0e88aaf73,Mr L M Mallein,13d2fe35-5bc1-40c8-ad71-30ac45869850,true
90f92885-6490-4e5d-9191-9617dee2954b,J.E. Craig,d6c37e7f-7c42-4236-a019-f447c145d10a,true
80287a24-cd66-4118-a9a2-792cc519e104,James Scott,7ccae358-510c-4640-8737-3648c84922b8,true
dee341c2-1b09-411f-80f9-dae2aee32409,Cerisay,14e4f8d3-88fc-44f3-ac0e-134026b22d8e,true
5c67fb13-36d8-4d51-aa08-d6b1b8ce08d8,"E.D. Hall, Sh'ff",d11ce472-19ff-400f-8ab3-e932bfed454a,true
dc56cd9a-faa0-483f-9bdf-b278a070ea4d,JOHN R. DANIELL,2d2f64e7-fc43-4d1a-a514-3686044fb2da,true
b235ddb8-6945-49e3-a01a-bccaac3deccc,Henry Basford ,{undefined value},true
1e4ab7e1-09fa-4d92-81d8-1ff986b658e6,Robert Micklejohn,87fc07ff-729d-4064-ab84-52dd8bdf5f8f,true
c0bb5e72-ae83-43cb-84f6-7e13f9c4924e,Isaac Pipkin,79a9045e-e125-4c79-9520-9b0fd51e3d35,true
f0fbbd4e-468e-4be1-b7c0-41844d6a5090,John H. Owen,0ff8bb52-1ca6-4f3e-b6a5-cd5c5801882e,true
9b3c9d7a-4c00-437e-a305-6b3fa27e4f02,H. Wood,a6eddbf6-9f69-4476-9934-a3210769a28f,true
d834cafe-4cbc-4dee-aae6-be01554d6fc4,David Epley,d920d862-5d7d-42e6-b4ed-dae5dfecbd9f,true
e8b6f1b0-0cf7-47bd-91a5-b663541d1db6,Johnathan Koen,{undefined value},true
f3d3ea6a-64f5-4b3a-80f3-3c47d41234ec,Stephen Ownes,549eda6a-fc55-4c05-8324-78ad3f8ca527,true
13498bb0-6e05-4b0e-8be3-33f45d65ad9f,W.W. MONTGOMERY,f88f8fd9-4087-4145-9de2-d5e71158b1b5,true
824d3cb3-7cd9-4ed0-ab34-636096d7d12c,THOS. R. SMITH.,{undefined value},true
a47e5884-345b-4d49-9ba4-584e8d7dc384,R. B. McRae,62da07dc-bc1d-40c4-a00a-dcdddbdda652,true
fbd896ae-bead-495e-8c20-05d32da1ba31,S Helds & Ashburn ,0b5cc15f-e19b-4064-97d9-35709e68d84e,true
2b7188fd-c431-4f8f-b5d4-8dc565c5c5f7,John L. Jennings ,{undefined value},true
2575993e-97ba-4372-ac64-ec5fa4d5b736,John Hampton,08d3a590-eb6d-4c15-8a3d-b69be9379b4d,true
3ccc8ae8-a1df-4285-999d-6d974be245c3,Tivoli Grove,{undefined value},true
5b47ab98-76ce-4000-8c59-152792ea084f,James Talbert,{undefined value},true
e068b7a1-8cbb-43d5-a76a-0c9a0dfed19c,Gustavus Colhoun,75738e0a-2de0-47cf-91c0-81cd8674346a,true
d03585f9-284f-41eb-ad35-fb45b154be25,J.A. STUART,{undefined value},true
0ba3e9bb-bb00-4b9e-a272-b136b9e77bb6,J. Rates,{undefined value},true
0ee0a215-91c8-423c-8485-96b12ad98931,M. E LEVY,725637da-d68d-4ce8-af0d-7baaa841abaa,true
9b021320-cada-4997-b39c-9e945ce7fe9f,M. G. Swain,12ab360b-553a-42f6-b31d-1d7646bdcace,true
5a83474a-6441-4ddc-9c35-0443ad744e3a,laurance brengle,951fe028-c81b-4b00-a054-533cb54b18da,true
b5c666cd-ad67-4e96-932c-9ab772ecb67a,sarah ann bradley ,2541b4c6-1861-419c-97e8-40c434d3da11,true
6b3819ae-93cc-42b4-b48f-76c431a108ef,Herny ,b2585a1d-371b-4c65-a796-0c9362ee8312,true
0a7c86af-daf3-4573-a7e6-44dd00df6e3f,edward hammet ,e5a2dcda-07e7-4d2e-bfec-fb4d92b0cc73,true
2d959d14-5838-4340-84d6-f37942e45827,Rouzau,13d2fe35-5bc1-40c8-ad71-30ac45869850,true
1591ff2d-370a-48d6-baf8-54452898d82f,Hiram B. Dollerhide,d892f8da-246a-4715-a239-240293493203,true
a5177288-78e6-4f4b-9a41-99e966f95022,W. E & R Murphy,590dbfee-ba4a-4271-9cca-afaa1a83f61d,true
ab4b7fa2-cb79-4822-93a1-097a85bb4629,Clement Brown,ac377ca7-8bc0-4a2e-a6d2-0b0e4f435720,true
c35a2374-c8b0-4425-a228-b3f0cb075715,Francis Nelson,0dfcfbeb-8767-48a1-94d1-3711a1ec6161,true
2a7d2687-960b-47c2-acd2-9a88a92cd104,George T. Wood,15d3351c-1136-4b8b-99f8-7fca8f1db5c8,true
114a5300-c366-4796-b2ab-8c0e344f11b7,E.L. TRACEY,8c334d10-fce7-4f0a-aa42-b564365094c5,true
0c85b0fa-2284-4d88-acd0-e750654ca8d4,"J.L. Bundy, Sheriff",b699d4a6-b2b4-4036-8cd0-19f76621703c,true
4df2403b-3206-4701-9545-010f3a2321af,Job Greene,951f7e71-e32a-4483-8b69-0b2faf558fec,true
e978f90c-3151-49a8-8361-fbc3a1cfc747,Daniel C. Brent,9321b568-6214-407b-a355-62e6e18811bf,true
9e5e6dc1-794c-4f39-b69e-b3bfad8c6b6d,James Talbert ,13d2fe35-5bc1-40c8-ad71-30ac45869850,true
139a81ea-e67f-4716-815e-14cc82ad3bb3,Cotton M. Stevens,8fad4a2a-78f9-4807-a698-5cfc770e98e4,true
91b1b219-b857-4da6-ae1d-f2eadd421c48,J. Simpson,956145ce-33f6-44cc-ac98-be275fcedd58,true
a7e2ff4c-30e0-4f82-90d1-cd80c8f3da4b,Isaac S. White,194393c6-0512-41e8-986a-9e3e2afd1980,true
9c21d6ee-ed0b-4115-8d09-da1ace51d4ce,James A. Rodgers,15d3351c-1136-4b8b-99f8-7fca8f1db5c8,true
4c3fbd53-a70b-4860-9691-752f499a0465,James W. Payne,8bb38cf3-d607-4093-b4aa-cb603523ee16,true
f0c14cd5-26f8-4de9-bff5-ab836d39b4ed,John R. Daniell,50529eaa-75f3-4e54-ba39-c103bc813497,true
e72b5523-b89c-46ed-b5fe-9a83f5e3a27f,L TREPANNIER,d5a6f2bf-10a9-4cc9-a4f3-142258bcb26b,true
d0c1ec69-df5e-4542-b349-db7be417417b,Simon Meilleur,0dbfc2f6-255b-4d67-a52e-d2eb430350b5,true
40df2011-4bb6-46c7-ba18-e2e673645bd1,W.M. Cook,09413097-c4e5-46d2-9ce6-2578e26d9014,true
3ef5e007-aeca-424f-b63a-3e6aceacc6dc,George Creager,4cef8dc8-8180-4166-aa7d-e1581922720c,true
d7564256-634c-4ba7-ab92-3df7742f14bc,H. Fasman,28dc13ad-8ceb-4748-8b2d-14ca3ef899f2,true
4ce743da-d431-46f4-9b78-d179be2f24c6,mobilo coanly,f5436a62-a5c8-4193-85db-a63dfc4c1e09,true
f9e1af89-907e-48ce-8d4a-b0a4ca0a98b5,Henry Howard,536d5f66-fdc4-4ca0-ac71-c589df83d4b8,true
a6b14070-8305-4f77-85fe-0c3be06b904a,Michael Hart,92ce11a6-3dec-49a8-9108-1a51563a8589,true
684a8249-b2f2-4f48-9c73-888e099f3adc,Thomas C. Gantt,8e3753b0-b13c-4822-8e22-1069beda1267,true
d56ecfcd-317e-49f8-a0e3-d60049d61fef,William C. Lyman,a7f411da-1949-485a-861d-b31470a10864,true
30202790-a3e6-43ec-a0e3-47671d15b4ff,CartWright Tippet,13c0ace1-3c94-4224-a78e-817b124a76af,true
c60f38d9-cea1-4e26-bfdd-df63af1ada20,John Freyer,fe011bd7-479d-4117-a4e9-021dbec9fe95,true
09a6f28c-0b3f-4c21-9c8b-7829c2e3e218,J Yarbrough,06d07bff-539e-4245-98d9-756c5386c2ab,true
8019ca06-27d3-4e3b-b44e-9b890da329c7,Simeon Williams,696545db-1628-486a-9f43-eab736044281,true
99792171-3a50-4e23-b118-492727645e7e,L. Hilleary,c856e207-b31c-4a5e-8c62-bc80ed49f581,true
0f313b19-e632-455a-98c6-8c8baa72d987,George Creadger,183b3c23-8d7a-4fa6-ba4c-af0ed055ab33,true
83776d5d-ffed-416a-a141-32a709c56bd1,J Simpson,22157a2d-b4df-4aca-8e9b-7f4e3396da0f,true
2af9fde6-ff0e-4d0f-ba02-dfb9301be524,James Lake,939ce126-e8f3-4c4e-b3a8-3251641fe6d6,true
918b9c12-d4ec-4602-a4dd-e2f24b1d35ce,James Long,98690814-3941-4270-88e2-cb672ba15f17,true
00c812f4-d848-4405-8c40-9393bc1cd4e9,"I. N, Thompson",d0ffbda8-42e2-446e-beec-085831d29744,true
f363eadf-738f-4977-b67f-05fda5c1362e,P.C. HARRISON,a5b92596-44b5-45b9-ae8a-53f0ab227b92,true
490cf2e7-9683-4a4b-9bd3-d1669f958478,Thomas C Gantt,{undefined value},true
b5a7eed0-9969-4909-b098-e5697e5dbb70,Robert Elzey,{undefined value},true
cf1decce-69a5-40fb-a680-c2ef1485a2e6,Peter Lenox,{undefined value},true
f96b55e5-edfe-49f9-badd-0825b5376c46,Joseph H. [illegible]erloin,026f5472-34b7-4c69-aff8-9ae5cd62e07a,true
164c57af-62e8-4ce0-9c80-2db0ca790193,W. A. Bennett,20679387-dab2-4acb-813d-efd330aa5def,true
efcf2c55-ee37-46e6-a8af-b242ca0be48e,Solomon B. Murphey,32878d71-2a14-4bb6-9223-22382fc22af2,true
ef9b3f97-95b7-40a0-9487-be0aa0500459,John Simpson,146afb24-357f-441e-b5a9-f3fff1cf4cd3,true
54b5e914-3fda-4d58-8a70-2471033a2dd3,James Henderson,16f342e1-505a-433e-888d-f1f303d52145,true
dc51a2b9-e95c-4656-bcfa-896c8feeaaad,Jean Salvant,e7822bd3-847a-4f51-9abb-52a11fa861af,true
8e853d42-aea3-419e-bd5d-7a365a140903,Simon Meilleur,0dbfc2f6-255b-4d67-a52e-d2eb430350b5,true
6c5b62cd-b365-4f8c-ba10-d89b84e7cdfd,J Galbert,3ca75d42-adbc-455c-859b-345e23de9ad2,true
f7b74f09-4205-4ec3-b522-a2b7fd91e64a,John Poullen,683132c7-ac92-4324-8446-a0061b505110,true
8876067e-0c42-4c79-8c0d-40d3c639a44f,"DAVID SHULER, S.O.D.",9b5fcb11-5145-4d48-a865-6cb35e0c4617,true
7535c9d5-9304-4b27-b0f7-6f8545ba58f6,D. Duncan,8d8dee2f-0107-4907-ad8a-b84292e87222,true
3784edfb-b8dd-4786-8bbd-089ae3e95ab9,"L. A, Powell // B. Crumpler",7659bc15-4668-4d31-9fce-7ed0276e47fa,true
8ef73cdd-3f0a-4af6-960c-03fbfd0a5764,Robert,{undefined value},true
8b8627c0-1ec7-4245-a3c5-9ba607f3e368,Donald Mackay,80aad69a-2b4c-4e77-a910-0353c1c4961c,true
e27aa4e2-36ca-48e9-85b4-721f89f5d0c6,Stephen Blount,074f18b2-11f7-46a3-a6c2-0f53083a6ad7,true
7c222ee3-5f8d-4a2c-a3b8-770ea049baf9,O. Rourie,0dbfc2f6-255b-4d67-a52e-d2eb430350b5,true
9cfd9bd6-ae28-4683-a8e8-90988caa409f,Samuel Smith,fe232fd9-c82a-4fd4-b5b4-536296094918,true
719212b5-503d-42f2-8402-deb5ae219257,S. B. Murphey,32878d71-2a14-4bb6-9223-22382fc22af2,true
18ab6657-9153-4ef8-995e-397ea6f8f458,Theodore Gay N.B.,074f18b2-11f7-46a3-a6c2-0f53083a6ad7,true
a1a6bd9b-d44d-4dfa-9ae1-5936f6d5654c,B Barton,dc64079b-c1c8-4e9a-b1db-145e8a1ffbdc,true
330c9623-25fb-404c-9e7d-029545ae9e08,CARTWRIGHT V TIPPETT,b44acbc0-24b1-4834-a71b-f7f621a638b0,true
c81366fb-95c7-4e40-b68f-addfd765a3f5,Joseph Rivers,239a8c7f-542b-447e-b0d3-1e3c9a7e4515,true
8ad0f871-c56f-45bc-943b-bc4a8fd4fc26,Geo. W. Underwood,f98a5029-0644-4818-abe6-f5817ee378d6,true
a076f5f8-b155-4974-a358-fc54114aa0ac,J.O. Deversin,5c3a8405-ca6c-4f52-a79e-ae47f76636ac,true
4c61ab63-427f-455c-b83d-dd3418baf5fb,J. Simpson,6738de3a-388e-47f1-b8e2-ca27be158f6c,true
7e1a1ed4-55cd-4d38-a4c2-04019ffa28d1,Robert Elzey,4f86a28e-138c-46a3-bc12-2a57afa26666,true
bc67dfc8-c91c-4d99-b721-a39e0d9b435c,G. De Passau,0b861b6b-71eb-401f-8dbd-2ea4e8be09f0,true
9f47551b-23c2-4114-a20e-1e1a9ef12f54,Philip Minis,0b9771ab-261f-4298-86ba-2e9b452f6927,true
56ac819d-f775-4535-bd1d-37202e0d5fc4,Sheriff M C.,{undefined value},true
a9a1b452-090d-4c49-93ef-92efa075fef7,John J. Able,239a8c7f-542b-447e-b0d3-1e3c9a7e4515,true
7a7e733c-caf3-4fa7-8343-dca87bd662f3,J. ROUSBY.,047fa9ed-af37-4496-8a44-7a109b378994,true
bffeade4-60c6-4e6f-a1d7-1f784fa29af6,Robert Elzey,785ae84e-3b5c-4e32-adbd-0e6e712ca755,true
7b86b787-0105-4600-ac77-b4a4b74040a3,Christopher & Robert Johnston,64449037-fb67-426b-9328-be8297112fb7,true
1bc6b7c4-fc2a-4926-ae76-b63de9f17af5,Sherif,efe294e9-0824-4d71-8b9a-5219dc9d5a08,true
47bc642c-5e07-499c-b6b4-256cd63747d9,Thomas Hollingsworth,64449037-fb67-426b-9328-be8297112fb7,true
0cbe4ddf-4244-40d6-be43-0532f7435a8c,"E. D. Hall, Sheriff",4fceca07-aab7-44a7-9d32-3273a3b4ae57,true
8507055f-c154-4ee3-a084-55337dd37c42,subscriber,c1ede9bc-02da-411e-8714-5ab5efd1a229,true
6b829f8b-fcfb-408d-8cba-4da11b31edc8,Robert Alexander,e7636a0a-ec6f-40e0-a6f7-347e870ff8d6,true
8ca108ca-fa59-48bf-a875-63bef402b554,H. S. Harper,e2967459-d64e-4a81-8d64-491bd28b3b8e,true
95ae145e-238d-4225-9f45-46f6ff2a11f5,John Simpson,6738de3a-388e-47f1-b8e2-ca27be158f6c,true
21f79d85-29dc-46b0-86a9-61757008f7c1,N. ROCHESTER,3d4f4beb-f077-4459-b4c2-d0dd178fb1dc,true
40317b81-d45f-4be5-9a7e-b366e7ad49c4,John Hammitt,bb84c999-7489-4de3-a1c0-9dce11497329,true
48f958bf-aff1-4095-a4ab-f9cea5beabf5,Daniel Mooker,{undefined value},true
dc111ef9-5496-44ef-812f-00c501b105ed,A. Lacouturf,efacfffe-421c-4b67-a5f8-2e9190f409c4,true
176e9c06-66c2-4e80-ae9f-6045ac4692a2,W.C. Wilson,57250e40-083e-4107-a1af-951ec70711ef,true
58b64311-d72d-44e1-90e3-788388f1b421,Lucia Murray,8bd790b1-f474-4a16-b6c8-73ded32bcafc,true
9bd578b8-0996-4b04-9558-310d1e1b3d73,Richard Grason,0fc3107f-2ffc-4130-a4ef-9bcd58912f0b,true
85fc1d14-5b1c-46bf-a668-7f5775b1203f,Richard Grason,3c90e318-08fa-4c24-86cf-4ef355c2966d,true
c10e960d-aaf0-4911-b26a-d0eb53d18dd0,James Gitting,64449037-fb67-426b-9328-be8297112fb7,true
f50f6d83-b3e9-44d9-a61d-a69b5f43be10,Henry Howard,{undefined value},true
ae89b28b-9410-4ee0-afbe-908f6ebda1d5,James Howard,{undefined value},true
c219ceda-11cc-4cab-8bd8-40b8b75ab404,Thomas Snowden,becc747e-36bd-4ccf-8659-d5162f3160d5,true
298500db-cb37-4275-8b13-0599b4b26a1a,Ann Young,99412d45-e27c-47cb-abd2-cc5eb6f954c1,true
95acb3c6-8b7e-451f-a186-2718060d0a23,William Olds,{undefined value},true
80d2d979-9e75-4a7f-ad11-df7d493a5427,Joshua Vaughan,8d8dee2f-0107-4907-ad8a-b84292e87222,true
fe4bb097-1dc3-4216-84fe-0e31420b85e6,George Baillie,8d8dee2f-0107-4907-ad8a-b84292e87222,true
e9db3af6-f5ff-4857-9556-c2eec772f89a,John Chapple,35c6d9a0-49db-4746-b08a-861ca5343be0,true
c7da03af-e74a-4e24-87b1-587a2ab3857b,WM. Bruce,d2b32368-ccdf-49c5-a190-16629f998236,true
5d813d0a-5d9f-4c19-acd5-1bf5ecb44fda,Dennis Dulany,7f45f58b-c312-4417-adef-37be9fd71206,true
6f33cbe1-b841-4fbe-abf2-a802b1de52bd,John Gassaway ,2c18ca65-45be-45b8-999b-a87ea606349a,true
6d6f6443-3781-465a-8297-7043f48e9cf1,Edward LLoyd Wailes,00323595-3407-4d22-ae55-14328875e952,true
4a473b6f-4422-4f0c-88a1-fed075c0f599,Philip Dell,{undefined value},true
0714c902-a904-4cd4-8761-b38e4572dd1f,L Wagner,{undefined value},true
c36299ee-e774-40a8-9645-2017b89985e7,"Cotippett, K",8296f2ac-8532-46d5-85e5-7f633b6a65cd,true
725956bb-4bfb-4582-a436-2a8619ab8a33,"Christopher Johnston, Robert Johnston",becc747e-36bd-4ccf-8659-d5162f3160d5,true
9beb2216-6805-4dce-b44d-b29d33d9e24b,Thomas Hollingsworth,55430bca-4697-4d71-8a99-8d34ddf8fe64,true
4ebe0611-a4a5-4ae2-98c4-dd8213631a84,John Gordon,156cec62-e2cc-4d8a-9c92-219fb0d699d1,true
c2e5511f-7018-4c5e-b044-b64df43a85f3,James West ,f9d644f1-51b0-44a8-aeed-3cb5d006fdd1,true
8d5ecb92-b27e-4629-bc5f-c1667be24fa2,Onesiphorus Harvey,97baadad-61a0-4127-aed9-ac363140b826,true
4e302ad2-ea92-45f5-bea3-8cb00a61d3df,Thomas Snowden,5ab838d8-fb77-4855-b73f-5ecb7b875fb8,true
8c205bb1-a9f1-459d-9b13-2d6057a873b7,Clement Hill,b6391556-89d4-478a-8afc-683d1f47a2dd,true
7cea2193-82c8-482d-a7ef-b2d00d4e5a20,St. Jacques,026f5472-34b7-4c69-aff8-9ae5cd62e07a,true
06046e9c-c1c6-42fb-9a94-820d505a0ca9,J. Simpson,6738de3a-388e-47f1-b8e2-ca27be158f6c,true
a242513d-e1a6-4fc7-b4ee-b6b8be9a4e24,John Skinner,aa0c156b-1d6e-4951-99a3-b61d49249e77,true
284881fb-d2b9-4427-909d-69f1d3fe71ec,Stephen S. Wright,8a973585-bc38-49ff-87f7-1b73fab43b33,true
1b822ccb-ef9b-4b11-b2a4-07f1a860d08a,George Creager,73f44fa2-8f94-4e12-ae0f-ce8c5d6f2abc,true
9754313b-6447-4db0-99e7-605487013bb6,J. Bates Jr.,1cf016a1-b887-4a51-87a5-c4dd907ff90b,true
d609205a-3d3a-4d13-b958-8b4a88273c90,Cerisay,474b8890-93c7-4b41-a98c-b6a26982ecb6,true
97a598cb-efca-4238-81f9-41301a725ff2,Maryland Gazette,99412d45-e27c-47cb-abd2-cc5eb6f954c1,true
d7e96f35-7fa5-491f-84ca-de4c84eba447,James Gittings,71566679-10ac-4bd1-a134-5509687a4728,true
fa53bf3a-277f-4ca0-8779-c5a7fd37a72c,John Hobbs,e57ec158-dde2-4c64-ac0d-04f3bccf9ba7,true
6085980f-b163-45ee-9d5d-78c982e0c1c0,"John Tayloe, Esq; and Company's Mine-Bank",d6259f7c-52c7-45c5-9654-9447d0e04533,true
beed00f4-a644-4ddf-978f-78dd8b2a71c2,James Johnston,{undefined value},true
8171e330-e944-45be-87e6-f51358ddde26,Geo Walton,{undefined value},true
f8ca66c7-67bb-4ffd-83af-75a2d65258d9,JAMES NICOLS.,b7bf5dfb-0b67-4431-9c7e-4ac01d6e41be,true
d6fe6191-bcb7-4e14-8f7b-4d444300db96,Rebecca Dieter,8daf6f7b-f967-4239-9e55-7665c6717e4a,true
9370cbae-12f3-4a75-8492-5329d8c5b71b,James Mossman,8d8dee2f-0107-4907-ad8a-b84292e87222,true
23cf14b5-f929-447f-b02a-e3cdac6be5b6,BALTHASER SHAFFER,e6c00cfa-880b-44d1-ace7-22293badeae3,true
34e4b1d1-248e-4918-b32e-39082320d3a2,James weatherall,daf045a6-ff27-49a3-8772-3b4d6c8532d7,true
0185cdc4-fe26-4afa-8873-20a3e59fe4a6,Frank,31da4cb8-2ca8-4955-a762-7f2e561b577d,true
d1410a59-3acd-4f29-b2e3-17d5c7be5c94,JOHN GRAHAM,e6c00cfa-880b-44d1-ace7-22293badeae3,true
ba4cf7c8-5f91-4855-9fa0-6e846ec56e8c,LOYD DORSEY,64449037-fb67-426b-9328-be8297112fb7,true
44e8d764-14af-4d8c-aa76-0427abfa0dff,S. Meilleur,30a644bd-3318-443e-8617-1a2ec1fbd8ae,true
210a45cd-d84c-4a5a-a3c8-7a18e6b4a161,William Baldwin,8d8dee2f-0107-4907-ad8a-b84292e87222,true
d4447b95-ea9c-46b7-a484-278800bc360f,J Simpson,122c9ab7-0dfc-492b-b7e6-9e1859eb69a3,true
4ff5a1f0-e1e7-46e2-931b-ec7c5510b4df,Daniel C. Brent,42a46af7-2bdc-4204-9b7d-58cb2c111c47,true
578c4cef-9780-44c3-a834-f5eec35d6b3f,Edward Hammett,6534d09c-0634-47be-ab7f-cd38f7f072c7,true
8df13fad-3768-46f3-bb08-130077109a47,Richard Lee,053768e5-cc2f-493c-ba46-fde2f552beba,true
4ee9314f-4265-475f-9ed2-a1c50598e868,William Gibbons,8d8dee2f-0107-4907-ad8a-b84292e87222,true
f74f8564-43b4-4127-afdc-90b49089f37d,"Reynolds, Byrne, & Co.",026f5472-34b7-4c69-aff8-9ae5cd62e07a,true
8717e46f-bdd9-44d1-8fa4-1be006c69e46,Edward Dorsey,2d746831-912a-4846-9291-687be2255de2,true
23f2b6db-7805-43d7-8a67-b92a0fb2b459,Isaac Pipkin,47882e4a-c699-493e-ab59-cf5f100441ba,true
07590d33-8b08-4a4e-a795-6dc36bcd3017,George Creager,0daf34ec-b0bf-427b-b196-063699bef204,true
425eba47-c270-462e-b7fb-abf41b2745f1,George Creager,67d0a230-d698-42e1-94cc-0beb4ee82848,true
25984c2c-8a17-4d64-a846-3d185716e9d3,J. Hates Jr.,14358b40-d659-42a9-aa83-6fe2f9a98db1,true
f02b629f-4e34-4e6b-bfd3-7f152f262e58,J Simpson,122c9ab7-0dfc-492b-b7e6-9e1859eb69a3,true
aa81a886-b4bf-4dce-917c-f433bc676e64,James Wilson,8f8c245f-eecb-412b-9d63-187a670acecc,true
b7c44988-e20c-49b9-a678-93e899ad89da,James Wilson,317e0ba6-f706-4037-9a84-afa2cf74eb3e,true
77c70035-a257-4297-82e4-e39899a658b9,Maryland Gazette,fdda8ed3-f51f-4b11-acf4-a6796a32ba0e,true
7a95c52c-9683-440e-8c86-18a4ed0b3ab6,George Greager,0daf34ec-b0bf-427b-b196-063699bef204,true
419dcaa8-1b43-4076-908b-ea4d6f137eb4,Nalle & Cox,e74d0022-9bf9-43aa-9138-21e53fad6df3,true
6082bc5b-b1e7-4702-8473-ca0d8fc1969e,Simon Meilleur,0dbfc2f6-255b-4d67-a52e-d2eb430350b5,true
3132d8df-d94e-4722-b26b-510b5e7d3d25,H. S. Harper,f4674b39-f115-415f-8cbb-3c8f0c1d7ed3,true
ccaa5ff2-37bc-47e0-8459-9fe720e3b48e,Daniel C. Brent,e4b68140-49f8-41b2-a39f-2cd36af96308,true
c867f1f7-15a9-4385-82f6-8042c24563c5,John Morel,06d51a7c-d5cb-4edc-9f65-6a47a0267e27,true
8b6416ba-161f-4e49-8640-ec9ebe413614,William Bruce,8448ccd0-ff52-49d4-b769-a2f180411463,true
090682b5-b0dd-45b7-9b34-a3ebfad85855,Abram,35448cc0-1a1f-4c1e-944b-47340e0c42ff,true
6564389d-6b2e-46cc-bf2f-d0d74d4d2b0e,L.L. Trépagnier gardien,1dd42447-56dd-43d4-861e-58a6d911da0e,true
da31ef5a-bcc2-4320-b65b-34b57e2d2eee,H.S. HARPER,8f195c6a-6f67-452e-a15d-bdae641565f2,true
b3f26475-7d29-4690-b15c-1057ec87c5c8,Andrew Black,4c7852e8-05a9-4ebd-9566-fdb28c70b294,true
a446308b-ef07-42b1-8a29-ff779fc16bf0,"James Savage, Jr.",bb32cadd-ec61-4018-a05a-ae1b10648c05,true
1ea20f30-72dd-4f6d-9477-2476bd3f074e,Etienne Mazureau,63c82a67-6162-4500-80f5-ea96a9f98ad5,true
a23fd015-faab-4e8b-8783-ede6d5cf165e,T.R. Hyde,{undefined value},true
7dc16da7-a084-4d12-b8ea-21eb1cb1821d,Daniel C. Brent,24ceb22b-a8c0-4310-b8a6-a9ee074190ac,true
d9dff4c2-e9d4-4b91-9440-5263426fc192,BEN. DARNALL,{undefined value},true
af7caf6e-d2ce-4ba2-8246-9e5446cc3844,J. Bates,08887da8-da0a-4991-816c-f8e7486a0c6f,true
fbbb518d-b625-4710-b230-87682bf2b893,P. L. Trepannier,36bd657e-47ef-4bd1-a8a6-fcc3d9eb98f1,true
e5269be7-073c-4a99-92f2-7f29ba4e5cb7,E. Beauregard,59ce82c7-12ae-470d-a761-5e19e519d349,true
2ea99ece-b633-4895-b529-207aecdfc72d,Horatio N. Steule,{undefined value},true
bae73217-8aa6-4441-9571-8132fea5bbbc,Nuton and Farley,832609f7-75d7-4cd7-896e-3beb54bfdf1c,true
f67eb7a2-e6c8-4956-b074-b2be0b800510,Jh. O. Devezin,e7822bd3-847a-4f51-9abb-52a11fa861af,true
8270d949-6091-4128-9b13-d48b58f2f580,Henry Baldwin,fc6acf92-9012-4f45-8798-2dab2e9bd6d4,true
3da2272c-b934-4b00-89c0-210dbf61425b,Maryland Gazette,5dc8384d-1f68-44f1-b4e4-24da5c5337d1,true
08e0bced-2e87-463a-a20c-d3d477c6d488,Thomas Mac,8a6e2ba8-c919-4c1f-841e-1b4e893f30d8,true
db397d8e-004d-41ee-ac1f-3c77f864b5ed,J. M. DELAROCOUE,8d8dee2f-0107-4907-ad8a-b84292e87222,true
0b4c3824-e6de-43c4-b50c-13c206a9e01d,R. Micklejohn,b6561152-36ac-4fef-b125-242aa0c32629,true
1e1d8948-b5a3-4f4e-8c69-6af54bc88acb,John R. Daniell,50529eaa-75f3-4e54-ba39-c103bc813497,true
43078329-f87e-4114-ae56-c3802de07ac4,Martin Nall,01432cc4-2b4b-47e7-a148-ed12a862120e,true
551bc13e-84a4-4819-b9cd-e0ff4edd25a2,S. Williams,5bf8b841-953c-461b-b84b-75dae7c7a05b,true
54ce9bd7-3a1d-46dd-9fba-f409f7061cd4,Edward H. Pomroy,bab279c0-109d-4f2d-a12a-da793658fd0a,true
298b49bc-cfc2-4514-a6c9-ce431312083d,Cerisay,8cee1486-0414-4185-96c2-bccb39677602,true
1084f504-e245-450a-b5c7-315c20b26631,Cerisay,0ea0deb0-59da-4232-968f-3c534484e99b,true
6b46dedf-a386-4079-a0f2-6b5c4d0ac1e2,Geo. Chisolm Junior,{undefined value},true
318c7893-dd2a-4dd4-b784-5cb711f70c89,B. Merry,243894b1-09d1-4227-bbac-ecbc158029e9,true
06b8b1af-4d08-4cd5-9e23-3bf0a0cefe15,Green Miller,ac467566-db04-48a0-9c8e-023bb76ba4eb,true
72bc4185-9297-4ef4-9f90-b182127d81f7,A. B. Whitten,899eb340-6adc-4396-b61e-f22772c85e7e,true
56913718-0d41-44a9-a8a5-ea7375cb6376,DENTON JACQUES,f9fe8b61-0609-4768-814d-001121ddfda4,true
679ae669-aa78-4ad7-b3c5-002083f0b5f8,B. P. Ranse,6feef8a9-7a75-4b30-b4ee-676f67b39bb8,true
e68583f1-6b6d-4c61-ad95-6940fb112776,A. C. Sumner,0e8378b0-04eb-42f1-bb70-3fdc095949bc,true
2820e591-f9af-4125-9b40-1796828fc58f,BENEDICT CALVERT,82046ee5-b972-41ec-bd07-de252094da61,true
01ccfbad-ac45-40da-8c21-3e4983d558c4,BENJAMIN GOBERT,90735075-a4a0-46ae-96a7-429339ec7224,true
fbbf2657-0a4a-40df-88e7-b74657d1e827,H. Klonne,dad5e9b0-dfba-4f73-ad60-23c1a3f9caf8,true
921943af-5d9b-4703-bcb9-caf1ead0eb48,Orren Moses,af088922-92bc-4517-adcc-c6cbec98dd8f,true
7dc166da-01ff-4559-af92-a88c3a87f34e,William Fleming,ff6f8b95-5c62-4f65-86eb-6a66324f6c8d,true
cb516429-1e2b-48eb-a02f-df5018bf1b92,A. Mauldin,d9ae541c-6af6-432a-9a5b-4f0b9544a078,true
be2a003b-3d09-4acc-a1f8-abc90a40f226,J. B. Colcock,{undefined value},true
62fdf184-d68b-498f-98f8-b928a82bdcbc,"J. Bates, Jr.",0af51cca-1c11-4dc2-9b10-9d1a87eb9383,true
b8a8f06d-5f4b-403d-b32a-b30aafdc3928,S. Meilleur,8320e76c-e453-4b27-8b53-e1a0fdcf28cb,true
94382674-7e25-4aad-8889-3ae55275ed25,George de Passau,c02a04b6-2b01-4927-a864-2d7928aeb15d,true
e1ce2adb-ab8e-49a3-9034-58670e893cf1,P.L. Trepagnier,2b5cbee4-ddf0-4bc0-9a8e-ecc50bf31617,true
dbeb7724-f0a1-4b5b-9666-666bbef5d734,John Woolfod,4f29bcf9-4bc9-45a3-8f2b-21cbdca5de03,true
428d065b-d4b8-4aed-b8fb-b473f309ef7d,Abraham Cox,64449037-fb67-426b-9328-be8297112fb7,true
cf6c8303-a0c0-4c3e-a687-f62ffc8b08c8,"George Braillie, Esq",8d8dee2f-0107-4907-ad8a-b84292e87222,true
646c3138-5ca5-4664-b5d8-9415238d0e5d,Edward Beall,{undefined value},true
d400cabd-be6a-4783-8239-d8d733127370,Nicholas Winkler,09c7c494-23ce-422b-9b99-2e4342066c20,true
aa7aaceb-2965-43f5-9ff4-a15ead48723b,A. F. Telfair,2a01abd1-8786-45e3-8970-87b469c51e9b,true
0bbeed9f-037e-4413-bb82-c0538aff0e31,Ignatius Hardy,f694d1f4-293c-4697-8c01-8551ee22a057,true
7b43db77-e6b3-4b90-84b0-8d382f677449,P.W. DERITYS,7c9b41a1-6176-4265-b80c-9ddf3f98ee4f,true
b2e6cb40-dfbc-4cb7-be2b-8a8f7058aab9,Samuel Peace,4d1febd2-308b-422d-8850-887fdb5654b4,true
90250563-8988-4fe9-9ab5-07e945bd3993,WILLIAM BURTON,d0440e06-1bff-4d26-bc11-26306650d670,true
6ba9dafa-6d47-420e-868c-ab1d5472856a,Mr. Joseph Hickens,a26133ba-413c-4ac3-a24f-cafdb74a8d17,true
49b4785a-6f0f-4d1d-8289-7f3e1be67482,Edward Edelen,cdda7795-1680-48fd-87dc-49846f9ad767,true
0acf2d00-4ed0-4c4a-a8d4-4a2ba126f9bf,Young Parran,{undefined value},true
62706c35-dc21-4f8f-a779-b7ea04cc69bb,Samuel Glenn,1e2b099f-ad00-4328-9aef-72d09f5d1978,true
0eb1e388-ea8c-4b9f-a949-52ce6c29f65a,Daniel C. Brent,17b584e7-ca9e-4e85-9f71-3400303a4e22,true
58a20f6a-e410-42fe-aafe-642694801331,E. H. Kendal,d54336fe-c13e-4fa7-8be5-efed47f6c438,true
f76cf5ed-0e52-4aa7-9e06-975385776e07,WILLIAM FOX,352cb246-80f0-4458-a6d0-484bc6b896d9,true
7130e6cc-fd3b-4def-a884-c2e5b85f391d,William Foard,fd173a17-9539-458b-86e7-d5599f4c2617,true
23bbf64c-b5dc-42f7-80c6-f5191d86ee35,Andrew Erwin,982a58a6-dc93-47d8-b728-9a45e4bd8f51,true
b1fbe8e2-08cb-4365-82fb-0e977f485cae,David Douglas,132af507-7995-4f0c-ae48-6e98a91afb99,true
bab2d846-ae63-4bd7-97e9-52535df857ab,Simon,8e9d7b81-2595-49e7-a607-485824c986c3,true
c671a439-99b5-4a48-a728-b9001cda7d4c,William Gaither,0ee22a7c-0fce-47e3-8297-8e11aa2a11e9,true
4b65649c-feab-4f86-aa52-292968d6d8da,James Talbert,{undefined value},true
01c61641-5c64-47b8-aaf4-6707f3595c98,William Davis,aa0f3a9b-5311-4f86-ae03-06caa47ec51a,true
ccebfc6e-25b4-4023-9dff-7c3875a40ec5,William Johnson,899558f7-f7ab-4c00-8fba-500c172260e8,true
d6b5d2b2-4d0a-4236-9eac-b4a905ad8702,William C New Bern,35840b97-3a1f-465c-bee4-f21da06aab32,true
415c7929-698c-499c-b857-8493ccfac59a,Mr. Trepagnier,5ebf6754-396b-46c7-902e-2ffa6816335e,true
4f17b4f8-47eb-405c-aaa9-805b59163a26,W.M. Moore,a279519f-ac63-45e9-a260-f5213b6b598f,true
a2c90a1f-6926-4350-a72b-19b6be25e5ef,Cerisay,b6ddc157-d0f7-417f-aa1d-1d15286af8da,true
449f3faa-0eb2-4df0-bba0-0787026b1c90,Jane Grove,2dfd9ac6-784c-4f30-b7e5-a48a3f3ce0d8,true
5ae70e17-df2e-49e2-a46d-a08e1cdca4ef,M. J. Hollis,a32f72c8-ff0f-4fee-a11f-2f764dd292df,true
7740c85e-069d-4972-b118-33107c96c5b9,John Anderson,8374a1a6-94ee-4e93-86b8-e0a2a438318b,true
b6ce3eb0-85b7-4420-b16e-0d870c7f750b,T. H. Lane.,{undefined value},true
2eb0ff82-3a3f-4837-aec8-ca1c7d546aa6,George Fitzhugh,{undefined value},true
0771bac6-dc28-4450-b246-8036b6ca0bee,PETER H. MOREL,ffb985d2-4b5f-48dc-b095-b61e7847b035,true
d3e9db13-f5d0-430d-a481-626bb4d2ace5,WILLIAM COLLYER,315ef7a7-17f5-4886-ab8c-f1abcd7339f7,true
faa88698-5aa6-44f9-b823-429943f29679,Alexander Henderson,42b99bce-0d19-45bb-8ea3-3bb445b133f9,true
74b98781-17cf-4f33-8c18-6eba4293e9c9,Jacob Crist,ba764cef-8ff3-422a-b6cd-d457924a6085,true
77148b2a-f458-471f-8beb-b3f63f822ca8,Stephen Higgins,efff2906-ee30-4db9-b292-ce31afbe6348,true
26165c6c-a846-44f5-8ba5-20640a53a178,Michael McGary,e005f1df-c643-4454-a00f-555ddbdc0b06,true
bda23897-38a4-4e9a-8884-67aaca07b063,John Fraser &  Co,{undefined value},true
24da070f-9a12-4e58-b635-ac97ed3816f4,SIMON,0f1e2e19-aff4-4dbf-be23-a15a65c1c6f2,true
5f39fa88-ba03-4856-9f7c-61ea0467bf80,James Hawkins,e35f3b92-abe9-4726-985e-03043387761f,true
0d6ba14c-bf9b-491d-8ad5-fcf030b81a34,Stephen Higgins,efff2906-ee30-4db9-b292-ce31afbe6348,true
ec2a6003-deae-414c-851b-e63a04ad9f09,John S. Gliddon,0e5ceaeb-d96a-4fbd-802e-8dbaf22623ac,true
ee2f0399-cd61-47c6-945c-dae8055b50d3,David Shuler,9629b1f1-f2d5-4c63-9956-d974d6015e82,true
713549a7-22e6-496e-8fe4-a405345bfa06,Steward and Plunket,94b8a89b-2e50-4283-8be5-a6ad30a792ba,true
741f21a4-3849-42df-8793-fd7cf5e5267a,Major John Swan,86ff6c28-7eba-4e8a-ba89-e9c2e589c1ff,true
412f320a-7cca-4598-acf3-5c2783a4fe5e,"Willie Pope, Sheriff",e1b9c62a-8cb4-4110-9888-6f7d281dec4b,true
d08f45b6-39ce-40f4-b009-6432e941f5ab,John Carroll,{undefined value},true
165e21f7-6394-4b1b-9e52-6a692b674d21,T. G. Holt & Co.,06b692c8-3bc5-4f78-b6d5-3b701192b37a,true
5b74e3f2-db6f-4915-93d5-77772801e21b,John M. Verdier,5f683e91-9c59-4831-b012-7f596d202d57,true
a1417aa5-769e-44b8-9a66-b1459ba72846,Daniel Moorer,{undefined value},true
9ee230a8-b146-42e2-96c7-ea740cfc6dc7,S. Meilleur,40196746-7204-4495-b138-8cd964d6d904,true
eeccb1f2-cce9-471e-af6e-bd37d50f3250,J. P. Bates,877ae747-6d47-40be-b6a3-9f9edca84039,true
369e62c8-d7f5-4b23-8d9a-522cedde29b3,P L Trépagnier,d01f7601-305a-4efd-862f-8802ef4b7d79,true
615919b9-1303-4727-b162-4c973b95e123,Josiah Dashiell,3c264215-c84a-44f0-8bb7-10297da906a5,true
29b080ba-3a18-457f-8f74-e2014d46f986,Peter Nephew,b4082a49-2cd1-4e87-83b5-43309d921ede,true
bf705a8f-931e-48b9-9d30-997dc8e9046c,Cooper,8d8dee2f-0107-4907-ad8a-b84292e87222,true
b957eb0a-8e7d-4ab2-a01a-7aeb4e4d8fee,S. Meilleur,d456a095-f073-49eb-8789-ccde1c555679,true
3b7f2ffb-4fd5-48b3-8f9d-80116a66afc4,Capt. N. M. Harris,110b2173-83be-418e-bbb3-1ae4629e0072,true
bd545b1e-16e7-4b00-885a-7763227e2398,"J. Bates, Jr.",6d92e733-9db0-41eb-8840-7b3c41ccb1a6,true
d7b3ce7c-cc30-4037-82e7-0453bf82095d,George,026f5472-34b7-4c69-aff8-9ae5cd62e07a,true
59fc3330-4033-4989-999b-49ae952696cc,S Meilleur,026f5472-34b7-4c69-aff8-9ae5cd62e07a,true
d027cb8f-32b4-4312-9cf0-fec320c0f759,P. L. Trepagnier,d04f9a2b-112b-45b7-a49f-5fa1a132e5a7,true
ccbb3dcf-6892-4cb0-a8fe-84154d423bdd,Geo De Passau,345cb03c-796e-4b28-85ae-1cbae6923307,true
0253714a-db3b-4cfc-906f-f85ff466f897,Nicolas Combelle,63c82a67-6162-4500-80f5-ea96a9f98ad5,true
ee885ce1-65ef-4498-a21c-e9287a21f7dc,Lancelot Wade,1cb7a20d-f239-4e4f-8e0f-6e1564ed8d11,true
400751fb-2240-4d3c-8304-b8c29f3b2552,P L Trepannier,642573a4-68d5-4499-8880-0060aa302d24,true
63cc63d2-7de9-49fa-9eeb-41df7d692936,J. Simpsom,19ff8ca0-57f8-49d1-97cf-32eb25fd3c62,true
00c10508-c3f9-4279-9bc2-016f36447f9a,Gerard Hooe,99412d45-e27c-47cb-abd2-cc5eb6f954c1,true
b8025f58-8aad-449d-ab27-87e78cc7eede,James M. Smith,1029f1dc-359b-4adc-b739-88b92bf91ede,true
0026a2c1-17bb-4684-91da-683df4e0449e,S. I. Stone,0550d70b-0b33-407c-986d-fe216b8d28a0,true
26b50315-dcf3-4011-be6d-2ff593026b88,n/a,8d8dee2f-0107-4907-ad8a-b84292e87222,true
6fd26949-eab6-4097-9018-864b31243986,C. Scott,51cfee94-c973-46c5-8030-b752f2e5f568,true
c49b475c-d3c4-4738-8945-263a1299f7c4,J. Simpson,6738de3a-388e-47f1-b8e2-ca27be158f6c,true
d7900b1c-1636-47a2-86a7-ebe5b99aa4a5,Tho. Clark,{undefined value},true
0968add3-8000-4c18-aecf-e6e32db15045,Benjamin Duvall,cfa6042b-242f-4abd-ae52-1ddb6bdb6749,true
4e590e0e-46f2-4844-9cde-f6c34e5e8bdd,J. P. Bates,01720842-2057-4254-b38e-b0448dea8b67,true
62820aea-08bf-4be7-9f06-b5892a15d291,Sutton Werms,3b5c4676-f6c4-4819-b2dc-31fd9151df6a,true
4cf8c037-b79b-4c4c-a997-6e4b72d06da5,Derry Gillison,0568d32c-8558-4f84-ad9b-dba87c09a851,true
81b76486-ddad-4b66-b61e-a78f76f8a4d6,"Smeilleur, Juilor",58c8029e-8565-4c0f-8312-ad3084932f77,true
8899ec35-5a63-4465-ad2a-dc3a032c3562,L.L. Trépagnier,{undefined value},true
02a4b340-492f-4dab-a64f-f63d3f942cc4,L.L. Trépagnier,40196746-7204-4495-b138-8cd964d6d904,true
96b52436-23d7-4fca-a9d2-55024b9cafb7,CE [illegible] SAY,7aa87c20-5fdd-4b51-864e-79ad02e92926,true
8cbb3709-b61b-41c1-b7de-f486a5d51352,Joseph Thomas,ead9d270-5902-43e1-93f9-f152eaf0d193,true
8fd7a268-9dcc-4e5d-9a2b-c4c73f6a16f5, H.S. Harper,14358b40-d659-42a9-aa83-6fe2f9a98db1,true
d960f986-c02a-4601-a649-570e003105b7,Charles ,427a1050-786a-4204-8698-3567debb293d,true
75fbd658-b50a-4fd9-9d01-0be4fef41bd5,Daniel C. Brent,b81d0291-ea85-41e9-a1c0-db77ba86c06a,true
f5554087-7113-4522-952a-07360a637a75,Henry Durden,bcb04d20-a4a9-4eaf-93e7-b6a86c31e5fe,true
55aaa193-0e01-4c3f-bba7-308d15949800,James M Smith,3a43436a-0b22-484b-931a-3b9f3484f16d,true
5138f4d9-d816-486b-a54a-2cb2237b0997,Matt Roche,fe07c4b4-e0a1-4c2e-93ae-f32dba20129f,true
b1144a5e-3ea0-4a30-8abd-71e8782e13f3,      Talbot Risteau,{undefined value},true
f89395aa-fcbc-4d1a-9d46-239a832a1f52,John Tebeau,074f18b2-11f7-46a3-a6c2-0f53083a6ad7,true
9337075e-dfe0-4a2c-8d93-5a037f0f1e04,John Hanahan,e72b197a-cbcc-416e-a912-eb4749f1c8ea,true
3f770cec-d949-457f-8e04-a33a9cfa6012,Micheal Wallace,0dbf3161-b206-47fd-9f15-81545fcab897,true
4216e821-77de-4203-9e92-b03e1f52c4a2,Valentine Richardson,{undefined value},true
06844601-8349-48dd-802e-bdb4d8b7ed82,John Simpson,122c9ab7-0dfc-492b-b7e6-9e1859eb69a3,true
d1bbffc6-6112-4bf1-a2c1-cd14c8936d39,Ira E. Arnold,6e638e64-513c-4850-a33b-0b7f67fe125c,true
6cb0b727-b4fd-4a12-a0f3-a08bf063a7e6,Thomas C. Russell ,{undefined value},true
89bacf6e-7b93-45c4-9fd5-9d31be10e4bc,John Merryman,f7377d34-a9d1-485f-aab1-846ab6e293aa,true
54356015-045f-4ff9-93c9-b219716afb86,Henry Durden,dcc6577e-4d05-4bda-b734-a504527ce6be,true
ba9d9d26-ecee-4c6f-a549-6105aa309fde,Solomon B. Murphey,32878d71-2a14-4bb6-9223-22382fc22af2,true
580e6822-a1cc-4c93-bcbb-5e0a60dea04c,Simeon Williams,4c7d0fb8-7d50-4ff4-91bb-09ea4ffa5716,true
5cf94cbd-e8ac-473e-b2a2-05db65b51e3c,WM. R. Bivins,154645df-d91e-412a-bf66-75f64c63a526,true
8cafac54-d77a-446f-93ee-e249e898957a,A. Mauldin,2da4f9db-a646-4046-a7ea-8085a2f9524d,true
15aa04ac-8699-42a4-96a6-4d6e77a74378,John R. Daniel,2d2f64e7-fc43-4d1a-a514-3686044fb2da,true
527ef13f-3701-43f9-a99c-13d05bfda297,Warden,095d80c3-7e49-4e7c-b059-07f05e83c818,true
d6854df4-b50d-43a5-b9b1-40ed33b3b42e,Gabriel W. Homles,{undefined value},true
22b8992b-4dca-4fd3-9887-df5e64e24260,Rudolph Strohager,8d8dee2f-0107-4907-ad8a-b84292e87222,true
75c64fc4-cf0e-40d8-a777-50207ca8f618,JOSEPH WEATHERLY,b00a8dec-efa5-4120-a801-6eb4ef21db59,true
08d80fd1-2547-4197-93ed-ff23a2f480ef,John Crisall,7d8e1139-c77c-4ea9-947f-2fb8d0fc0c8a,true
b66dec32-f8b3-4438-89df-040d8555ce42,RICHARD OWINGS,430ac7c5-dfb4-488e-978a-e8e16e41f066,true
02fe848d-5e1c-4aa3-8317-7c8fd6ec65b1,ROBERT BEVERLEY,ba6d7380-c1d9-4372-8a16-d311763445ce,true
04e65a0a-1be6-4fb0-83e6-e867578de7d0,Ann Robertson,746b0149-3e7c-426f-9d0d-dfae2a9ee06c,true
7ddec79a-93c0-4dbf-b9b8-3611336c04a6,John Werth,b5f03420-9f7f-4891-85eb-a4f779641830,true
dfbf0571-f0f0-423b-a378-28469374c029,N. COMBELLE,d6bb9a50-b46d-4339-a054-767639451df4,true
75fb417b-fa62-4a84-8b82-6c8e0df72262,George Bowers,12355f1b-a51f-4c40-8c38-6ad511a63720,true
393ea6c7-1f05-46ad-9653-f0fe20a370e8,James Talbert,93ab6e17-ac5b-456d-9a79-4562551e621c,true
7765e697-2735-4260-ba8c-dc59ab9b8bd4,Joseph Raynes,8d8dee2f-0107-4907-ad8a-b84292e87222,true
8ffbba02-f88e-41e5-b2ee-731bb2ccdfc7,George Creager,0976a433-bd70-4137-b67a-e1fde6f0cfa2,true
c9e9ca49-82c8-4e8d-89e4-32577f62dedc,Thomas A. Dyson,abe95b7d-8701-4f5e-9168-c71e27f82338,true
2251d82e-4799-4fa9-86b9-0844b82ba22b,William Sumner,e28d01be-3a92-4167-a46f-3ee3c631e83d,true
4d284d07-085c-491e-b2c4-f8dc551ebdfb,William Towson,556fda13-c44d-4ef9-a2fd-957d323f591f,true
3fde55ae-1153-4c4a-8f2c-cefe6925fd1f,A.M HOLBROOK,{undefined value},true
bdf9bfbe-6464-4b17-b747-12168a542ab9,William Woodward,{undefined value},true
de519ff7-7fb2-4bc4-aab2-a4b60dcba9a4,William Roane ,{undefined value},true
61c1c571-dbfd-4e03-9795-85381bd53dd5,William Lyford,8d8dee2f-0107-4907-ad8a-b84292e87222,true
2dee866f-8bfa-491f-a48f-64a74ffc866b,T.W. Price,{undefined value},true
c70220fe-d13c-49ea-a983-f730f64688dd,Samuel Lawrence,1c76654e-ac96-4339-b87f-546a2099bc71,true
5b7adedf-3f1f-403a-8600-a069254afc48,Robert Correy,9f13ce3f-ea26-4035-841c-cd99938d295a,true
109ef8c7-2578-48e6-9bc2-2121ac49c08b,"W. T. J. Vann, Sheriff",48767da8-538a-45a2-841b-b7873a989556,true
f12bedec-fded-47d0-b8a5-4899b9016913,C. Tippett,b918731d-87f2-4455-afd7-64dc1d81f675,true
2c1b734a-b0bd-41bc-83b1-1e55ce0cfe55,H. S. Harper,f67a0ddd-a93f-4af6-a89e-d22eae05eb62,true
c6465de2-b551-40fb-b9f9-e545b88c08e9,Robert Gill,dddcad45-a091-4c2f-8d56-639fae0b3773,true
4f3167e7-a5a6-45cf-b885-6febf50da830,"Irwin, Hall, & Walton",{undefined value},true
63e059a2-fa33-416c-b452-81b4e24457c4,Charles Carroll,124c26ba-08fc-475c-b897-97d4d79a4f9a,true
dc52d8ff-2b39-4e85-9773-e36fe64e4202,James Kinner,add08d70-a0f3-49fa-be90-e8f25a5545fb,true
50d8ac56-1d4a-4038-9328-b93393400624,H. S. Harper,4857e3e0-c48d-4dca-aa56-ffed7b437eea,true
402a69fd-4c13-4c7d-9f3d-2b8394ca263c,Horatio N. Steele,5576ff33-254f-4405-96a4-e7cf03f1819d,true
4b975fbc-122b-43ff-8995-c3acb2cc29c2,DAVID JOHNSTON,{undefined value},true
403356c7-1c65-4de7-8a2e-1c446b977b10,Philip Delegal,c7147162-e606-4834-ba0d-d4d761295cf7,true
0223a7a3-794e-46a6-9b8f-fa86d90bc0ec,rayan sussy beke,8da69821-1d6d-4b56-ba8a-65c8bf06ac23,true
236d4c2c-63c3-4fd5-a42d-d028fde69996,Joseph Gibbons,06d51a7c-d5cb-4edc-9f65-6a47a0267e27,true
0c190b6e-0261-4f79-8f49-3ccec00de651,P. Sheils,cbf63af9-3850-4f00-8d7a-7204c1663db7,true
cceb04ff-ee6b-4e34-829d-2274b59685cc,Alexander Kerr,{undefined value},true
575b519f-08f6-4263-8191-941c112a5aa1,WM. Mintosh,be00a0ca-0e02-41d9-975a-45d4d0d89c19,true
4ae4a859-5582-426c-8100-7aaea290847e,John Oates,239a8c7f-542b-447e-b0d3-1e3c9a7e4515,true
823bb379-222f-4f29-9205-10f4aad1656b,James Butler,06d51a7c-d5cb-4edc-9f65-6a47a0267e27,true
c51a7afe-c04d-431a-95e9-835ffb90a104,James M. Smith,49ab8d66-d212-47ed-8fbc-3d26a0777c34,true
9d432e00-5286-4073-a442-db2a2887a6a0,P. L. Trepannier,c4fa6780-11f5-435a-aaf4-7c54f18a12d0,true
852f5d03-f429-4644-b3fc-c4f6fde3461e,Vachel Keene,{undefined value},true
f079a48d-b929-4f76-9b22-05ac2503604e,George Scott,5f0cd50a-4e27-4b9d-968d-2f1fc339a6df,true
e2fc12d5-7089-496e-8dd3-0edcffe5da8e,C.W Bulow.,e82a81c7-2c92-446b-a957-7ffe2bbd33bc,true
beacdabc-7a6a-4d1d-bdb8-7c2dd170ae5c,Thophilus Lunday,2c83cb2e-c428-485b-9fbc-252b4a07faee,true
a273b41c-b0e1-4846-bee7-50d8753ac27b,H. S Harper ,e0bdf4eb-8a20-4eb4-8f5c-947e4c6e4553,true
704febff-3c60-4bfc-b9f4-a8bf12e5b904,"William [Wm.] Moore, Admin of the Estate of William [Wm.] Cox",b3d3b378-552f-4836-8a52-7701baac84ef,true
e0d1e8a0-c32f-447b-8b12-444130a2e5b2,John Magee,{undefined value},true
e9d0abb7-fa51-4b62-aaad-d67038ce3132,P. Rotchford,{undefined value},true
a5b6bb61-863d-4a0e-a083-d8c78cde48a7,S Meilleur,433478fb-4138-4725-a15b-d8dd4eeec67d,true
70b923a0-8a19-46bf-a733-686cd2766653,"J. Bates, Jr.",{undefined value},true
d79e6c3b-d742-4ef1-a421-89db8b7ec41a,B. Miller,ee6428e1-9464-4e57-a68f-a55e48e71cb3,true
e462eda4-1160-46d7-913b-933f0427d148,Thomas Macgill,c94e0128-0951-4e7b-af1f-40624f272927,true
a8c305ea-0451-42e1-8f87-acd8222593c4,Daniel C. Brent,44928da3-9c16-4c57-a341-8cbdcd9bef95,true
7aad9a6e-2077-41b7-8d21-8e2f02943124,James Edwards,{undefined value},true
28e560b7-7dc8-41c9-acdd-ed9e00675ba3,John D. McArthur,a72f4088-f9b2-4029-a324-3685e559b60d,true
30c60748-b141-40f8-bcd6-da53acbd921f,Walter Billingslea,dfc7d06a-f21a-4f7a-8506-2fa69b2b3d6e,true
3fe9dcf2-2da7-4313-b4d5-d9b87548e634,Augustin Pugh ,72b01911-1b26-4d89-8f8f-a85636ca0017,true
a9e27d73-455b-4f7d-817c-ffcf1df5798d,Georgia Gazette,f804d1fc-7fcf-4676-bd74-966e4dfb17a1,true
269f950e-0997-4a37-bb57-f434c9bb9ae2,H. S. harper,643ac3e6-5ce7-43c0-b732-20091fbd3a39,true
fd5e610c-9664-4a38-8f5f-652a138801e3,LA CALDWELL,{undefined value},true
3e67f915-c573-47e6-a6bd-94ff50625d70,Cerisay,2bb5207f-cf7f-41db-894e-31d02ae3c3c3,true
1b3ea246-5bf5-4d84-957a-ca9e718f0f38,C Scott,5576ff33-254f-4405-96a4-e7cf03f1819d,true
b0fe79cb-4616-4e11-8561-0dc9d3f747e6,WILLIAM C. LYMAN,63b29a66-03eb-4e86-844a-7c3a56e6af4b,true
c1ef3f5b-5b6d-48d9-9eeb-125fa33f5d1d,M. Ware,0e5ceaeb-d96a-4fbd-802e-8dbaf22623ac,true
503978d3-aa1a-4097-8c6f-4aec509135e8,T. P. CARNES,{undefined value},true
840f1a44-3bb0-4443-a4e3-0c8f0b149f6d,"Gerard Alexander, Sen",8a06a289-2e6a-45ef-b5d3-ff14023e4bea,true
7ca1070e-bf9d-4c59-80c1-4761a8fc45a2,The Providence Gazette,{undefined value},true
57b9e392-f8de-4566-ac7b-fe3dccbea2e2,H WEIL,8a1b4b3c-ffb9-47b1-ab3e-07d00f84c6a1,true
88dd64c6-b7a9-46a6-864d-31771fbf4461,C. Jumonville,5ed8935c-4692-41f7-b0b4-2e2b730f319f,true
9492b383-df69-465b-a6c5-cdaf33406c70,Robert Micklejohn,38773e61-6822-49ac-b9d6-88224d77c2a9,true
a706da3f-21cb-4554-8676-eddf57673a06,Simon Milleur,1be33def-d8ea-4683-bba4-e0020ae62b84,true
80d879f7-56de-4500-b5a4-05fb2d724a54,WM. MAYO,{undefined value},true
7fd07d0b-2a5b-4869-abe8-45c3f61039c9,P L Trepannier,19eaf233-79a4-4a8d-9fc0-ffd98fda24df,true
cd50ab53-d91e-4905-9085-c42d336c228f,John Fleming,2c5973c7-0125-49c1-adc6-27c06d679b36,true
71e164f2-bda3-4230-bd50-9b6b05428351,John Dixon,b3874875-022e-451c-9cbe-ff9f6f6d3fce,true
03b441f4-6dd7-467b-a8b2-2fcdc53c96cb,"IRWIN, HALL & WALTON",64e1a126-1033-44ee-adb0-3021e578a6d6,true
604b2000-80e0-4e0a-8b5d-66795a2f5a18,P L TREPANNIER,595f4237-b3ba-4c39-8e91-3cf74ea4ac3f,true
09907729-c94e-44d3-bb99-df8a8b8551c5,R.J. Jones,7e19a588-380c-4458-a2b1-7b3056cd17ae,true
4a2763b6-b1ef-47ba-8516-e51b81fcc74b,Thos. H. South,fd02a9e4-65a4-4148-9a7a-8034b99e5265,true
99c9b36f-f2c7-472a-b4fe-0ca53ee69b28,ADAM BELL,d2c8327f-2e49-4125-bfbf-903edeb44dba,true
3d0ef7a9-e128-44d9-9d6e-805ce4c96ea3,James M. Astin,98008817-6875-4d90-8366-05f46474619b,true
bafabc19-d29b-4266-b30d-e692040654d9,John Dickson,a4041b5e-a006-495a-a5a0-e230faa4d5eb,true
b2bec219-dbc8-433a-b383-992d9b1f4740,Samuel Rowell,f368284b-a77e-4555-bf39-cc3f3d438a28,true
70add02c-f970-4951-8545-81666d05d564,"E.J JONES, Sheriff",fd17989f-b9d8-40b6-a108-70ef72554529,true
1a55a1e5-e1aa-468b-a5df-533da6c86888,Bennet Rouse,66b00609-639b-4420-a48c-050296fa5800,true
23e1510f-bd6f-4ee4-8525-77060ca5f557,E V JOURDAIN,14358b40-d659-42a9-aa83-6fe2f9a98db1,true
a6a08360-16e1-42be-9ad2-4244c99c142d,J. Orsborn,dc2f7edc-5bc8-4663-b2ce-a589825fe92e,true
8870d78e-33a2-433a-83ec-7ebb9eaa313f,"H.D. MORROW, Sh'ff.",d18ed8e8-8f70-4942-9826-24e26029dc8b,true
af1375fb-37a4-47c5-a7e8-1d4f9b7954bb,N/A,146afb24-357f-441e-b5a9-f3fff1cf4cd3,true
5d17dde8-914e-469b-8a1b-5b8558819146,Cyrus/ Harry,62f4b4a3-2e19-464e-96df-caf3c5f683fb,true
4a381081-cd93-4a48-8856-d1acdfc1e4b7,James Talbert,fed56ef3-1662-47a8-942a-62ae19b6ceec,true
61eea790-4f65-4b9a-b8e8-0996082ca5c6,Martin Nall ,01432cc4-2b4b-47e7-a148-ed12a862120e,true
bf181851-66ee-4951-ba71-990094779ee2,A D Palmer,908c7c40-38bd-42bb-95f2-b130cb86f11e,true
bfa6a8ec-2d87-4aa4-9464-57bdf45ef18f,P.L. Trepannier,eca5fc8e-9675-44b9-843f-d61f6e9a7d85,true
1b884eae-2861-4f37-8265-86a6c5577672,Edwin Chaplin,ac29cfb5-bdbe-4e32-ba85-c5cfba873e54,true
aae950a6-57bb-4d49-855b-563dda3c0147,H.S. Harper,780ed8fe-b8e6-4a18-896f-2bbecbbe3fe4,true
1753b966-5d30-4f30-95ce-e608b7d8f7b7,Edward Gaither,6731102e-c8ec-4c02-8b30-17b036476d80,true
3773053c-bc06-45a5-9fbc-e4e4811a73e4,S.B Murphey,027f4647-b3f4-48a6-9fa2-353b1a2ddd30,true
9b73de46-0e7a-4943-9fa0-49f34440fd83,M COURTNEY,53ef6e30-34c3-4b26-8253-1357966a791f,true
eaa09a4f-081d-469f-870c-e4789fe48c0a,"James P. Bates, Sheriff",6fa42eb6-4c0a-4ca3-9056-0bef1fa4cfd1,true
0f6817ba-db76-455f-8edc-448f313dfb1b,Isaac S. White,bbfd33ca-0619-4ef3-984c-4fc359dccf44,true
ae8edf7f-ba6e-4eb2-96e1-4c29cfb49e5e,James Tabert,87954fa7-97b0-4c15-9a12-8fc39df4fe03,true
6c38ac99-c1b2-4719-b4da-25a9ad63160b,G. de Passau,345cb03c-796e-4b28-85ae-1cbae6923307,true
ca8a38cc-f7ad-46bb-9517-2043c6a3181f,John Sharp ,9b31e7e5-767a-479c-ade3-b0d2310b6088,true
bc1e4216-b833-458c-aea6-88378e5471e2,THOMAS PEARCE,42161c5f-81be-4bbe-975a-b6c26b408571,true
ec8fa5c9-f1f8-40ed-a539-0713120bf1c7,T.J. Mortee,d258fe02-97d1-4887-a19d-9cce6b58655b,true
f41a4a98-f373-4719-a5cd-c335c58e0e72,John Stone ,0c3a6c1c-ea38-4365-a57f-99bc3e6c2540,true
d4470cca-3d87-4d69-bf11-e6cdf03113fb,H.S Hayer,4857e3e0-c48d-4dca-aa56-ffed7b437eea,true
684a1bb8-0eb2-4391-9d44-08fa5e4c9f74,Cerisay Sheriff,c5fb6544-ac18-48b3-85e8-11011b5c08d9,true
5423c0c3-820a-472b-aaa3-cd155cad1a29,St. Francisville,3cc31c69-56db-484b-a975-aa70b72cd802,true
d120ad75-13b0-4278-b2b6-07b8c05b5170,P.B. Burt ,{undefined value},true
fa4ba67b-c71c-4a3f-9950-508568e57b9a,Thomas Doar,a5d89c5b-7a1e-460e-a5a5-7b3032275e24,true
aec86ba6-0397-485c-8051-df3b7c23f141,"William M'Leod",8d8dee2f-0107-4907-ad8a-b84292e87222,true
61c2e2dd-ae82-405f-addd-6a24cd5763db,Noah Warlick,02e8e73d-8a75-4ba7-b864-db7208fda686,true
924f6af3-bc80-48d6-831b-119330e50be2,H.S. Harper,f4674b39-f115-415f-8cbb-3c8f0c1d7ed3,true
25bd6185-8cad-451e-b8c7-350188485c17,A.D. Duval and Samuel P. Love,032be9f4-def5-4aa8-81db-c19d2b8bab82,true
c6fa0b19-282b-4d6c-a300-182064c90946,Robert I. Moore,139221ca-112a-4e56-b165-d6c43bdd6f0e,true
d82c6284-d183-402b-b8ee-fd7ea19db79c,OWEN FENNELL,39c728aa-622a-4553-86c1-e4b4a66ad9c6,true
1451e846-0772-4b57-b830-c901b94fe808,G Pridgen and Son ,bb9bf101-1a3e-4ce4-8d92-836e4d6d9a6b,true
41ddab29-0b9a-4142-97a0-8652c6db9201,"W. H. HIGH, Sheriff",f9b994d0-19ff-461c-ab80-0f7a4d42e592,true
42cdef99-39ac-4061-aae2-509fcbfcafdb,George Creager,322bfce1-640a-4b6e-badb-a0a04dbf036e,true
6d33b1bf-e38e-4a4e-890b-6a33ee1606d1,J. Yarbrough,09713d36-d7d6-4c71-a81d-53372ec1fa64,true
df3d07d6-44f7-44ae-a9f5-63068ca54d0e,Felder & McNiel,{undefined value},true
e2d35931-2721-47a3-b7c6-6865d5683c3d,"H.D. Morrow, Shiff.",0b663f77-c2a4-43b1-896e-f642337ec5e7,true
70536f9a-3011-4b0b-95a0-0a98f7f0ee46,W. Kershaw,{undefined value},true
fa367400-9539-4638-af4e-22b2fbc7b1e5,Mr. Charles Kershaw,c583f2c8-6430-40d2-be07-5d6ee980acd9,true
c0edbb37-52b3-4026-bc07-d726743244d2,Kinlonch-court ,{undefined value},true
09489bf8-72ae-4d36-8f4f-27654b5039ca,S Meilleur,58c8029e-8565-4c0f-8312-ad3084932f77,true
e43ca98c-f85e-4dfc-ae54-37be6ae815de,Geo. [George] W. Underwood,23b9fe4f-b492-430d-9b0c-01cb7a64dc56,true
12f7b645-3c9f-497f-bff3-8f52a0464811,Nicholas Voss,8c6325fc-e78f-40ae-a363-21dca172ebd3,true
58c6df74-52bc-4770-91de-5579becb1355,Geo.A.Botts,f101912b-707f-4e17-8552-96ebb47b543d,true
5e11b9c1-8d5a-4a80-8a59-3f18e45e42d6,M.M. & T.B. BROOKS ,e4897a04-e3d5-482b-8ae7-f8361d100eb6,true
c40da507-d79a-4ca6-9e12-0df6b22c5e1e,lewis tumlin,23b9fe4f-b492-430d-9b0c-01cb7a64dc56,true
fc73112d-f019-4dba-b198-a306e45cea6b,mrs. thos ,bb582554-0e59-422f-abdb-69bcf2296522,true
1460b76a-22f9-4b12-a586-11e29037bf2b,"KERSHAW, LEWIS & CO.",f81f3bf7-114c-4836-9ec7-2cddd3af44c0,true
82614b72-45e2-4714-ac16-dd32baf692c0,S. MEH.LEUR,23a183f7-5013-494c-97b2-09bb72e6ed65,true
d7af9d6e-bd5f-46df-b07b-78ce355eb93c,Cerisay,e70ed784-1958-4307-9446-0a049d0173c5,true
1d4f123b-20f1-485a-b5ab-815b1efb51cb,Samual Jordan,64261028-7e69-4dcf-96bc-a56c390e1635,true
9a1258b6-ee9a-42e7-9d5a-a8a9a7f89a9e,L Trepannier ,a09b1776-226a-4b2c-bdb4-6a019958b8fe,true
75739353-2977-4336-9b94-a38baa0b19bf,  JOHN B CRESIS.,{undefined value},true
4a328495-aefa-4873-8696-464a57417e46,Robert Micklejohn,73e8fbc3-df9d-4fd2-aad7-a879279c6f73,true
40a7d05a-ed27-4bcd-ab48-996709b857ab,WM. WOODS,35d161a2-1c25-4458-b52c-72eb4a4742b2,true
09e059ce-3692-4173-9002-fb8c5d334eb2,L TREPANNIER,8acc22dc-ff3e-47ca-b393-3af09fb3a31e,true
e62d072a-6d46-42b1-a903-9dc607051f93,G.L.C Davis,0600cfbc-516e-4430-a0ff-df68cb9c2dd3,true
92ba071f-6e1e-460e-8887-875c51ecc562,JNO. Chambliss,9099380b-9d58-4ed2-ae88-6a7255e691ae,true
31b9370e-dfe2-4488-8d0e-7c526406ee06,P.L. Trepannier,a1809c5e-1201-40e4-948a-6bd6fbe09d10,true
cdf3d1ad-e1bb-4ff6-98b1-885435423b98,ORREN MOSES,b7dfd5cb-9111-4aac-bf8f-9b39c91e9c28,true
3cd2d313-4e5f-43da-869c-1c9f9aaf859b,John Newbery ,a5c0fdb8-b453-4d34-8aef-6cc619337058,true
67472bd4-ca42-48f8-9d13-0a955e4ea83d,Martin nabb,3749e0c7-e21b-4da2-bf0d-1f8238f5490b,true
3b5de7e8-d3e6-4828-90ca-9ab76b0be870,"WM. [William] L. HARRISS,",f26013dd-558d-4662-833f-ef5f214e81eb,true
ec8845ad-b38c-47d6-ac9b-eeb0e525f6c4,Edward Hammett,e47b8b79-d067-41db-8193-bb624b038c02,true
4ccd5847-dd9c-44aa-bebe-84c531dea0e5,John Fraser and Co,abe14d49-ae8c-439b-b4df-da48d1a4f469,true
8da0fc25-3aa2-4515-bd1c-b5c8c806a058,Daniel C. Brent,76ed95f6-de07-4961-9380-6148fa7ce855,true
9768bb3c-80b6-412e-bd83-c13321f21005,Cerisay,c134e556-c426-475b-b3d9-0636f87e1201,true
fabb32b3-0106-40ad-9f52-461049e10222,L. B. KRIMMINGER,b699d4a6-b2b4-4036-8cd0-19f76621703c,true
fb17655e-68c2-4ada-a738-bd318577617a,HOPTON COOR,76e7f0e7-6bd3-4101-8a39-2cced6d8efcf,true
e752fd92-804c-4d55-b712-b1cb22791ced,Auguste Ferrier ,{undefined value},true
1f2ef0d1-0b50-43c4-a1b0-baeed24fe7b4,Simon Milleur ,48060c76-b4c8-4f68-8fdf-b3f64d0c7672,true
00eec5b5-a6e1-4ec2-9a71-8cdf6f9255b6,M. M. Edwards ,98e10361-f563-441f-b3e1-33a70b7e344f,true
cdd7a285-6121-4b88-a83e-b654bc4ffc05,Julie Voisin,{undefined value},true
575019f1-b26c-427f-9883-62153e507a31,FAZENDE,6c299c86-8efa-481a-8d7f-30319fe8f3a1,true
67f4bacd-abdc-4bae-b150-199a143f122e,Rasin gale,98a42da6-10e5-4981-a046-49c6c159f7f6,true
70f6ea51-a3d7-4c05-84cb-056d55497a19,P.L. Trepannier,18c45e71-3ac6-4614-ad4c-4a3999916cc2,true
72d9e938-5c64-4e16-9f14-320e55622889,John Hartsborne,7d8e1139-c77c-4ea9-947f-2fb8d0fc0c8a,true
8bd5c107-36d4-4220-a4f4-25c70f50d407,Paul Pritchard.,086174bc-df5a-4800-85cb-f51675602070,true
429d6cdf-080b-47b5-9137-6b7f6d8fd3ed,J. Simpson,026f5472-34b7-4c69-aff8-9ae5cd62e07a,true
85ae49c7-64f0-402f-b1fb-b4c41d1bd81b,Isaac Pipkin,28dc13ad-8ceb-4748-8b2d-14ca3ef899f2,true
5369fd94-d875-4592-ba9b-a274d1f963f5,John S. James.,{undefined value},true
ad902650-74be-4b71-b48e-7dbd6a46c45d,J. M. Robertson,74722fcc-938b-47e0-9907-e5ce08f025fb,true
d6ec158c-9343-4faa-b4e0-ff107604596d,George Gloyd,df2ce1cf-73a8-4877-87eb-40160f63f505,true
6e612905-2778-42d2-8c73-a7ba47c37ebd,S Meilleur,58c8029e-8565-4c0f-8312-ad3084932f77,true
b9c6d61d-f6eb-434d-b168-274faf698562,George W. Enderwood,8623eb4d-237e-4514-a0a1-cf3df2846358,true
d46bed2f-5027-4171-811e-da818a2d52ab,Moses O. B Cawood,{undefined value},true
2e1e307c-1d65-4813-b69d-987995736dc1,Roman & Hernton,b4cd0da0-0671-4907-b059-cb12ea1c3ab7,true
16753794-0203-4968-af11-5946f8b71e5d,P C Harrison,31346a46-caf1-425b-b4b0-fcefff4d12b5,true
a0e7f0ce-6332-4a5d-a9c2-beaf8cde5935,S. Bates Jr.,{undefined value},true
50d262dd-6774-42f1-b0a5-d41a4af8d1c4,Jas. P. Bates,478555ca-3dc7-4fd6-ae75-7cd73d2603bd,true
cdbf9e28-ee9b-4248-b0f0-4bf9f20334e8,Benjamin S. Ricks,58dd9dd0-4117-4965-92f5-a98379f7d39c,true
d2b64fac-247f-4588-8dba-a58ba496ffbe,Zachariah Lockett,5175b280-96dd-4d27-a80f-cd132cdccc3a,true
5d27a0b4-f97d-4625-95f9-f29315912221,Jas Talbert,0dbfc2f6-255b-4d67-a52e-d2eb430350b5,true
4836709f-7f05-4fc7-ae2f-0f91d77bb9a8,C. Scott,45f219f9-7b63-44c8-9d5c-cbe5c40b3a06,true
44faec3c-4a32-4e66-9add-c76804f6a3c2,Charles Duett.,b10c6dbc-9838-4f85-ae84-d7effea9947c,true
7782fa12-cbe0-47ef-a475-3136d548ce52,John R. Daniel,af2ca089-4fbf-47b5-b835-ddd39cfa41aa,true
fe72c816-c317-46dc-b2ff-31951f86f5b0,Clark & Mosby,{undefined value},true
705fd5ff-9a88-4285-ae1e-5b628d54e595,Isaac Boykin,713c14c2-0d5c-4482-9565-3a27881249cf,true
f0e75c8a-f74d-4ffb-9cee-f686d26e206c,Thomas Bailey,71566679-10ac-4bd1-a134-5509687a4728,true
555dfccc-2be5-4658-b8d5-803c180f8f14,Rasin Galk,98a42da6-10e5-4981-a046-49c6c159f7f6,true
4ce47cfe-8b41-43a2-9ac8-7ed5871f700a,John Mayer,3107f8d1-c6e7-4e06-ae23-c58babc7da4c,true
1b2c623f-d250-49c1-9f00-8be12f310e91,Levin Lane,606c5a0d-627b-4a9c-b620-04f2827c6d05,true
c40e4427-1fd2-4094-9933-1883b86a70fa,Green Gray,ea112071-1ba3-4ec2-823b-903497093f39,true
5806dd42-0a47-4ad6-ab29-488273086c6f,P.L. Trepanner,{undefined value},true
9e3ae8e7-bad3-4a98-977e-3a7178a0caeb,C. Fisher,{undefined value},true
86f675b8-bb04-443c-b42c-c411f67cbdb0,William Pugh,9f24d7ee-55f1-4028-ab69-94d0bda400c3,true
aeb57bfb-40d3-4420-86eb-df3b0871f494,John Magee,05a63752-e272-48f6-9050-72590c5d7ac9,true
ea480576-c85a-4952-a447-e3a2621e6cdc,CERISAY,5912ce3c-7b6e-4cf0-a303-b53a363cea05,true
abc699d2-6439-4156-b56e-992af08dce07,G. Huggins,0af51cca-1c11-4dc2-9b10-9d1a87eb9383,true
6145afb7-3758-49f1-8e6f-2830a515d724,E. Beauregard,30a644bd-3318-443e-8617-1a2ec1fbd8ae,true
19630efa-d265-45fb-a7dd-c43b623cd5fa,Saml.L.Coolidge,239a8c7f-542b-447e-b0d3-1e3c9a7e4515,true
b980db50-7c5e-443e-b63a-c6ba61876f82,Francoise Montamat,0dbfc2f6-255b-4d67-a52e-d2eb430350b5,true
80bed587-9fa4-4cc7-be05-5daf4fcfbc53,Robert Heriot,51016bef-74f5-4c3c-bff3-bae84dd490e9,true
f54ca57b-3f57-4a81-b445-fa6ba88cb8ef,Solomon B. Murphey,25f84358-73e9-453a-9aed-c4be9a7cdb47,true
e0ac71e4-a43a-46d1-ba98-f3a0b2ed8b8f,Matthew Sandford,05a63752-e272-48f6-9050-72590c5d7ac9,true
5af28020-b208-43a1-87ff-a03aa0be1b3a,T Livingston,22237bf4-9ab6-4e93-827a-7d49a9a477be,true
e1d40480-ba83-4040-9ef5-0e660521d613,J DAVIS Jr,{undefined value},true
17b057f0-57e6-46ea-814b-74fa78d8c01b,DANIEL CARROL BRENT,b81d0291-ea85-41e9-a1c0-db77ba86c06a,true
8a8e3666-28be-4a3c-bc83-8313e428e8b0,Daniel Carroll Brent,30c17a35-acb7-49f8-8039-db09a459605f,true
a2b18158-6af9-4517-a593-0148cbb798ba,S Meilleur,2ffe3a19-307f-4792-a32b-b65e1c2aa57f,true
aa29d708-bebe-4c51-ba82-d9a8f8bb01fe,G. B. Causin,9a0730af-5c80-4b89-abc7-32474a4de8dc,true
db30752f-c36c-473f-96a4-4a076b70f44f,Cerisay ,0b3e333c-0aba-4895-801e-f944c32d13f2,true
6ac6df59-20fd-42c2-9eff-e423493c8c99,S. Bishop,817b07db-dcf1-4634-8b70-4639c20f381d,true
aa7e4355-4eb7-4205-9f36-881339b15c04,WM. R. Bivins,507b5968-86b7-476e-a83d-a4307622ed57,true
249aafce-e2e8-4247-bf16-9a54a2853ff5,James Wilson,95dd3386-f92f-4bdc-aacc-72c2fd8dfb8e,true
1ef0ca30-6a51-4652-be17-af2044c9f58d,Mary Howe,6182ff74-a061-4dcb-934b-52a7976a11bc,true
90c9c291-a5ae-49a7-a574-2f2ee5d2b2d8,Sutton Weems ,cb80e487-bd0b-44f8-9057-239cefc8e135,true
c919beb7-7d76-46e5-849e-32a4eee70e1a,THOS. J. FRISBY,03ca03dd-68cd-4f8f-bdb8-373c78581fc5,true
4cc726bc-74bf-4867-86f2-04b5d660baba,Cerisay,ffec49d2-ceef-4ee3-92ad-7232a0428b8f,true
d0dcf2b0-aec0-4ee0-825e-32edb6456589,Isaac Ross,5a285cb2-d99d-4325-afe3-b89c4406a4f7,true
6fa6e328-5e20-4f57-bfe7-29b5fe36f90f,Lingan Wilson ,9fc06083-382d-4c94-90b9-5a219ed95275,true
2676a6bd-ac47-4279-a40d-e8b3dddfc2f8,Sutton Weems,5f767d39-b286-4820-be44-ae122dce6228,true
f38f9e15-1caa-437c-8887-737b17ac9693,E. Forstall,146afb24-357f-441e-b5a9-f3fff1cf4cd3,true
e9611f4f-0e90-46b1-896d-3b4e0db6c030,S. Meilleur,026f5472-34b7-4c69-aff8-9ae5cd62e07a,true
ba506657-083e-4b7d-8224-6b6215a5b4e1,JH O. Deverin,9d9ecb7d-7315-4491-b274-e660efa1533b,true
f00f841d-65bf-4176-a734-6f692d04824b,"James Wilson, Sheriff",743f4710-4797-473d-91e0-55dcabeb6e3b,true
01d84ebe-dfb6-4531-8484-20a0ea3b240c,Jesse Fann,25f84358-73e9-453a-9aed-c4be9a7cdb47,true
6d8502f0-b489-4de4-8a04-fe220c24cc84,W.W. Bozeman,f6547bb6-c6aa-4975-a5e2-d46ebb204c76,true
08401a99-69a5-403a-97bd-6ddb250df836,"Isaac N. Johnson, Sheriff",ea4aeb0c-4cae-4e0f-beaa-0c4345c339d6,true
21552992-c57b-4784-a85f-1e029e78f23b,C Scott,5576ff33-254f-4405-96a4-e7cf03f1819d,true
68fb33d1-e604-4cdd-a8f0-d6b4e74fbbee,W.H. Hill,bcc7bd92-f853-4af7-bcc1-348894afaf19,true
322826ec-74d8-477f-b28d-3d7e55a0bb33,John Darrick,39fb0083-7892-4080-b492-5c4bae35a842,true
6791aaba-e884-4fa7-8576-65b30b0bdbbf,C. Scott,040bfc9d-4267-4e4d-b2cb-8f5187e70091,true
0e9c4ea4-4590-446e-918a-6e21136bfcf5,E. Hammett,9fabc407-951c-422e-b313-530d9852aeef,true
897f46f9-0562-4e19-a9ff-c449ea6a0751,P.L. Trepannier,e313031f-c795-4718-8b58-bb7a4687fcdc,true
f3b67cb5-2864-4e24-9539-d3a8e15c6c97,James A. Rogers,9a06cb06-a05a-45be-82a4-5a5170473894,true
1cbfbf15-a819-40e2-b796-2bafcacd14f0,Thomas Wadsworth,68ba2244-e749-410f-a9c4-863c07192626,true
f9ab58b6-794c-42fc-9b4d-7651d2b88e41,"JOHN FLEMING, Sheriff",82739476-9f0f-4d52-9beb-b07ed0a4a044,true
4bc572a0-bf5b-4f57-84eb-92b9356dd15d,J. Bates Jr.,{undefined value},true
534d5184-377e-47bf-8550-fe123410b364,Daniel Moorer,29e8f203-ce8f-4656-9e1d-57389fb1e8bf,true
937f7534-29ae-4215-b3b3-d428dd044dd8,James Savage Jr.,{undefined value},true
27b62ce3-5b8b-434a-93c2-8760856c9b89,"WM. SEABROOK, Jr. ",0496f9eb-127c-4fed-adb0-45f4897bca00,true
2a37c9e3-f71e-4476-a758-e8b517b00f22,Benjamin Hopkins,{undefined value},true
8bc0b606-572f-4aaf-898f-d05e0791ed2a,Jones & Turner,{undefined value},true
fe77e160-fc47-4db3-86c0-992d40b6dc73,H. D. Morrow,8b071bb7-3580-4d58-96fa-96c4b6a17e8e,true
ba358294-242b-450a-a7c4-13193c68bd8b,Roger Johnson,166eb3d2-4bf4-4c3b-8ea0-1a0d8fca2ba3,true
f52f2bda-5edd-4143-9bf7-cd5393b0cc26,D. SCHULER,dece9624-8fcd-4a0d-962c-81941f23d953,true
27a6a73f-24b8-42d1-ae95-b64efaea10a9,Thomas Kelly,0c307e97-207e-4e24-a738-f59bd1917ed3,true
1cae86c9-c36c-4bfc-a280-43a8069a5892,John Simpson,63c82a67-6162-4500-80f5-ea96a9f98ad5,true
9744d64f-612c-49bd-97e4-653acdee20af,Isaac Tobias,0c70fcfb-e043-45e9-94a4-dad0cb722168,true
bcfdaa57-5bdd-4fa4-b842-0ea179848d71,David S. Smith,92b7fd71-5b98-440d-b636-476eb94bfdba,true
7a9cf88a-19b0-406b-a4f9-43995e65eff2,"Henry Durden, Sheriff",6f13ef43-8514-46e5-8447-c9305cbd2d8c,true
c57a691d-c834-44ce-86cf-9d512e4c2617,C. Tippet,e6c09301-e02d-48db-beb1-cda80f289e68,true
a66eeb77-2bba-4ed5-889f-15622634ce2f,John Anderson,fd4b1747-1e64-4828-8552-b9b786e5d356,true
9118f96c-2459-4571-bcd4-3bf843b971f1,Jeremiah Miller,29fef21e-13aa-4dd3-9b6e-d8c1c4f26f3c,true
9208f660-2fc6-4b03-86a6-9c107821b132,Giles Hammat,17f3e3d2-2ef4-4051-bebb-23db1996869e,true
5a73bc1b-4e94-4c6e-99c4-d80e66ac258b,Robert Micklejohn,38773e61-6822-49ac-b9d6-88224d77c2a9,true
607ea359-e104-4ce2-9a3f-0f82ba7aa7b3,James A. Rogers,82b6e6c3-e7b8-40ef-bef7-0037f425776d,true
3502b2ed-2435-4757-89f7-3288362c087c,Nathaniel Hatton,af2ca089-4fbf-47b5-b835-ddd39cfa41aa,true
85932b49-e31c-4e9d-b6b0-90f52b1a7705,"Richard C. Zipperer, sheriff",e2a9d40b-55d6-41d0-b221-5ce0d8e757ac,true
07474bb1-0b19-41ba-a08a-6cac4ac4016f,"Henry Durden, Sheriff",af2ca089-4fbf-47b5-b835-ddd39cfa41aa,true
2a88afa8-67d2-4f59-a578-d6bd9873d208,"Allen Edwards, Jailer.",f6547bb6-c6aa-4975-a5e2-d46ebb204c76,true
0c26dee2-98de-4334-8d70-6d7153456eed,"L.A. Box, Jailer",507b5968-86b7-476e-a83d-a4307622ed57,true
a1d50f3e-3283-4823-a26d-3c15cb1b5a0e,James B. Buchanan,fdbbefdd-5cbe-46b8-9964-246b2a7779c7,true
d474f2ef-1550-4a8b-8580-5c66a84cb8cb,"Wm. A. Crib, Shff. ",4a467760-5b92-4bac-8f2b-991315b12468,true
b1a1196a-5825-4259-991f-43127884142b,"William A. David, Jailor.",4c7d0fb8-7d50-4ff4-91bb-09ea4ffa5716,true
cc053fd2-ffc1-49ed-924f-b91969668fd7,SAM,32878d71-2a14-4bb6-9223-22382fc22af2,true
4ee21e7c-b245-45f4-bb56-6a33171c0f2a,"James A. Rogers, Jailor",02ea6d05-297b-431f-bd98-6b2e47b3e063,true
47050f45-5b3a-4109-98d4-9a7582662d19,John Anderson,fd4b1747-1e64-4828-8552-b9b786e5d356,true
38750c9f-809d-4df2-b3ba-29d74855b8b4,"Robert M'Clan Jailor",24ceb22b-a8c0-4310-b8a6-a9ee074190ac,true
488d92bc-2d13-45d6-b0f7-f413c375493a,"James Wilson, Sheriff",9f405afa-5be1-4e0c-80b9-fc613632ed7f,true
ff4476c5-5fef-4d96-a5e9-c32786fc0049,"John Fryer, Jailor.",fe011bd7-479d-4117-a4e9-021dbec9fe95,true
1fec0c02-e8bc-4aea-810e-288f8be448b9,George Creager,0daf34ec-b0bf-427b-b196-063699bef204,true
8f5c7ef6-c637-4935-b4a8-a51026adfec2,"Henry Durden, Sheriff",08d3a590-eb6d-4c15-8a3d-b69be9379b4d,true
55f065e8-7b22-4553-84fb-b8b184a4e268,"Wm. [William] R. Bivins, Jailor",27a691d4-3a79-4ac5-bcc3-32748cc7d532,true
ee09616b-b116-486c-acfe-235eee67d553,"John Humphries, Sheriff",2da4f9db-a646-4046-a7ea-8085a2f9524d,true
e012020c-5647-4cab-8a3c-cdedc6b7da4d,"Wm. R. Bivins, Jailor. ",008dd19e-7344-4df1-b2fa-8c6906432110,true
f711d733-ea57-4f26-89b6-60af657a82af,Thomas Kelly,0c307e97-207e-4e24-a738-f59bd1917ed3,true
09d4b9f2-87ee-441b-bc58-401bd956f414,John Comas,d970ea59-b6d1-4f88-87b6-e4cc606d6ee2,true
e828866c-6880-433c-a75e-7fd56734bdf5,Isaac S. White,fe0c2112-8eb3-4fb7-b1a3-706b1cb68186,true
54a0b22c-8f35-4742-9d8a-eecd4086a521,Martin Nall,089061c1-7bca-41a7-9304-67c4ab0bc4a8,true
9432faa2-6845-4936-b18d-008281d26a49,Samuel Cooper,8e20c2d3-9ba5-4012-9bf5-6824892130dd,true
de8561ce-d8b7-4cdc-8d0d-8ff43d6f0718,Martin Nall,089061c1-7bca-41a7-9304-67c4ab0bc4a8,true
6c22508b-20c6-409a-a8c6-3bcfbce57ed8,"Danl. C. Brent, marshal of the district of Columbia",3f51252c-51d4-4b6b-95a5-5710c8c818c8,true
10e20b10-12e7-462a-b84f-97f688eb6360,"Benjamin B. Smith, adm'or or Bridgeman",{undefined value},true
64ddd861-fb3c-4733-9b87-4a247353b47d,"H. Faulk, Jailor",d04d65b7-fc3a-41af-a0c4-7624086df08e,true
6e760a34-0f34-41c9-b531-26fa6eb8aa3a, Robert Hutchison,a76e99b2-4e81-43bf-adb7-149856d2924a,true
1c10ea0c-1e1c-46b2-a820-a5b21db97beb,Clement Brooke,22379a33-ba01-4312-b5c0-15dcca82814c,true
b3f5a96f-a40f-411e-b850-a708cc93a0a4,Daniel C. [Grant?],ac3f5829-4964-4f17-9c08-b018d39408b1,true
15b5c151-631a-4f39-a080-998dba30bb52,J.B. Buchanan,8e11afa1-fce8-4545-8cce-71ce99201d79,true
a3f8cd9a-98e8-461c-8ec9-4ab25c1ee01b,G. Huggins,f4eae264-ece4-4342-b371-a7e2f818afab,true
71067f0f-fd0e-463e-835b-2b4c81ed809c," David S. Smith, Jailor of Walton county, Ga.",053ceaba-d4bc-4063-9129-46f985f8cfdc,true
6d6ba998-64e0-46d8-899d-3658a858ecc6,"Isaac S. White, Sheriff",40a3865e-6691-41aa-b9f6-541eff9d29c2,true
a878fbd8-0430-461d-ac02-bf0d1fb90864,John R Daniell,af2ca089-4fbf-47b5-b835-ddd39cfa41aa,true
85b34f5c-88fe-4543-9019-f18e4bcdf163,John R. Daniell,3d56c81c-f665-4f82-83e6-4490af83eda6,true
e0ee854a-589d-4188-863e-f40bf6c4e5e4,James P. Bates,914b3ed0-c825-46a5-881d-5ecded911a14,true
cc0bd26e-ca1f-4f7f-ad03-2aa3bb485e6d,James P. Bates,f4eae264-ece4-4342-b371-a7e2f818afab,true
302070fb-cb0d-4f8c-b0b5-38c8e0f0f5cc,John Comas,57edd080-d451-45f2-af37-1d711d603d86,true
850acb3b-c835-4931-9aa3-b15eb3d5266b,Jere Nichols,34fb1580-ffad-488a-80ec-d8abb0ed119c,true
4dabc5ed-95a7-44f6-a94e-2b641bda90b6,Simon Meilleur,757434a3-ed65-4773-8c2b-b355c47b81c2,true
778f8651-ed71-44a3-838d-c33703f3b097,James A. Kelly,7e1284eb-908e-4fbb-ba58-8377064b71d2,true
e69fb912-eb6d-46d4-a416-74cf9bf83271,James P. Bates,0e5ceaeb-d96a-4fbd-802e-8dbaf22623ac,true
1ddf86dd-c4fc-4288-b2e7-b6281bb1f8fd,Abner Pearce,913ea0fb-efb2-44b5-be6e-c96ba68624e4,true
d5a48efa-0d41-47d3-93ae-26465f19d8c5,Thomas Parker,{undefined value},true
bb3259c3-999e-4933-84be-cb5a71fd93db,William Pouncy,f4396bca-c2a4-4a64-b912-6df46267d819,true
4a290b09-3ddb-4afb-93a0-80abe555f475,John Kedglik,dd18c94e-599d-465e-a13d-a5bd833544eb,true
91d0540e-8ee6-4103-a5c5-36c5d154409c,"Robert M'Clan",488fcf8e-c3bf-4b11-8062-96f8e21bdf9c,true
8f4670d6-c083-4795-8909-1d56c80fe0d0,"Wm. R. Bivins, Jailor.",507b5968-86b7-476e-a83d-a4307622ed57,true
23df168d-6966-46ff-b44d-87f647330c50,Milton Antony,27a6e60c-9697-4f21-8de3-711d0640c6b8,true
4edb6f47-4bae-4e3a-9aac-958832a78dfa,R. H. Vickers,fb53c40d-06c0-485a-9371-84495ead261c,true
f035558e-5750-4d8a-9312-9ade3e58fe3c,Thomas Tew,24f6a1c4-6782-4806-9a7e-bc8698f530b3,true
61f3447d-7875-4476-aceb-262e1644857b,"William C. Lyman, Agent State of Georgia",38773e61-6822-49ac-b9d6-88224d77c2a9,true
79f5fdd1-1125-4226-9e23-2b2d0312b215,James Paine,00161fa4-7335-4667-9bb1-9e53005b215e,true
a22c4d6e-168b-44eb-bdf3-71cb6d62e05e,"George Creager, Sheriff of Frederick county",0daf34ec-b0bf-427b-b196-063699bef204,true
efd41893-f529-419a-bf10-c6fc7d28a3c3,"John Heath, Jailor",65696418-7c12-4185-8cef-3bfbbf01f4da,true
40b84e15-edec-4e61-9430-f894c02b0939,"Orren Moses, Jailor",0abdd1a6-ae60-4b79-87dc-fbcbfe664777,true
697fae9f-8b3a-4f2b-8ef6-e71b07afd684,George Creager,cf319c2a-4d34-469f-8f7c-98bcc9379351,true
128a3b0d-26b5-4e41-95ec-e192790941dd,Isaac S. White,09e83edd-3fd5-4d0a-9dd9-6b516fabefe4,true
55933286-9199-4a63-ad1b-95d08107ae92,J Simpson,475def01-2549-4b9b-b29a-9008df6eb200,true
2652ba5e-15fb-47c9-83b8-b66bea124134,Samuel Per[illegible]AU,e89410f0-2ab6-43a0-afd8-4759b601caa7,true
7db9a8f6-a877-4b7c-8173-ad3cb27020e0,D. Cashwell,10adf5a0-d6cd-4ffc-a357-2346720ba025,true
af8c0c11-94c0-420a-9bf3-ea59e73f08ee,A. Mauldin,2da4f9db-a646-4046-a7ea-8085a2f9524d,true
eae36113-e1c2-42f0-9031-9459a7716059,"DAVID SHULER, S.O.D.",c1b3981b-bdec-4f89-83b8-329f553e1141,true
14e76502-82b6-491c-8417-d73dcc85820e,A. Mauldin,3e382c3c-37b2-465f-9a5b-c72d18038a8a,true
cfd0a270-074a-415b-bc0d-9e6e3d7caa64,Lewis A. Box,2dd9cf5c-51de-4e3f-8c66-dec827da4ab2,true
cfdaa73d-370e-4877-a3b7-44bf883ee54b,Simon Meilleur,0abd443e-598a-455b-8942-f92ade8f5149,true
5120c9e3-eaba-480a-8ae9-c9a647e88ed7,Simon Meilleur,0abd443e-598a-455b-8942-f92ade8f5149,true
75b2102e-c83e-4cf0-913d-f0f45fc0f933,John Simpson,28dc13ad-8ceb-4748-8b2d-14ca3ef899f2,true
eef80ae6-5768-4249-b754-d675cc970c6b,C. Scott,5576ff33-254f-4405-96a4-e7cf03f1819d,true
1a27287f-738f-494c-855f-4fa3bb029913,E. Staley,d30ff8d3-3626-47b6-9517-63fbd5ac565f,true
af990b47-1782-4e70-b2e9-88d6af34dbfd,P. L. Trépagnier,4a04cbe7-fc71-49b5-8ead-27e5d059f16e,true
47b50f28-67b4-44a4-9a0b-d39bb8af72a5,John Coles ,dac422de-618b-4952-9fda-a02c634a1897,true
d70e9dbf-bf48-425f-b7ad-6c8340982348,John A. Quay,526af721-1d69-4b88-99b3-5b4378e94f41,true
866b4b2e-c358-4831-bf79-da5ae1c4dce7,I. Trepannier,cb8ceafb-1ec0-4d56-ae3b-0b5a3e3e5ff3,true
1e31510a-5bd2-493c-83d3-6213314eabdc,George Jackson,0ce5d9aa-2477-4c55-83a1-fa76a1190589,true
55d60868-c671-4339-a093-d0f22b852aac,H.S. Harper,d7090415-aa3c-4500-98d8-ef6d5ab0a643,true
f52bd6fe-3091-40f0-839f-7931a67ca2a8,Geo[rge] Brown,026f5472-34b7-4c69-aff8-9ae5cd62e07a,true
cab53ff8-921f-43de-a428-66af1ee0978f,Matthew Standford,{undefined value},true
bdc65b07-11b8-4a5f-8a38-b122b32475c6,C. Scott,58150469-1a3e-4454-8468-904e69416387,true
ab61aeac-9ddb-4764-84fb-8ebfdf1bcac9,H. N. Steele,3a35925e-b1cf-441a-a4ef-dfc236bc89e6,true
48cb50c4-b8e4-4140-9cca-b37acbd0ac4b,John Turnbull ,2ad65ef8-fd1b-48e0-94d4-f32d56a9638d,true
b340e129-57f9-4068-9e1d-ab92869e986b,"Daniel C. Brent, Marshal of the district of Columbia.",44928da3-9c16-4c57-a341-8cbdcd9bef95,true
c39f9463-1883-4466-9764-0c374c7a8914,"A. Mauldin, sheriff",6341e770-c88d-43ba-b1e5-6f63ff5d91f0,true
187be21e-5527-46b5-b247-45dfad12a9aa,"M.G. Swain, Jailer",35840b97-3a1f-465c-bee4-f21da06aab32,true
95d6ce0a-ab37-412c-ad36-3ed86a2ee490,Daniel C. Brent,ac3f5829-4964-4f17-9c08-b018d39408b1,true
8cedf1e2-db64-42e7-a52b-59190e52badb,William Patton,88e81f90-68f5-468d-91d9-2f1722e2a487,true
150566bc-5bac-4226-80fc-c8dca18b8402,S.B. Buchanan,e711136e-6ae4-4ae6-94a3-48651e736faf,true
341e0194-cf87-447e-9156-75d0155c6222,Walter B. Lucas,f368284b-a77e-4555-bf39-cc3f3d438a28,true
d2964577-cd62-4b48-b156-dcc67971588e,Tho. W. Scott,d2aa3dd9-5851-40b9-b0dc-e40007e3b72e,true
40d38e68-101f-49ff-87b1-739b68b18bf4,"EDW. H. POMROY & CO.,",bab279c0-109d-4f2d-a12a-da793658fd0a,true
09ee2edc-7b01-40fc-85ef-501160f74f37,"M. Ware, Jailer",f4eae264-ece4-4342-b371-a7e2f818afab,true
1e731547-0455-4950-916a-36308980dd81,John R. Daniell,507b5968-86b7-476e-a83d-a4307622ed57,true
d6b7c9eb-7bb3-4a31-8182-4b5f2cbab182,Clement Brown,dfbca9bc-82f3-4e48-affd-7aeb3db75798,true
6cd20ef5-c979-4e39-8440-b71a377cb423,"Jonathan Pearson, Agent for David Blount",11fcaf00-e183-47eb-a74e-c9821923f04c,true
5d9b88ea-f038-4dd5-9a6e-d02f5dc93115,"George Creager, [illegible] Sheriff, Frederick county, Md. ",0daf34ec-b0bf-427b-b196-063699bef204,true
92075f7a-428e-4259-a57e-927c6b2949b0,John R. Unruh,07c02f38-1c15-46dd-92ee-21986a52ab27,true
97539696-cda7-40d2-8605-29e99f3547ce,Mra. Julia Swailer,8234a65e-170d-4e92-aff7-07dda7221c49,true
a5a9e9db-876d-445c-9618-2d65c8579413,Simon Meilleur,51452ea4-2641-4690-92de-5e6abcfd5adb,true
533c90b8-688f-4467-b23b-d6f19635d0ae,W. M. COOK.,b634cc3b-4de5-4dfd-8f7c-47814163af97,true
e3ede2f0-4cd5-4015-aab2-986e1da29dd8,Adolphe Reggio,08887da8-da0a-4991-816c-f8e7486a0c6f,true
ec5a2e19-1edf-4653-ad87-7f41c4712b98,John F. Schmidt,05a63752-e272-48f6-9050-72590c5d7ac9,true
5531d456-490e-49ce-bb5e-f2710e34e877,Cerisay,2ae0d61c-d2ea-4519-b537-3ac96cfacef4,true
c7b341c7-6672-4219-bb05-9277d43262ec,Daniel C. Brent,77d2a41c-3960-4fb7-9eac-0db7ae357906,true
1465f4ee-7822-49da-a2de-9110c836a951,Joseph Lewis,fbfd80de-bed7-43cf-b892-f6209935f31a,true
12fc14b0-b34d-43fe-8f65-a30ce64b28ed,D. Holman,e369069b-6d8b-4eae-bd71-89ffdac29ec6,true
648edd0b-002a-4d6d-a40f-f611d885be9b,GEO. A. BOTTS.,{undefined value},true
223fe1df-f0b9-427b-a47b-e1f208bab629,VM Seabrook Jr.,7c9e3415-afc2-4167-9147-743a0b9c3195,true
8315d933-db7c-4acb-b805-266a18a97374,C. Scott,75c01fa1-b59a-4c9f-84e0-ed1fd5d57488,true
c1a5b20b-b5af-413c-b3b4-0ba59b3e9d90,john watson ,107a443f-d2df-442d-bed7-7e0812ca4569,true
e20db962-e353-48ee-a0a1-916497fbc99e,"W.A. Blount, Jr. ",15bfee9f-73a1-4a7b-bf55-06568efead87,true
d6aea70d-5c9a-49c7-b578-9612f7a87b3b,George Passau,f05ea3a1-04bb-49a1-b1eb-fd3a770344e3,true
bf5d2510-7685-48ad-931e-28a5c750324f,David Shuler,bb913b6f-1c7b-4541-a90b-24aa72a83e4e,true
b9734f84-1ea1-43e9-9fe0-ec7b4200f2b4,Alexander Johnson,96bd7e6f-f230-490b-aa0d-11db6ad22862,true
8508288c-d903-4da0-821b-df08c8e5d602,Isaac Henderlite,c3563ebb-620c-423a-a264-642245a2ce74,true
3a84a7e6-a11a-4c71-ad86-063ad07f93bb,Edward Hammat ,1828a2fb-a5a0-4d15-9233-05a86f46deab,true
840b6952-27a1-4154-bd60-623856beb5c9,I. Henderlite,20134958-863a-4b6e-ba98-761db9bb573e,true
df89345a-7966-4371-beb5-639d9f8f5af5,Josiah Collins,4b81f535-cf75-4cf2-b595-1456c5b292a8,true
fb5020fc-023b-4db1-9f9c-751f19793586,"George Morris, Sen.",d01efe71-c420-4668-a316-d2f8582a766c,true
0f6200e4-ba45-437b-86a7-d0b74956e56c,J Simpson,122c9ab7-0dfc-492b-b7e6-9e1859eb69a3,true
8ed3c890-935b-4b69-ad99-f4169bb19bea,Marshall Daniel Carroll Brent,b2968941-a873-4d87-bc07-ad2cb6e0fe17,true
b8d6a58e-2856-4f24-a35e-3dd2ba93d484,RD. POCAELU,0898277c-c45c-46e3-9d58-19ccfe8f2230,true
94f76dc9-6647-4116-977e-71e9d8b573e7,J. Bates Jr,e7822bd3-847a-4f51-9abb-52a11fa861af,true
31ec0e1a-2e76-4b9b-9d25-7b7d239f0c46,P.L TREPANNIER,268437bc-c008-46ec-b8dc-dc2016ae87e7,true
d22272d4-1ad1-4de9-ad99-f24469e86887,Thomas Macgill,87df9f7f-7738-40e5-a8b6-1780c793bd55,true
eccbee5c-eae5-4d79-b383-dfa5f6ddee10,P L TREPANNIER,7bc9d59e-3610-4c94-9d59-7a8f65675caa,true
3e5d72d4-ee4a-4f70-9777-57ea6bfa1042,Robert Micklejohn,692b2ec3-ed24-4b4f-b19c-c6d3059cd14b,true
af34ff1c-9979-45a5-b034-844abe92fd47,John Comas,4a0faddc-6438-4809-8b7d-2a8c4961795f,true
27ed67b5-7626-4d9f-b324-b99320a6dd46,F M Guyol,30605995-bdbf-4d22-a68e-15a3fe5231ad,true
fb851d15-c9fc-4b44-888e-988e43578766,Willis Holmes,74583faf-11f3-4de0-a20d-0b40a1a36c79,true
cc28249d-f04c-40f6-b21b-b37964b63c5f,G Pridgen & son ,8e7ece09-3696-4259-aeef-eb34a1aa3132,true
4fc22836-1b02-45ae-94b7-f2da612c346f,Pompey Williams,34a4b15b-72ed-4680-b46b-0691bd63a33b,true
416a5b74-2f2c-4326-918a-ad0057ac841f,"P. C, Harrison",0b861b6b-71eb-401f-8dbd-2ea4e8be09f0,true
ecfe6ac6-0278-4eaf-b330-3c428d6a7c68,P L Trepagnier,cac5a18a-b312-4052-914d-792fc7e2db89,true
5f13d910-3b5e-4104-8dfe-86b3f371ae2e,"CERISAY, Sheriff",0b3e333c-0aba-4895-801e-f944c32d13f2,true
760d996a-822d-42a9-8cb0-51e4895d2b83,Mwf,0496f9eb-127c-4fed-adb0-45f4897bca00,true
73b5f6de-5927-42df-8615-ca6cd7726f0d,William Goodall,d552cf4b-a533-42f4-a60a-3d086d39e5c3,true
dd1c4813-a975-4050-8723-0423ca5357d4,W. Miclrjohn,a97c65ee-5927-4f0f-a38d-ac290d609729,true
d65062e6-8c72-4acd-99ea-0cd447843227,W.H. BIDDLE,4dac13c1-9806-48fa-8a23-0e082f296c9a,true
26f1f80b-268a-4961-a5cb-70e82bd910b7,H CANTRELLE,{undefined value},true
fa27eb80-0caf-4136-82f2-486abcf14e2d,George Creager,d5f72b59-39e3-4f7e-85b1-5c08c656b80f,true
5ff18cf9-cc83-491d-bf77-06adac71be36,W. T. J. VANN,77b1d9ee-e2ce-42d1-93dc-77ac9ed3f5cf,true
7d7ac764-32f6-46c0-a680-f264dc78ecbf,V. V. Richardson,7abc3e2c-b393-46b3-9021-d04756b58bcf,true
609d9d24-77c2-4e07-9693-4edac50d9984,Solomon B. Murphey ,c019f528-fbdb-4f4c-b693-8a2e5d48cd77,true
9e1a979e-a709-4fa7-9cc6-8da74a1f3bb2,Noah Warlick,380602c3-1b09-4265-8a0a-aebbd5409533,true
c3e04e56-1579-436d-b83b-3d5efbe17d89,"Cerisay, Sheriff ",dd7eab0f-4534-4f6c-9195-35b1790711b4,true
5755d475-7414-406d-905f-7cb7b2e9efda,Eric Berndtson,{undefined value},true
6a6799d7-984e-464c-8de2-3f07b4b5d5ba,J Simpson,b1e676b1-3d78-418b-a51d-d6c7b5d0ccc7,true
35ccffbe-3f64-4c34-ae58-0c33db695b20,"P.L. Trepannier, Jailer",642573a4-68d5-4499-8880-0060aa302d24,true
46f9a75d-6e91-423d-9fa3-7dd2e6e7d312,James Talbert,c6519271-2015-4451-a44f-6ce3fd871682,true
72d35c0d-a405-4122-84e8-ecbcc87a7a80,D. Fairex,10306022-d066-41f2-bd24-c9383d613c48,true
f6dbc9fa-8121-44ba-8f8e-9ae308c097aa,Daniel C. Brent,e6c09301-e02d-48db-beb1-cda80f289e68,true
0e83b9c1-a0b1-429f-b5da-46baeaf61b0a,H. S. Harper,1b4eb923-9f10-4c5b-a8b6-8ef93bba5729,true
da96d231-6029-44f4-a1b4-92dd61da16f5,"G. Huggins, Sh'ff M.C.",{undefined value},true
1891b6f4-9fc8-4bd2-b3b6-baafc3c10625,A D PALMER,908c7c40-38bd-42bb-95f2-b130cb86f11e,true
1ec698f4-82d3-4cf3-a049-d56a3120fb3f,David Moores,8d19c8bc-1b62-4295-a424-b6ff1a6ee019,true
3c9f00a3-e418-44d1-80af-450dd74e5d17,Lewis A.  Box,677fafcf-7790-4b7c-ba7c-4d4f22b4b101,true
db1b2baf-dc4c-42ee-b63a-0f09d2231c52,Sam L. M. Farmer,2c8ae9ac-703c-4c9f-a9da-752169497eb2,true
be5d756f-1fcf-46db-bdce-7c5bcf4f0aef,Cerisay,68c5922e-0eb6-437f-8b73-198b623fa750,true
4b84a23b-cb36-4f3d-8215-30f7a5007d1a,A.F. Knipschild,358257a6-e747-4bf7-a375-abb9d02111ee,true
27556ab7-4589-46cd-ae4e-ac199ed3140c,George Creager,cf319c2a-4d34-469f-8f7c-98bcc9379351,true
90d68f8e-48b6-4821-a7c4-437ef45594a7,P L TREPPANNIER,595f4237-b3ba-4c39-8e91-3cf74ea4ac3f,true
a88b4b20-36e9-4252-a54c-4042b02bb787,Franooise Montemat,66e9aea2-55e7-47ad-9a0b-01ac62f3ee1d,true
5a201def-6b09-462a-a5ab-bd25aee35aac,WM Armstrong,2dcba05d-7051-4032-88a2-b8e931c8b363,true
8a36742b-aa5c-4dd7-865e-c9ac86c50ea6,ABNER MITCHELL,6db50435-2c08-4bac-9ca0-7aa410c11ed0,true
94d90052-99ad-4e10-b4ec-fd87186d4cdd,John Simpson,122c9ab7-0dfc-492b-b7e6-9e1859eb69a3,true
f83ab3f6-1739-402e-8cbc-dc017127f03a,"PLTREPANNIER, Jailor ",065cf5af-9705-4ec0-8f17-df5aaed833fb,true
052d6711-d6b7-4e63-ae2a-885a87e266e3,George Creager ,6d765219-1cf1-428c-86e8-679d2ff0afac,true
42afc414-3fc1-4b5a-9426-a7de900b87c2,E. H. KENDAL,40f5b9b7-efc9-4323-b5b8-236eef08ca91,true
59c628ad-931c-434d-ae7f-b3696e4db593,Richard B. Hall,becc747e-36bd-4ccf-8659-d5162f3160d5,true
f85f6b6a-3724-4000-b69d-bc54d5d56b5a,Jasper Mauduit,4d84de26-5d90-40dd-ae86-7dfc47d6d8fe,true
912875ee-0dba-4eed-af22-c906a234a007,Wm. Barksdale,e6f4abf8-0cae-4c19-80e6-2405e6408b3b,true
776a4e23-7932-44a4-aff2-5c3c8aa560d8,William Arnold,03d13afd-8c73-4275-8010-083d95c25ca0,true
33c76722-80e3-46f5-a69b-ab8846c684e1,Martin Nall,d13712bf-d35e-4bf3-9589-00cea540bbb0,true
2695763c-43f1-4eda-bb7f-27c2802770e3,Boston Weekly News-Letter,{undefined value},true
95da5d62-fc0f-4e18-9b09-20a4cb10c5a2,Lucy Brooke,58c7abbc-56f1-4436-a794-bd2e667475bc,true
f6e2d127-0464-4480-94d7-26b62d4cb36c,Lawrence Jones,e4f9a973-c839-4b3f-bd2b-0a3d375a3382,true
28b8e092-3a94-4ab5-ac8b-252adeb874da,John Simpson,122c9ab7-0dfc-492b-b7e6-9e1859eb69a3,true
7e94621f-96a7-469a-b42f-fe26c678b502,Hannah,9bb9a6ee-f1c1-4d54-a6ca-1845e9e89445,true
2e21a7d3-4d94-4ac0-8743-af9658f36d24,J.A. Mumford,e155a885-9084-4b22-a534-1b5edf53dc3a,true
00e0e980-6467-414c-8cd2-17905be2ff91,WM. R. BIVINS,507b5968-86b7-476e-a83d-a4307622ed57,true
27ebc411-a6b7-4bc0-a9ef-f12bd4b32a93,Josias Bowen,1d3d20f3-ccfa-48af-b810-0f5dead38a11,true
c92b2b7e-7f61-4f92-a83f-c14e9ca35000,George Creager,9e1adfb2-061b-4dee-a017-f46552a17161,true
99202913-3a49-4044-8fb1-d60c3994ff67,W.R. Taylor,146afb24-357f-441e-b5a9-f3fff1cf4cd3,true
fce221be-8c6c-46f0-bdf6-9a0d008bc82f,J.Simpson,122c9ab7-0dfc-492b-b7e6-9e1859eb69a3,true
e37cfbf8-d65e-4dfd-bee5-8c5457fc34b6,R.A. Kent,ef69bb55-f165-4d77-bbd2-31ceef3c959f,true
8951a5e0-dbec-4a0a-8ca8-0ebbffc882f0,"James P. Bates, Shff [Sheriff]",86227bcf-b4f0-4307-9978-5c74c33b8530,true
d2ebb524-7be3-41a1-8a9d-cd82efcff181,George De Papau,345cb03c-796e-4b28-85ae-1cbae6923307,true
7119ffe1-560c-47a1-83f8-ad65d3790279,"Kershaw, Lewis & Co.",{undefined value},true
bb134519-9fb3-473d-a5ea-2aef09a19873,Henry Basford ,949bddec-d4d9-42ac-a79d-86e3df0ac825,true
d1e21731-4f8d-4a02-8862-4c8457ea7ec6,james coffield,0a3f5e9f-8680-4974-ae4f-a98dc79b54d7,true
afeaf2d3-1681-4b86-97ca-bbbec8b43e51,George Reager,0daf34ec-b0bf-427b-b196-063699bef204,true
dee8946c-52f5-4b97-b1e0-1d53467f9719,WM. DALTON,8f1df2d8-c271-47b2-b09b-5e1b1fd473b5,true
e6f2cf68-5963-4d4f-8566-8d854ae10efe,Jno H Hand,4b5e42a9-6a94-4866-a97f-3693d763f063,true
035f480b-fb51-4c13-b7d5-731c636dbda6,George Creager,d4f1c8e0-023b-46ac-a387-16ed276055bb,true
26cc9513-3f2e-4a30-a134-59f0293c6d7f,S. MEILLEUR,bef821eb-3b4e-44ce-8a26-ea4fedf6fc08,true
14af1c6d-e231-4bb5-a669-62a50f1fa325,Peter Freneau,014eaf12-f807-4bd6-aa77-2e8885534580,true
713134fd-62f4-488d-8a93-700b8fa2c53a,Thomas B. Smith,2138204c-94f0-40de-82ae-cd784750092a,true
8ad24a47-13fd-4af1-9190-907d4c009d45,John Minturn,97669bc0-9f06-4fe2-9cc3-ca2121120067,true
b0e0b30b-5202-4fa3-9931-c711abe9c668,William Hall,2cb58dea-9151-40c4-bd80-849415e1cd7f,true
ff55e25f-c2df-423a-97aa-21cb15d11587,Jacob Foust,77d68162-d653-41eb-8655-5c5f00228d68,true
c74931d5-0f88-4ed4-8c57-0cbabbf2d1fd,Martin Nail,1d6bd479-6930-4dd1-b8dc-40a01a356ba5,true
c913d469-607f-45c9-b498-cd988af51761,J Simpson,122c9ab7-0dfc-492b-b7e6-9e1859eb69a3,true
aa5ec1f4-cce7-4fe9-9ed0-9ec60e4d0b19,W. M. Cook,032be9f4-def5-4aa8-81db-c19d2b8bab82,true
626fa6a1-f7ac-40ae-a507-41da4ff310ae,W. T. J. Vann,62da07dc-bc1d-40c4-a00a-dcdddbdda652,true
452d0d53-9cdd-4928-9c99-9ae66b1b322f,Jonathan Frizzle,599ad44f-ed8c-476d-bd19-68682ce33af5,true
35ba6cb3-5910-4e91-ad8f-700980dd1fbe,Christopher J. Coney,bcc7bd92-f853-4af7-bcc1-348894afaf19,true
ac55f7bf-000e-4454-b8d6-fd4c45f20402,George Gloyd,b3f5b651-261f-4703-a66d-ed132332d251,true
7aa4a16c-9eb8-4fc3-9ce3-0bb9cf1555dd,G. HUGGINS,06634f71-ced3-4e24-a2f9-bb75a0739262,true
ed4a4499-0861-4222-adcc-ca4baf8b3da7,"Patrick Merritt,",78814dd7-14b9-4805-a627-6952111abfcb,true
d2be2386-d306-483c-a369-a309ccb55f28,J.C.W. Legare,3cf46cb9-a64a-4737-a07a-8b6e7e0a058d,true
1dde95c9-e920-4064-8542-416f76624cd7,"ROBT. M'CALN",2bcfe375-255d-4c60-8f36-82d7ec3d43d5,true
e8242246-be48-484d-b24e-ad90d5ecf963,M.C.T Lee,d85cef05-5480-42cc-8356-75dbce2c288b,true
60c5610a-f976-4244-82f9-dff76e98708e,P L TREPANNIER,595f4237-b3ba-4c39-8e91-3cf74ea4ac3f,true
46fac0dd-0720-4515-ad7d-ea9a1cbbbd1b,P.C. Harrison,40b78ffc-2abf-45f3-a4f0-ba7834ca5e58,true
360ae351-699d-49dc-bc54-c4c251900e80,JAS TALBERT,dd629687-01b3-47a6-9791-abe6a096b091,true
7d77b312-8685-448f-a637-cafa4f5b4c7b,Dr. B.L,6e1eafe0-7685-4024-a030-c917c4e27acf,true
2c1e1454-82e9-40ea-a5ea-86b6c55fd06c,"Edward M'Farlin N. B.",b7bf5dfb-0b67-4431-9c7e-4ac01d6e41be,true
055f07b4-9008-4bdb-8792-058684dc03d7,J. Graham,9a8b14c0-f4fd-49a3-a88b-23666496b654,true
2be670a8-5e84-44cb-a320-ef6b4cdfc098,Augustin,026f5472-34b7-4c69-aff8-9ae5cd62e07a,true
cab4a947-6a31-498b-aa55-96f5ea68206b,Stephen Johnson,03d13afd-8c73-4275-8010-083d95c25ca0,true
ef0647c9-2f59-48c2-80e1-713ddc7c0833,JH. O. Devezin,9bb9a6ee-f1c1-4d54-a6ca-1845e9e89445,true
95539565-7eeb-4179-bccd-fc11432c70fe,William Hall,44247249-832b-4cc2-a4db-848f26a6a93f,true
5784f7ff-16f3-4209-832c-d61d92b5aa2e,J.W. Lesesne,565300b1-fc9b-4e48-844e-9f8d08fe63c0,true
a50b3b0e-ed76-44ce-a495-f7f453aeb48e,William Brogden,0bdbd713-6aea-4d1c-bd7d-6dff599a1c62,true
de5ccba1-6bf3-4072-bb83-63c78d2d2d2c,P. C. Harrison,a60df277-2979-42e8-baa8-0923354bfe68,true
161de46c-00da-4530-bd83-275c5bbb01a3,Thomas C. Cantt,40baa4a4-360d-4a4d-ac6e-f236cfb19188,true
f47e3397-fab0-4c49-b479-bccbc4275403,R. H. Watlington,8cd3c52b-dd63-4414-93f5-6077d717931b,true
b3f3e7e3-8dfa-4bc7-8340-990bbbfe58b4,"DAN, CARROLL",239a8c7f-542b-447e-b0d3-1e3c9a7e4515,true
17af77ba-ca8a-423d-b940-6cb50594dec6,Cerisay,d33d2d74-4335-4cf7-ab98-475ae607efb3,true
23eb8e48-7ff6-41e4-8b6a-ca6dea6494bb,Stephen Johnson,498db6a4-1d4b-435e-82f4-dcb5d0b1ec43,true
72ddae47-3637-402c-8e8c-d1a27c5071b5,JNO [John] M. WINSTEAD,75d770cc-0bf7-4619-b564-e4fc41a94885,true
701dddf5-c8f3-4893-8b44-342d558e0717,Stephen Johnson,9482bc38-4573-4171-bc0a-f5e114e46863,true
c781bb52-5f63-4064-afa8-aaabe17a0653,Deputy Marshal,3a35925e-b1cf-441a-a4ef-dfc236bc89e6,true
1d7cf081-1699-4717-a29a-9dd087d1d8ab,"G. Huggins, Sheriff",e4d21a3a-466c-4347-8bb4-804c139b610c,true
85f38437-1dc2-474c-bf9c-b7e6528bdf5a,Jesse W. Watkins,f8ca6986-423e-4c97-8e18-2181362d5bd5,true
edd69973-a907-49c9-a0ac-0b4718940626,"Robert M'Clan",4d0df718-c614-4f93-87bd-bc3fc2622d40,true
fee06518-3845-42e7-b4b3-643b23f7ade0,George Creager,dafe85fb-baa4-4583-8166-8f37fa336692,true
6205b4e7-5224-4da8-bcf4-03883f39aae6,Charlotte Bowman,652a3fcb-719d-468c-a502-a4858294d972,true
e27bd555-d795-4953-b07a-59ac599ec759,Isaac N. Johnson,8760273f-d5c1-4d78-97c1-ee6829e24589,true
157773c8-c6ec-45d8-ae72-cfc20d8675b0,Superintendent steamboat Franklin,f0688a38-dd29-4642-862c-54f550fb9d1e,true
fae6300a-e705-4ed7-938c-eb09823f040d,George Jackson,0601e661-6787-4fb6-9c6e-193ff0184fd2,true
721e755a-986c-4c7a-a763-87f04a1f5567,J A Beard & Richardson,3485a2ef-a0a6-42bf-9304-2d467612db96,true
d66c52de-4474-4097-8190-45fcb22492e3,George Rumph,ea0f07e3-aeb7-465d-9c43-cfffa7746d16,true
28b684fd-b848-4595-b3f9-76a35d0f6bad,Nich Maccubbin,fe232fd9-c82a-4fd4-b5b4-536296094918,true
255faa56-a9fd-46db-9408-88b1bcf69a58,J & J TARDOS,146afb24-357f-441e-b5a9-f3fff1cf4cd3,true
823ceb02-a4b3-4fbc-9da8-d8f46eda5340,J A BEARD AND RICHARDSON,fa2f3824-6fe1-4258-9212-af14d83a4ef0,true
403b70a7-7f6e-4823-882f-cfdf4dcb9844,George Jackson,c13702b4-8eed-4772-9dec-17bdedca122b,true
11bd7b6d-acf3-4e13-ad71-4632300d922a,J.N. INGRAM,3703e34a-4a9e-421e-8cac-3efacd5dedbe,true
9fc6dfee-406d-40d9-bc85-30886a9b7186,J. A. Prieur,239a8c7f-542b-447e-b0d3-1e3c9a7e4515,true
6a5bb7d9-6e2d-4782-a28f-2073216fe350,A.D Duval,b634cc3b-4de5-4dfd-8f7c-47814163af97,true
66e69de7-28b1-4cb5-bdf2-ca84fd8c3abb,H. W. BURGWIN,932006a2-7dfb-421b-a3aa-503e58445ea6,true
d48060de-4daf-4353-9f3c-e155f4eb69de,E. C. Bartlett,9ca1492a-07e3-47a2-868e-863f639b6aa3,true
83712c2c-2484-4cf5-a2a1-0629ae2c08df,R. B. McRae,dc0a1390-3cef-4933-be73-de400e0bfa20,true
3ed5d666-9664-42df-9730-94efdf09c870,W M. MOORE,48967a4f-0a0b-46f5-a2fd-dc174f308d85,true
f9b5b811-0abc-41f9-a108-70f762fb2bb2,JOHN HEATH,f02616cc-5e10-46e8-a7bb-1936e090933b,true
db02dc35-f2cf-43af-b2f7-0b9610c15a87,Stephen Johnson,03d13afd-8c73-4275-8010-083d95c25ca0,true
0805905d-30f6-4dad-a3a7-d4f4806175e5,J.H. Lewis ,{undefined value},true
cd316c7e-bcff-41e8-bd9b-beb035061dad,J.D. Allen,dcd23ec1-a4d0-4e2d-8dd3-47203c0b28a8,true
b4adeedc-3830-42f4-a81f-bd076e36c764,Green Gray,7bc4fa16-32da-4112-9d35-b3180b455d55,true
088622a5-9c1b-4512-b72f-109e65b1f8b8,James M. Smith,1029f1dc-359b-4adc-b739-88b92bf91ede,true
f16a56ed-045e-4559-b660-c154aec815b7,John Dixon,64b6e843-d7e7-4db4-b6d5-7b60806211a0,true
72b54de4-356e-4f79-adf0-8ee80f9d8e2b,L TREPANNIER,fee2234b-6d70-48e3-9700-1a8f41048a25,true
dacd2857-06b1-4611-a3ee-75a8141d1f84,Thos K. Slaughter,5a46bce6-ad19-4ad1-8275-5a5eae80b259,true
9b6d0313-210b-4490-be61-a0c1f69ee203,SAMUEL JORDANS ,64261028-7e69-4dcf-96bc-a56c390e1635,true
f3242861-bd47-4db6-b71a-5722fccaeb8f,P. Sheils,d6bedc36-52a1-4465-91e6-1f022622abc1,true
3a54944f-db78-4acb-a6d1-146580a8470d,Wm. R. Bivins,188bbef1-b230-40ad-b2ad-cc2f94b6f851,true
80d40f4a-c1e0-443f-a4d1-c762224e043a,J A BEARD & CO,aa25db00-b20b-4a38-b075-96dd2c14514a,true
cd7b66c7-14aa-49a0-846d-a0b105eaf808,James Talbert,3ca75d42-adbc-455c-859b-345e23de9ad2,true
34efbfb1-57b9-4b7a-8683-2ed49978c522,N. Rochester,1a002bd9-5edb-441e-bbb0-8503026a3d72,true
c89aa9b8-eb1d-45c2-b6fb-68a3b14d95fd,WM. R. BIVINS,188bbef1-b230-40ad-b2ad-cc2f94b6f851,true
1fbce7dc-7fb1-45ba-85a3-f309e237e26c,A. Lilly,616abb8f-b5b2-4b5a-a52e-c37250f22c7d,true
75a674e4-d72a-4375-918c-5bc72cd35d93,"James Talbert, Donaldson",a93a28de-698a-4413-a848-f5d741f6630c,true
dc4128b7-7b01-4b20-9e12-0b50ae6d1653,Jacob Foust,f2ea4518-6564-4f20-aa4e-feeb4718f2af,true
2ba97178-8151-4fd0-b4a6-162068342d3b,JOS. S. KEELING,acbef5e3-9a2a-4587-9391-fe72b6c7431b,true
e94c1635-58db-4a19-8a35-f7c288ddfc61,J. T. SCHONWALD,{undefined value},true
f7e6486c-0f2d-4ce4-8b2c-b65d98006dc7,"Robert M'Clan",ac3f5829-4964-4f17-9c08-b018d39408b1,true
dbacd2b2-e606-43a1-b287-689181057ad3,P  L Trepagnier,09a38670-daae-4bfa-9ed0-1b4c3233dab0,true
dfd77a72-d8ab-4d4b-9fc8-98d968bc04ea,H.W. Wilkeson,{undefined value},true
3186c540-d51f-4dcf-8406-8e502f705a50,John Magee,9025c81c-9f00-434a-b65f-feccd3e0a57d,true
6be0b6b0-4d56-44a9-a891-31938b63763c,George W. Underwood,fc7d4b42-9ad4-4861-bf2c-298619af58b9,true
8295a246-ea84-41e9-84e0-798bf50eac06,James D. Goldbold,1f084dc2-0722-4f91-a819-6a59dc9c2d4b,true
7d369f24-0d8b-4266-9b96-e1cb7002b439,E.H. Kendal,be5e517f-5810-4656-9d3e-19bc4a11ff97,true
db467c49-212b-446b-a8ab-0e2ce73b5a0f,P.L. Trepannier,a5be8085-ce76-49cd-8544-113dd785b787,true
a3cccce4-728e-41d8-9a9e-6797c48f4e1a,"A. D. DUVAL & S. T. LOVE,",a33708ba-3106-4aef-84d4-b706410a9614,true
60411abd-fd48-42c5-9425-34cd9b70e5f4,George N. Ware,c7d11248-1967-4230-99fb-2eaa60d533ba,true
af3dd715-9b69-4117-8593-2a18cd918afb,JONES & TURNER,{undefined value},true
9730dfe6-c819-4f81-8325-ce19ce30f507,Messrs John Fraser & Co.,2122bf13-962d-4345-920c-1f9c79830038,true
779823cd-0328-4b0e-bef0-1471fa74d012,W.D. Smith,ca37adec-3372-4f25-998c-7035ef29c8a0,true
37d9e162-916c-485a-bb88-9151e6a6a1c4,"James Wilson, Sheriff",946d7582-2d1e-4369-bf51-2bed3f0d5064,true
9b930b2a-a5f2-41c3-ab1d-830b8709884c,"Sam L. M'Lean",{undefined value},true
35664a5f-f036-4e2f-a97e-1a555f401606,H. T. Vennard,{undefined value},true
8977df79-aa6b-45fb-8485-58222b1ebf98,.P. Moore,59ce82c7-12ae-470d-a761-5e19e519d349,true
8afebccb-c539-4d90-bf0a-d393fa91788f,James Carter,841cb38d-4be3-4793-b84b-a6904c4cc3fe,true
bdef3ca6-9a39-4ec1-9470-efc31e7fe571,William Tebbits,37e02600-ba65-41bc-88fa-577d1e2aac35,true
96a038a6-ae67-4da7-b1d7-2178aa255ffa,"David Shuler, S.O.D.",7bda324c-b7e8-4490-83a0-bf7f5838081c,true
55bbd055-ea6e-4abe-b41b-39ee581af4ba,William Foxton,082139f7-39c5-468a-89fa-66d0606274eb,true
3ca44209-345b-4891-8caa-b1b5570bfc2f,John F Schmidt,24e2071a-a68c-4a5d-b33c-f15fe908098a,true
8a4d66e0-c7b6-40a6-919d-b88cc210f424,J. D. Allen,e4518d76-7b8f-4d10-b43e-6c9da070a936,true
9db92642-71ac-4603-a0e4-f15bc484fc46,John A. Richardson,656cd37e-d1d0-4bba-be6a-f2cd47c1ace6,true
f027d91e-6284-4dd8-87e9-acbfc54c877f,"J. Bates, Jr.",de773a14-ddff-4d6a-a64a-13448caac39a,true
dc517ea0-fc7b-495f-9aef-bbe3c44bc30c,Solomon B Murphy ,5d5c1b10-83b2-43f9-ab7e-f52572f83028,true
0822bdad-3c0c-4193-880a-36b8ac93508a,A. D. Duval,571413f9-582d-4a97-9100-c5e62d68051e,true
113e3fd9-c3b4-44cc-bce9-4e39d2dffa97,"GEO, W. UNDERWOOD",42c19917-5406-4b1c-b612-cb1366b69053,true
7fa10589-1aad-45a7-a9e7-027b57bf79df,S Meilleur,8a94477b-4fd9-4601-9f87-e29c9faa4ff5,true
9fae1747-33a6-4f62-b3e7-50bf0be8ae41,George Stubbs,b5938c0d-1218-442f-a9c7-8cf2e39965c4,true
97105d9b-5e7d-466f-b8a5-ad682449c5ad,J. P. Bates,a2318d98-d774-4a97-b74f-b541d2836884,true
91c1b822-75cb-4c47-8cba-2f718e162480,John Waring,eafa0630-1b71-4d17-a279-945730a6818f,true
add0f43b-69ec-4788-999f-c2e9adb8ddca,"WM. Seabrook, Jr",24e2071a-a68c-4a5d-b33c-f15fe908098a,true
44df0152-6d63-4dab-b030-c3e370d82f23,J.C.W. LEGARE,{undefined value},true
0876696b-35a5-4b47-bd85-9a957eade739,H.F Wade,3e6833ca-b4d9-4418-a4c0-2d142eeebcc0,true
19b84896-367d-4931-8ae8-c38499eb7eb9,Martha F Mason ,11967227-aee7-4e27-afad-8355c795ddd7,true
6f7a803f-fb03-450d-9378-0d23d1b2a48f,B. Merry,2cc8e417-259d-4536-8a21-88522725735a,true
c051fbe5-6be7-477b-ae51-367071d2c92a,Thomas R. Smith,{undefined value},true
018b4f3d-90a6-4ea3-9170-166fcb56f9de,John Fraser,{undefined value},true
fa874f14-92f8-4d59-a58e-3b045c1906dd,S Meilleur,e7822bd3-847a-4f51-9abb-52a11fa861af,true
3669a4fc-95a7-4d9e-8c5a-42523a538652,Benjamin Harvey,{undefined value},true
de1cf60e-07de-4a76-9597-cf7b1146c8e9,H.R.W. Hill,ab58d9aa-abe6-4a7b-8a83-687836727a91,true
427e35c9-5d5c-447f-b423-939d9cd766c4,Paul Kistler,220c0803-f95c-4516-ad78-38028c49db0f,true
b664ffcb-10c5-4dea-900c-67cc0ee22e82,G.Huggins,569f6d0c-0399-4c50-8514-af63572e2164,true
144a1fa0-e304-425e-94d3-759d42652be3,DANIEL C BRENT,527c442d-065d-4aaf-8fba-803eb554bd0f,true
176bb6cd-7d15-4355-af72-75293e6feab1,R C Blount,3c321179-5e24-45e1-909c-ef266c45115f,true
84d45431-ed97-4880-bbbe-d98e578d3b04,W. T. J. Vann,{undefined value},true
df1cbce4-0954-4260-8e53-6e9be30e7517,B. Barton,9318ef82-0a36-4059-93cd-fda7a69cce53,true
cf3eb922-bf89-4b58-b247-c9b9cb5320e7,Jas Talbert,3ca9dfcb-63ca-4248-a32d-e7ab5a10be10,true
6934e31a-2f24-4464-9adf-d527b21b1518,WM.R. UTLEY,{undefined value},true
3c85a3a3-8e2f-44ae-b431-8e5577f5889f,John Fryer,eea829ed-7837-4d72-abe6-968e22d99f1e,true
8141f925-48c7-4bf1-b304-bf86cad54114,Martin Nall,e29d9aa9-41c4-4543-9707-eab9f73643ae,true
e038a0a8-61ba-46c8-a1f5-699906378b9e,Simon Meilleur,e7822bd3-847a-4f51-9abb-52a11fa861af,true
a59a3f01-c439-4c35-9568-3858bb9b5ee4,Isabel M. Hutton,834a47f7-0c23-487a-98fb-a6a8bad1821f,true
eaf65a97-1d77-4df4-8d72-a7bd952f47e2,George de Palsan,{undefined value},true
d64397a8-52de-45e9-92ef-c49fb93f9cb8,Simon Meilleur,9861c9d3-fbd0-4ede-874b-6717ae3d4dfb,true
b79a8831-b313-438b-ab82-ca299effcc6b,Mary Ressler,e44801d3-4eba-4ba2-8e8f-5a1146bcf349,true
fa07057d-d303-4f91-8dc8-d41e0ea95d75,Henry Durden,430bc362-b753-4d96-83d8-bf852829775e,true
b2da2480-2d88-4afe-a280-e0d01ed98ac8,P C Harrison,345cb03c-796e-4b28-85ae-1cbae6923307,true
9777ab5f-8e2d-4b8d-b975-e17e7fad3963,GEO. C. MACKAY,b68c3ecb-4811-4e43-834f-c98cc06eb5a0,true
91d29953-6cd9-4dea-a0cb-4443cb622e5f,"Robert M'Clan",b9538e83-87be-4ae7-98d9-10582a411127,true
73eaf910-005c-4af1-bf08-7839faacde07,Toledano,9861c9d3-fbd0-4ede-874b-6717ae3d4dfb,true
84939115-4fce-4628-828c-b28c274f62cc,A.M. HOLBROOK,8026ec69-b27d-4ca9-8da2-5be39cc58add,true
ee034209-7d6b-4e39-869c-5cd82e39c464,Margaret Thompson,9a367fe4-6fb8-4296-a3c5-5463cd12540c,true
8c3bb8bb-bf43-40c4-bd79-c9ef63e39a99,Cerisay ,603c45d0-899a-4179-8e6d-b34063d9c63b,true
0e86fe91-9a42-4bd3-91b4-7a8292b57862,T R Hyde ,0437e8b5-2234-4f1a-88be-aceb9af12b19,true
e3114206-9c11-4c39-9ec5-b1e1959556d0,"H. Faulk, Jailor",713d93de-e4a1-4524-bac0-aed691b5696b,true
8d682736-fc9d-49f8-a7f1-276726ed66e6,Penjamin Howard,60ea8f41-8429-4b86-bd82-4d6f50278362,true
0cd9c8b8-ea3f-44fa-aff6-789bab1db190,George Creager,30f059a3-7477-48fe-96db-b718f914a442,true
81b49b85-97fa-4471-9652-bc6be4994fa5,Solomon B Murphey,5fb99bca-3bc1-4d02-97b4-3862094bf261,true
17c07d9d-2b9d-4a80-8e4c-10f21109641b,John Fraser and Co.,{undefined value},true
7d330a47-00cd-4bbf-8382-4784b6952abb,The Daily  Picayune (Newspaper),03d13afd-8c73-4275-8010-083d95c25ca0,true
37b70317-cc1a-4863-bba7-84c94de789a9,HORATIO N. STEFLE,040bfc9d-4267-4e4d-b2cb-8f5187e70091,true
a2288266-36b0-4e3f-bf5a-14f651980e80,The City Gazette,086174bc-df5a-4800-85cb-f51675602070,true
13e4ac36-defd-4b22-91f4-14804eca9c97,Thomas Harvey,d63cbf93-43bd-4812-a051-670ac452bf5f,true
eab2fce2-294c-4036-9c8c-25cfaf515128,Mesars John Fraser & Co,0496f9eb-127c-4fed-adb0-45f4897bca00,true
ddeeb3d3-6136-42e8-ba9d-fb2b6102f73c,Someone else,8c936e98-41e3-45b5-af79-095840764dff,true
51f54463-c60c-4380-87fd-8532635c9bf1,Thomas Hyde,7d8e1139-c77c-4ea9-947f-2fb8d0fc0c8a,true
d07dc6fb-8944-4155-a9ed-93dc87825e26,J TALBER,c6c2bfef-df28-4e68-9ca8-9a84e79696bb,true
ddfed2e6-0bce-46ab-84b7-c328229bc32a,"Simon Meilleur, Jailor",0c8cd295-57d5-4770-9556-5fbc15ee862b,true
23b0a950-02f3-4c11-b4b8-f835938a0eb7,Q.B. CAUSIN,89df8222-8b5d-4754-b390-4120762a7c39,true
a3d84e3e-d53c-4fc1-b80f-869d7f679a86,James Carter,75c36b3b-9d72-4243-8df0-7f6a13814ea0,true
a479504f-6c83-4743-a2f7-2ff4c0050b23,C. Scott,3ccbd597-339b-4622-8837-3f1900e69021,true
ed677426-2ee9-42e1-a823-bf2ab806f1f3,William Clarke,b737ca0e-2041-4446-b28d-732e62807772,true
f72d4261-ac66-4800-88c9-4c91795c6fe9,Simon Meilleur,8c952606-6b44-4078-8134-1a171081ae38,true
eb806803-4b95-438a-92a2-ef2f2c4bc560,H. WALPOLE,387bc31e-6afc-4a3d-98d9-7790e8262bfe,true
5fb7feac-9e0c-499b-b5ac-0d8aa5708696,A. Mauldin,6341e770-c88d-43ba-b1e5-6f63ff5d91f0,true
6f0b6c1a-0cad-4f0d-829e-a2a977e3f3a3,John Turner,15d3351c-1136-4b8b-99f8-7fca8f1db5c8,true
cd7e76a5-f564-4338-975b-d8c724839237,B. P. RANSE,8b004cb3-a77d-44cd-9e2d-6e6a36130c7a,true
bb72dc72-27c5-4af1-9eaa-92acec722dd1,Conven S. Kennet & Co.,9890d017-9c54-4413-a5cd-b9ebc71bd6ad,true
7d61d29e-93d5-4384-baf0-daf513053b63,John Anderson,523880aa-18f6-43e0-bd1a-1d77970bbabc,true
6a7cf76a-e703-4458-808b-84818390a1ed,William McClure,271b7110-103d-4ce6-be46-b38d8cdf7044,true
be578fd4-0835-430e-94d7-a450be3058cd,The boston gazette,a51fd65f-09f5-4aca-98b3-a652cbbdca77,true
009b5b18-7110-420b-a6ad-b86341071119,ciser,477c7977-c268-443f-91eb-1670660f9d69,true
3cf3dcbd-26a4-484d-b5ec-1ce5f7e2d18d,James Bryan,21d3916b-7fae-41a2-806b-e477b82582af,true
cd0bd205-c6cf-4f95-ac54-3e1004c7767a,jyl-tf,e7822bd3-847a-4f51-9abb-52a11fa861af,true
71aa0bfa-69a0-4349-ae95-786b72ba9f30,Jas.P.Bates,19bf84d2-855a-429c-aa5d-880405a7a08d,true
72abfc6c-48bd-40f5-9d75-905eeafcfb07,W. C. Wilson,{undefined value},true
1a0ef343-ce8c-4b64-aa10-bcafc1121c59,"M'Call & Adams",50b44ad1-6860-4918-843c-3c94f65728ff,true
eb3474cc-c8a3-4bf0-adcf-484ec596727b,Sutton weems,4e151fb0-8b05-4312-bcc2-f0d8c3358ebd,true
150fc636-d61f-4cd6-8753-d4d31c80f996,James A. Rogers,a710c6ae-46f2-4b40-9109-89d6b07df635,true
47d48d55-e197-479e-a776-ed2870203f6a,SMEILLEUR,1103ae5e-d148-4050-b798-9c977d4c05ff,true
2fb3f76d-949d-4021-9c6b-7ce7e373574a,"DAVID C M'CLURE",{undefined value},true
0518cdf9-08f3-4cf5-baa9-3c8556755310,Thomas Kelly,338f79f4-f95d-42ef-9777-dada4a3d62eb,true
dc6514ef-cce0-4cd6-97d5-4e0b5a9f8a9f,Jason Thompson,{undefined value},true
b35796e6-0c66-4721-ad03-d02761c691a9,"David C M'clure",468df0e4-6be5-4e5f-a986-b41de2ff1448,true
f56baa35-406f-4f29-a322-fefb93dadbdc,George Stubbs,3f3022fe-4508-4582-aa88-34b1566432e7,true
fdaa7318-126c-4b77-86cd-8b05557bc9aa,None Given,69b335ec-d7f9-46a6-8775-0b30790ced0f,true
a61acf2d-86c9-47e9-90cd-c4df982daa2e,W. B. Swann,2893b40e-fca4-428e-8f0d-f423139a02e4,true
18ffb6a8-6404-4205-a603-5ba5ae247cde,Caleb Weeks ,{undefined value},true
0e86bf3c-fdd3-4511-a519-0d5f6c112ba3,GEO. [George] T. COOKE.,617a10c3-12f8-46be-8f81-3029e812bc78,true
23a62304-f1f1-4ec9-9b6e-2c538230241c,Edwin Chaplin,0e23faa6-b6de-46bd-82be-ca75fc3bd683,true
5c051482-c409-4e4e-9d3d-106d0de8ff14,John F. Schmidt,{undefined value},true
90b10c23-ad89-4386-b6ca-b148e5b1eabf,George Creager,73f44fa2-8f94-4e12-ae0f-ce8c5d6f2abc,true
b43608ab-980c-4f1a-ba41-01afc4050f1e,H.H. Newkirk,{undefined value},true
7be76692-7813-4367-82c4-4c53c79d1d5a,WM W. Smith,{undefined value},true
382d181a-c3a7-4fbe-86c6-f64910d5bb9e,P L TREPANNIER,004fb8dc-ce2b-40d9-8247-0e5bf46f5aab,true
e52ed493-e4a1-4d65-91db-24b6e3494f25,J. Simpson,63c82a67-6162-4500-80f5-ea96a9f98ad5,true
c88d7323-24ec-410b-9734-50f14753bc59,E.D. Hall,d5efab1e-5822-4d89-afed-303c621dca48,true
861c144a-631c-4720-a9fa-204e34f02595,J. H. Lewis,{undefined value},true
d5bc32d4-171c-4c10-9ce9-ab93d5ccb589,SIMON MELLEUR,3cede3db-9504-4924-8633-1124ee61cd08,true
f6c8de15-b3ca-4a24-b26d-1ac2a291ae21,shadreck Hatheway,{undefined value},true
7d35f627-5036-4462-a837-f420af82b8fb,C. Crine,ce13d447-3ade-4620-a174-4c5d381d9381,true
31ea60bd-c8c7-4ff3-9d15-b22235fd3c95,HARDY WITHERSPOON,15bfee9f-73a1-4a7b-bf55-06568efead87,true
50ec5944-ca79-48fd-8555-430aafbd53f3,David Shuler ,72fffe19-4032-4411-ade7-70f471ff99f3,true
189ad8bc-9ca0-4902-ab08-c3acd726372d,P.L. Trepannier,81ff9d7f-3777-41ae-91b8-1b445b58d772,true
8375dfe2-0434-4c26-aa7a-f728b9585611,John Griffin,5f898091-31e8-41bc-bb2e-800a95608f69,true
1be6b369-8546-45a3-bb18-b3e969055cfd,Robert S. Norlin,16f342e1-505a-433e-888d-f1f303d52145,true
e8afbe94-f34d-4561-8941-b978b2d62186,Cerisay ,84860031-1c8d-49d8-ae30-abe081efdfcf,true
392bf567-266b-428c-9ec2-e6e18de3dcbc,Mr. J Yarbrough,90f30f7b-9644-4d75-9575-392c2ce859ba,true
8227962f-6083-4202-a4d4-bcd5d953b81b,N. Rochester,cb34bd11-fdf3-43cf-8210-71c46211d3d0,true
32b61b76-2620-4ac5-b38e-55524b70f4a8,Mr. Xaupi,e7636a0a-ec6f-40e0-a6f7-347e870ff8d6,true
8bb7b22e-ddb9-4f9f-87c8-9f37be8aef83,E. D. Hall,bd9afa3e-155c-4e40-89c0-c44fc0f8d707,true
ab635edc-2ae6-482f-a553-e4a8f697761b,Danl. Moorer,e6030fea-0b91-49a5-a15f-5ea6d73316eb,true
7641a49f-53db-453c-901b-5e49a88382b0,Dorisse Piernasse,{undefined value},true
688af2cb-72bd-4a96-bae4-8856f1b9d504,P. L. Trepannier ,a1809c5e-1201-40e4-948a-6bd6fbe09d10,true
c1dd3354-f4f4-4577-bdfd-d1082b8c90ba,Richard L. Rivers,2ef22345-05ff-471e-a200-17e396a60f40,true
83688859-be31-4c0d-97c4-a9291a9ba8df,CFrisay Sherif,aace52be-f73d-4511-8310-7c4f3093891d,true
41d95fa6-58c9-42b2-8e04-11e42d7a937b,J Simpson,4c7852e8-05a9-4ebd-9566-fdb28c70b294,true
44d4ecbb-6d3c-4b7d-98c6-3a58c105c80d,R. George,f124154f-0d70-48bd-a8d1-882c35bb7a75,true
3ea157b3-556e-4f20-b899-1f30ff5366be,JO. Baxter,37fda9fd-e81f-4246-81a9-59d633eaee0d,true
b066fb22-a016-4834-bd7b-6ff929bb15f7,lewis tumlin,5ef8b3ee-230b-4c81-9091-9715f39d4c6a,true
0cd62365-f6f4-4a11-a67c-2abd0e2deadb,C. Scott,58150469-1a3e-4454-8468-904e69416387,true
589b8b01-fce0-4824-af0b-1ad3b13346d7,Hall Neilson &CO,951f7e71-e32a-4483-8b69-0b2faf558fec,true
027b4f6f-ce95-4f77-b001-a691aa22027a,J.P Bates ,{undefined value},true
fd60cbdc-0a5e-4827-bda1-057eda482555,Jo Baxter ,63f5138e-0451-40cc-899f-cfde0fbe2695,true
90c0f31e-9bf7-4c47-9a71-a6e8fb0bbfe4,Moll Crock,d0cc3aba-1a73-4e7e-8e28-cbb537576171,true
fca95cc0-f1f3-42cd-ad06-f45b5ec670ce,Saml J Coolidge,3d7e52b4-5b3b-49f0-b367-cef45049861c,true
7dc8475d-247c-45dd-9f32-f40c5088a38f,J Simpson,63c82a67-6162-4500-80f5-ea96a9f98ad5,true
62dbf8f3-62ad-4f96-a5d9-5d83bde88766,WHEELER &WETSON,a7674019-7a2e-4d22-9ece-2ca78ad4e270,true
df4ea90c-b540-4a0c-9ac8-c58febb6c7e3,Massy Simms,58dbf545-8ad4-4620-a9e0-c757e5d15f88,true
74b7cf2c-ba2a-403f-9292-74cbefd9e560,James Talbert ,881709aa-431c-4161-9eef-67a122d43d08,true
779d5b0c-6064-4b57-ad2b-b3eb147d1443,W.T.H. Vann,ca9875fb-8d1c-4bad-943f-eb131c2df33c,true
e04c55ad-8d84-4b35-b408-96d83e911740,George Creager ,09f27110-63fc-4dff-9e11-7ef6af7701be,true
e7ef5c9c-3066-4ec6-9255-79a5e097e847,P. L. Trepannier,d46f1e22-4c4d-4f4d-b536-49b757022f02,true
b517e343-75f8-4075-b79f-d2087a4405b0,J A Beard & Co,728102ef-1081-48b2-83d0-836be153245b,true
76cb47be-cef9-402b-8bba-1236817efcdb,P L Trepannier,19eaf233-79a4-4a8d-9fc0-ffd98fda24df,true
f1aa0940-b19e-4d8b-9d3b-626ebe496d36,Richard Bailey,{undefined value},true
fc1dc1f2-0166-467c-9039-b2bf0b222b77,William Carington,c198ac7b-99e5-4b30-9ac7-bfe4498c8f1c,true
d441f5f6-7a52-48b2-9638-06d28c704006,Morgan Mcaffee,8b39ea21-f8fa-4cdc-a11e-bb0e1e74b3bb,true
4927b54f-7fe2-4bf1-822d-8d1a82462e1f,WM. Wilkie ,{undefined value},true
527fc5bb-3f20-4d15-83ce-b1a1e42035e2,John Fryer,eea829ed-7837-4d72-abe6-968e22d99f1e,true
1ba1c74b-7bb8-4617-815c-cdf62b366641,B. T. Simmons,8dbeb0f8-efa4-4a1c-a3f2-44a61600789d,true
13a332d0-1099-4a8b-8bd6-88d4c143b936,W.H. Edwards,576f9450-a264-4092-9510-6638221188e9,true
60bb9c01-ef3c-451b-8568-9126e1a64d63,A.C. Murdock,76c782de-e072-4cf7-9b4a-f4003fb94e5a,true
cefd7080-3219-43df-8f6b-18372bbc5a1f,Daniel Fergus,{undefined value},true
82420a0f-e343-4f96-804f-cbaaddaa187d,Thomas Bordman,a51fd65f-09f5-4aca-98b3-a652cbbdca77,true
5adfb4b9-8ff8-4f3f-9bdd-827b70d0bfc8,John Robinson,a1b58a40-fb83-48c3-8611-e2043e9ed558,true
3e4f54bc-f20a-4aa9-9054-faad00ec1c58,Mrs. Ann Rosendale,5466e5b2-695d-4585-be7e-c41f70bf12a6,true
ac5a8e7b-cc4f-4865-a6ca-19fd32002734,John Robinson,75ceb954-992f-45f0-ae1d-fd0bbd1f9b84,true
f1bfc0bb-48da-420d-8aec-4113da57863a,Orren Moses,dde3aef3-dfb0-4899-a0a3-fc1c533581d4,true
e85e7028-8c54-4dbd-ab72-9cc9f1339c2b,Thos. IL Smith,9861c9d3-fbd0-4ede-874b-6717ae3d4dfb,true
9f25c266-ef29-4493-aeab-ca24f600124f,Cerisay,4a04ad93-bdbf-465e-bff9-01d23c3ac11e,true
4ea354af-e76a-412e-8be1-63b74d91242c,P L Trepannier,890e020a-d0cf-4341-94d5-15365806637e,true
4fbd3a9e-cee8-4ea5-b520-b8971653de3e,John Rose ,f737a54e-cb6b-4888-8bfd-1f86ffee540d,true
36f4f8ce-f9f2-403a-bdfa-6539c18692dc,C. SCOTT,5576ff33-254f-4405-96a4-e7cf03f1819d,true
1dcbf4ea-7bf8-4e30-9c4e-346715fec733,James Talbert,87954fa7-97b0-4c15-9a12-8fc39df4fe03,true
f06ecfbb-42a2-46ab-9232-168d9166a036,Micklejohn,b6561152-36ac-4fef-b125-242aa0c32629,true
6144b29a-0a48-4a1b-b473-e9abb2d0427a,Cerisay,d5e8514f-9dfd-42e4-b090-616b195869c2,true
6e05614d-d5a5-48d8-a201-3be2d3c9c8eb,George Oreager,7c7579fd-477e-47f8-849a-ee903e3a6bc3,true
1c70af43-bac9-4a72-84ff-efd9d38b9b8e,Cerisay,{undefined value},true
95dc1581-27a7-4063-aa44-4ba4b932a87f,J M Taylor,61bcf1ba-eef6-49a8-a04e-c99558528dec,true
7f0320c5-7654-45fa-ae86-6c5a0028b8cb,S. D: Dixon,{undefined value},true
17c88e39-69b3-4e28-becb-6bcae0b6c8ad,J.A Beard & Richardson,59ce82c7-12ae-470d-a761-5e19e519d349,true
79534608-2575-4cf6-9445-b80591c18076,"W. H. Biddle, Deputy Sheriff",dc0a1390-3cef-4933-be73-de400e0bfa20,true
d8647172-e612-4483-94f0-2bb469d5bdd8,"R. Micklejohn, sheriff",c29a4d0b-502c-46e5-b9eb-c66c940c4e1f,true
bdb24b08-4e27-4279-a3eb-f67168796e92,J. BATES Jr.,9dd43df7-059f-4225-9935-227c468ca731,true
389ea39a-e4b7-4142-84fa-b33788af664f,Cartwright M? Patt,eb5264da-4854-4b08-b99e-6c9d7a2c9637,true
c76ace67-e29f-442d-bb1f-b0fa9355bc8d,WM Gorham,66fcad8c-4444-441d-a173-f6d86da09c94,true
bb030c20-e4f6-4ea9-b285-39831c9d04a6,Thos. Brooks Jailor,026fc373-72b2-4fc5-b562-d25627833338,true
5ddcf4f9-b830-472e-b7ef-4726ca2fa420,H.F.WADE,3e6833ca-b4d9-4418-a4c0-2d142eeebcc0,true
f5de2df5-746e-4fd0-9920-01e3d9eda4d8,Dr. labranche,2c97eb7b-5da1-461e-8618-080fde0b1847,true
83fe3ddb-3e6c-4172-adb2-29089f16911e,John Sigler,09413097-c4e5-46d2-9ce6-2578e26d9014,true
dc4116b6-24e9-4941-a94d-2c236059543a,H. S. Harper,59ce82c7-12ae-470d-a761-5e19e519d349,true
446ce020-5096-4cc6-95a1-b687f56ec42e,H. FAULK,bcbcb3fe-d06b-4c77-8c73-b61f4a21ef1c,true
77c80e82-fe19-4dd6-a396-4cff0b4e70ba,James Widson,a26133ba-413c-4ac3-a24f-cafdb74a8d17,true
cf9ffed4-3afd-4480-85aa-dd3f450c73a7,James M. Smith,49ab8d66-d212-47ed-8fbc-3d26a0777c34,true
f370d78d-76cf-46d7-9c03-fc6e1115413c,ISAAS S. WHITE,09e83edd-3fd5-4d0a-9dd9-6b516fabefe4,true
c6d2332b-e846-4580-9996-86117cb7cc6a,Daniel C. Brent ,3f848c79-6254-4da4-bc81-ed34c444d87e,true
02a4156f-9536-43b9-8db1-d61d0a8ef39a,City of Washington,082139f7-39c5-468a-89fa-66d0606274eb,true
d0187fad-add0-42cc-89ec-461a6000ab95,A. Seixas,{undefined value},true
c9166700-0aea-449a-8635-4e514d9b3bb1,Deputy Marshal,ad7d33c0-1352-4cef-8948-6f501d8ad30d,true
9d4eba2d-cda5-42be-9206-5f92dd91faad,M. M. & T. B. Brooks,{undefined value},true
80325f57-1d43-4a2f-bee3-dc729d0e697f,William D. Nutt,91019821-4f15-4b86-a0d2-11487f03c06b,true
a0467a3c-7df2-4080-9de8-adad61b20c60,C. Scott,5faeae66-e6be-45ed-b4bd-9db83f587101,true
b24f940b-82c7-4daf-a95b-c60dde21cbe1,George Bayly,{undefined value},true
45642251-2d76-47e2-b58f-a6d260edf02a,B. Wilklose,{undefined value},true
a35b1f17-a764-4e73-9897-a4739c037c7d,William C. Lyman,0691bb78-fb59-4e47-9d55-5b52c918690f,true
6228a5cc-ecbb-43da-983d-d2f6247c7238,Henry Durden,be5e517f-5810-4656-9d3e-19bc4a11ff97,true
d80d62d4-198d-4e7c-af50-23e0d56ecfc2,reynolds byrne,543c3a69-5e5c-482f-8d81-2717d81574a9,true
f2842821-630d-4935-8534-f119721533cb,John N. Thompson,a5cabcd6-ab27-413b-b250-119441803940,true
b6db7a76-cdc5-4c92-b588-04546510a88b,J.D MAGILL,d8625612-c828-4410-96c3-fe90055cc103,true
2b4820a9-7b98-4396-9154-15aa23aeddf8,J.D. EASLEY,158a7f93-ea0b-4da4-b832-ba9807ec9c9e,true
6bea6305-9840-48c9-a61f-0d319fefc92e,J. D. EASLEY,09413097-c4e5-46d2-9ce6-2578e26d9014,true
3ef074ce-1ebb-4437-ab27-93b57c934e04,Daniel Moorer,{undefined value},true
c50e928d-a276-4c1f-bbaa-f21fa7d81e29,Martin Nall,3a4082cd-039d-47a2-8137-331eb105a1e5,true
244922fb-41d2-4553-868f-56db2402a998,R. MICKLEJOHN sheriff,15d3351c-1136-4b8b-99f8-7fca8f1db5c8,true
94c9036b-4f6d-44ca-852c-beac33302cba,Johnathan Koen,{undefined value},true
5988c7a6-c4fe-48df-a667-250191adebcb,WM.R.BIVINS,15d3351c-1136-4b8b-99f8-7fca8f1db5c8,true
17688072-e838-4190-b7f7-4a47523dbb29,"M. G. SWAIN, Sheriff.",7852188b-08d4-498d-8813-28260ea2813f,true
7dc90564-7bd4-4ed2-9608-6788d00e9c3f,A Perlee,4c37b419-223d-4655-a8f2-c83b30711f99,true
4bbe5392-eff8-4555-9fed-26be1f296be3,James Wilson,a26133ba-413c-4ac3-a24f-cafdb74a8d17,true
e4d9f1c5-090a-4d1d-b5ea-72c3201371f2,J.E. Mortimer,1fa64e3d-3ef7-4a38-bcd2-31eec168294f,true
0f752423-ff37-4c57-ba38-165f36e1c088,George Creager,56345577-8f67-468b-abe3-f5983ffef091,true
630a8ea0-9b8d-4050-afed-54da79b73468,James M. SMith,7265d9aa-fc04-4a63-a370-0399bcebf1ab,true
acee6788-a877-4b81-b3e5-4f2716d32f3f,H.N. Steele,61fe4544-3c5c-488b-95db-7664fe307681,true
81f5515c-72ed-4112-bd19-754bd9702e4d,Josiah Adams,492a2a86-f70c-4d0e-9441-49819d4942f1,true
623a7486-c898-4263-b44f-b2645017bde2,Joseph Powell,695df6eb-847f-4f86-a884-ffa33a3a52be,true
00dceeb0-388f-409c-9e20-bfab6f849fe2,J. Davis Jr.,e1cd41ca-f756-48a5-b0e3-59855ad4f830,true
c98bc34b-61e5-418a-9e34-807a9685888d,Edward Hammett,{undefined value},true
48f269be-f1e9-449a-819d-35b775f1f3a7,J aicaid,{undefined value},true
0514822c-110c-4a62-a326-d4fa97791a59,Solomon B. Murphey,bd5f2690-4769-43d2-ae33-c7e0c3ef3f43,true
5274c1f0-b18e-4dae-a2ac-47443fe5adac,John,44d34718-8a33-4971-8525-2342e7cd40c9,true
92dfcb97-abde-4f33-94f1-65b68b2dae3f,MILLER IRVIN,d1d40407-81f1-41cd-afbe-c50d762db209,true
d9644a69-e140-4bd1-b5b8-f8efcdf2533e,Cartwright Tippett,e3c6df68-209a-420b-ab11-e865f9ca5933,true
3f44634d-0930-43c1-b145-e593fa1a4b11,W.M. Cook,{undefined value},true
9433eaf2-a0c9-4251-ab4c-682d1110650a,George W. Smith,c31bdce1-7dbd-44bc-83e3-56ef173da4f1,true
d1d9e7df-e52b-4d00-b0ef-5135f73efa26,William L. Callais,5b9b93e4-49a2-49bd-8032-4b028eeaf74e,true
1e9261ff-d251-458f-a7a8-342ffa0132e5,R.C. Bloun,1836e421-727d-4fc0-a6ec-b24b9a980af3,true
ad0b4f55-55f8-4249-a036-a06f933e3ad9,Henry Finch,a868b0cd-4ba7-46ae-919c-c7d9778ab266,true
04b59a69-0ab2-4524-bbf2-22595ba73560,H.S. Harper,8f1e1822-44e0-4fe4-a5ce-e039ea042897,true
0d2e5f32-e312-422e-924b-09884fe51a16,H.N. Steele,58150469-1a3e-4454-8468-904e69416387,true
778d7962-6408-41cf-9549-99f391713443,H. Wilkerson,5ac1447f-04e4-4922-8fa7-24c2bf90f8b4,true
acc8e945-3f52-45b7-bf80-c006e73d6b70,EDW.H.POMROY & CO,7f380284-6aa9-4efd-b77d-48218422aef2,true
e86c9726-2146-42d3-b74b-fafa6d195616,"James Wilson, Sheriff",cd6b60c4-4eb7-4253-ba50-5db5bfb18c6c,true
000875f7-20e5-412c-9d8c-1dc8a3b56bd3,William C. Lyman,76daf439-b975-4fb8-83ae-af225db0af95,true
5c69f3b7-b492-426f-97b4-7c8e91e503e7,William B. Putt,86a5f1e1-2aa0-470e-b638-ad89458e8061,true
fef1a975-9f19-43da-8e29-770deb78db5d,William A. David,8760273f-d5c1-4d78-97c1-ee6829e24589,true
dd87cdc8-4274-4c23-b177-6e85a4a14109,P.H. Glaze,153a9e4a-ea7e-4171-987b-db2c8a34993c,true
9e969b2f-2483-40c7-ad1f-6e746adb2719,R. Geodes,d722934f-b152-4a01-9548-c327717abfe1,true
b36c33dc-446e-416b-ab98-691ccad75ba3,Isaac S. White,09e83edd-3fd5-4d0a-9dd9-6b516fabefe4,true
007f3da2-f221-4e10-b078-1689733078a7,George M. Smith,fda69dfa-7ad6-46ee-8886-0f48b0b00047,true
dea6bd8c-b3c7-4fcc-96db-70b95dbd0dd8,F M GUYOL,e7822bd3-847a-4f51-9abb-52a11fa861af,true
fa9254cf-f8b9-41a5-ba76-a89f3ff8370f,David Daniels ,{undefined value},true
2e533c1f-d28d-405b-8b96-abc6ab97c616,GEORGE CREAGER,a7f5245e-6aa2-4bfb-b1ee-962f7aa8fa7f,true
640441c5-ef8a-4bc3-bb3a-e9377353479b,John Fraser & Co.,{undefined value},true
111d8496-27d3-4d00-978d-2d50a407b3bc,L. ZIGLAR,87c643cc-82b4-4166-884d-4ac31df91518,true
0f5a2de7-dd12-4304-94ca-f677dc75a2ff,Smeilleur,146afb24-357f-441e-b5a9-f3fff1cf4cd3,true
cb892cd8-9fa3-4e0c-a96d-abf1a85e9d85,B. F. Young,75738e0a-2de0-47cf-91c0-81cd8674346a,true
c538acbd-3a2e-4ef5-9cd9-66325055ec9a,"LILLARD, MOSBY & CO.",5e46e946-5813-4908-b3a3-b43d2c1ed1ba,true
420e8922-e06c-49c9-8f50-16a164c66b69,THOS. R. SMITH.,{undefined value},true
3ca6fdba-39fd-44fd-9785-ede0421dc117,"ORREN MOSES, Jailer,",a6cd33e1-9b9d-43ab-a83d-a4de74052c52,true
cd37ec44-b7bb-46e3-ad70-57d25e71bbf5,Edward Hammett,bd13a9fc-dd92-4977-88b8-931d4e6703aa,true
95938d0d-34ca-4319-ad07-750eda7c3926,Advertiser,{undefined value},true
2cbd9b54-2498-4e90-b740-7d58bb0d50cd,Samuel Beercroft,{undefined value},true
6d813a98-a045-4877-86d6-081e47e309de,Richard Stuart,{undefined value},true
389694a1-dabe-4958-9dd4-8e107fe828f9,"James Wilson, Sheriff",9f405afa-5be1-4e0c-80b9-fc613632ed7f,true
1737a73f-7a18-41ba-97af-6a64bb03b7e4,L. Trepannier,a09b1776-226a-4b2c-bdb4-6a019958b8fe,true
fb7ad93d-2fbe-4fa9-b1c0-494131564c8c,H. Kendal,5bf8b841-953c-461b-b84b-75dae7c7a05b,true
d87823ab-dab0-4017-96f9-d6cf67cdb4c9,"IRWIN, HALL & WALTON",85454e36-b0a4-4e9f-a50e-147e84240bd4,true
2beaef39-18c5-4315-85e6-2e697b1e23f3,Joseph Sims,{undefined value},true
571536aa-b106-4b8f-8a92-60d0d6f0d76d,WM. Dalton,dd6c1dc9-361d-4d05-9e39-a0bdf96ae6ea,true
7c143268-98fd-49e4-8d3b-e23406940de5,SLOANE & Co,{undefined value},true
c6986a62-9866-4abd-8eb4-711533e0c9c8,H Dufilho,f89a90ce-2ee9-4077-944d-0032bc7bff34,true
59375086-7449-437b-b3bb-1819ad7b4a19,"Boyd, Marshall",a5d89c5b-7a1e-460e-a5a5-7b3032275e24,true
ccad772b-171c-4e7d-9b6d-9544c3e38a8e,WM. R. Bivins,2393881c-b2fa-439a-94a5-98b2416aa8be,true
8729658a-6bc9-4a5d-8c08-ee69f4868f79,James Talbert,{undefined value},true
a0203adf-1b9b-4622-b8b9-5c059629235e,P L TREPPANIER,3199f461-524c-4228-87a9-079af145275e,true
e6660ac8-b422-4b7c-ab80-f87c34265fab,A. Seixas ,132af507-7995-4f0c-ae48-6e98a91afb99,true
12691532-c9e1-4520-985b-188263f32276,Jas. P. Bates,14358b40-d659-42a9-aa83-6fe2f9a98db1,true
dcc7aa2f-0127-43f3-89c5-dd9283cd70a7,Henry Durden,2a01dc8b-f788-4ccb-99e7-ddcd1f54cc18,true
711a75c6-eb9b-4e96-a51d-e2d0bd210221,E. M. Baynard,4ef311d7-4d96-40a1-90da-bdda8a9af81b,true
f7f9a9b8-ad99-4ada-9873-a00bf471ec7b,A. F. Neal,87bd9886-f3aa-4ff6-b04e-a1bf18528ae2,true
caa1a960-3650-4140-99a8-cf0f6622e213,E D Hall,0689e60c-bddc-46f8-a50a-86d039d50af4,true
d9a91955-abc9-4469-be37-292e8eb5daf3,"Andrew T. M'cormick",ead7a055-d5a6-4baa-af9e-efa509252472,true
ba36869b-04c2-452c-a342-f088d6af963a,John Legan,1029f1dc-359b-4adc-b739-88b92bf91ede,true
7b22de8f-9f0d-47b2-935d-ed4321661940,C. Tippett,19d88c51-0465-41da-b3ec-5b68c293be70,true
6ed23998-d9a5-4d5a-9baa-51922586b4b8,G. Huggins,49f5923d-011c-4aaf-bf48-31894f8cdf69,true
330f630d-4d0a-4144-bbd2-667a45bba15d,John Wilson,239a8c7f-542b-447e-b0d3-1e3c9a7e4515,true
8bc7f20a-9146-46e8-a5da-f8ed432ce796,D.Dixon,2ff0ff12-2b23-4bca-9be4-f2bfc9918ff5,true
a4d82882-73bf-4a6b-acbf-ad4df1b4399f,Jacob Duckett,082139f7-39c5-468a-89fa-66d0606274eb,true
7a3923d7-3431-47e6-b309-9204ac738065,J Simpson ,57250e40-083e-4107-a1af-951ec70711ef,true
bf91d6cb-5632-4361-a251-50b70a36af43,"J.DAVIS,Jr.",2a1db898-294f-4913-9fbf-ff2abcfdeb5e,true
013b525a-19e5-4a69-a807-aac8a18454d6,THOS. J. WILDER,cd8066e2-e150-4cab-a8b5-08f4fba8c1ae,true
1ab532f9-b50a-457a-bb83-5dcef9d420ae,Green Gray,d76a07b7-6bda-425d-b583-a2dfe5f7f1b4,true
5f1e3273-ce5d-4732-ae2d-c6691fdaae55,P L Trepannier,15e6692f-fc5f-4023-9129-8206b83921c5,true
7f849911-924b-4149-98aa-0c5e563cbdad,James M. Smith,0aeec94d-ec8b-4cf8-9f7a-b743d34dea1b,true
f74566f4-de8d-4500-8807-35177d2a7d99,Clark & Mosby,{undefined value},true
4eb06905-b511-4479-a898-5e7b85b19d06,Isaac S. White,3fa4e7fb-a448-4293-b365-85f786efea39,true
095d6916-f061-4c58-b749-99645d399372,A. F. Neal,{undefined value},true
c5827f93-b591-4da5-a77b-aced047fc0e6,"M'Call & Adams",6aa6b9ca-f511-409c-84b4-f3bff29944da,true
1e74a19a-09e6-44fc-8287-1468edf7d708,John Simpson,c638cf25-cd87-491f-84f2-f75998e4010e,true
e0887bb9-8934-4b75-b747-98f416278d7d,J. Simpson,47a0540f-6a4a-414b-b9a2-5a3d84a114ce,true
f6f96019-52b0-408a-8fe1-380a9bcf8dd6,Robert Howren ,d8625612-c828-4410-96c3-fe90055cc103,true
b4077e58-f0d4-452d-a83c-b9922f59e263,George Brasfield,083b0c7a-52fe-49c5-85b5-80e55bd7d1f5,true
981861df-2973-4047-8979-2d2e3b71ade7,James M. Smith,49ab8d66-d212-47ed-8fbc-3d26a0777c34,true
ba06796f-3347-47fd-b83a-e89a7e2f28d7,A. Suares,6d67763c-b0f7-4e95-a867-0b681ed2f2f3,true
61866785-8ec3-4c76-bcb3-192f4b51a9b5,TM Wadsworth,0a602fb1-deb5-4acc-b1ee-a8df76ccc130,true
9c40ea01-2e87-4b90-8ee8-0cbffead623c,J.F Alexander,09cc7421-da14-4773-b21e-b181961ed201,true
c105969b-175c-4428-961a-954851bb7e00,John Edmondson,7d1b3598-a29c-4cb1-a7e2-a52b600a8cfc,true
62e24c6c-2921-4c5a-b832-0e025ac61630,Mary Robinson,05a63752-e272-48f6-9050-72590c5d7ac9,true
56ab3b8d-c093-425d-8f02-7007c4c1d2b0,J. Bates,f4eae264-ece4-4342-b371-a7e2f818afab,true
54a7eede-9483-4331-95cb-a98bf2ec1f76,Richard Stuart,57b3c787-56c3-41cb-b29e-ddc89e755d00,true
8cca71d7-59ec-4e33-b8c4-7ab80680f7f6,"J. Bates, Jr.",3cec5246-e4c3-4f6a-b6d9-09fc4c6e238f,true
8575cdf9-5c18-456f-addf-2d773dd27bec,"M'Loskey, Hagan & Co",06634f71-ced3-4e24-a2f9-bb75a0739262,true
7be717ec-1099-44cd-9253-cb54de3c8766,Willo Williams,032be9f4-def5-4aa8-81db-c19d2b8bab82,true
d354b0c3-b3fe-4f75-b317-a0f4b48d4b9f,N. Combelle,41abf1a4-6fde-4cb4-90b0-97a9d042fdf4,true
05473b12-e3bc-41ba-9d4f-946fa2465cdc,J Galbert,ec04c3d0-bea8-4fd1-92e9-7f95dab49506,true
e01f8f5c-c36b-454d-8a23-7b630c2226ee,Wm. H. Smith,6ef86dc5-6eca-451f-a827-c7e136a3d40d,true
6264fc00-421c-478e-9d1d-90fe4a7b9380,John R Daniel,2d2f64e7-fc43-4d1a-a514-3686044fb2da,true
f4ba4d7d-9da7-448d-bab2-b9f0ec53ef39,Edward Hammett,eef06425-9a8d-4972-bd5d-ce6ca2a452b3,true
bc157342-4ffa-49ba-bd62-cc8b0ca3110d, CARNES & TATE,e82ecc3a-32d7-4964-bb63-6978d3fe4b3e,true
8202f81b-9bb7-41e9-94b0-be722f47e33f,J A BEARD & CO,bcb7c225-5eed-4e9a-a9a1-f7c46f772286,true
3e4991a3-0416-4bfd-b2b1-8a754e4c707c,"Arch'd Branch",325637bd-1694-4fa4-8c40-2e4ef2d6e9fa,true
52397139-4a20-497d-b0f2-825c18c8d6fe,Singleton Burgee,873a4f2e-dd64-4a4d-8cf9-8c5fdba707d9,true
5fc56af2-240f-4436-8684-640d0fdd5ac5,[illegible],fbf7d703-9681-476d-980e-7fd8cd3deae1,true
1a256a28-b951-45b8-a1d2-c6e639fe7c83,E. D. Hall,dc0a1390-3cef-4933-be73-de400e0bfa20,true
f152b323-56c4-46f5-9d4a-ba552ac0b35f,C M McKinley and S J Harris,8521daa5-eb51-47e8-8b7d-bc2aa56b553a,true
87a041d8-a0bd-4466-8931-57452bcf5a3a,G. Huggins,6fa42eb6-4c0a-4ca3-9056-0bef1fa4cfd1,true
493aca34-7bcf-4c73-a705-62e79f0a3021,Js. Edmondson,48337197-4e97-4e61-8a2f-5306be6b9a2b,true
c4ee48d3-fef4-4398-b8c2-38ff973d80a7,P. L. Trepagnier,eedd5958-01c9-4c16-ad0b-e4b0ae52e6f3,true
0dc12d38-1c8a-4205-9007-5a3af1cefe71,J A Beard and Richardson,bb19a23e-b971-4b17-8f60-bdb80ff228aa,true
a52d788f-d1e0-48c4-ade0-dcd6feb26939,L. L. Trépagnier,eedd5958-01c9-4c16-ad0b-e4b0ae52e6f3,true
d50cd652-4905-4c0a-a131-5d78ab58b0e7,Henry Burden,06a78825-10a1-43f5-8f08-0b3c4fd31769,true
48ab2f4c-52b1-42a1-bcbb-ff9b5ea655fc,Simon Milleur,9e690994-1d49-4653-8025-8bfdf71c61b7,true
5ace31cd-3162-440e-a14e-a5116039e398,W. T. J. Vann,dc0a1390-3cef-4933-be73-de400e0bfa20,true
d4cff026-d6c0-4be2-9475-08209e11f94b,CERISAY,fd6a32d2-eb01-459c-b361-aaf13e6d94f5,true
c49cb993-bd76-447a-aa8b-df24e2a3ec9b,Isaac S. White,18991000-2c3b-43d8-bbae-d7407ef41bd2,true
2c2f283b-23e6-456c-9308-20663859f895,John Cooksey,bcc36dad-1a97-46a3-957d-4bededbb934d,true
5e9f732e-011c-4376-b8e6-a14f9aadd03e,J. A. BEARD & RICHARDSON,e7822bd3-847a-4f51-9abb-52a11fa861af,true
c49571d9-16a1-4e39-820b-ab7bb3ea960b,LEWIN TALBURT,1fa3be22-9940-4ccf-b80b-032f940c657b,true
2db3a742-f59e-485d-9700-cbe781569ce4,Cerisay,6c4ab65f-f938-4d3e-8e09-b04ff94d3144,true
b0cb0e9b-8b4c-4471-a7bd-e97654748d94,H. N. Steele,b3962588-828a-435b-a653-c08e464568b5,true
2d58785f-e1db-474d-aa88-2c81720d3f24,J. A. BEARD & CO. ,cb45e6f9-cd99-4a97-9556-321cff06890f,true
433f8194-9a56-4d0d-ba2b-b4b5fa65e10f,JOHN FRASER & Co.,014eaf12-f807-4bd6-aa77-2e8885534580,true
7e5faec8-51e6-4829-8b9f-16fbb8dc4697,Master of the Work House in Charleston,{undefined value},true
ca3fa6d0-3063-4809-b25a-fe1632f888f1,W. H. Rives,b713f8fd-0a3a-4534-9c02-cb506cd906ce,true
2424dca1-db8a-4cfb-9a59-1b37365b9847,H. S. HARPER,780ed8fe-b8e6-4a18-896f-2bbecbbe3fe4,true
3e9e215e-cf76-4a74-a91b-89fa12396032,Martin Greer,{undefined value},true
6b2d9208-1102-478e-99f2-562354dd3eb9,P. L. Trepagnier,3a2fa2d9-8201-4d85-ac4e-f5f3f61c72bd,true
36276ae4-33a1-4bfd-837d-65e414c31130,Henry Durden,50529eaa-75f3-4e54-ba39-c103bc813497,true
e786921d-9f3f-40de-b902-a923ebdf6a32,James P Bates,6fa42eb6-4c0a-4ca3-9056-0bef1fa4cfd1,true
2511f27a-2a33-47e9-a2aa-f87a53680616,John B Grayson,{undefined value},true
42a16621-41c2-4878-836c-2f64486179c7,TAYLOR & CASSILLY,d4526e47-6fb4-4859-8dc9-026fb61c0386,true
728d13cb-fa3d-48be-b9cc-33b743f9f230,J SIMPSON,475def01-2549-4b9b-b29a-9008df6eb200,true
16839a0b-4e04-4b80-8c33-da3efee37c4d,"REYNOLDS, BYRNE & CO.",e7822bd3-847a-4f51-9abb-52a11fa861af,true
c1dce2b2-eeda-4fb7-9dda-7dbc78c67e8b,ROMAN & KERMON,d8daa5cb-f669-4cef-8046-ac0278b8c136,true
fd3e83bf-c814-4dab-93c3-73167bc6bfac,FELIX WALKER & CO.,4c7c304e-2a9a-4fb4-9f19-509fc854dc1d,true
03fbfe07-5ced-4c20-b8e7-299678b2c690,Jas. P. Bates,6fa42eb6-4c0a-4ca3-9056-0bef1fa4cfd1,true
31321555-9676-4324-a7c0-90af0d601aee,GEORGE DORSEY,ad2eca99-363b-4724-846b-c0d21516c339,true
58fa7ce1-84ba-43b5-8a46-e02396aa859c,"IRWIN, HALL & WALTON",85454e36-b0a4-4e9f-a50e-147e84240bd4,true
90ccba23-4d34-4071-a83b-538a6e477d92,Z ROMAN,08887da8-da0a-4991-816c-f8e7486a0c6f,true
13d3ca14-1e90-4cc0-9274-7be5d4074440,AUGUSTIN & THIBAUT,13be5007-04a5-41c6-8936-9130061fff3d,true
4c89a48e-7790-4bba-84ac-2602fce94f19,S. Meilleur,8320e76c-e453-4b27-8b53-e1a0fdcf28cb,true
666611d3-7b5f-4aba-9d66-69a00f3ffd84,Hannah Gibbons,{undefined value},true
fec5e007-5b6f-4de4-9e0a-2bfe10258e5b,A. Seixas,d141a52c-8727-446c-9da1-79f9acc6c2f7,true
50e51f40-4de3-43ab-aa8b-a9cc8bc72343,WM. B. ROBERTS,4b81f535-cf75-4cf2-b595-1456c5b292a8,true
241f2d39-1058-4ada-b6f8-ece8d77f88ed,JOHN HUTCHINSON,{undefined value},true
eb8106f0-db56-40f4-b21e-4e3b8d3dafdd,G. HUGGINS,6fa42eb6-4c0a-4ca3-9056-0bef1fa4cfd1,true
6eca1975-6d8f-4803-9661-e18e168c9444,E. D. Hall,540cb6b8-1cd2-4898-b0c5-ff56274a922f,true
aa920264-dc14-451b-9406-a897d254f2a2,Page Shields,22d05ec6-65b6-4c55-b02f-bd93c0d5216d,true
f6c3f9db-7145-4196-bbb3-696fd809a722,P. L. Trepagnièr,08ec246e-522b-4f38-8932-1a2b140d0e78,true
93ca17a0-6bfb-4e25-8e24-a5d7ab1ff853,WM. H. SMITH,f6ec7a99-7e3f-4df8-b3f8-d063d10c814d,true
ed0721d3-3a07-4723-9a66-6c2783f58903,G Huggins,d3ad0a8d-f0b2-4d89-be57-9c667e4dfb2d,true
dcc0d3a6-dd03-4ff1-812a-d8968793402d,H. G. BURTON,41fabcbc-20a8-412a-b500-e000a965c49b,true
dd9d70bb-5e7d-4b2c-a5be-6d0715a65284,BARZILLAI BECKWITH,0d35fa92-1507-431b-942e-bac3708d0e3a,true
92f5288d-cb34-4dd9-9a5e-6a24253cc05c,SCOTT & YOUNG,60ff436f-22ed-44b5-8e4c-b730ccef22a3,true
ddf16248-9f20-45ff-bdda-9a6160bfaa56,JOSEPH HAWKINS,15bfee9f-73a1-4a7b-bf55-06568efead87,true
d00087a8-b271-4a2e-bd41-138ed8c6f310,G. HUGGINS,6fa42eb6-4c0a-4ca3-9056-0bef1fa4cfd1,true
69a14967-af3e-4532-8326-ffb999d76796,H. S. HARPER,4857e3e0-c48d-4dca-aa56-ffed7b437eea,true
0f1ddc1f-3cdb-4182-9f30-c67fd82763ff,Cerisay,1f7f385d-e2ba-4552-9ee2-4e7367a62194,true
ef596712-4a0f-4ec5-a134-a64d4c3cc65f,Robinson & Davenport,06634f71-ced3-4e24-a2f9-bb75a0739262,true
75d4da5f-59e3-427a-b249-194ca503c00f,WILLIE POPE,588d201c-cd94-4b89-aa14-a0c8f7622b43,true
17ef4bdd-154e-4d4f-b32f-a3054749bfc0,Henry Eastmond,3f7730e9-45fb-4219-a889-f938554f9e45,true
5c0051ab-b251-4a87-8912-55e3643b4d85,​Jas. P. Bates,0af51cca-1c11-4dc2-9b10-9d1a87eb9383,true
cd798551-96fa-4124-8bbb-2df9fb2788ab,Wyatt & Richardson,bbfb50ae-62ed-43cd-8ef2-3eb465a8d69f,true
390ecd5e-d5f9-4f67-bdbf-6d767b2ac9b6,Joseph Hall & Co. ,7c9b41a1-6176-4265-b80c-9ddf3f98ee4f,true
8b0dfe73-1ccc-41ba-9fe0-5ed9af8a6969,DAVID SHULER,11316fd9-4594-4cdf-b8ba-7f3faabc0235,true
38450ae9-3e3c-476e-a26f-d900df9212f7,S. Meilleur,8320e76c-e453-4b27-8b53-e1a0fdcf28cb,true
5174700a-6740-4a38-8957-28a4dd7c225e,Cerisay,fc0c7fba-43e0-4e55-ac97-726e1610c89b,true
81c8a4f9-2f8a-4822-96ac-e462d2a3e850,B. S. Harper,e914183c-9991-44b8-b3b0-4f6a0204f3b1,true
41e01748-da63-499e-b68e-d84757da758e,John Simpson,122c9ab7-0dfc-492b-b7e6-9e1859eb69a3,true
8176ed8a-eaca-48e0-8845-bade97b43bc7,C. I. Oates,bcc7bd92-f853-4af7-bcc1-348894afaf19,true
eb1b7781-c736-40fa-9b33-9e9dac1e41c7,Cotton M. Stevens,133f6ecc-311e-4c94-926e-31cd65da2d9d,true
87dcbd75-32eb-4d05-b8de-828f9f426dc4,J A BEARD & RICHARDSON,bea5f177-8496-40a6-8c4f-5c2fbaeed56c,true
cf6a3ac3-c46e-42fe-a9a7-fea90a9645eb,Sheriff M.C.,f4eae264-ece4-4342-b371-a7e2f818afab,true
7dae0510-232a-4a7d-8597-950566e5c0e4,J. Simpson,63c82a67-6162-4500-80f5-ea96a9f98ad5,true
e025c677-0bc8-4487-ad32-ab23cbb4e080,William Stafford ,d71e5bf7-26b9-44ac-8f61-9691167ac182,true
fb78c318-f820-4c5b-b182-874da04b6ce9,R. F. COOPER,e95e047a-e084-4ca7-9a36-1dce971a0014,true
3dc3cd39-f5da-4a08-b821-5f22e3240dc8,"P.I,. TREPANNIER",07cd4825-50ea-4abc-8fb6-1e85b46d173a,true
15a29895-43ea-431b-9630-ceb50a0fe225,L. A. FOUCHER,53f43da1-d6a4-43cc-bd94-ac8729116ad3,true
9c5c53b5-70a9-4e1f-a3fb-7369684d697e,S. Meilleur,03d13afd-8c73-4275-8010-083d95c25ca0,true
e21e4ced-f8a7-4216-8067-cb376c12c0b1,J Galbert,c0e9c6bb-4ebf-4bc2-94e8-21de13122e5a,true
b686a7a2-0fb7-4599-9554-9b9abba41c64,John Simpson,122c9ab7-0dfc-492b-b7e6-9e1859eb69a3,true
87c4fc38-2e56-472d-9532-b9b097e5fab5,Cerisay,a4efa2a6-91df-4aa4-9198-5e69914c1ecc,true
3bdf7f32-4e94-428f-af0f-c96e07b79e29,John Simpson,a5281148-8d95-404f-84c8-9014a1a93b61,true
96fa7804-b2a6-4563-95b4-1e61455b1cd7,Gray B. Barker,2df2c08f-ae3b-48ce-aca5-ebcaa661b547,true
e73d0e9b-ccd6-4404-96dd-981a9c395cfb,C. Scott,d834f738-d5f7-46c4-bca4-e30818b28448,true
0551e8a9-8e5d-4418-8acd-13ea73a62ed2,H. S. Harper,28dc13ad-8ceb-4748-8b2d-14ca3ef899f2,true
11af0817-7424-4381-89a5-705aece97f47,"J. Davis, Jr.",239a8c7f-542b-447e-b0d3-1e3c9a7e4515,true
dcdbc56c-8cad-40df-aa3c-d89fd1c98700,Arthur Fortier,a386e260-454e-4864-8488-cea82d3f0e9e,true
133dffe4-e636-4929-9d30-7cb6e1263524,Jonathan A Brantley,0e5ceaeb-d96a-4fbd-802e-8dbaf22623ac,true
f0daf856-502f-4fc0-bcba-9a1a09ec8f85,Jim ,57b28615-e352-464b-81ed-32df1289f3a0,true
6892f1fd-4c65-4b89-8915-0f1955bd9dd3,Daniel C. Brent,07dfcac3-8751-4695-8513-71bb0e9bd3ad,true
c9b01a65-a745-4628-88da-15e04a4585aa,"James Willson, Sheriff",5b2428e3-e456-4927-afe1-fd391794387a,true
7d29a26f-c737-4de7-abfb-237b5e4d94aa,S. BENNET,e7822bd3-847a-4f51-9abb-52a11fa861af,true
c56cd0ea-b08c-448b-a70e-f91aa845ae3a,Z. ROMAN,eb45de98-ec86-4842-bcae-f4476490e1ad,true
7b2176d7-691a-4200-8c4a-78dfa4787345,Louisa S. Thompson,c761ec08-2c3d-4e53-85cb-084c8eaaa9e3,true
4fe26576-e793-4670-961b-b986249e3ab4,John Dixon,49b9f2bc-325a-42da-bd0a-7da057e46ebb,true
cce54a35-1dd2-43f1-9ce8-e0e5e92b940a,Edward Hammet,d692c231-1f14-4970-a39b-ba320cb76530,true
b211d6d0-072a-4411-8126-f70e2001344a,E. MAUNEY,ffd0c600-6a7a-48d5-8603-dea375c488c6,true
5c5efd0a-9db6-4a8f-b756-83ed27881a51,Henry Young,b8eea8e2-d316-4846-b001-608bc42f7782,true
97acf7d2-dae4-47b3-b3d9-65ff7ecefd0f,P L Trepannier,a1809c5e-1201-40e4-948a-6bd6fbe09d10,true
7206f670-d247-4ab5-b346-95cbdd63be19,Middleton & Co.,014eaf12-f807-4bd6-aa77-2e8885534580,true
91a5b787-1809-483e-aff4-af3a8ec04dad,Thomas Graves,470b2f79-f56f-4306-98c8-94ebba57a2d1,true
097e0341-5fac-4e77-a9a7-6ea5eda9eb8c,JOHN FRASER & CO.,014eaf12-f807-4bd6-aa77-2e8885534580,true
3a2afb81-1662-42a8-b925-62f276f12f99,John G. Brindlay,{undefined value},true
2114914c-926e-4c9a-bbfb-b2de805c6893,A. Garden,{undefined value},true
c47fbabb-5aca-4743-8c90-e3eec5030759,W. T. J. VANN,b2543a1f-39d6-465f-a00e-2fcac88b98b4,true
628ee4bf-7fe8-4fa8-afc7-72d9b7372e41,WILLIS ELKINS,620522a3-f260-4f36-906e-89dcbce1023a,true
d0d00f7a-1a9b-443f-805b-345cab2d6d2a,William C. Lyman,6f13ef43-8514-46e5-8447-c9305cbd2d8c,true
f9f5bac2-7e43-496f-8bd0-953279068840,H.S. Harper,a1b154f2-75ac-40eb-bd1a-d82927382dec,true
ab00f0d7-20ae-46d6-a251-f56dd9fa6308,R. F. Lockett,c4297f1d-1176-47f8-863c-0d7a0d51b9cb,true
a7284b5a-b061-467c-a6c6-0afe39e1fcd5,Orren Moses,6c14cfbd-4aca-4500-9335-4a7187fbdaaa,true
352da209-4939-4f8d-b086-d24d2874713e,Griffin Taylor,ff9ffb65-1e17-45be-bfa6-5041df5e468c,true
f33b5110-f3c2-4594-8400-a7b3e392a737,C. M. McKINLEY & S. J. HARRIS,8521daa5-eb51-47e8-8b7d-bc2aa56b553a,true
a4ad29d8-5cd6-4ba1-a712-ac9b3417a01d,David Lindsay,15155e71-5378-4bd2-bf70-71ea26fb7457,true
70ae25b5-2fa6-46a0-9983-32374c7e71de,P.C. Harrison,99846c16-e627-4273-be32-a2085fd2039b,true
c7d6073e-bcb5-4f3f-9faf-159da5a561a3,Samuel Beecroft,132af507-7995-4f0c-ae48-6e98a91afb99,true
4baec57e-1078-4798-a5d6-522cf7c6eab7,JOHN GLEN,11cd493b-009c-4f1f-b654-a959e42b687c,true
cd612ecb-2ecf-4cb9-bdf5-b2d92be9883c,Moses Neely,{undefined value},true
22ff44d9-8b22-46bc-be46-7751f6d5e9c6,J.D. Nixon,38d6a6e8-18ad-40ff-bfee-0eff63ca651b,true
16d93ef1-971c-43b5-935e-335467a4d79d,L. Hilleary,8448ccd0-ff52-49d4-b769-a2f180411463,true
2abb9652-772b-4d03-a459-ac04793b9af5,J Batch,{undefined value},true
26fbf2b8-bc4c-4dff-9c1b-47a4a3807e8e,J Simpson,a5281148-8d95-404f-84c8-9014a1a93b61,true
fbbd3fa2-50a4-4c28-99a5-70b2d78f2a33,C Scott,1417c2a4-b4b1-4770-be3e-29d5b11c345a,true
54854ad8-b2f0-42a4-b6f2-32ed15eec4ae,S. Meilleer. Geolier,6cba6521-184e-4dfb-a500-7e66909ec238,true
7b7f6f74-de61-49b5-bec4-537d9199e0cc,Mr L M Mallein,3cede3db-9504-4924-8633-1124ee61cd08,true
d1e36f4d-0317-4268-b495-6063318c13c4,Thomas Macoill,acf42359-be89-4701-998d-55a454461a11,true
313fda3e-d335-4735-8901-99d44be63b86,John H Hill ,34fb1580-ffad-488a-80ec-d8abb0ed119c,true
684d8e1b-991e-4ae1-b7cc-9e6786029625,Samuel McBatchelor ,2b24bc5e-2916-462d-b28a-2c5d6e04fbd1,true
b8b02261-de92-4d44-9c20-acbf5a5f51f9,G.B. Causin,c40daebf-396d-40a4-a8a9-7923d4936d2d,true
bc53d1b4-29b0-4256-bd4c-447b1c15ca76,Samual Fisher ,2d414ac8-0798-40d2-8812-29383a3a33a3,true
f00681c6-294c-40e3-b1f6-85c0d5bda029,Daniel Blue,2e165efe-f06c-42e4-938a-9255e561a117,true
81557b25-8106-48ae-942a-707a9bd35665,JOHN SIMPSON ,19ff8ca0-57f8-49d1-97cf-32eb25fd3c62,true
2c9671e2-71aa-493d-a80f-e88bcdecf17e,W. T. J. Vann,f3eb4a6a-eb6b-4fa3-a314-68dbd30dd410,true
613ed635-f81e-4a91-93d2-88e9439907bc,W.S. Ballenger,83efb73a-dff9-4b9e-bfe4-e78006146031,true
e8d154ea-3cd0-4275-ab7c-e733a228f5b6,WM. R. Bivins,047bf20d-0d01-4b6c-81b1-c18afe49ce79,true
e79a64e9-d0b6-4877-b5f2-5a52954adbcf,Max Block & Co,e6fdc63a-c5b1-4de3-88d9-9de29fd965de,true
38f859da-12f0-4c8d-bdab-e739d519f96a,Cerisay,74498c73-df31-43a2-a4b3-41d5858c8c19,true
3307f8f7-5e40-4ee4-8bd8-0c91fdcd7a2e,John Macpherson,58fe87f1-6efe-47b5-bdd4-1675a517705f,true
e67df089-b20e-44a6-8d12-184c42d7c39b,J. G. Blount,d11ce472-19ff-400f-8ab3-e932bfed454a,true
8689e387-7607-4519-9642-f0865df54a85,W. M. Cook,14752310-4bda-45ad-9822-0ee8098dad8d,true
545272ac-f976-452e-8681-f7ee4a55cf12,A.F. TELFAIR,27e11985-b75f-4562-86d7-37c0ed997403,true
8e1d6160-bf31-4113-99f2-6d408306305f,"J. Hates, Jr",06634f71-ced3-4e24-a2f9-bb75a0739262,true
49da8201-4d95-4b17-929e-5f6f7c177b4a,THOMAS WICKER,d2c223d6-8144-4fd7-8b61-5a9a81b85d00,true
349f2d5e-c0c3-4865-ac44-f60a24fb6cca,E.B. Mayfield,5e2fd7ab-338c-4d88-a267-f8fe2c5a4d18,true
796d5014-1401-461a-b0ab-931080db64cb,J.B. Martin,9d09352e-6494-47f8-97a4-877ee639c2ef,true
cb1ebade-42b4-4d3c-8d20-93f084e0a31d,Joseph Aicard,{undefined value},true
31679d4c-3caa-48fa-845c-bbfe7c71387b,P. FORD,d019795f-9ef0-49c3-82b9-b33e95755e0f,true
2a6f2b92-89a6-4532-9f06-5dda1a5d3e81,Roman ,ed2c65b0-552b-4636-9b64-fbf49b1c49e4,true
8c74dd12-5211-48a3-9502-2ce28e0da48f,W. T. J. VANN,{undefined value},true
18f56f84-68c4-4c0d-97e1-f66b60a5f126,"J. Bates, Jr.",06634f71-ced3-4e24-a2f9-bb75a0739262,true
7a46710a-899b-425b-a1cb-853ecf8df2d4,Wal Dalton ,aafa9777-c03e-4bec-95c0-c37de367e89d,true
e7a6f517-2bfb-486c-92d4-812e2c098c20,CERISAY Sheriff,{undefined value},true
5fa9b06c-71d0-493e-86f1-ce3a4958a305,J H Lewis ,{undefined value},true
a4429d0b-5a49-4c39-99dd-f2244a304327,I.M. Smith,6d7c46d2-6bba-4ecb-9b00-2f5f5612e2e2,true
152d4096-e442-4fd1-844b-8bac1d353eda,J A Beard and Richardson,bf14ef1a-1daf-438e-b977-700350dbf9bf,true
7f0f63be-136b-4f29-9041-b8fc669872ca,J. Bater,f4eae264-ece4-4342-b371-a7e2f818afab,true
f232c04c-41ce-47d8-a667-35029d4599d9,James Talbert,20195a49-390a-40ad-9b42-65cac3c76816,true
de7d0445-7dd3-4b88-9bdb-3d986a950fc6,William Carraway,1601f1e9-630e-4085-a6ab-5e5af0625671,true
fd1c4a20-b1b4-452e-99a9-e9a5380fb0d5,A.T. Bunn,24bf1da1-4988-4391-a228-f3adea4ad91a,true
65161a63-2a5a-42ac-bbb6-8ebde334164b,Alfred,89859f3a-b066-4f56-b20d-085b2a535860,true
97693b69-8c59-4f16-af4f-0574a246935c,J. W. Tohmas,10adf5a0-d6cd-4ffc-a357-2346720ba025,true
33b95cb8-d92a-4776-84cc-6d09e1b5ed6a,Francis Clark,d50fb985-d174-42bc-97a6-3aba883ed3b7,true
a37a826c-699f-48a0-ae7a-f289c6e45d1d,Jacob Mehle,6373ea6c-f87b-4339-918c-c221967b908c,true
be26c525-cf5d-4bd5-8b8c-6ead7462b0bd,D. Villars,{undefined value},true
255f1d60-80f4-44b1-a454-71a2b178b743,W.m Hopkins,fa13efb9-de9b-442f-a3a3-4d181e814152,true
c24efed0-8db7-422f-9a9f-d81aa0d47a79,Boston Evening Post,a51fd65f-09f5-4aca-98b3-a652cbbdca77,true
79ab8ffd-7601-4a0f-93dd-6e0371032b5c,Dr. Richardson,07b92699-2f0f-4f36-b5c1-3b7b52fa2498,true
acab9fae-c4cd-43d2-9cae-713b420e337d,H. BROCKETT,bcc7bd92-f853-4af7-bcc1-348894afaf19,true
ed2fdaa2-8d9d-418f-92c3-85e288dbca8b,SAMUEL B. WIGGINS,aefc73ae-4bb1-4a69-a827-3a0d93765652,true
8098f0e3-2c86-42b9-9a04-e714a3afd290,Cotton M Stevens,3f11d8ed-8052-4ec0-a31e-59e042ae08e8,true
6774e9c5-929f-47d7-ab8b-03c8604572a5,donaldson ,0abd443e-598a-455b-8942-f92ade8f5149,true
4345b124-6cfe-48f7-8eba-97e03c887268,Edwarard Gantt,e3794782-9a12-4835-a00c-e99904ec328e,true
3d9adb7c-4161-4c14-8d03-59f0c81a9621,"Jno Waddil, Jr.",e5bfd000-4855-477a-88c3-7993b3644c80,true
2325be41-cfe3-4fdd-939e-48efbd626a30,Jh. Pilié,{undefined value},true
6d9c7b7d-2808-4399-9b79-180fd766b4fc,MARTIN GREER,7c19ebfe-3940-476d-bc46-cbda1b7c3783,true
08d51e4e-7ca8-4939-b90d-157b40fdcfea,E beauregard ,0769e87e-f94d-45d7-b999-e886ea0175bc,true
f792babd-d425-478e-8518-863e9b4da0cd,Burrhus Cheek,2d622ce9-d4cd-4332-9019-10820f43023b,true
472bc211-0ae4-4881-b0db-351678dfec6b,A.B. Chestnut ,597708d4-6e60-4b24-bddf-38571443ffc8,true
3e62d903-20d0-4c8f-80b8-d04ef7387af1,james Talhert,1765d098-9524-4162-9f83-7d716b2f51e1,true
e4b8cd6a-3c3c-4173-a284-1257b03536c4,Sheriff Cerisay ,{undefined value},true
82752f90-d61f-4192-abaa-fd3dcdc2e461,Richard H. Peyton.,05a63752-e272-48f6-9050-72590c5d7ac9,true
7c4ca9af-8eee-43ed-8a4e-38026092cc4b,Mrs. Airy or Capt. Vardill,570ffb6a-91e3-4c6f-b6d6-0fec10207b3b,true
2f6ba2c8-aac5-4272-ad88-4d68dae165c9,D Dupre,{undefined value},true
3463abcb-0cf9-4d79-b67d-bae48347d40c,W. M. COOK,01bef3e4-eda6-4568-82e2-b0482219350b,true
dc7e40bf-78a1-4093-aed0-7fe97f1c6267,C. Scott,58150469-1a3e-4454-8468-904e69416387,true
a4d090db-e13c-45fb-9eb3-9c8dada5ab5e,"WM. Seabrook, Jr",ecf4dd8a-b625-49c8-baff-99cc40b58dd9,true
8ad61a31-3a68-4590-9159-8a202144e01d,james p bates,7c9b41a1-6176-4265-b80c-9ddf3f98ee4f,true
dbb4ec6f-81bb-4009-ba77-365ecf9ec195,Horatio N. Ste le,16c29ed1-646c-4f9f-8ea8-4cf79bf9f193,true
d1478368-b72e-4f6f-8de4-612bc993c68a,MARIA,c2e6b6b2-232b-49c1-999a-579ae8af96f8,true
10fd84d3-cc7f-4198-b909-1046c0b94460,Peter Wagener,5ccd7363-a6d5-48e5-8c88-77d6ebe3c77b,true
766a17ba-d6c0-4b74-81df-7dd7c83b62e3,Edmund Cryer ,40b1c51c-91d0-40ab-bea5-23100ad2c4d3,true
80dbd33a-6dca-4641-9dab-7567c707fea0,WM. R. Bivins,6e3294c5-9806-4258-b1cd-1459cd4142fa,true
412a2a25-c472-4c84-9b81-617f4f577a4c,Rasin Gale,f99837d6-2b00-40a1-b732-fb2e7b4ee2d3,true
6a6174ab-456f-4fed-8335-58662b0766cf,J.O. Devezin,9b325c54-b8e5-4e3a-90e6-322801addeb1,true
f041da5b-5784-464f-922c-13bba45a05c3,H. Klonne,7620ce63-3a13-4dbb-8775-b86bb5218a89,true
f8962e95-6cae-48c6-aaba-b44451b7dc37,Z . Roman,026f5472-34b7-4c69-aff8-9ae5cd62e07a,true
0065069c-1ac9-4db4-8943-7c73cd4e9f4a,James Brown,29982670-d64d-41ed-acf1-fc1ec5d91f44,true
f9446bed-62d7-4ce2-bbff-683c85e454bc,George L. McKay ,239a8c7f-542b-447e-b0d3-1e3c9a7e4515,true
497b463d-35d2-4b1d-baa9-13e11a18052f,John Calland,{undefined value},true
fe3f5703-defa-4cb9-9b67-0a0c337ac5c8,L.H Foucher,239a8c7f-542b-447e-b0d3-1e3c9a7e4515,true
b8022f84-14c9-402b-8fdf-8bdba3f04748,"E. BEAUREGARD, Warden",50628b38-cbaf-4c95-8002-cabfdcfdf42a,true
a7212aa8-ff41-4f89-a5cf-5c5bc84f79cc,Isaac Bennett,d6567887-37b7-4b73-b756-226a685fc75d,true
4c69d6ae-01d3-4727-b57d-684a0892a734,Simon Meilleur,be533a67-adea-471d-b3c6-83a0a5ad8d9c,true
21a3c4c4-6467-45dc-9332-eeba225eaf0b,Robert Gunnell,08d8992a-a7a8-4bbf-850a-960f7fad1405,true
9f20d4dd-d83f-4558-97a5-454e74edcdc3,John A. Gamble,21c89f46-3847-4035-8f07-9776a45aa463,true
8c5dedf0-d085-48e7-b0cc-a7d995e1b0f7,James A. Rogers,08cab96a-2132-4e67-8b67-bb51100aa4bc,true
ad59502e-a969-4c75-9d04-f12f79305825,Green Gray,35d2493d-dc98-412b-9450-90f8a89be2fd,true
28cea331-2b47-4875-839b-ac14155a94a9,James H. Chadbourn & Co,bcc7bd92-f853-4af7-bcc1-348894afaf19,true
c11881a6-b858-4d35-86b9-e3d5acaef94d,David Shaw,0ccafba4-b5fb-48b8-99e6-36b379237f2c,true
ba95b3ec-128e-47fc-89d9-7023856c6062,"George Creager, sheriff",622efdcf-9cff-4d9a-8927-0ae70922df74,true
db162f3e-151f-4826-9eff-834460bdd96a,"R,C Bloun, D S.",b032a1ec-f746-4ef8-8e76-8b649de3ffa7,true
75e3948a-9015-49d7-a458-c7740b86109e,"E B MAYFIELD, sheriff",979575c0-7bb8-41ce-8547-cce47aed7b5a,true
85ef70c7-4e57-46ce-b6dc-9e499ab3c932,SC & R BELL,59b4bb6d-5202-4170-aeeb-276bd6dc0fad,true
c930d1df-6823-4148-88bd-082670d8e0e5,H. S. Harper,40ea9d2e-0fd6-4266-a838-5f5f1890ad24,true
e1214fa5-d5e8-41e7-af34-0ded52b1d3e2,Leo Abercrombie,c11bdf72-fcf3-45c9-9bb3-169dd877c82c,true
ff596dbc-aa0d-455c-9414-04daf88d555d,Jacob Jones,162deed7-a46f-4fb0-8281-d2f39a9898ed,true
05c8c2c8-6507-4236-998a-51996f8f8171,W. W. Gunn,26a85828-f017-45c4-9f6c-547cf065480e,true
a29c5386-e9e6-45be-867c-5e54d64cd70d,John Reep,8e15c50b-e4e0-47d5-a68c-bd48fc0a7029,true
7d5c4091-b756-427b-b90e-b29f8a8a3939,George Creager,bab9be53-5b83-4903-92f9-70e87708c34b,true
7a0543bd-4a6d-4bb9-872d-546e2918f123,S. D. Dixon,fbc28f4f-c12c-45ea-9aac-4d94ef981f57,true
31b8d881-03d6-4605-b395-1e31158f2b23,J.A. Braud & Landry,e3292540-93dc-4aff-ac38-d26477e58fa9,true
eb74524c-30f9-4e46-87d2-a70d552c2df1,"J. Bates, Jr",eb3c2f18-ae26-464c-9b48-e3f08d2472ac,true
c84449bf-61a5-477f-93c0-a16c148ed749, chez mr Lm Mallein ,8d34be7c-ca81-4317-8461-a5d56201912b,true
1c90388c-efd3-4e86-a91c-edc34df0eb21,JOHN B. GRAYSON,239a8c7f-542b-447e-b0d3-1e3c9a7e4515,true
314959a5-6735-4749-b2b4-d74b235626ac,J. R. Lewis,201c1546-a2cb-4fc4-ab4a-0774b4af8d99,true
f3fafae4-7f75-4806-890d-6857977f0ded,"These are apprentices, not enslaved people",{undefined value},true
313c1e2c-2b8a-46f1-840d-98f67cf14b01,Orren Moses,c01bc89d-fe6c-4db7-b694-1fe0f5270960,true
3e7ce9df-a2bd-4fb4-941a-539b3fbabfca,"CERISAY, sheriff.",c468d074-72a4-4bc3-9ce2-b4b6bcd72a4f,true
5d576a84-6297-4ba6-b2ac-47ecf2878087,J. D. Allen,dcd23ec1-a4d0-4e2d-8dd3-47203c0b28a8,true
764b6f48-0c28-4f4b-9c30-fd312ba84c48,I. Edwards,9a7d5690-4e88-49c7-a4d8-6e062c7779f1,true
19b1afe4-cb86-4601-9e38-5f4499f31266,Robert Mickle John ,68ce7f0e-af66-47a6-a1a6-f0f6d982909c,true
63fb6ad2-a711-4836-b498-959ad3b23b10,"M'Call and Adams",09c78eb8-1ab6-44b6-8e28-04563088d819,true
400b8143-d453-47ff-a7c7-d491206fd285,JOHN J REMSEN.,239a8c7f-542b-447e-b0d3-1e3c9a7e4515,true
7b698d7c-b0ca-4e85-aca6-f8d1f40e129d,J Talbert,87b470f3-9913-45b7-a5fa-feba3d73f572,true
157a6190-57c3-4583-a3d4-edb3190c503a,James Gravier ,239a8c7f-542b-447e-b0d3-1e3c9a7e4515,true
f97ff47b-e2e0-4159-b91f-44f99b1ab527,Green Gray,fa0113c2-9802-460a-934a-687999107240,true
3863571d-72a2-4155-8b49-5b809cc1e7e4,David English,{undefined value},true
401de275-9f7b-4d47-ac3d-52f0d56e8fd4,W J WHALEY,{undefined value},true
05582007-d4f0-4840-afc6-b5ff54347e5a,"Sam'l Fagot",66fcad8c-4444-441d-a173-f6d86da09c94,true
f6ada1c8-a07b-427c-98df-4a0dfc151570,Edwin Chaplin,66760e4a-78b2-457b-988b-c2a1edc5dcf2,true
7e9344f6-638d-4332-9840-b4633795134f,Bartholomew Clarj,{undefined value},true
0f8cc7aa-3c82-4fd4-a7e7-58e15e8f67f2,Hugh Summerville,24218ef2-5a23-4c02-bc0e-33cc1cd1f16d,true
6142c92e-1ee1-40e4-8124-9e741e385f67,"H. S. Harper, Captain of the Watch",ea835706-423c-406d-b39f-a3eb7da7a81f,true
f3a8bfe9-4d2a-401c-871c-d66f8f028c1a,"Cerisay, Sheriff",cff929f9-2396-4ee5-937c-ba958e031531,true
e098dcc9-c3e3-49ef-be71-7feb8f05791b,L.A. Foucher,53f43da1-d6a4-43cc-bd94-ac8729116ad3,true
88dddd09-ef83-4598-9bc6-22069e976747,"D. Holman, Jailor",066b7f2b-f73e-4dc9-a149-b6c7eafee229,true
0725e585-4d85-4850-aaa1-a703418e5565,"John Simpson, Jailor",6a68f079-0899-449c-a5de-4d597d8149e3,true
4da0ffd2-b3fb-4a21-9d57-d0cf29ec0dd1,"S. Meilleur, Jailor",be533a67-adea-471d-b3c6-83a0a5ad8d9c,true
6afd990b-7bf7-45f9-bd78-59e073d5e5e7,P. L. Trepannier ,a25e99c0-2f4c-43c1-b8c1-5cfbe6923cab,true
c0dad723-53f8-4596-8918-45e2970074a2,Daniel C. Brent,9b34a2e3-c3ac-444e-b3c5-3b3788663d18,true
9765cd3e-65d9-420b-8a81-1357553123bf,E. D. Hall,71518342-520a-47c5-a44e-d2f5631d7f33,true
f6f1d19f-353a-49d6-951c-b0dde8b10dec,Gustavus Colhoun or Rogart and Foley ,fbeed994-0689-43cb-854e-f4e3e6ec0102,true
9392edc4-7e97-463e-ba7b-1e2774a8834d,Thomas T. Page,25ae9850-86da-4e82-970c-1521faa5ec51,true
3170f553-177b-418e-b76d-34c07d4b7633,J. Bates Jr.,95ec756d-6f88-4394-ac47-df6a8a465eed,true
8d334c67-3280-4c76-9e91-997b4a5a47df,George Jackson,5cbf2fd3-8267-451d-98a3-2e178a086a95,true
f4649883-9088-4147-9f80-de5fea4f623f,Z Roman,424b01c6-696b-493a-a26e-23da88a488e9,true
0d88c050-decf-45d2-b130-7681c1e982be,"Daniel Moorer, S. C. D.",29e8f203-ce8f-4656-9e1d-57389fb1e8bf,true
dc4e670c-aaa4-403d-a2e7-05cfb0acf869,Will Scurlock,2e779f3a-2fad-4494-9240-8ae037f6508c,true
16fc675b-b4f9-40c1-9561-59473ece0c27,CATHERINE McMULLEN,08e378e9-9795-4d0f-b892-cb4430b36b47,true
7fe401a1-2372-42ae-aa9f-b9fd6b2ec47b,John Simpson,b18c71db-6a0a-46a7-9941-888e5d392b0a,true
68066348-fd29-4114-906b-afe16d1e6501,C.  Scott,61a2d047-7a4a-4d88-84ef-701e81645892,true
0984bd3b-96ba-4209-a155-e6a975af61ed,William Patton,cf84fd9d-8cca-49c6-9c50-cb848b4ed751,true
c7324251-1d38-489c-9e9d-844917cc6a48,James K. Polk,7200730f-4c84-4442-9ac1-4fabc6a2e25f,true
0ed16fd2-b96e-4a51-b92d-af767c159437,William A. David,4c7d0fb8-7d50-4ff4-91bb-09ea4ffa5716,true
4a7a88f4-54d6-43ae-ba12-c954125e6087,"Danl. Judd, Jailor",bfc6bfa8-c393-4c73-a7b6-ddd2a48ab1bb,true
37f338fe-5f40-4ce4-913c-1a5251097ff1,Campbell & Larranclle,70cd3dcc-0bfe-464a-88f1-273a7cd224ec,true
91c29e62-ee5e-4292-80a7-4632b2369feb,Jacob Mersereau,0dcc9b57-0fd5-4cb1-9121-b04c6f2f65ee,true
d1d54588-a7fd-4b9b-968f-38841285f78f,S. Meilleur,23a65bf7-019c-4332-a1c0-d3588f1283ea,true
278ba322-40b8-4c71-9d02-85d8b52d91a0,I. Henderlite,d7d30f3a-7c5d-4309-9296-78d126e17f08,true
c3f387e6-7419-4c00-9bb2-37602ba2978c,"John Lanier, Jailor",71abb399-ef83-4b35-9722-036f351c7cba,true
a5f4696d-afc6-4733-b31a-07d10b7aa71a,ROMAN & KERMON,75589543-bdda-439e-b458-749275dfcde1,true
c852ba2c-42de-4c0e-828d-7f578764c655,A. F. Neal.,ecd76cd7-17a8-41fc-9619-01a71a91af5b,true
96cfc1d4-be60-46c8-b848-2eab0e84fde8,Isaac Henderlite,aac9febe-e5e8-4378-8d8f-8def8e70bf8a,true
b2259994-b3b6-46c1-9790-36c22c663a53,George Berry,c0060d1a-7c37-45ac-867d-a0334f6193d8,true
66abfe71-185f-49d8-91f0-53424ec22da8,James A. Rogers,e049ac6e-5d79-472a-b72d-cd6f569a37c9,true
c3102ccc-a3c9-4b9c-8ad9-9c5baf471d13,Joseph Plaisted,a3913895-15d8-4e8a-b659-ce6fd9106649,true
334d2c7d-4f04-45a1-bad2-9492c52a27c6,James Wilson,15a2594c-d6be-46dd-b983-ca71f3fbdaa6,true
d450a853-630c-4c1d-82ff-6df4f2e75ab9,P. Gilchrist,{undefined value},true
f7bc1fcb-4916-4d75-962b-da4319959769,"James A. Rogers, Jailor",02ea6d05-297b-431f-bd98-6b2e47b3e063,true
0b0e4d74-7927-4245-b687-2c5dafc8e335,WM. R. BIVINS,9e2c8c24-c268-4b96-8b79-ea5400846a56,true
591d1566-8163-4154-9385-2c7059706152,J.O. Devezin,f953fb83-f256-4a47-82c6-cf206e86e630,true
33ec37c9-cbb6-4a34-a45a-60e36c871d43,Hall and Walton Irwin,0931339f-68ff-410c-a015-c7fabb03599f,true
72ba3c60-b7d8-445f-896b-c58438dad7a8,J A BEARD & CO,39a35503-4fef-4a37-9cb2-a2fa8fb800f5,true
55e86d8b-2638-4534-9d55-ae6120864026,A.S. BALLENGER,{undefined value},true
d15864cb-ed21-4a93-a4e3-30b1aafbb0ed,Joseph Cox,ead76c1d-70e9-4823-92ba-9059ff5ea1f0,true
0447c657-83b1-4102-b22f-d844c77ac794,Cerisay,99309d0a-8d76-495a-8913-b66e79d9af53,true
af07e350-484a-47c7-9be7-82c433eeda36,AUGUSTIN & THIBAUT,d9e76e89-e2f8-4a83-b0c4-f88d20b7ced5,true
e2bc5232-faac-4b2f-bd28-ce66f98d8300,W.M. Cook,032be9f4-def5-4aa8-81db-c19d2b8bab82,true
2e7d9052-dbfe-4bb3-8fda-b541e8545982,James Talbert,{undefined value},true
14448a2f-c036-42a7-b541-7f8ced84c30d,"A. A. Williams, Executor",{undefined value},true
b9ce83ef-8552-4d3f-9617-bb829dde13f5,"Cerisay, Sheriff",7dcebcd1-3e3b-4206-aebc-515024a95d65,true
35c5288a-4a95-472f-9fd2-a74719aa14f1,N. Combelle,09d6efcc-7d15-49e9-b3f1-52c06de2335c,true
049a3bbd-e9f8-48d3-837d-068e466db648,John Kedglie,549eda6a-fc55-4c05-8324-78ad3f8ca527,true
e06388bc-819c-4dce-93b9-1f27b7100df3,Roderik McAuley and Kenneth Clarke,7ba4e631-54b0-4c86-b772-98156af4334c,true
931ff37b-6d4b-48ad-8726-5266531b0cab,"S Meilleur, Jailor",026f5472-34b7-4c69-aff8-9ae5cd62e07a,true
07c8d9d3-c149-4fba-b911-2693735cd436,Samuel W. Bates,014eaf12-f807-4bd6-aa77-2e8885534580,true
d451a733-524f-4e11-87cc-669925d9a8c8,Edwin Chaplin,766b9ec8-081c-4014-9db6-095161775141,true
0cb4b8e6-78dd-4e8f-9a29-db78737723b7,Johnathan Meigs,132af507-7995-4f0c-ae48-6e98a91afb99,true
93ebd5ad-31d2-4f99-80e5-8670970f7ba1,John Platts,0f43ff9e-a7e0-49e3-8267-37ee309835be,true
1d2e66a8-28fc-4e3c-977f-19c227ccad84,Alfred M. George,bc679180-2800-4db7-8e9e-d5fa9a5e358c,true
582adb12-5ce2-4124-869c-50fde7bc7d4d,Orren Moses,058f28b1-dc18-47a4-a932-77bb078bfe2b,true
af2aee04-1b97-40a9-b463-72207e6acecd,George De Passau,8a1845a4-df55-43fc-9e74-bf7b1e798725,true
a30e5629-ac82-48a1-9b40-647469cc231e,Daniel Carroll Brent,44928da3-9c16-4c57-a341-8cbdcd9bef95,true
69d3824d-1478-45a5-a26d-9f8c34d8373d,George de Passau,8a1845a4-df55-43fc-9e74-bf7b1e798725,true
48028d5d-17f2-4baa-a9b8-da2ff1d71327,"D. Duvol, Sheriff M.C.",7c9b41a1-6176-4265-b80c-9ddf3f98ee4f,true
4fe134b7-9b8a-4cd9-aef7-a0e57755fa83,WM. R. BIVINS,f5f58eb1-7862-4ddd-890e-548e0900c026,true
43f15787-2fe7-4f67-acb7-8494876ee50f,H. L. Atkinson,e2aa3afa-a558-4911-8dc0-6c5fe0d75e65,true
6e501103-e632-40ff-81a5-ef7f13552e9d,Daniel Carroll Brent,ac3f5829-4964-4f17-9c08-b018d39408b1,true
902d1c46-e60f-4cc3-9f91-a283cd128558,Thomas Bailey ,9f405afa-5be1-4e0c-80b9-fc613632ed7f,true
6746a6a9-c10d-4388-a3cb-445bbd438e3a,Martin Nall,ec2bfbb2-0aa2-431f-bd7c-9af29f01118b,true
3666e116-ebec-48ff-8801-7334d071cdbd,Robert S Jenkins,dd46cd5c-a89c-418e-8b98-58e28140fa6f,true
ece6f3c0-4e5c-4fb6-88a0-0fdde4b8a11e,Arthur Fortier,8b872e83-bb22-4dd4-87d6-ed835860c54c,true
b355dd13-3585-4d24-a9e3-83709550ec16,Arthur Fortier ,565984c7-5124-49a5-9660-da7cbdaea2c8,true
3aa4c088-4f48-45ed-985d-599a72698dc9,Arthur Fortier,c55caf6c-d9a8-44ae-ad36-30da428f4d90,true
e0a78dfe-afc7-404b-a23a-386135461401,Arthur Fortier,5dd8e33d-e6c0-44b6-aa96-d80ebec3c211,true
9a43f6c4-be94-4d05-9099-e7660679c00d,Henry Durden,8346cdfd-ea27-4bda-ae37-9711a17fec79,true
f4f94add-197b-472e-9a96-e6d2de89d58a,Tracy & Brothers,baac10e0-590f-4553-ba97-c4ea92556271,true
64b66625-8143-4441-8368-07da55cf7c55,D. Shulerberg O. D.,09be478c-a314-47af-bed7-c17d2ec215e8,true
9d1ec7d9-f461-42e0-a2e2-95aee9104cc5,"Ezra Mantz, Sheriff",1f53c11c-606c-45f8-bebf-1b87afd35d77,true
af209afd-2bf8-47cc-a589-68ce919a5563,D. FAIREX.,b8b3e504-2a17-4c96-a7c9-d2188d4038a2,true
c89a3138-f6a2-479b-92d3-a2492e0a85ec,James Wilson,{undefined value},true
109f7d06-3a38-40f6-88b9-1c15ad210194,Z Roman,026f5472-34b7-4c69-aff8-9ae5cd62e07a,true
878cdacc-325a-435e-8ff4-d2963d15f553,John Fleming,48dfaf72-92e2-40ca-970f-74b53ad0bb73,true
db10cd50-cc57-4f5b-98dd-27e5e3dc2e57,J Acaid,c7677ced-62a0-4dfa-8e08-d7ff5d03a7af,true
cdc017a4-0abd-40ba-92a0-13704bcef14e,John Lanier,bffea711-d28d-430e-8a11-e31bc80a0fa2,true
e3ea21ef-84dc-4fdb-be17-4fbd0f553dd5,William Crab,6723af75-3a17-440a-a564-394cb8b29ee5,true
d0b44196-b776-4e2c-8985-2e959b91d28b,"L.B. Krimminger, Sheriff ",c339e97e-88c3-44d9-86c5-5d24b0e74751,true
bee8819b-cf29-4afb-be11-e236ca5c420b,EDW. L. ROCHE. ,efff787d-287e-45f0-9e54-325ecc94212c,true
f6a03b39-073e-41ee-b294-c12fd5cdcf16,Miller,ed65e313-9bb1-4eaf-a45a-a79daf96f969,true
c7cf00a1-b3dc-45e8-b30e-31adca91eb64,G. Huggins,6d92e733-9db0-41eb-8840-7b3c41ccb1a6,true
283b813f-6e4f-41e6-a424-bd5e62bcdbfc,"David Shuler, S.O.D",6183d54f-c01b-45dd-b932-c7f547963207,true
1a42b442-7f15-4011-810c-b99ba7b4ddce,"Isaac S. White, Sheriff ",fe0c2112-8eb3-4fb7-b1a3-706b1cb68186,true
409ac9ef-0f13-49b3-8d8b-311667197201,Robert Alexander,30f3674d-05f1-4f4d-aa49-ff6ba41b41eb,true
e3992097-de2f-4f20-82fa-2ae3592ad1b7,Martin Greer,8e9979f7-f925-466f-92cb-f8b843e05a34,true
bb904a9f-6b77-4e2f-8015-6fede242a6e3,"W.H. High, Sheriff",bea01ac0-ab54-4a40-9558-8bed7b9d09be,true
680bc268-83af-464f-99f8-02ef4168d611,H. Wilkeson,2f8a1370-c028-4b8c-808d-261e840fcf19,true
27c71ae6-43a3-4638-83b2-9a800d8e4771,T.T. Gooding ,4bdbb284-f3ee-43ba-a0f1-107ec5286930,true
bdadf36c-8e41-4506-aab4-b9fa65a6ac4a,"Samuel Jordan, Jailor",1199ebca-ca09-4236-8675-ef82314eb679,true
beaa4334-d1d8-4ef1-92ca-1888a9f5e3e3,"F. A. Wiley, Sheriff",72cf9d37-2474-4d3d-a12c-fed1a4426286,true
67503da6-0929-4170-b033-098b1c32ea8f,WM. SHERRY,edf3a03c-d2cf-4f81-8e6c-5b4707ebcf4e,true
68985a84-fe66-489b-b195-4b726dafd98f,"JOHN FREEMAN, Sheriff",e1cafed6-72bd-4312-9a4c-35e661cb4486,true
ba62a398-8c3a-4a25-9e21-0ca7d2f08614,"H. L. Atkinson, Shff. ",95fd1bae-cb5e-4171-a269-992163b49812,true
be03ee42-7c80-41f0-b93e-dd99190e8591,"Deputy Marshal and Jailor of the County of Alexandria, D. C.",030c5f26-7516-4837-ba2b-1ac94024d9a9,true
d306f01f-f032-415d-a0dd-6953c33f09ab,H. S. Harper,fcae05ec-96b7-4677-9db2-b3e46a3474a5,true
8a6502be-0783-442a-81e7-ea406e034a7b,J Simpson,4c7852e8-05a9-4ebd-9566-fdb28c70b294,true
8cb62b0d-82ed-44db-b05c-d235addbf7b9,Z. Roman,6e5e0613-d357-4491-be48-4aa9d83a5a5f,true
9a97b95c-c820-4074-a14b-7b76e46fb371,"David Shuler, S. O. D.",7709e453-a671-424c-9bbe-2d1df0055570,true
c05cca02-35a0-4643-b395-bb3b3de5f0ad,"H.L. Atkinson, Shff. ",95fd1bae-cb5e-4171-a269-992163b49812,true
6ef0fd91-0068-462e-aa63-9224f61bbbbf,"H. L. Atkinson, Shff. ",64f66f05-9dcb-4caa-8c57-d918b1b049a2,true
52295dab-a1df-4363-831a-8d4076edfe97,Edward Hammet,317ba7b0-2566-47a6-9754-0a46db498c5c,true
7fb9c37f-8879-4d42-9922-78c35d07dd21,"James Wilson, Sheriff",5b2428e3-e456-4927-afe1-fd391794387a,true
db38a656-116f-4758-bd95-f35b84d385b1,"James Wilson, Sheriff",297eebaf-16bc-4745-87ad-407b09004e43,true
10cb85b7-c383-43c0-ab2f-4ce43462ad60,"James Wilson, Sheriff",b91b23f0-6330-4969-b186-c23d103d83b8,true
7e86f961-d94b-4b1d-a6d8-8162e98eec91,"James Wilson, Sheriff",5b2428e3-e456-4927-afe1-fd391794387a,true
2d6cfee2-a33f-44b7-8f3d-58ee9192008a,Joseph Hall and Co.,7c9b41a1-6176-4265-b80c-9ddf3f98ee4f,true
728c8d27-c78a-4c2a-ad38-fa70e5738169,J. E. Craig,5606a776-5d85-4d75-b9cc-6c09ad6f3d25,true
8f56610b-9228-4db2-ab03-761892c60f5f,Jesse Fann,25f84358-73e9-453a-9aed-c4be9a7cdb47,true
914744cf-e124-4275-88cd-6d6f829cf7a8,"H.  L.  Atkinson, Shff.",d1fff94f-445b-4924-b173-c70e25816ed4,true
4eeb9d5e-ee12-43ec-aef4-81ca81600bb5,Notley Maddox,693634cf-6c7d-4514-bde8-a87b054454dd,true
76d61486-8697-42cb-829d-8adbd80b5fa8,H. S. Harper,0fba91e2-52a3-42d1-bea7-c2fde1c86f67,true
9915e335-b53b-44ad-acca-1fd9979cb231,Stephen Johnson,44587c35-c6a8-47d1-b924-8653b50c6529,true
880c81ef-ff5b-4dc8-b67a-2490cfc92920,James A. Rogers,02ea6d05-297b-431f-bd98-6b2e47b3e063,true
d62d37b5-19e8-4714-88f8-4f5ae7ef3348,WM. Deveaux,683132c7-ac92-4324-8446-a0061b505110,true
c8d3405b-d59c-4345-87ef-26fed7e1f95c,"Gray Bridges, Jailor",1fd8ed12-9c9c-4e01-986d-d8714769c0a5,true
0b8208e1-7a0e-4018-a1e1-627ab1ea5a8c,T. & G. Holt & Co.,6d3302fc-3cd1-456b-be4a-1fa50ed76a03,true
97ee27f0-6fcb-4560-85fa-2a57b6cf4238,"A. Seixas, Master",bfbf7b42-6a9c-4ab5-ab0c-c41ca3085fee,true
70dc8bfb-d92e-4ea5-882d-b1efef976abd,R. Geddes,de0a820e-e4b2-446d-b659-a5cba35e4ce6,true
d650295f-f1d9-4e84-a811-cb38c396778d,"P.L. Trepagnier, geolier",{undefined value},true
b3710259-6ec8-4241-8d86-c93f70ae110d,R. PHILIPS,a55d26a7-a13f-4087-affc-7f9bd4aced52,true
d88db786-669c-47b1-8419-94d8131b5fcf,Strother & Bros,3274cd85-050f-4120-bb49-199da8415c2b,true
1a34598f-91d1-4b39-9e15-c79b07293cfb,George Creager ,b41d9aed-c886-4ad4-90b4-cc0915a69d36,true
b15ee2e3-304b-4f39-a170-4e2c2544ad5d,James Thompson,d0cc3aba-1a73-4e7e-8e28-cbb537576171,true
b9345ddd-d2fa-4d22-8989-145e995ed6e4,Payne & Harrison,03d13afd-8c73-4275-8010-083d95c25ca0,true
d26df22a-8244-4973-9094-241c8f6a596d,"Lewis A. Box, Jailor",bd03c7c6-40a0-4e1c-aa64-ecb1a2180432,true
d041b223-60ac-47a1-b748-d5b8a83eb6fe,"J SIMPSON, Jailor",475def01-2549-4b9b-b29a-9008df6eb200,true
05378aaf-9a54-4e5f-a947-9b3c8e1eb94e,Enoch Endsley,239a8c7f-542b-447e-b0d3-1e3c9a7e4515,true
d18bfd59-c819-433b-845e-9915d5f17f21,Robert S. Norlin,71abb399-ef83-4b35-9722-036f351c7cba,true
eef3adf4-ebdd-4c3b-8904-ac2c27dd31ef,John Hawks and Lancelot Grave Berry,69bf3a86-a5c7-42e1-b968-493827e1c53c,true
2c8b266d-7acb-41b7-ad28-85fa929c307d,R. H. Vickers,192813c5-258a-4a1c-bfdd-33b1266e52a5,true
485c2262-0ce5-438f-96f0-f8ff96e1bfd1,Sheriff M. C.,079ff944-6eb6-4724-a807-297095cc8d62,true
be48c68f-911c-46a6-977f-08aec082ba6d,Cerisay,b0faa360-96c1-43f1-87f5-ffa036345967,true
9a81c331-a438-4574-afde-d8f796d54a06,"H. S. HARPER, Captain of the Watch",080583a1-d172-43ed-9160-231fe3e4e0a3,true
f842b971-a6dc-408c-8e55-1f9952be695a,MICHAEL HART,7a0168d0-3ce0-4f97-9af1-babc8a179935,true
f88ce496-44b2-4de9-a95e-17f11cf72a2b,"James P. Bates, Sheriff",325200c7-edcd-4488-b66b-9a5907ac1c95,true
a2b1ea57-d624-49ef-b630-a372cf24bdbf,"H.W. BRADLEY, Agent for Flournoy & McGamon, Va.",1f52bfa3-f8f1-48de-adad-90ec2a977596,true
fdb08bb4-d782-46bf-a30d-93b1e6272ab8,"James P. Bates, Sheriff",f4eae264-ece4-4342-b371-a7e2f818afab,true
55591e66-cd0c-46e4-8818-fb1e2ed4b4f6,"L.S. HARTLEY, Sheriff of Caldwell County",79aed786-38c6-4b53-826b-b4ee1ea27a50,true
5b6180c8-47c5-43cd-8958-f151a42fa563,"JNO H HAND, Deputy Sheriff",6a5b4869-bb6d-4c02-83c2-8b8e58a369ab,true
542c51b4-2551-4b58-aab3-4daa850108b9,R.S. Harier Captain of the Guard,3150f1be-d9e2-4cf6-8490-57e0a029d71b,true
6ec4167c-f4ea-494d-b6d1-3a95d7b166b8,W.T.J. Vann ,aa4592b2-d299-4b88-91eb-d833fbe71b97,true
cf8161f0-964f-46d0-8283-dab91ef2ed8d,William C. Lyman ,6f13ef43-8514-46e5-8447-c9305cbd2d8c,true
fa352323-9def-490b-b8b6-3358a288b136,Daniel C. Brent,a5d89c5b-7a1e-460e-a5a5-7b3032275e24,true
1fe7bcaa-7fa3-4cd6-9af2-bbd10da42c7b,Daniel C. Brent,51ed11f9-f061-4db4-963a-f9a4d8f8f01b,true
c48afd9b-3da9-4014-8c06-c376dfc46563,S. Roman,14358b40-d659-42a9-aa83-6fe2f9a98db1,true
6b9ff6a4-b28b-4846-95d1-c39727150bfe,Edmund Keeley,295eefef-1a54-4542-b7dc-def6785cf61f,true
d66b4e54-ecaf-4590-a45d-d9ed24062c20,"C.SCOTT, Deputy Marshal and Jailor for the County of Alexandria, D.C.",69c9ee24-5c1b-4f0b-84cc-fb81ebc6260c,true
2fea1689-2aa7-4588-a7fc-1743a8297a2f,J. M. Johnson,f5dae9b8-f60f-4067-8bdf-0b1c37d93004,true
593125f0-aa6b-40e9-bf64-e55fd7211bd6,John B. Blount,4b81f535-cf75-4cf2-b595-1456c5b292a8,true
cb568beb-0a87-424c-90d6-2da50c68ef89,George de Passeau shériff,1870d1c3-91cc-4c11-a724-dd875bc12ece,true
5b95ce7a-6050-4ef3-a177-a47f25259574,W. T. J. Vann,5ff7d356-d8fc-4fd5-8bf6-4b8f6cb995f0,true
85b3a6bb-421b-4acb-8ac5-9bdfe73a8ff6,P. W. DERUYS,7c9b41a1-6176-4265-b80c-9ddf3f98ee4f,true
eeaebd20-20fc-4f64-98c1-bead7a4cac18,JOHN BARCLAY,534a5749-0a4e-4778-865d-359ec458e980,true
3639c88d-72cb-4ad7-8641-60e4e7ad35c6,P. L. Trepannier,3cede3db-9504-4924-8633-1124ee61cd08,true
c33bd4fb-e81f-4962-89ac-4c64c99b3bce,P. P. Johnson,4a4abbb3-4a78-4c51-8944-76466bd1ab78,true
1d739f48-ded8-4019-85b8-d381f1177422,WM ARMSTRONG,6c9b8db2-c8b2-47b9-8962-e73ba42e1431,true
479ef365-dfb2-4504-8888-d2ad9c959084,James A. Rogers,5b3e3ec6-884f-421e-a766-52ff28b4ad2e,true
05972b80-b78b-4967-8ab8-41cb43c1d4d3,JOHN-HAMPTON,14903169-6ceb-4792-ad20-799ad794e5a4,true
13a98521-ef1d-4488-9556-3f7837f60cb4,JESSE HEARN,379c8c27-75e7-45c7-b39a-9e617f752f39,true
9df6a0ec-71dd-4151-a45b-25c3d33824dc,BAJIEU LAPORTE.,41bd5618-c274-4825-86a5-c4a58ff290a0,true
5fd3d7ac-3fec-46da-8865-f3d0f8dd1e90, P. L. Trepannier,7f1f5bf4-07ef-4b19-be02-3733c35a58ab,true
a79690cb-6b21-484d-922f-db5fdc4b4256,"C.OLIVIER'S",a50e06ef-1447-403d-af70-4f606dc508e8,true
43306b53-521d-4128-95d7-a15e8e940007,A.F Telfair,c9ff43f6-9d59-43fb-96e7-d6d3a4557120,true
1fe74a84-f93e-4e01-adc2-413e841bb873,Horatio N. Steele,4b166127-399c-4ec2-8bf7-daf50dfbaea7,true
a3e5d6d0-c890-487f-9ecc-7da344097ae2,Bogart & Foley,026f5472-34b7-4c69-aff8-9ae5cd62e07a,true
db510ac3-347c-45d5-83ff-035b60ca65c8,J A Beard & Co,5efce4bc-ccac-4fcf-8e0e-e08137f90059,true
b001d423-5bfc-4cd7-bfe7-8135a7da7b81,S. BENNET.,5e2c32d6-e845-41f9-bec7-55b30511847b,true
f82b3f9f-a3c0-4af1-b39b-0c416dbcf335,Henrey Woodward,e126361c-d304-4089-9395-b98bc18ad85a,true
e976b3e5-11ba-4e7c-9ac8-a4aaa2963d0e,Dr. Lewis Bradwell,98c4598f-edd5-4bb9-92f8-d78e7aea086b,true
b8b042a9-08ec-4eb1-b8c7-ab0e4df8b31e,Joseph Baxter,239a8c7f-542b-447e-b0d3-1e3c9a7e4515,true
16c8d641-bdd1-4d3c-b351-b967e422075d,H.S. Harper,c12413a7-73b7-4feb-a67a-73a9c0ccc07c,true
56776293-dd47-43f2-b525-031f6023a187,"P. L, Trepaguier",803a9a71-848e-438a-b52e-c14960f547eb,true
b9364c4c-0584-4321-8df7-074ee9852e23,James Johnstone,34b8f451-13bc-4400-8343-9559c8a31783,true
dc6c5aeb-0a60-4b97-99f2-c13b74eabd3f,W. T. J. Vann,7216965d-d3b9-4616-a921-45c82549e06c,true
19f6429b-ed9a-46a4-90d1-39a9c14a12f9,Martin Nall,d13712bf-d35e-4bf3-9589-00cea540bbb0,true
5e0d85a1-147f-4471-9d7a-5cdb09e97c6f,"P. B. BURT, Adm. [Administrator], of P. IVEY",12999707-bc74-4257-adb2-9ccb2f9f1a65,true
38123feb-3673-4b08-bc12-a55178bfc845,M.O.H Norton ,c5aa9a05-51fd-40b7-8876-bfd3293fafb1,true
d6e26cc9-9c2f-4a41-927d-5782d0921798,P.L. Trepannier,3b982a25-e4f2-4975-b29e-6ce2447b0dcb,true
2459226f-c965-4481-91b6-8d38ca022c61,P. Rotchford,785668c5-0c37-440d-ac12-2f98d4ae6d0e,true
c48b4586-5383-4579-a71f-b1ce7386a9c3,W. T. J. VANN,5152a01c-aea2-42a4-8335-ad1dd197d2de,true
bf512b56-ba06-4e60-9d5c-31926486eab0,Cerisay,61c0eb6a-29a5-4853-b2db-913a73730fc5,true
20b73767-ab0e-4698-a7df-469b98b31bdf,W. C. Wilson,026f5472-34b7-4c69-aff8-9ae5cd62e07a,true
3e902827-5053-44b8-a140-3623f9df21da,R. Micklejohn,c1a6986c-4ea3-49da-8d7b-d437c470e52d,true
6eac110e-142a-4bc5-8cb8-969c23415880,William C. Lyman,624fa0c2-e01a-47ea-9a00-939b16493526,true
27117cfa-f327-4dd6-8267-47f521b42770,CERISAY,d5a5688e-dafb-40e6-8949-d513650cef69,true
1ae1546c-598d-46d6-aeaa-37e950f3563d,John R. Daniell,2d2f64e7-fc43-4d1a-a514-3686044fb2da,true
212f1525-bae9-4553-bfb4-52f3bc63e59b,Andrew Black,158ec4d8-eb3f-48f7-be2d-c440a832655d,true
06f90ce1-9d77-44fe-86ee-895b5e717b39,John Humphries,e3683c68-75ce-4464-9f88-7f6148a2a97c,true
af282e17-b53e-4345-abc1-534ebd5fee1c,"Sh'ff M.C.",d12206c3-e3f2-48b1-89a7-cd082aca3513,true
56a56751-2771-40f0-99ae-87a65d56199e,Cerisay,48b6f720-8fd5-447b-a85f-525b1f699155,true
65c8b040-15c4-4f97-ba46-f04a51f7855e,Green Gray,0afd236e-06d9-4dee-8621-55b38d28d8a2,true
81cec9c5-94ac-468c-b665-b98db6a3bb53,James Wilson,9ae33735-74d8-4a67-8bae-69a7680f7370,true
4f6ce812-bf9c-4bfc-816f-09c2a31ce495,"IRWIN, HALL & WALTON,",3c3a963a-f688-4cc9-afb5-472e8fce7c9f,true
011f9fdf-b6e3-43c8-bdf6-38237cb58ea1,L A. Voucher,10723304-3cb9-4a33-a3a2-02a292fac688,true
6382a4be-3e5c-4871-898c-d9a04d1307e7,W. M. Cook,d095a0f7-0c72-4fd8-89ab-cd5a994e0a33,true
d4c43ee7-0277-4b93-b1ff-6f94a0c9b3a0,George W Underwood,f98a5029-0644-4818-abe6-f5817ee378d6,true
fbf78ef2-4f52-454c-8129-1b229a9e779d,Clinton La,f522a6bf-e895-4eaa-95a1-3c2cb42bd505,true
24eb99b2-13d8-4dff-ab6e-f10ad7369132,C. Olivier,823979fc-96a3-4b9b-aa5f-9108f43a2d12,true
17237b1a-0c0c-4be1-9fd7-f247b153ad45,Robt. Mcaln,01c1e87b-dea7-4dbe-bf29-db1bf332c20d,true
7cfad003-390b-431d-8151-cdac14dd7775,Charity Shotter,4d1a4b00-aa48-4f84-a62a-f3b4b008eee6,true
aceadf8a-59d1-4088-b7ee-f062cee79a80,Jail of Washington County,50f18d71-bb99-4eec-a62c-65cb582e85ef,true
d6d44c9a-e2ba-406d-a553-9e5daad80b9d,George Creager ,43d06ea3-443c-4bc1-a2c6-b284dbaddd02,true
1be7490d-99bc-4c7f-a19c-4413ab552d32,A.F. Neal,db1be7e2-6169-4618-bada-bf7faf64086d,true
234b43af-d5bc-40f7-8304-d0f2219069f4,Edward Gantt,39efe485-e321-43a2-920b-26e05581d14f,true
65de2f8c-8820-4aa0-8e1b-16be5ea7d771,WM. MOORE. Millibright ,ff99381e-f3d1-4540-84a6-4a0044de524f,true
ef9892b2-9a41-4eb1-871b-5f8fde3988a4,George Creager,d97dced8-eae1-4aa4-a323-a3592cd24b2a,true
9ded4ae1-698e-4e0d-82d4-90b17bae9766,Mr. Eugene Fortier,3546b569-06c1-4221-b06c-e168e83b208b,true
e56d45de-d60e-42e6-802d-51e7d061ed96,H. F. Wade,3e6833ca-b4d9-4418-a4c0-2d142eeebcc0,true
0951cfeb-0b7a-45d2-9233-cc4d65962893,J. Simpson,524003ea-1104-4f7d-965b-2f2ced9847b6,true
4ef912d2-dd05-47fd-ada9-8f52bf7d2ad1,J Talbert,752aecc4-9fc0-4f54-ad5d-2f8328548fea,true
1d1adba6-249e-456e-8231-25eac55b4b4d,W.M. Cook,139221ca-112a-4e56-b165-d6c43bdd6f0e,true
7826d410-e8cf-49ef-9ee3-30d49a25ea44,John Comas,d970ea59-b6d1-4f88-87b6-e4cc606d6ee2,true
d1150017-3cb1-49d3-9d3b-32b3dbf6deac,George Bayley,e3bce2ea-1776-413a-bcba-5221b6de4b02,true
9cbc025a-7877-4ca0-8151-72cf4f5e74e8,Mr. Affleck,91dd2315-230c-4276-a2fd-9c386dda778e,true
5b7ec029-76e0-4d8c-ae82-284076261d65,Morgan G. Swain,c76386ef-49e2-47cd-a3f3-94d86c3eaa4f,true
dac1ccee-c7d9-4311-92cd-1ef9aaa54dc8,J Galbert,{undefined value},true
f345f685-58be-40f3-b28a-54667e71e113,James R. Baird,784f6a3b-fbb8-417f-b791-80cfd4b52a4f,true
4a15209c-e788-4f78-b365-0285832f08f6,Joseph Inabenet,{undefined value},true
cc225e7c-0607-44cf-8a8b-d0b291e3713c,Jas Talbert,6ae38fb5-36dc-4877-b388-60b8afdb0814,true
ec352745-0e4a-4afe-97a5-e47cd831be8b,James A. Rogers,648b78da-6d0e-4c3b-ba19-a23676979d6b,true
54eb3177-66c8-4741-b585-871a0675a3db,William Edmonds ,1458eda4-dfd1-4797-b4ae-50f35d754ada,true
cd953e01-21e6-42b4-88f4-fdc15da53797,J Simpson,e3c0bd4c-02ba-468f-b023-9b5efb216e86,true
0f938a4c-e127-4b44-8f88-24acf634fec0,J. A. Beard & CO.,31b20733-4cc7-45e4-ae97-72d53d324ae6,true
efcc1201-2233-454f-8148-146b936f96fb,john simpson,{undefined value},true
70f3521b-56ba-40f6-8391-302a6f4064fe,"Thomas H. Chenoweth, Peter Tellon",026f5472-34b7-4c69-aff8-9ae5cd62e07a,true
c0f487b8-5701-4b34-8539-d9326ecc06c2,Henry Ferris,db3affd6-b116-4292-b514-5fce0f5457df,true
8ee7f64d-7807-4eae-bc9a-108f8f408fbb,The Boston Gazette,0405ca78-eaa9-42e2-8c3f-4c220c5cefce,true
3db7d11d-95fa-433f-919b-39dee6d615f9,George Greager ,17e1f1f0-3d15-4b9f-87db-0b09f40b1817,true
238c2ffb-d49a-4ad8-b5fa-f1ac988d4ed2,J. Bates Jr,c9a87a85-3bd7-4feb-81ba-1c8ed4c414d0,true
3aa62530-971c-41b3-a2cd-38fb55ca1317,G.B. Causin,dfce7b6c-59f6-4386-aa83-87f84a9df939,true
37ea27e2-717c-47a6-98c2-a29214379a66,A. Mauldin,f34204f8-882f-4fa3-8fbc-3a1c2304b103,true
57824652-d461-4e14-9231-ef5f723da28b,William Arnold,{undefined value},true
1a9592bb-dcdd-4df7-a5e4-5b106639fa38,J.W.W.SNEAD,{undefined value},true
7fb07b65-32eb-4c11-b8e6-0b3f74059706,William Patton,{undefined value},true
8f125c96-43a2-44fb-ae1b-b053dca5191e,n/a Dick?,569ad138-805c-4659-ac1b-2de66cb6d610,true
551775d1-4cc1-4840-8d0e-e9833154a81b,Lucien Labranche,7d74606e-9f2c-4716-b85b-8ddfe4cffa41,true
79f3ec32-a53e-40fd-b5b8-d1359467e1e2,Thos. J Frisby,cc036757-9905-480e-82b5-e134dd8ac92f,true
c73416df-f814-4a4c-97e5-23cdf38c6dca,HIRAM BELT,1079e323-496a-45e3-b983-e4d39f532a1b,true
437775ae-e697-4c86-a884-faef7446a943,William C. Lyman,6f13ef43-8514-46e5-8447-c9305cbd2d8c,true
4918355e-9706-403f-ad2e-2445604ba599,Isaac Tobias,1734eedc-7558-4728-84f7-04e1ded2428f,true
f3dd994c-7baf-478d-b1c5-e03413e4c329,J F Buffet,55e25efa-2ac2-46c9-b9b9-d9c75d5e3b5b,true
d0486d01-1a30-41df-85a2-7cd704d2154d,GOW & CO upper Front Levee,552e1095-1c0c-4251-8eb9-c81059c63cb1,true
ee8b6a97-15c2-44cf-9c4f-acb01a5ac4fe,N. rochester Sheriif ,ad6f1275-30ab-4c90-b8f1-c08a8a1fbd50,true
79bf3bef-34cd-4e8c-a06f-ed661a647fe6,S MEILLEUR,8d34be7c-ca81-4317-8461-a5d56201912b,true
3adf6a28-50c8-434d-b5db-1d97051a1559,James Kinner,{undefined value},true
3cd363cb-7d39-4a73-bffd-a302172fcbb6,"J. Davis, Jr.",{undefined value},true
cd88a6c0-dca6-4c27-9568-0afec6976bfc,"George Creager, Sheriff",b29afbfb-1bdb-4e6a-b9bb-20fa2d56ee9b,true
5e26d1e1-f661-4868-9e3f-707179cb4c72,Arthur Fortirer,0dbfc2f6-255b-4d67-a52e-d2eb430350b5,true
83895a2e-8356-4fc9-8af2-d0e94dad4e34,EDW.H.Pomoroy,{undefined value},true
28bd73ca-0541-40ea-b8c0-0cf66df3abe6,the city gazette,cc4ea62a-4c54-4083-a0fe-9ae570a1d3ba,true
0da6c039-302a-4189-8215-695d2c937615,J. A. PRIEUR,d80c57ba-1d7c-490c-ae70-0529409c812f,true
ea521467-bc78-494a-9ea0-665f358f11b4,William Ronaldson,{undefined value},true
a324dd68-ed8d-4f86-b8b6-321bd8b3f4d0,J Simpson,75656b15-4f26-4900-909a-5a186432b9bb,true
326236ba-6938-4eb8-b0d8-b3e667f0b0a6,J. D. Easly,158a7f93-ea0b-4da4-b832-ba9807ec9c9e,true
b16cbb3c-b6ce-45c9-b12c-c079917b60e8,George Crager,8236f37b-7030-414e-9e46-ba22d2409089,true
909fd99b-a3b9-4f40-bf40-67e981068e8f,W Slade Pugh,{undefined value},true
080c7c10-d1bb-4ab4-b9a0-2f73fcbb3702,Robert Phillip,{undefined value},true
60377908-2c79-4192-8a7d-ec84128253b2,J Simpson,009b3f27-9f3d-4973-ba3a-29f8bc9a19f5,true
20bdbed3-f55c-43f1-bb62-d5f432ba0e2c,PL Trepannier,a1809c5e-1201-40e4-948a-6bd6fbe09d10,true
0046c15f-a4ae-4a33-93b4-368e1302f9b2,A.S. Villeplait,28923530-c934-4f77-ae67-4c37eae9ed0b,true
c8194e98-3220-45be-b3a5-d6390e65739f,James wade,4b42f91f-1fde-4010-be63-bafba2665b3f,true
ccc7139c-385a-42ba-b8c9-1bd1f29bd268,J A BEARD & RICHARDSON,8cd130ac-a2f8-4c34-84bb-a896a1ca7013,true
875a83a4-abf4-4f83-90ff-fae9fa0420de,Campbell & Labrancre,6c7c8404-fa99-4f7f-8fc1-a51bbce7c6bf,true
65c72f2e-5e29-40bf-a441-1b2cfa65d1e9,James Ames,c83690f3-0fa1-44bb-a2ad-d0788e32ed49,true
ff141b70-11ef-4dbc-9680-c9f97e438a74,Robert S Norlin,328e4382-7d07-494a-92f1-c002dbeb6d85,true
ea88da8c-c020-481e-bbab-d082c8ab3b51,W.D HUMPREY,45044c79-7df5-49bc-8ee6-b56fb3f5fbf9,true
6c8b2adb-2dfb-41bf-87c5-9861726c6ede,"Irwin, Hall, & Walton ",0931339f-68ff-410c-a015-c7fabb03599f,true
5efc32c5-3f35-436d-8b95-1b80420f59d0,Henry Overstreet,e0503c2c-e208-43c1-9f54-55e3bd06c8ab,true
8da6c947-a523-418d-af9d-6df9cea94b4a,John Hampton,506dd30b-e3fd-4c1b-acec-9409dc2cecd2,true
3ef4a590-d770-41b9-a5be-007924ecadc7,James Talbert,5b3cde31-fffc-4b10-abd5-a648d36b4912,true
b5953cad-c81a-481a-b915-458d6a055275,subscriber,7ce22ec3-c982-4fb6-94d7-6c41cb040703,true
67d2c709-0099-44ec-a037-aa0341f432d6,P.L. Trepannier ,d72bc69f-1a8e-4869-a0cf-ba54d5d3afe1,true
fd76919c-043f-4970-b67b-7ccfb339e2a5,H. Klonne,7f0206be-5fd6-49eb-951b-0df287697041,true
71855691-41c0-470b-a404-2375420f3433,John & N. H. Baird,761d1db4-00c8-42cd-8763-6433049efd09,true
d4e42db2-f105-4573-8038-a378291039ea,Cerisay,1cd2843b-b709-4ed4-84ed-116321164b7a,true
bbfdd6d7-d39f-4454-85b0-1f5b3136a34e,John B. Dawson,036f1a1d-1ac1-445f-9d42-34da36d5b00f,true
46b4674b-012d-4abb-a0bd-b96f0bba5d9f,Lindsay,35548cf0-a21a-4344-b127-031149720ca5,true
dd3fc7a3-0b07-401b-9c30-bc8b7f162149,James Wilson,297eebaf-16bc-4745-87ad-407b09004e43,true
2c16e44d-569e-4fa6-8988-e145cb46403b,James Hosmer,d0791b6c-8668-4f36-b64f-f2507d0a4b9c,true
1f8a940b-2618-4784-b8db-c9ac130648d4,George W. Underwood,48a01462-d0cb-4ed9-9b23-65bcfa2166c0,true
0293cc76-8b42-45b5-91b4-6048733880e3,John D. McArthur,18d6f45f-632c-49d7-a72f-d147ec9c553c,true
c1ab09f6-0059-4b04-80c3-fdc7d2e1fb90,"Deputy and Jailer for the County of Alexandria, DC.",bb58a8cd-9875-4221-adc5-8569bd7c7713,true
db9d7f69-6fee-44e5-8ba2-b5ce89d54f17,R.G. Wall,f6488502-e8e4-4ce9-b574-26d5c117fffd,true
93c680a6-9680-44ef-84b6-3ad0ff15c11f,Washington DC National Intelligencer ,24198c7d-58c5-4d29-a7b2-4a4eaee9463c,true
423e0c55-0e7a-4802-a708-ab74f744370a,J. Simpson,{undefined value},true
8c100820-a89d-4cbb-ab98-ec790ca31227,Delassise,026f5472-34b7-4c69-aff8-9ae5cd62e07a,true
cb7596c6-d0e4-46ee-9b13-ebe7a9700e1d,Green Miller,{undefined value},true
c3385bc2-07aa-4941-8c02-ee4781e1d0c4,P L Trepannier,7efe83c9-fc47-4073-827b-0f0a3ed8df69,true
d05976c3-8dce-421b-9bf3-f59fae728507,J TALBERT,{undefined value},true
415eaf85-fa22-440a-9692-dda1b73e05ad,"Jh. O. Devezin, Sheriff",e7822bd3-847a-4f51-9abb-52a11fa861af,true
c0b9b593-53bb-4857-afeb-9453e4151eb4,James Talbert,ab0b6ea9-3f08-43fe-a705-472016efc5d0,true
3fa21676-b5bd-45f2-8f91-7d041cd8efd8,William Butler,8628f55f-c1c2-4aee-a47b-29dfd12f7ba4,true
56762e77-c879-4bff-9d38-1fcd733e93c6,University of New Orleans,026f5472-34b7-4c69-aff8-9ae5cd62e07a,true
07063912-3430-4127-a40b-83e30500896e,P L Trepannier,2efd4cde-5e1a-4e32-a30c-d46525dc980a,true
ae32fb78-04f9-46db-a2e3-68a7047e482b,George Passau,f06b59a4-0104-4053-ae72-0267c3bb4947,true
eb3b27a1-1f55-4595-8b9e-55832128cbbb,W.T.J. Vann,b02b500e-9632-4d30-93d6-31315159b8f8,true
8aa7dfa1-497b-4392-9bea-6d9501b8a6a8,John R. Daniell,2d2f64e7-fc43-4d1a-a514-3686044fb2da,true
9e61665b-35cb-4d79-b6e7-344876d1c2d6,W. T. J. Vann,71518342-520a-47c5-a44e-d2f5631d7f33,true
008ebeb5-f74f-471b-9b4c-d0e9fba4c4ac,Joseph John Good,256240d7-65b5-413a-81dc-1d78d739350e,true
d7e2185b-42a6-4f67-bf14-87ba3c589e44,J. P. Bates,d9974a2c-86f4-4d16-b1be-19807d9f5658,true
aa3973b3-f897-44ae-bd32-d5fc202c26df,James W. Payne,fef851bd-217f-4c6d-b69d-3f499fc99a1c,true
6fae097d-fd97-4f2a-9a54-87ee9b2184ef,"Lillard, Mosby & Co.",48522f06-af4f-4ab7-a4c3-502a7e5c0433,true
ac63c373-d99d-4659-aaea-ff725f0a45eb,David Shuler,23b27776-9112-4ded-988d-a4f1f39b8c28,true
65285eee-ccfb-4eef-9d34-a8ecfc828b4f,"C. Scott, Deputy Marshal and Jailor",e1e3e059-3aa6-4a68-a0c5-0616df91bb17,true
ccf550ab-c8c1-4479-aa42-3601ce8b0f51,Sheriff George De Papau,63b030a8-d991-4715-a19c-3663b69b3850,true
562377d9-f8cd-4b2d-b6d7-e9429ad4508f, J. & R. Purvis,19a68d84-8fb8-4d89-aaf2-c68d9f4e997e,true
d47cb5d3-f47a-49c3-ae7e-36c4660268ec,P L Trepannier,116fd40d-bdab-4115-b40a-688530a76751,true
8bba757f-6f6c-4b8e-a301-b5a279c20a33,Edward Hammett,6534d09c-0634-47be-ab7f-cd38f7f072c7,true
4998b184-97c2-4e41-8555-31de23c03d03,Samuel Perdiau,{undefined value},true
06727277-5757-4c95-856d-1818347cfd40,Mr lovett,{undefined value},true
d9e82d82-a79a-451c-8b26-699b183236a5,J SImpson,4c7852e8-05a9-4ebd-9566-fdb28c70b294,true
ab6f038a-24fd-40c9-8d8e-7ff34b349174,James Wilson,75c3e827-225f-4f85-b45b-da93d102b907,true
489b7814-b819-439c-934d-5126af0b837b,W.C WILSON,{undefined value},true
a07839be-9c8c-4ec1-a7fa-d38c5285bafa,James Wilson,194d28e3-dcda-4db0-b287-1aec4096413c,true
ed076c98-b978-495f-a2a8-457e401129b0,Jas. P. Bates,256f8f5a-1c9b-4eb4-99fc-70de2cb9cbae,true
d0410f03-09ea-4941-958c-9f764386c874,Henry Durden ,4fc44c6d-cff0-43aa-9028-994fb79fe99a,true
54561b62-12c0-4e7a-9537-192d06fe2d91,Sheriff George Creager,8ed87cbd-ed56-42dc-aa40-58aae971ee76,true
75a0f8c9-1fcf-4ec5-a6b2-a4656a9ede93,"Charles O'Sullivan",b10e2c30-1db4-44a5-aabc-32b37edb4149,true
0317c3e8-a353-45fe-aaef-42bebf4161c8,P. Gilchrist,3a6c15c7-9ebd-47a7-a613-6887fdf54f8c,true
9175c8c4-df7d-4eda-aced-c5e42816ba75,S. Van Wickle,322c111a-fa06-4a00-a89e-b8f1fd808008,true
fa7be574-a980-41c9-910d-5e10e603c05c,Cerisay,180ca59e-1bb8-43c0-a225-fe4713c6a6b4,true
b8554b0f-6d65-49fc-9c0e-12a2a167d235,Ceri[Illegible],19a2b334-9c05-43d9-9c02-fe2436a79793,true
2950e5c7-a825-4260-b8a6-65263cb02f34,James Wilson,ab244038-9d07-43ac-abdf-f4091b9d7b8c,true
6e4f2870-9529-4d01-abae-0268f5b15a78,George Creager,7ebbc5e8-ebf5-40e2-90c7-10b3964d4154,true
7c9da537-71a6-47cc-8b32-7f0cc181b959,Richard Millington,200dd13a-8478-4ae1-a217-c518dc42b674,true
05a3ca55-59c7-4eb5-b710-c530bde9f87c,C. Scott,0f329f53-35bb-470f-97fe-03a4b8036674,true
0ac8fc8a-0139-4aaa-8a33-0a00174a1adb,Holman Snead,{undefined value},true
881a4e2d-8d05-4a87-94d4-5872b6950017,"Jos. Bates, Jr., Sheriff M.C.",6c210e43-f28b-48c5-839a-44cf3e084892,true
69871229-345f-4ea2-a905-9302dd09bce9,"P. L. Trepaigner, gardien",401b1a51-f062-4e01-878f-208716373e75,true
98b6cf62-23b7-4779-ac08-b2c01f313ef1,"Cartwright Tippett, Keeper of the Jail",585723c3-acc8-4189-b9e3-44dc6cb28542,true
8989db49-ec87-49c7-86ce-44df5f2595e8,"Jacob Rickenbaker, gaoler",56d87a4c-efc6-4d7c-906f-aa3640757d92,true
7e0e62f5-fa00-46d6-aa72-fc19f033d235,J A Beard & Richardson,{undefined value},true
7e08aec5-b519-45a6-bf12-bb79b0d67b95,WM Sherry,239a8c7f-542b-447e-b0d3-1e3c9a7e4515,true
c4f4b2c9-19b6-484d-94a8-36578e83de60,Green Gray,da3effe2-b8c8-4cf0-8eb1-c05a524cf2c0,true
d1887235-66f2-4ef6-bf0c-031e03284484,Thomas MacGill,50c2b0aa-49a1-4aae-b976-1ecea0ab4c0a,true
9cc9e773-6a11-416b-92e8-ba66edb46d93,S. Bennet,a9a39935-b50f-4668-a773-53fbcdbea021,true
b7501a51-5f45-4043-a715-d2490e8741f5,Wm B. BEANES,f537cfe5-9a16-461d-bcb5-722ab59e6276,true
9eaaaaa9-819e-4ca0-93d1-2c1403d4a136,Mary Robinson,014eaf12-f807-4bd6-aa77-2e8885534580,true
27000791-e649-4f31-8bac-c883c1c64e90,R. H. Coley,4dc42a3b-3f5f-4ab1-b304-bf21f54fff5c,true
0e4fad25-0742-4b37-82d0-f6b73f1cb3e0,Edward C. Stanard,1eb479f8-4b15-4426-92d1-b8407378bb81,true
3a8c4e1f-12ac-4c8d-bd4f-79509d49094d,David Shuler,4668762b-6566-4176-a088-1eee586fe067,true
0f17d016-d2c5-412d-a78c-113916cf9db3,John Turpin,951f7e71-e32a-4483-8b69-0b2faf558fec,true
9d6da95d-98d3-4ec4-9ef8-98995c1e4b99,Martin Nall,1e71b64c-4046-466b-a542-267c5153134d,true
be124757-4e43-4286-9acb-aefb89aa33a3,George W. Varnum,b57fd0f5-5a4c-4150-9ea9-53f5a29c7f39,true
d29deaa2-d5ba-44d5-9a86-28496da88200,B. Toledano S. Taylor,{undefined value},true
ca926150-07c2-47e9-8f0c-bbebfe127c3d,P.L. Trepannier,7dedbddc-09db-4cb9-8b4d-64a5f8ec41d0,true
10f86e42-969f-4827-8533-8172b84afd3c,Edward Hammett,fcddfb3e-23f9-4c22-b0e8-e31c5f79e3f9,true
d2b58ceb-ded1-4197-a9bb-d4c08dc26f4c,"Edw. Shiff & Co, Agents of J. Tournllion ",a165cc2b-22dd-43f1-bbf7-1b288001b658,true
f19cf92e-89a1-4b71-a58d-a3c4b27a4681,Johnson Scott,201d2db0-e4a6-45b6-a051-f192304172c9,true
4fa7c1fc-5a7f-4bcd-bc38-222cec866009,Simon Milleur,8f287ae1-f82c-4cff-ae05-daa19f2f8669,true
67537998-64d6-4e07-ba88-b1ea8690fe34,J. F. Hutchisson,86227bcf-b4f0-4307-9978-5c74c33b8530,true
867d4118-11c2-4959-bc77-e3c46a4a43fe,P L Trepannier,cb9ce703-2565-4e59-a003-b5ea0ac26d8e,true
40b2051b-583c-4fd3-9a41-40c68b686417,P L Trepagnier,0cf4273f-92b0-4069-b72d-f634504425ae,true
24d78934-85e5-4052-b4a3-13b9cd18d6f0,Green Gray,58b66570-6c1f-4787-9276-9d95e3a7ef5a,true
e6104636-e400-4282-a2e1-f34a93de51a8,S Meilleur,8939e824-4367-40ab-aab7-80f5a66267f6,true
c8b33a70-cd48-4647-a57d-cdf3758e28b9,B Toledano & Taylor,0dbfc2f6-255b-4d67-a52e-d2eb430350b5,true
eb03f191-e034-4abc-8ec6-d1aca9aed16a,"James P. Bates, Sherriff",256f8f5a-1c9b-4eb4-99fc-70de2cb9cbae,true
3ec51c5a-ad26-4e1d-8a45-01bf5c993d6c,Thomas Clagett,564289f1-db68-4e04-a53f-eaf0dbdc56e9,true
fdc5bc6f-5edb-4388-8ac7-88ec75253d5d,A & J. R. Grist,{undefined value},true
6109cee4-d392-4f9f-aefc-1cffaa219d0f,G. Huggins,f4eae264-ece4-4342-b371-a7e2f818afab,true
3475c83a-fa5b-4e04-af1a-41e943cd37d0,E. Murrill,fcd00794-e175-45b7-9d19-8b89025e21f8,true
f00741b0-719c-4076-a752-9ec4e0e38ff7,"John Edwards, D.S. & Malcolm Hart, Shff.",c18fbd8a-e57f-47dc-81c0-ec0ccbed2afe,true
c0ec7938-f8f4-4b8f-987d-a20d29f36322,S. Bishop,70cc4a0a-2de0-48c9-995c-12fa6ba24a68,true
32655645-8ab4-45b1-ac29-ff9619bb0ceb,"G. Huggins, Shff",569f6d0c-0399-4c50-8514-af63572e2164,true
8c851e3f-966e-44bf-ad7d-adcd34e76cd8,William S Cordon,ad56fe5c-cdd1-42ac-a718-192d9623ee8b,true
5067fd45-b883-451d-becd-09ab9a396a91,Wm Royster,a044320f-22de-42a0-83c9-1fd52e33e9c3,true
c4ec8f99-c47c-4820-ab3f-64018c49c2ec,Moses N. Cardoza,{undefined value},true
edf73133-991c-47d9-9b8d-2d5a79953889,Robert Walton,{undefined value},true
61f55f5b-f493-4054-a004-6a4d0a139025,Margaret Pendarvis,f23615bb-e3f4-4b20-8df5-136f564eb5b9,true
ad5fb014-32dc-4557-b2e1-6ee3c888220b,N. Rochester,c59d463b-efa9-43de-bddf-2cd3f4f99d3a,true
20bca11d-67da-4b7d-8731-a1530c9ae1cf,Geo. W. Varnum,ec0a4717-497a-45cf-9dcd-27c0b712bc59,true
a8681c7c-2475-4f36-8a16-818369eb1895,Solomon B. Murphy,32878d71-2a14-4bb6-9223-22382fc22af2,true
6357c18e-61fb-47fb-a7fe-7f6cccb4e445,J A Beard & Co.,449439d9-43c8-47a9-b245-f8037178852f,true
dece458a-1089-4cb8-a2b9-ea66733bfd83,James A. Rogers,748d59a2-2c9e-46f7-aec4-0fb33e81dd1e,true
522b6a4c-1227-4be7-85e3-88a91cb4e356,John Platts ,a9a559ed-65da-409a-af50-ddb299ee5e03,true
d82cdae8-78be-4d83-9acd-8aea23c230c2,G. Huggins ,be31d314-a215-49c1-a49a-81e622fb95c5,true
815e18be-e182-44c6-ad10-2557dfa21a46,Job Greene.,c44a21ad-d6f5-41d2-a727-170fdc7b84d4,true
7cf87d4f-c80d-4dc8-9646-f410f9aa359b,"RICHARD ELLIS and ALEXANDER GASTON, Esqrs.",b4df7d77-6c70-4a5f-b7d1-6dd158a5934e,true
79fbb377-fa2c-4076-b0dc-46413fe6b848,Wm. Bates,f786c219-f285-4180-a236-a5d4a87ee741,true
1cffa199-520c-481f-950e-01c7a2dd1434,Wm Curtis,f5c586a9-93b8-4b57-867f-b070fcbc252e,true
bfccfa46-7456-4289-b2d5-69a887037444,Moses N. Cardoza ,8e563a45-647d-4a63-99ef-c8cb2d239de8,true
0d53305e-f636-45f1-80ec-2914d3d41e9b,Mr Scott,4b3749ec-f221-435a-ac25-3a083e353e8f,true
a1ad28a1-ff9f-4451-ab4b-2615549e55fa,John Stites Esq,3402737c-984f-44a5-934f-6ea2ec7e66f1,true
b535a189-b612-4daa-ac53-90d07d1865bd,Benj E Browne,8441e80d-7e5f-4b3f-8647-b424b31a14ed,true
4af3aa76-a741-47eb-aa1f-2afd7dd30f79,William Bates,3947a912-9640-4665-82b5-5f824fc59701,true
24e32212-73c0-491c-ba8a-c0de4c39fcde,H. Gibson,3fad5773-5247-4697-b120-c7a38507f545,true
0136f3f9-f418-4f37-aeea-67e822d78565,"Lillard, Mosby & Co.",987152d5-1acc-4d97-a8fe-5113dea3f043,true
080323db-fa82-4425-b1db-afdadafc6c75,James Longlet ,bfaabdcb-2d73-433c-965f-41c05d12c30a,true
6154a6c5-c074-4d31-a94b-eec0e5b67102,J. A. Beard & CO.,fb478205-0802-4101-a11d-ef5a594a1337,true
fdafd0ec-6f61-4a98-a5d8-cbe1bf8d3bba,P L TREPANNIER,e2949f8e-ec3e-490c-b48e-3037a0cffd45,true
dadc2ee1-e3a1-4c40-b5d9-a9947d86ace3,Joseph H. Shivers,337d56bf-0827-453c-bafe-4d7c4ee31fc8,true
3c7fa0c6-891a-41d5-83d0-8020dace29ea,Jno F Everett,88e392e1-24d2-4076-ad32-ddbe71636607,true
6d108d47-ef96-44b5-8a9f-cf5299cbb936,George Creager,0daf34ec-b0bf-427b-b196-063699bef204,true
bdec3000-7f78-4a41-8078-8e0be3b6c76d,State Engineer,08887da8-da0a-4991-816c-f8e7486a0c6f,true
18cc8cd6-a84a-46fe-8c54-77c9699672ce,Robert Mclan,42a46af7-2bdc-4204-9b7d-58cb2c111c47,true
ec00d342-26a5-408e-a8e9-cc1dbd3cf1b0,H. Gibson,f2498cc4-4f11-4877-9fcc-62808a85c214,true
46d9d545-1cbf-4f04-ac82-fbf7fcccdc2d,I. Henderlite,d7d30f3a-7c5d-4309-9296-78d126e17f08,true
fdd9651f-aa19-40bb-b9e8-ecdbcd1a6724,L Trepannier,d43faa64-db0e-4bfb-9da7-db002f055bb4,true
e31bdf57-9482-4648-80e5-c065f70be415,E Beauregard,03d13afd-8c73-4275-8010-083d95c25ca0,true
9f707517-6ba2-4b8a-b9a1-4f4f0de0db25,James Turner ,5ce7ca69-5c05-4eac-8276-e70c67f7076e,true
5ae5a4b7-ce61-404e-9c2d-8b45df9c07af,Irwin Hall and Walton,8ab946a5-47cc-4d3a-80a8-300829b15544,true
0b27d1a7-fc35-4f37-af1d-851cc033fdcf,John Sacheverel,{undefined value},true
9d3978f9-05b1-43d7-8c11-ab140324fbe5,Elizabeth Clopton,cedb56a0-466d-4d9b-b22d-82c97638fb1a,true
74dda869-8717-4637-8a83-7a168256ea62,John Turpin,2f8937a9-17d5-40e3-b856-159b1b74bbc3,true
4e19cb7a-62db-4aca-b91f-2917e28add80,Robert Gamble Jr. ,951f7e71-e32a-4483-8b69-0b2faf558fec,true
6f95e0cf-bd11-487a-b5c4-56b406e1f042,"Benj. [illegible]; Justice of the Peace",77b20eb0-4dcd-496a-90d2-18695260a92d,true
8bdc1b60-79e9-4829-b14c-34fc06cdb17a,"THOS. WILLS, Jun.",d32df7fb-45c9-483a-8850-485f7406aff9,true
5f23cb70-47a8-407b-8e53-3689405836bc,"Tho's Rogers ",d2a72ccb-81ed-48de-b636-7d2d4555e15b,true
c3d3f998-7a2b-43d6-b0b6-3a9c0ef4b724,GEO. THOMAS,fec2f22d-ab89-499c-b490-be03580a0684,true
e46415f3-b5e6-406d-bc74-76ccce6a6e9a,"THOs. WELLS, jr.",7f211098-9141-4dd8-a6a6-488e50e5eebc,true
006224e1-b121-4205-be65-cc531f69b08e,Samuel Latham,a0fef046-22e9-4c41-ac04-9501cebd5681,true
98300c25-b228-468a-9644-a3fb18eacb3a,"John Edwards, D. S.",c18fbd8a-e57f-47dc-81c0-ec0ccbed2afe,true
b7182675-7772-4998-bb2e-6269c9cd431f,W. H. Biddle,5152a01c-aea2-42a4-8335-ad1dd197d2de,true
1adcde81-81ce-4991-8a79-83adc30fc096,"Edwd. Mayo and Sam Pleasants, Jr.",{undefined value},true
792a394f-4b5a-4d0c-b102-0a7d953a8a18,R.R. BURR,f7cac1eb-2f7e-4e76-815b-8483e791ed68,true
023ea9b1-ba7e-4151-9e2e-7a427db9d00a,Thomas Bailey,88ceb861-d48f-4c8d-af23-5366015e4b99,true
3c5515ed-ccc9-445f-883f-0722c241cdac,Green Gray,3d556fea-d802-4a8e-8a6f-5de77752d1aa,true
02e0b130-aeff-4ce0-82f2-fe819bd2571d,"Lillard, Mosby, & Co.",8637e259-7a8c-4f2b-a888-058186922391,true
095922d6-f6c8-4dbf-9474-593b8f075879,"Thos Wills, Jun.",7def22a8-880b-4588-9da3-8b6bd90d7d02,true
61fbfc21-7eeb-4c89-90c1-bda8fedbb678,"George Greager, Jr.",4cef8dc8-8180-4166-aa7d-e1581922720c,true
12b1d209-2687-437e-9086-7752f77c6c7d,Payne & Harrison,857ecd8c-5d4a-4dfd-a3c7-8b2edb892696,true
cb93d579-da45-4f19-a939-a397739c0382,J.D. Easley,6efd167c-26e5-42cc-9abc-a039a0549ccf,true
e83a0fd7-c350-4169-beae-78564d5de442,David Shuler,84798e83-dbb3-43b5-8b50-68e85e701966,true
1274917b-abd2-405c-a125-793a37ce079c,John Comas,d970ea59-b6d1-4f88-87b6-e4cc606d6ee2,true
c94ac14e-a802-4809-95c5-dd33a0a8f96c,J. Dates,737e7668-f589-4ce1-8993-8229f4ddb967,true
1658d27f-d972-4594-af1e-6eefada041f5,James Talbert,4a5d6769-2461-4c86-b18f-8aad11450ab3,true
adc28071-e74c-41a6-9eb2-fe9703ff3df6,J. Bates Jr.,7c9b41a1-6176-4265-b80c-9ddf3f98ee4f,true
1621e82b-4e88-4668-a230-f3a62d6f5e1a,Jones and Turner,{undefined value},true
6bd3656c-6163-44db-848a-e0a2843b9a53,Andy Burgess,b0a662e3-d57e-4e24-892c-57834f1ced89,true
af42b3e0-624b-4d1b-89c6-a10c4d03b0d2,P.L. Trepannier,395557a1-25c6-4db1-a42e-5f549546b215,true
25251f4d-4559-47e0-9a34-f5ef5cdc010b,J. Bates,6fa42eb6-4c0a-4ca3-9056-0bef1fa4cfd1,true
d4c762e3-4103-4fd9-ab13-cd462c019af3,Andrew Black,723ac97a-a5d8-431d-b8fe-452104ac25cd,true
56a7c81c-1ce3-422c-af8d-e077d1a9e104,"W. N. PEDEN and JAS. T. MILLER, Justices of the Peace",4fd1cce9-f2f9-4c90-87ab-d16dfb0721f4,true
488660b3-113c-4e2e-a467-eccc2965c218,S. Meilleur,b706742e-5dfe-4544-8c1d-961aba9ef56f,true
f3bd2bcd-25e8-483c-a6c8-1a18aa8cdd98,J. Bates Jr ,06634f71-ced3-4e24-a2f9-bb75a0739262,true
7ffcc1d1-b293-48fa-bf9e-dd7f4647a137,David Torrance and Hugh McLaurin,9267396f-4110-47d2-a156-37a3b5d3ac95,true
6ccdf526-02c6-46a2-a30b-aeed71ce91fd,Calvin Coor Sheriff,855ec1b4-4b24-4b3d-b351-4bdbdc075755,true
80db7caa-3db9-415c-b8cf-3c31d2bcd060,MICHAEL SULLIVAN,d3651aac-931a-4d13-acc1-d4818b11ccb6,true
2cf7b3fb-15b0-4b26-8740-665c9b125f97,A. Seixas,07b92699-2f0f-4f36-b5c1-3b7b52fa2498,true
bd8ea849-164b-46a7-8834-d1bedb773f42,Jas P Bates Sheriff,c513f9ec-6274-4a9c-81db-fb9a4b2af21d,true
9fb0cd4a-0181-4aa7-b510-0810267ec714,"W. T. J. Vann, Sheriff.",72f57123-cddf-44b2-88aa-7109d2fba237,true
9b92d69b-c129-4512-814f-131c9598a242,Daniel Moorer,61a3fe3e-f582-47e9-831a-87c918523710,true
99c2039b-0604-4a64-8053-4b67015213f7,Geo H Caldwell,08887da8-da0a-4991-816c-f8e7486a0c6f,true
f1d32d23-4500-4a83-97b0-9b015c51636c,"George Stubbs, Jailor",e69e5211-7b1e-4918-9ed8-647db2445b51,true
faf7dde2-6245-4e3e-8322-f532500f6152,"N. Rochester, Sheriff",909a2bd4-5b66-4316-9c0f-e3530e92f96b,true
83152c7e-b722-4515-8c27-c548434e0eb4,"Thomas Legare, jun. [Jr]",98f34ac5-59e3-4959-b98d-bd9a3ddedee7,true
d44e2fb4-5acf-40ea-b750-3643b65a3fa1,Duncan Brown,014eaf12-f807-4bd6-aa77-2e8885534580,true
4c17ac90-341f-461a-a737-3ce129e82bd3,P.L. TREPAGNIER,90dc3ade-3eb5-4dab-b2ba-081959ff162c,true
5f3f58ab-30a5-4247-b748-e1cd0775fc12,Lewis Johnston,074f18b2-11f7-46a3-a6c2-0f53083a6ad7,true
8ad3b5fd-ee85-440f-9953-b287cd97d8af,J. R. Robinson,be480832-9e81-4c48-b1d3-8a431c8eedc0,true
6a58e248-8e6c-4a73-8a1f-3d1d0aa25395,RAYMOND DEMERE,927010cf-8939-4b90-8d86-44326e121956,true
91f61571-0d68-4f69-90f0-84cc81839515,ROMAN & KERNION,06f5e67b-47da-4699-bf6a-92785ede369e,true
8a48c6bc-3315-4ec0-97ad-3c2868c02c18,"Mesers. KERSHAW, LEWIS & CO",{undefined value},true
23f62da2-53af-4db2-923d-533189d7764f,P.L. Trepannier,f4eafe89-5fa8-4fb6-aefb-966f78c2a5d0,true
09f77a01-854a-454f-a3f4-c201b4eed4c4,J. Bates Jr.,6d92e733-9db0-41eb-8840-7b3c41ccb1a6,true
e1dd69b9-de1c-4e15-bcca-23ad07220ff4,"John Edwars, D.S. and Peter Crawford, She'ff",ce2c5685-f547-4e17-b403-cc39d3bb2645,true
ffff05ae-c546-44cd-8c24-b4e6af22c2e4,"J. F. Hutchisson, Sheriff M.C.",569f6d0c-0399-4c50-8514-af63572e2164,true
bbabea15-5307-44ab-97ef-288dc8a52f11,"R. Micklejohn, Sheriff",827f9f8c-73d5-454b-b471-5b7bd334447b,true
97a5cb24-dfed-4a93-ae2b-b2c5796f3eee,R. Brugier & Co,0a4e2983-1790-47a3-ae8c-90c7e13a019b,true
77a21725-1073-48e8-aad3-c074f87b2f5b,"A. Seixas, master of the work house",07b92699-2f0f-4f36-b5c1-3b7b52fa2498,true
65cb3a70-7a9d-4d0b-9086-5c4a42bd1018,N. COMBELLE,4a0928e6-b665-4212-b388-6d685879e542,true
49eb3dc9-86bb-495a-a05b-869adcecee22,Jacob Rickenbaker,28e19384-5bd7-43fe-a950-4b90ee9d799a,true
78205b27-b839-4f67-84db-24908d8ca8d7,Gustavus Colhoun or Rogart and Foley,0dc8f291-d109-46c8-a091-2b4d9abb3108,true
f78e5350-f91d-4c69-8a65-bc528e3c01d2,Moses N. Cardozo,a475f4a1-60aa-4d0e-9997-4cb0f9021d02,true
56a82187-0a11-4b33-a973-82e31555899a,B. Toledano & Taylor,026f5472-34b7-4c69-aff8-9ae5cd62e07a,true
c87529ba-3814-4958-b423-c3c7f1ffc65b,J Simpson,2150857b-52d6-4ad5-af14-24867741d9b0,true
db39970c-e689-48cf-97ae-a5cea60368dc,J Simpson,5e15fa4c-789c-4783-bcbc-833259a1ac45,true
19da565c-06c4-42b9-b3e5-bf94811a3c18,Cerisay,d33d2d74-4335-4cf7-ab98-475ae607efb3,true
83e5c0bc-76f9-4347-804c-43fc3a017d16,P. L. Trepannier,675c8d5c-39c0-4b47-aa96-2538167ba4eb,true
df89abc6-127f-414f-939b-3c6272ff0126,John Fraser and Co,519ce090-2b23-4a43-a275-fa13a01fb276,true
16b78a74-1a2e-4a0c-a0ab-7b9f624557d5,David Price,0ca1d198-2431-4b2f-8533-a57f9f06f5a6,true
3340edba-d0ce-471f-877d-f417d5736934,"J. Bates, Jr.",657c4200-c637-4f91-a922-06284a125f22,true
16e5baca-4da6-4822-a337-aab9f9c0cc8d,Wm. Worsham ,a156a12a-6293-4c8d-bab9-ee338cdf4439,true
dc0cda1c-cee9-4c32-9c5a-2e2a858a6eb3,John Fryer,4f24f8ae-fe7e-473f-8ad5-62661b7deba6,true
e762a24d-0e1a-4ec9-8d83-19c44116fe96,Thos. Steel [Thomas],409b814d-d555-41b8-90d2-ab8273c32e37,true
10ddeab5-a0e9-4136-b28f-965ea1ad18fc,"H. S. Harper, Capt. of the Watch",0179914a-dfeb-404d-8b4d-9f917cf56102,true
1e31e8c9-3418-4e39-8dc4-7921ef39dce9,John Fleming,48dfaf72-92e2-40ca-970f-74b53ad0bb73,true
0f951e5c-e88a-4198-8f83-a2f181f9add7,"I HINDERLITE, Jailor",71cf3b57-95ae-421d-9b23-0d53fb419c88,true
2d18860c-c79c-4c00-9c0b-4b5ea61d7861,"Roman & Kermon, S. Front Levee",75589543-bdda-439e-b458-749275dfcde1,true
adaa2a5e-2f25-4465-8f20-83ba98f33bfe,"Clement Martin, Sen.",1aea0fcf-5fbc-4854-8927-5e84486a7f02,true
c685d40a-3e11-40fb-96e6-438e90cfaa44,"J. Bates, Jr.",{undefined value},true
e5bd0f86-acad-4bdc-8d13-4b350bea2c72,Henry Gray,b03794af-b4c5-40f6-9efb-0392699e8e50,true
7c3b6b6a-739f-4a29-a46e-80a42d7b5bae,R. J. Jones,deff0a02-1263-4d65-b3a3-3079244e7de0,true
4dc75c0f-17ad-425a-a318-9d3f3ab3a6f3,B. F. Young,e81f9a9b-b3d2-4523-b926-fb338fd5d6fb,true
2116d641-ed1c-41ef-9fce-c3191f27b78d,W. H. HIGH,756d90aa-8521-4a44-8bd5-4efb7cd94713,true
f5d14930-95a8-46fb-938b-70143d96f2f6,H. Gieson,3aba647e-676c-46b0-82bf-1d4d3e2d3daa,true
048daf44-e25a-4306-b9a5-2d21b98a197a,Thomas Bundy,e35c86c4-0336-4b7c-b4bf-ef5c32e96247,true
2009d943-4445-4f3b-9f10-ca216c667467,"WILLIAM C. LYMAN, Agent State of Georgia",507b5968-86b7-476e-a83d-a4307622ed57,true
a7bc202e-4b2a-4ec7-ab36-1303b0be501e,Daniel C. Brent,4a4c6775-6b6c-4cad-bc34-d5e4fd5839a9,true
735d449d-1228-4f36-ac53-6c6333ac73dd,Angus Morrison,382987b0-1987-426e-9bd5-a47508eb9dd7,true
bd3e332b-60b3-4dfe-ac18-025121a39ec4,Thomas Wells Jr. ,71754988-7124-4c58-aea3-05ce433dcf32,true
15f6df12-9193-4870-881e-4dd25d04694e,George Creager,8ed87cbd-ed56-42dc-aa40-58aae971ee76,true
05ff005a-9633-44ec-bedd-af7e77ff42f9,G. W. Morgan,5140e7ea-547b-42b5-bed0-a874088a3531,true
9e75561b-bb99-4c23-bc53-472f7ccf3a55,WM. Mayo ,ec93e146-9325-4c84-b830-8025168c761f,true
026d00e9-b738-4ef3-b1f0-4243da45c321,JAMES A. ROGERS,9e20cd68-bdf5-473a-9c51-3dd763261a72,true
1b687894-013d-4865-8fc3-db0f34687840,Lucien La Branche,6c888021-abb6-4aca-9700-c7aeee0dc997,true
95664ac8-e0e9-4fa7-a791-610602ae4560,"Wm. [William] A. Meroney, Sh'ff",35ab654b-6741-45fe-90ca-c165f1fcfb03,true
ee559969-078b-416e-a9d1-640a56791483,Cotton M. Stevens,07b92699-2f0f-4f36-b5c1-3b7b52fa2498,true
67a4c6cb-f4ee-4550-a9fd-976334e31663,Geo Perkins,da1f6adf-e4bb-4cab-9479-d7422ea87c8b,true
dcb30af1-4604-41c5-a15c-1a8bc895def8,M. M. & T. B. BROOKS,6e695451-0db0-4775-856c-748382bafaef,true
85b6cc29-13d2-4271-960b-4bc6d428f297,J Simpson,122c9ab7-0dfc-492b-b7e6-9e1859eb69a3,true
6f17cc5f-e183-4ed0-9a8a-30dbde4ebdd4,Orren Moses,0abdd1a6-ae60-4b79-87dc-fbcbfe664777,true
4dda326d-9f9b-44c6-8b1c-7ea166fe959c,J Simpson,44e1b47a-948c-4509-aa61-21ed6ee72c26,true
a5e76fea-12f8-4db4-bbdb-dc5c65648a4b,"W. T. J. Vann, Sheriff.",72f57123-cddf-44b2-88aa-7109d2fba237,true
56ba83ed-9cac-42bc-83c9-08195d3565bd,J. Bates Jr. ,ecd14680-75e8-4bff-bdad-28090e97480b,true
f57df560-004e-4a80-b99c-b2e28077322c,Thomas Wills Jr. ,9b6673ae-7d52-4eef-ae66-cfbe2823eadf,true
56431904-6b7c-4842-8443-51b263f6ce20,William Bates,d6f94ae4-c963-466f-aa4a-c1c8c0b17506,true
b0e7323f-d441-4c88-88eb-d90e00691949,Toledano & Gaillard,026f5472-34b7-4c69-aff8-9ae5cd62e07a,true
2c721736-b162-45f6-b893-176e335df528,P. Rotchford,befe7d62-cfc5-41e8-8f2f-dd4cff5db9b4,true
aed3723f-0bf8-4980-b030-3a3d62bf74fd,"BELL, BUCHANAN & CO.",50d3e75c-b4ab-49ba-ae7b-bdebfc03d308,true
6f04d216-2cbc-455e-a97e-5b09e50f139a,Daniel Moorer Sheriff,ab086493-2ddf-4817-8788-b6577eed83ef,true
7bcca23b-5bd3-42d2-bfec-0298d251ddaa,J. A. Beard & Co.,0e902868-9aba-46fd-a182-31391f47551c,true
5814096e-86ef-44a9-bc61-d86b963d8625,JN. BTE. OLIVIER,a2d0f4f5-106e-409b-9393-ff76a56e8a30,true
765fb574-ec5a-4f2e-9742-bda8df9b735d,Cerisay,b1460b7c-5ac1-4c2f-81b7-82e861475972,true
965c8fff-b9d5-4907-895a-10c87562022a,John R Daniell Jailor,f8a4f706-9b35-472c-8a6b-4eb515116a3d,true
44afa6fe-db51-4444-8c98-547101ccad28,J. N. Ingram,1b723d26-70a8-428c-b449-6b4d8864961a,true
0ff94604-1d05-4cbe-b40b-b40b5a78a2b3,Ransom Winecoff,b4f6a66d-8d08-48c5-a136-aeeac469b845,true
4e8b0d55-6814-43d1-b9e9-cf4a173a800f,GEORGE CREAGER (Sheriff),8a754b00-afbc-43dd-8dca-f9a59db12815,true
b2c30fdf-aec4-4afc-8b18-c103f458795c,W M Armstrong,026f5472-34b7-4c69-aff8-9ae5cd62e07a,true
977c2bbb-7f8d-425c-a24d-259c29e775a8,J. Bates,{undefined value},true
38c11254-b43f-4ea3-b7db-b113ce33fb6e,"E. D. Hall, Sheriff",aa4592b2-d299-4b88-91eb-d833fbe71b97,true
f708e4fc-e308-44fe-8317-90888c425aaf,"John Wordel, Esq",fe5e2ac2-c06f-4286-a1fd-424d97f33cc8,true
7db5bbfa-ffd5-432a-a64d-54082be61799,J SIMPSON,d36f5349-cb74-49c0-bdb2-35a88d1661bd,true
c190aed5-f7fd-4091-af50-69faabbf7c94,W. Withers,014eaf12-f807-4bd6-aa77-2e8885534580,true
48ef800b-f0cc-4c7c-9adc-8591a863e80c,G.Gardner,fdb47860-b8fe-4af9-858a-33908aeb1149,true
342ab4c7-8e55-4f6a-bb6c-b3ef118ffcf5,John S. Ingram,c513bde2-1fed-4545-8536-485406f89ca0,true
902e9568-c9ec-47a6-a770-f834ba643552,JOHN FREYER,a49d1593-4117-4919-a70e-37717ec63a23,true
8f6d3a88-75fb-4ef0-bb97-37eedcd8c409,S. B. Murphey,0aedc17e-da6d-49d5-937d-8581a8c19e28,true
e6c76715-a24c-4b90-9b5c-1458d2a890c5,David Shuler,b1d38cad-038c-497c-a087-047091fd7e37,true
55e8b6a2-3af1-4767-a64c-0216af5b9338,S. Van Wickle,{undefined value},true
5a56ba3e-b9f9-4932-a88e-8dbcc9c01270,mr [illegible]L u Mallein,03d13afd-8c73-4275-8010-083d95c25ca0,true
86c63db9-e2db-47ec-82a2-4fd854e0bade,"DAN'L P. SPARK",{undefined value},true
7b5fe5ac-f977-4618-aa17-20162c046ff8,G. Huggins,c1a5280b-e242-4213-b5e2-4bb9ec48d010,true
237f069b-33e4-44a7-a278-662f74bdb44a,N/A,5e381fc5-ce54-4eab-9bca-61157e97d485,true
0e8db90b-8f21-4f19-a5f7-bee5499064fa,"A.A. WILLIAMS, Executor",{undefined value},true
b7f9ad36-bf98-44f4-b2c4-7a7a8f49ea36,A. Seixas,{undefined value},true
c72bc557-52f0-4e90-9bef-5377346b09be,"Cerisay, Sheriff",078d22b7-bcfa-4a26-931e-27723152e017,true
01a24fdf-a5a4-4cdb-b56d-20f27f7da070,Geo Perkins,94977562-a0e1-446e-8211-62786fa40e55,true
030bb02d-303a-4325-8a6a-4a6002c561a7,Thos Wills,991843f4-d47d-4ad2-880d-4fdc9951e7fc,true
4ba08d05-beca-4cf2-82fb-972aeff74fa0,S C & R Bell,026f5472-34b7-4c69-aff8-9ae5cd62e07a,true
5847f352-8a9f-4a1b-98af-add16767dfb3,Geo. Perkins,120ae7b8-f01f-4a1d-97ef-7810e6fffe98,true
be2e1438-a047-48b0-b99d-d400c096b2c7,BENJ. WOLFE,257d6e32-d9fb-45f1-ac54-fb298d142e7a,true
16cf47d3-d287-4788-a5bc-c5f99622a11e,Bolling Branch,b1835c50-1dd4-4f49-a98d-251cb7d4404d,true
7fa7a310-3083-452e-8f45-caecbc0221f8,DELASSIE,026f5472-34b7-4c69-aff8-9ae5cd62e07a,true
20958436-8c6d-4562-8db1-349a4736cb5f,A. F. Knipschild,47ff2020-0f3b-4bfe-95a8-da16e21e3aaf,true
69aabf61-da8d-45b8-83e2-ea61aaf7ccb7,S. Meilleur,acbd8bae-12ca-4512-9474-79918d1f192c,true
639e1201-0155-491b-9189-5ffac025daa9,J. Simpson,122c9ab7-0dfc-492b-b7e6-9e1859eb69a3,true
ea0155af-3f9d-44b8-9e4c-fd3897eaf0cd,J. Simpson,122c9ab7-0dfc-492b-b7e6-9e1859eb69a3,true
b068719b-4f0a-42f6-89d3-68b4ea7b3579,Dirck Bergen,49432f19-8abc-489a-a748-829c617518bf,true
72fb9ae5-c9bd-4590-92b9-002a30275789,James McGinney,d8625612-c828-4410-96c3-fe90055cc103,true
14b90f4b-25d9-4ff7-a4b0-dc1ed0a35154,Crocketts and harris,b6391556-89d4-478a-8afc-683d1f47a2dd,true
640a3324-f129-46d3-a051-bdf94b464c1c,Wm. B. Branes,f62881c9-7e72-4389-83be-a82eaee78ab8,true
d6d8f800-b5dc-4ecd-a5ee-21bf819a750b,Jefferson Parish,{undefined value},true
8f5280fe-0aba-495d-936f-2af087aaf686,John Hearn,01d74363-be74-498d-ba4c-6735da3aa206,true
a15f77f0-af9f-47de-a159-cd205cd9b41b,"Robert Fifzhugh, Sheriff",e8042dae-9b40-4e83-a40b-31aaf3d05863,true
bd35205e-74df-4cec-a9f0-984091a7eb04,L.H. Foucher,10723304-3cb9-4a33-a3a2-02a292fac688,true
81e0b977-9161-4c51-b485-36e996a4081d,Branson Van Dyne,{undefined value},true
8528801f-e1bc-45e2-b988-5d3205b9f29c,JNO. H HAND Dep. Sheriff and Jailor,40c3609d-80f6-4c8b-b30d-59d5554d4f5a,true
361ecb7c-3381-473a-9870-0e70b78b37c3,William W Dickinson,b303beb6-5afb-431b-a1e9-b30ffddb8cd0,true
480d31df-9deb-486c-ab8a-849d9df1625d,C.L. Montgomery,f0688a38-dd29-4642-862c-54f550fb9d1e,true
0206d0e8-e113-4b8d-b169-03c9aeb567bf,James Mcginney ,{undefined value},true
7938d663-7239-4350-b968-29f036b77735,John F,{undefined value},true
0213a482-5321-40e4-aa04-4b7b96cf2955,J.A. Beard & CO,9482bc38-4573-4171-bc0a-f5e114e46863,true
98b8c1ad-7421-4637-9876-b621e523bfdf,Daniel Moorer,e750c318-6ad5-410b-b011-c53f1adf6885,true
8eb1a4c0-5163-4e5d-8967-1cd5acad9835,H.S Harper,{undefined value},true
9e2b8b6e-dc21-4500-8d48-077be4d05b46,J. Simpson,122c9ab7-0dfc-492b-b7e6-9e1859eb69a3,true
4f8f3f29-9644-4a8e-9ff0-a7e05f2f084e,John Kent,02247a14-519b-4dd1-8a6e-447d98a263db,true
2bc42a3f-0c7c-4e87-98b9-638981b0b1b0,P. Gilchrist,77b20eb0-4dcd-496a-90d2-18695260a92d,true
71c022a3-95a7-43a5-a497-8e22a297b8b2,"Andrew G. Bull, Executor of Estate of W.C. Micou",4c7c304e-2a9a-4fb4-9f19-509fc854dc1d,true
897ca18a-85bd-44c7-8e9e-c0c00f52f604,John Pearce,{undefined value},true
09c5a2a6-44cc-4fa5-a4b4-751263060002,Margaret Simpson,3b9ca488-4d70-4292-96e9-46773b9b054f,true
502e9cba-ae79-484d-80a6-2ecef79f0e47,George Jakson,{undefined value},true
e34946e3-21c6-40d5-a844-07b43698b757,The Boston News-Letter,c83690f3-0fa1-44bb-a2ad-d0788e32ed49,true
fdb50d55-c4d2-407f-8dfa-abcc6ed0846d,John T. Milkliken,014eaf12-f807-4bd6-aa77-2e8885534580,true
066d81c6-3f4e-4110-b2e9-c68d1e58f875,J.K. Arimstead,d88dc202-d79b-4dc2-ae7d-08af50cd1005,true
ca91462c-235b-4039-8f97-b3bf8aff188b,THOS. R. SMITH,{undefined value},true
899f962a-034a-4247-b6d5-40d683733ae9,Andrew G. Bull,d4de9d00-9371-4c10-bd07-bdd4382c8dac,true
986e9992-ad19-4cea-80df-37968a98ac6c,Henry Basford,fcc5047c-d36c-4e6e-adb4-7eae0e553c06,true
f838ac1c-4fa1-4158-957c-a9cbfc694ea7,Christopher and Richard Roberts,{undefined value},true
f86aafa8-ab10-4f62-8eae-b29cd6b6dba3,"J. THOMPSON, Jr.",6b1adee1-08b1-440e-85fe-f145570b1a6e,true
eb7b8ab4-c5e3-46bb-abb4-4cba60f22463,A. Seixas,07b92699-2f0f-4f36-b5c1-3b7b52fa2498,true
a3dbb11b-566e-440d-b99f-601aa9fbbf29,Jailor of Wake County,15bfee9f-73a1-4a7b-bf55-06568efead87,true
35fe9289-9857-47ab-8b23-0025277c9ce8,John Duncan,9c57a288-5259-4519-b327-29170a10b3a2,true
9b1a5b57-5431-45cb-a25e-a6de3c748f3c,A. M. HOLBROOK,e8cd0750-a7af-4a2a-99f0-c3de7c450213,true
79a37c43-3372-439d-b6f8-fb0f1f41f3aa,Cerisay,ef551cab-ff4a-4712-aad6-de04618f5297,true
eabda6ea-39a9-447e-b92d-17a4a0b8cf23,P L Trepagnier,de3abb4e-64e6-4838-871b-a8ef79244551,true
75a81798-2f46-4c19-8e0a-aad10af97607,Newman Kershaw,66d30c43-4af3-4fc9-85b0-fc95a01bca38,true
983f0d95-d4ad-4266-8e14-31231d49dac3,WM. Seabrook Jr.,{undefined value},true
891d21a5-946f-4fa8-bdaf-46b6f5399bee,"R.C. Holme; T.M. Lee",d244234a-747f-437e-b589-26dfcbb403e6,true
9b272b5f-ee16-4f68-8ab7-5054bc6081fe,J. Simpson,122c9ab7-0dfc-492b-b7e6-9e1859eb69a3,true
25446cae-1039-428a-b02f-ec235a64d8fc,Josiah Tibbals,3debbf0f-b02d-4459-8de4-8b822a3f1815,true
934422f3-0277-4cec-b0a4-224db9e494e7,John A. Seabrook,841bc40e-78e2-421a-9e39-dde1b07ae3e9,true
c7593789-5e5e-4115-a4f9-cd9913096496,K. Haynes,d8e2962c-1d3e-497b-94b7-30a8c6faf263,true
b7811338-e6fe-4d72-a886-c9a4b4fca232,John H. Greenwood,98df43ee-d926-4abe-b25a-44397059e95c,true
30d976b3-0e9b-4503-ac88-2e83d206f359,William Moore,f473a537-1e3f-4545-ba7a-3fa740f586fa,true
4279ff34-e30a-49b8-b2f1-714973dbca86,W. B. B. RANDOLPH,458ca64c-68dc-4cf8-bc99-70c2f3747b79,true
b228ab3d-20b6-4b88-b9be-5fcb03387719,"Sam'l Jackson",c1d40acf-f2ef-442d-b27f-fb9973739a43,true
219668a0-242f-4668-9570-508d557f1ded,Peter Creighton,68069ab9-bdb5-473d-98c9-ce520bc56ec7,true
90b72a93-2d80-49c2-9b3d-ad706437dd35,James. M. Taylor,0aaa14fd-3c9a-43fd-b891-40fcc390b043,true
f2b01824-c32f-42cc-9215-2e293b54380d,Warren E. Kennedy,{undefined value},true
b3bccaeb-6a8a-43f9-b9dc-0c600a7d2c57,John Dewitt,b6389815-f1c1-480b-9a59-b05f255b6ec9,true
da49d5af-93a3-48a4-81f7-8f86b1466e0e,Edward Gantt,9c20ec31-37c4-4ae0-bef8-41ae6eb7c81d,true
ae4dc391-cb74-4cfa-8a67-230754b6f51e,J. E. LAROCHE,{undefined value},true
703d4f66-9bf1-4d6f-9e43-f00ff40ecde4,George Creager,7c1d2610-bda1-4e5d-8e96-381e2af691eb,true
34c59736-a607-4ff9-b2be-3f48aff9089e,Henry Durden,2400f3ae-c353-491a-af0d-dd344b2124d2,true
c6058f27-d384-48d9-9fda-a7d3ea8921f5,Richard Saltonstall,becca01c-89b2-4125-af09-3654e4893cb5,true
56ef974b-9a6b-4387-9fa0-9102e7c95b40,Fanny ,{undefined value},true
febc90c9-5e1d-4d10-9e0a-8aac6e5e77f8,W.L. Callais,cdb3ffa1-2936-4392-bb98-8b5513b81802,true
8fbb4d84-7cc6-49e2-9750-e8aa2deb7487,Rachel,a00df763-e806-4015-aa80-798adf2b824b,true
47b247e1-7715-4067-8195-2ecddcbc4bd1,"J. Bates, Jr.",0af51cca-1c11-4dc2-9b10-9d1a87eb9383,true
1c4f7e21-ce14-42c1-bb55-b248113abf05,W. Withers,716420d1-cabb-48bb-a558-3681abb36ce7,true
bbaa0e0c-01a4-4cb7-8168-5709deaf7b8b,P. SHEILS ,{undefined value},true
471025a9-9640-4688-a37a-45839f5cb889,Saml  J. Coolidge,bbb8b9d3-639f-4d74-b695-943237e40f49,true
854f0a4c-3f38-4a94-b610-cb03a064e5c4,Ollin Coor,7d1c592f-398d-47e4-988e-ac666026b4ba,true
1e563281-cf7b-489d-802c-8dd9e3c5c728,"Chesley F. Faucett, Trustee",97db1af3-5a66-48f9-96e0-0d2184eb53d8,true
86dd3499-fd9a-4504-9963-ac8f83d5905a,    W. Withers,000eeef8-32c4-431c-88bb-86a821c34da6,true
87c8b433-7cee-4009-87bb-33a8fad532e1,"Armant Brtothers, St. James parish, or A Miltenberger &Co",5173e78d-43bd-4818-869d-91f5c44f5bbd,true
ce645bcd-d427-4437-a1c9-71e95a16bf12,WILLIAM T. EGGLESTON,fa8004d0-d620-4a84-9b00-b0bdd410d6d0,true
5101c855-0e33-4e27-8ea9-f91c9dcd1302,W. Withers ,b8e84d6b-744e-4ea1-9038-6f21e705d976,true
1f91b71d-9099-43c5-8a82-a8e374c9f7c2,George Creager,fe596958-5e85-4105-928b-68b6bd0ae886,true
b294d7d6-8a54-4d88-b090-6eb9337c1e15,J. Bates Jr,9c5efd48-be7e-4b59-b2ae-ecda28d90f25,true
bf69edfa-df70-499c-b376-090da6727e8e,John Heath,014eaf12-f807-4bd6-aa77-2e8885534580,true
d0996e6a-4855-4e18-b1f0-f4a2072df950,Daniel Carroll Brent ,e83b15bc-6c6e-48af-b8a9-7e8023ff307f,true
61447ee0-f4d7-48b3-9c52-193b8feadc3c,"W. Withers, M.W.H",f66bb28f-1abb-499c-ba6e-7636ed2d47e2,true
a560faac-ae24-4a94-bb84-01ddd007c228,H.B. Guthrie,2728c246-d917-4dd9-88db-1c20f402acbf,true
6dcab380-85f0-41a8-a7cc-f37c802731be,S Meilleur,14358b40-d659-42a9-aa83-6fe2f9a98db1,true
00f6756f-06d2-4e11-8a3f-2e55aa023c05,John Heath,de529c7d-c58c-4043-af5c-9bb810550734,true
823963c3-3cf3-4f51-8813-59256d2921c0,John Heath ,3b02c4d7-becc-4a3e-bae4-a8519294e42f,true
684588fe-6b2a-4d55-94aa-0a7e2af998e2,John B. Hussey,023a6251-da02-45d1-9ced-63e6068778d6,true
05d8ba29-368b-4ad2-9601-a43131b1d16b,H. L. Atkinson.,0333761c-836d-4050-ba26-9b573ad9c25a,true
45d3d70e-d543-4649-b561-923829d653b4,N/A,542ebab3-f88f-424e-ae33-c6faa90ec07d,true
50465e46-0d3f-417a-a7e9-be7f67af3d97,"Irwin, Hall & Walton",3c3a963a-f688-4cc9-afb5-472e8fce7c9f,true
0bd9671e-74e1-49af-8511-2e7ce219dd59,The,{undefined value},true
7b94dacf-4944-4df1-b05d-62a7df811fbe,James M. Astin,2ad2e89f-e616-4435-886b-53108186d104,true
54cb0e9a-4c2c-4baa-95ea-06fc3aa79dd9,S. Meilleur,026f5472-34b7-4c69-aff8-9ae5cd62e07a,true
50fea24f-cf6b-4a18-9419-3677e0239b15,JAS. H. Landson & CO,33cf5095-f12c-4837-b048-c8776c88a14a,true
c4ea2def-8f37-41ad-bad7-7d914953b648,George Rumph ,b5e9cf78-9760-4fba-83d3-94fef82da9e3,true
4658b64e-aa20-47ef-b873-3bb3fee071b8,E. D. Hall,dc0a1390-3cef-4933-be73-de400e0bfa20,true
7128237c-1089-4662-93f4-af027f9299e7,The Mercury,014eaf12-f807-4bd6-aa77-2e8885534580,true
d2c8a229-98e0-44eb-b6a5-7dff301ef1ed,J Thompson Jr.,d409c24c-7751-4773-97cb-e1d236289241,true
d3781b4c-f3c8-4b0c-819a-a886c9fd8452,Chester Rockwell,ac4ae315-fc66-4445-9a4b-a78bbfe84030,true
961af252-52a9-4d15-b99f-9d62b0aef6f3,Thomas Parker,11316fd9-4594-4cdf-b8ba-7f3faabc0235,true
789c6329-c62f-41d2-a867-7d2cc7d0c591,B TOLEDANO & TAYLOR,b5b398ae-5c93-4fa2-8cf1-bcd79470e30b,true
889d11c6-ee72-4861-9239-4ded95ceaa02,The Charleston Mercury,014eaf12-f807-4bd6-aa77-2e8885534580,true
0ce6de1f-eef7-4527-825a-0a4522640fb7,Edward R Laurens,a6c1fe74-290e-45df-95c8-72369a51a2ff,true
45f44612-236f-49d9-8b57-7dcc21ac90cd,"SUTTON WEEMS, Sheriff of Calvert County",{undefined value},true
ee79a43b-8663-4e3c-aaf1-31e9b148cb93,W.Withers M.W.H.,d0db39d2-440f-4d9c-ade6-680e590321ef,true
783861b2-bacf-40a9-8596-cf129ad81345,W M. JOHNSON,{undefined value},true
ad8b2944-20b8-4cde-8e14-2e96637fb32a,R. Nicklejohn,{undefined value},true
b4608241-4ffa-4084-8c2c-62b458e3ce95,J.D. Ashmore,0ed1a4ce-f09d-466d-bc6c-123532c46787,true
d41a13e5-f44c-4fbd-a635-6b06ba6b6c04,N. G. W. Walker,f2689c25-af32-4f20-8e8a-687dc2e40a93,true
b4a931e8-1ae7-4337-9003-0c4359570f78,Thomas Kelly ,0dcdba88-7fc3-4087-a3b1-2dd758f7df57,true
a65a47e3-fe2a-4193-804c-fc5300f415e4,Wm. Wells ,7eaf8fbc-901d-43dc-8e5a-ccc340000df4,true
d5f04c2f-01d4-4675-9216-8ae60499865d,Allen Orr,95e7d737-9142-418b-a101-4bbd1c3d6603,true
a33ffdbe-d3be-4c6e-ad19-5b7e1f4e049c,Not provided ,{undefined value},true
8b0c3143-a8b6-4241-9644-e003b7c22312,Jas. C. Brooks,68dcf4e4-776c-4404-ac53-a336d7cf37e3,true
8c68fc83-ec77-471f-a3b6-4cdbc7617bbf,Willis Holmes,026f5472-34b7-4c69-aff8-9ae5cd62e07a,true
97202c4d-d48e-4023-a6dc-f42d0a4d246b,H. WALPOLE,{undefined value},true
34be0d68-d64d-414d-8bfd-3616697f543f,Nathaniel Heard,dbde0189-bf3a-444b-8005-6112b1576033,true
13be9349-a5c4-4108-9cb7-6945016a0e7a,Milford,4a8f10cd-d699-4f9b-bd1f-f2150d994aa9,true
f8b7c466-aa94-47e9-b64e-9990d05710c0,James Paine,85d2e562-d3be-4624-80e1-3268bcb7dc0f,true
7a28fa25-2a52-478a-b8a0-b3830275e981,J.D. Allen,2c4d0fb3-3bf3-4f5c-afa3-7bf912928463,true
8656bd68-6904-41db-a956-e5f6960e3faa,Benjamin Smith,739a46db-b11c-4c28-8fc0-f81965fc2b3c,true
9366265f-3158-452a-a2aa-a55607f3416c,Junius M. Millard,8e62702a-c2ab-4bbf-909a-7a322291b19c,true
56c70af2-2dfb-48cc-82fb-99818fe9027e,A. MAULDIN,f34204f8-882f-4fa3-8fbc-3a1c2304b103,true
b14942bc-02ea-48a6-9a56-4313043cf6da,"W. Withers, M. W. H.",07b92699-2f0f-4f36-b5c1-3b7b52fa2498,true
f736e2ca-2a1f-4132-8d5f-49bf53c66a7b,David Lopez,{undefined value},true
122c369c-1efe-4550-9ae1-b207acde64bd,WM Withers,{undefined value},true
7460972b-1709-40d6-bbe5-27c31db67b7e,Richard Clark,{undefined value},true
e7afb4b8-1473-4221-9c5d-32a8294bd577,Subscriber,ed4b2784-e400-49bb-a855-b7d7b916d660,true
014134a8-e4df-4de7-acd8-a8f5fc684d99,advertiser,239a8c7f-542b-447e-b0d3-1e3c9a7e4515,true
42a71181-8c5a-44bd-bfd2-100490cf78dc,John Houssieux,2fdad1f1-9f31-433a-bdda-d71c631d62ab,true
d9b5a68e-03ea-4110-bac7-d72e92027846,Lafayette Gazette,{undefined value},true
d3207794-70f7-4745-9ec8-bc5238078c4a,"Cerisay, Sheriff",a72e7bc1-ec8a-4ccc-883b-e39d98dc727a,true
dc07a4c1-4776-44c2-8743-df3c85355107,Edward Daniel,a89a03c9-1d89-4a1f-88ef-fea444c946cf,true
9c622018-45f5-47aa-9b50-502cb3072f83,CLARK & MOSBY,{undefined value},true
bb74f493-3234-4fcd-b776-cf5da13ed04a,Thos Rogers,455ffa05-8779-40d7-95ba-92aafd1b5a6d,true
890692db-0c2b-4b35-9bf0-4b14e560d234,John T. Milliken,efcc00b0-3f48-4864-9d6b-19488cdf7ca6,true
9aaf411c-eee0-408f-baba-c6438264f7bb,"W. WITHERS, M.W.H.",239a8c7f-542b-447e-b0d3-1e3c9a7e4515,true
4d452c12-18a7-4771-acdd-acdb13c47c0b,"Danl [Daniel] Moorer, S. C. D.",cbe0e2d8-9356-42fe-ae33-f908c17c3be0,true
e21857ba-309a-4063-bca1-b47bf76c5d33,Charles Stenchecomb,2f249273-6885-49b0-b768-73b3438844d5,true
e1a2c873-c39f-4913-a001-8616d9efb0c7,John Carreras,f41ea945-44df-4b71-8cd4-9744cefc49cd,true
9a233bfa-2b23-4dd1-aae0-6f52d7ccb575,W.W. Bozeman,64261028-7e69-4dcf-96bc-a56c390e1635,true
98982078-da64-46ac-9d5b-2ea534c55a1e,N.G.W. Walker,182aa2ac-d8ea-49ca-b2e4-77dd424d1f09,true
488f93e9-aeaa-4882-a100-9b3fb1fbd40b,The Charleston Mercury ,1e009797-cc01-460f-a5df-c86fc58c30fb,true
98f70b23-f15b-4496-b003-c19a4983f0f6,christopher chapman ,d19d713b-91ba-45a7-805e-3d93828e9d17,true
79a58d71-b8c2-4127-a6dc-2d9ab03a8619,John J. Able,897f7e6b-c9e9-4271-bd65-699251065336,true
e9d4d355-085c-44d9-9199-2f5493f14d8d,"C, D ",ecf47bf6-c79e-4200-b7b5-6329ad4da170,true
e77fc6ac-8136-488a-bc74-86dfee43ff1c,thomas bailey,073b6b43-496b-448e-9c72-d8c5045c279d,true
a8419813-9064-4b17-aaa6-afd23ec4830b,John Heath,856cb337-aa19-4c31-9892-985b433e4d45,true
df640536-6170-478e-9979-8ffa30b67928,S. Roman,239a8c7f-542b-447e-b0d3-1e3c9a7e4515,true
bcb716ea-bff0-46fd-a8d8-c5d17a949242,"N. G. W. Walker, S. B. D.",776ae276-fe15-4853-b414-d0795dbe5ea8,true
b55d7545-b61e-4e38-899e-2fc6ffef03a7,James Paine,33b9a2e1-93d8-4613-a827-4a04fd770a36,true
cb0fab73-196d-4e65-ac50-af9753e97f83,W. Withers ,d686209a-fe36-4370-bb8f-c50da3ed491e,true
d07cb302-379f-493f-8b3f-e6b34046c88f,W. WITHERS,826b8773-a0a6-4bde-9006-75dc8ff6eebe,true
469cccc9-0863-4df7-9262-0d2608ae8b2f,"L L Trepagnier, geolier",7a804357-2f7b-4fb4-9bfb-e0e91ff3b7c4,true
1e727e9e-0573-403d-8435-2fbc0394f6ed,"Cerisay, Sheriff",d3c050b1-2baf-4308-8553-88dd29d8d004,true
078f2c36-4d73-47ea-bc8b-04a6f349dd74,P.L. Trepagnier,56277d14-6510-4c58-b2f6-2e735c6f8228,true
47eb9bb9-37e3-428d-ab81-bd619a195785,GEORG,{undefined value},true
da4c7938-a449-483a-976d-8127c892affb,"Sheriffs Office, Barnwell C.H.",7c9a9874-1bb2-460c-865b-1906a001353a,true
990c39db-f1df-4f79-9fb7-4644bd56205b,"N. G. W. Walker, S. B. D.",f9b40dfc-a103-4664-bbc5-120a37e8a9c4,true
01678efc-824e-486a-b00e-c4f4b6c28222,Charles Morgan,239a8c7f-542b-447e-b0d3-1e3c9a7e4515,true
beee5a59-5a02-4167-9c2e-f8ab57c986d2,John Heath,952b73ae-829c-414b-aa4d-91ec5484127d,true
72ee39cf-be1a-4912-baee-87c1cdcc3c39,William Campbell,{undefined value},true
9675f35b-a600-4be8-a0b3-b2e8856a7cb6,B. Wilkins Esq.,{undefined value},true
00a8535b-2a49-488a-b2a0-75d62e6db52f,"W. WITHERS, M. W. H",9653951d-2bcb-4371-88f3-6e63f93ad72c,true
bbf85619-af0c-41f7-a9d8-f56e6f65adac,S. Y. Tupper,{undefined value},true
de8556f6-942b-4f8f-ac20-b9a659d1a68a,"W. WITHERS, M.W.H.",014eaf12-f807-4bd6-aa77-2e8885534580,true
e1e554bd-bebe-43d3-a376-0a30b2879a5e,P. Gilgchrist,6d92e733-9db0-41eb-8840-7b3c41ccb1a6,true
dcc508a1-ff16-4779-ba27-09092d6ab29b,Joshua Barney,fe232fd9-c82a-4fd4-b5b4-536296094918,true
e8f077d3-462b-4e58-b6c9-e1765072d445,Jason Moore,ee3f71b7-09d0-45fa-9092-d1f0b14097ba,true
a0087c95-2fdf-4c84-948a-a79a47a59d8b,Jonathan Harris,b421cd53-6016-42ec-996b-4c444f7e419d,true
35806a80-650f-43e8-9154-bb45edf13bac,"J. Bates, Jr.",f4eae264-ece4-4342-b371-a7e2f818afab,true
dcde9934-7c37-4ecd-9b6c-cd12eed1973c,C. S. COE,34b1b1a6-d50f-4e7e-9a87-1214a2e15711,true
6956a8f4-58ef-4e15-8e31-8dcb076d635d,"Jas. Barnard, jr. Esq. ",57d4b5c1-bcbe-47b3-a29c-94f23655520b,true
14a9f740-bed8-41a4-9c20-503b58e3aaa1,Eliza Coward,fe232fd9-c82a-4fd4-b5b4-536296094918,true
2656c5b8-ca5e-4555-8add-2eb355b149a3,State Engineer,08887da8-da0a-4991-816c-f8e7486a0c6f,true
84643a0b-760f-4cd5-83a3-842b0f8e54c4,William Corker,abfa2b39-1306-44e0-bc6b-741707be95ce,true
a038946c-cd40-4cc3-af98-bc64b206c3bb,S. Meilleur,026f5472-34b7-4c69-aff8-9ae5cd62e07a,true
8fedd635-23a8-4c10-b585-df3e3080bc2d,Stephen Johnson,026f5472-34b7-4c69-aff8-9ae5cd62e07a,true
41133d04-5236-4994-ae5c-846e4f903c00,J. Simpson,4c7852e8-05a9-4ebd-9566-fdb28c70b294,true
a2998001-ad6d-4fd5-9623-691edec3eb87,WILLIAM BATES,7625de26-4f12-499a-a12d-d807d1e75668,true
169bab68-6855-40e1-b620-04e5bee4d70f,P L Trepannier,0e5820b8-2ce4-4337-a476-a309a5f2c520,true
dff035e5-d512-478b-969c-49b8132a95e1,George de Passau,6370b3be-5c8e-452d-a2b8-a4b72597cb26,true
d1babfcd-4c30-48fd-a2b7-331928551f4d,James Edwards,6894cdf8-603a-4a4c-81c7-0c9835b18dfc,true
090865b7-f12d-44a6-aaa4-a2e1bc675c5a,Solomon B. Murphey,32878d71-2a14-4bb6-9223-22382fc22af2,true
d7990235-9a9f-485e-9525-9e255020b6d8,Thomas Bundy,19b7d6f9-d8a5-4b88-9501-5955647186a6,true
846f8a0b-7f5f-4055-bfb1-d4e59a9e5180,James M. Smith,ec660800-32e1-4b12-8c29-1c1d0901458c,true
c871e985-2ee8-4c63-872a-26eb1c7911d9,Thomas Bundy,c967562e-f551-41fb-8a36-ce4a4523c073,true
2221e43c-1075-4b07-951f-f63c03b86745,JAMES R DERMOTT,6e1ea75c-f798-4e18-92c7-4c694c9956cb,true
1e58a049-9621-47ae-9915-dc0b1a984a66,JAS.H. CAUSTEN,1a714d11-a56f-4f8d-9c90-2db86a89ee80,true
5ceaa343-6cf1-4c8d-8d61-6207b6c13787,EDW. SHIFF & CO,7833a861-f773-456c-8d68-2eb92b73eacb,true
a725d8a0-649c-463e-a124-a220f0aad39b,"LILLARD, MOSBY & CO.,",5c8f4382-1a16-41bc-b2fb-91160dea594c,true
4dec9881-681c-485c-8937-64595c99883d,"DAVID SHULER, S. O. D.",fc85591e-38fa-4c28-ad0f-495e492767ef,true
ebbb4e65-fd90-4bec-a0c9-ba955662f4ea,Sherffif ,{undefined value},true
27fb5030-cd66-45ed-be09-814e2b3dc73e,S. Bennett,3cfb87b8-b3e8-4123-8b28-58b9793810d3,true
ca3ad3f2-433e-4b9a-9443-250cdc67fa50,J. Ross,fbc5c5c6-a4e2-422e-b4f7-c909796aa011,true
225ca3c9-033b-48b6-aa39-721f47d7c70f,John Carson,{undefined value},true
b6d484a8-1e66-4e57-a6a0-58202bc33f40,Thos K. Slaughter,{undefined value},true
e83cd02e-5fa2-4a3e-af39-97736e283e68,Daniel Ward,014eaf12-f807-4bd6-aa77-2e8885534580,true
8a61f25d-5ab1-45dd-b35b-89db6aa17d61,Bolling Branch,120ae7b8-f01f-4a1d-97ef-7810e6fffe98,true
4275ae48-7617-43b6-8588-211174e67b86,Daniel Moorer,834e22a2-c266-4ca8-bc18-73671a3695fc,true
24890097-fdab-4d1c-862f-97c2146e0d8f,E.D. Hall,c49e0b7e-af49-4422-8173-069084b83c83,true
782c01f3-5ef9-485b-b6b2-386013301907,Jacob Theiss,ba26b287-4131-4c84-823d-50da6ee1a371,true
902eb25c-e351-4cbd-8e3c-05e47c1f8508,Jas. P. Bates.,{undefined value},true
46fbc5c1-8025-49c7-bb48-e2992a407ddd,Clark & Moshy,{undefined value},true
da8ea369-2776-4bbd-bcea-40ed41e66f83,C.C. Hazard & Co,{undefined value},true
4b0746a5-bd9b-474b-9e44-482f6de55218,Josiah B. Hawley,{undefined value},true
45444ecc-1002-4244-bc2d-60c81b412ba6,D. Ward,014eaf12-f807-4bd6-aa77-2e8885534580,true
dbe23907-0c39-4d97-ac74-2b29a28c0e13,Cerisay,3610ca7e-0f0e-473a-9662-ccc9633cc520,true
ab314b60-21d1-4b9d-944f-12e27d83d089,P.L. Trupangier,6781a62f-952e-46cd-83f6-e3676898a51e,true
714803f5-0a22-4e6b-a094-5cdaa2b6e911,S. Meilleu,55a2e1ff-1206-4634-a0c8-5f6e1d404bc7,true
d678b5ac-543f-4326-98ca-b08a5a1f4f66,George Creager,c9ce70f2-acd6-45ef-980e-a44ab98916fd,true
2a027bdb-173b-4ce9-9262-974c8b08174e,Jas P. Bates,f4eae264-ece4-4342-b371-a7e2f818afab,true
228dc435-1de2-49de-875e-35ead0556944,"N. Rochester, Sheriff",909a2bd4-5b66-4316-9c0f-e3530e92f96b,true
27aa0d4b-84a8-4433-9ede-29d2ee5dde87,P.H. GLAZE,2056a428-817c-4dcb-a836-958b3b0b12e9,true
e505c8aa-0a91-49d6-a861-707aa5ee833d,L. F. JARREL,{undefined value},true
025453ff-d732-423b-9709-10b13a884633,"J. SIMPSON, Geolier [Jailor]",4300fee3-d4b9-4f38-b41a-d79eec1d8999,true
c87e0bbb-3bf6-49bb-9284-2acb0a3e4930,"H.D. MORROW, Sh'ff.",2f73c908-455b-4dba-ac7d-1c8c10ce88cf,true
2510c47c-39d3-4bea-93ea-066e743be877,Raymond Harris,0039aeee-70d2-4d1f-8f89-09dd8a4e16dd,true
01c99379-9872-47ea-91b6-385b133a76fe,"W. W. BOZEMAN, Jailor.",1199ebca-ca09-4236-8675-ef82314eb679,true
2df51a4a-6b76-47aa-b375-87ff38161b2c,"Gustavus Colhoun of Natchez and Rogart & Foley, New Orleans",24f71b4c-d089-4696-bfed-082b35d931f8,true
98611411-078f-4fa6-818c-0cbd10dd0c9f,"Messrs. SHADDEN, PATRICK, and Co.",04c39e82-1b6b-4295-a64f-1d4b4a9e66be,true
ab321580-3c81-494a-98e1-6d86c4566d2e,A. S. Willington,{undefined value},true
8f744948-f2aa-4405-aa1a-8fc067977942,S Meilleur [Simon],8320e76c-e453-4b27-8b53-e1a0fdcf28cb,true
08bf6eaa-394d-470f-85b8-1b863a7aa080,WILBUR & SON,86774277-c38a-4aaf-9bf3-894349c60c1c,true
16d4ac4a-0e79-42c8-81b5-480b8e21b1fd,"W. WITHERS, M.W.H.",be6c9ff4-00c7-4ca9-bd0d-31941c4285ea,true
ecde3f16-0f6a-44a9-b8de-f6fcd646bffc,John T. Milliken,615739bd-664e-44e0-abd0-4e88796bf7f4,true
e914ffe1-d18c-457a-91ee-17b8eab14d53,"James Savage, Jr. ",735a07bd-2230-499c-8b8a-7f6ab3b82d97,true
0ff907e9-094c-4e23-b984-ff42f81e698a,Jones & Turner,{undefined value},true
707a7740-97c6-4671-a4d2-dd0f673e3d64,James Cheston,75f0af4b-df77-4cfa-b1b7-1299cf1394ff,true
449021c4-9a5b-4f41-a0ce-c1453765af77,"Cerisay, Sheiff ",{undefined value},true
fae8c5a1-2a14-4ad2-874c-00701a610be3,P L TREPANNIER,55ac47b4-b60e-4304-a6b8-d00a3f09dc0f,true
eba2d37c-f922-4455-861d-bd3af01f6217,R. B. McRAE,{undefined value},true
65c2d858-062c-483d-b6c1-5d01a2b9cd14,J Simpspn,bb39d290-6f4a-42dc-acfa-f6453b9d6548,true
450122b6-cfe0-4f2f-8e3e-aaec050551ec,H. Klonne,40e1969d-a6c4-4549-8072-0b6d0d13337d,true
d8710238-f4c5-4aaf-9632-31853e91d857,A. LACOUTURE,ac41c59f-a4f9-42b4-87a2-36ac79b5291a,true
19cd29a9-ed8f-4c43-9c22-f5ff85edd6ff,Sheriff Cerisay,f0181f49-8b20-43ad-b7ce-3f0edf398284,true
7b5f8caf-84db-4eb7-bdc0-213be91b4d63,"J. W. Wilson, Jailor.",a0b1a07f-bf0b-4950-b0bd-8d2280d21673,true
8bb980b7-727b-42ab-abf9-bbce821a0767,"John B. Hussey, Jailor",df883197-a4ff-46ef-897c-1bb8648e8ee8,true
501a6d78-ff51-4e16-98ab-d32572ba670e,"Daniel Morrer, S.C.D.",78183b8d-a5e0-4dbe-935b-fd621030285e,true
0837b3ac-b833-40af-8c37-f8ef0c77e635,"George Warren, S.C.D.",088c8c34-aff7-4a97-9be3-77f30f28a1ff,true
3bc06e94-1155-4949-853b-6c566835d627,"JOHN F. SCHMIDT, Exceptor",61462f6b-7aee-4cb5-99e3-f931f9546789,true
0aac2a09-b10b-4459-9c65-9526abf7050b,Campbell & LaBranche,a2bab622-b620-4848-90dd-1c1decd87a40,true
52412fa8-3b02-491d-8195-91297f1a9eb8,Cotton M Stevens,d79e5a70-8329-46f2-a696-fbca30f48710,true
3cd52bc5-bc2a-43da-bd3d-52812cf98aed,Office of the Charleston Mercury,014eaf12-f807-4bd6-aa77-2e8885534580,true
39a4cb84-84c1-49dd-9142-9cbbeb43b5f3,P.C. Harrison,7c50896f-bda7-4307-be6f-e791e094b4db,true
685b1ba0-9af1-4fb2-9fa9-9856d9d0a7b8,"WM. [William] S. CALLAIS, Jailor",cdb3ffa1-2936-4392-bb98-8b5513b81802,true
056fcd0f-7574-49e8-855e-90ef76c78579,"OWEN FENNELL, Sheriff",ab27e069-44aa-4c15-b89f-a672746fec9e,true
1b293314-c3b3-4083-85dc-871920d91419,Cartwright Tippett,{undefined value},true
31006b73-5027-4c33-9728-8caed82199e3,"LILLARD, MOSBY & CO.,",bba09cc6-e51a-4e4e-bcfb-a9146bb13bdf,true
6b831de0-5335-4ede-9795-c3f58799a0f3,Stephen Sharrock,{undefined value},true
1ba473c2-305c-4881-a2ce-7021004126c3,Sam L. Fisher,b682760d-f6ed-45d1-86b8-f9be247a2ad5,true
c21b4496-aeb0-45e4-95fb-627640872eb5,Furnifold Rhem,d8625612-c828-4410-96c3-fe90055cc103,true
cd678d1b-f614-40c4-a19a-68a1c8f8deb5,"H. S. Harper, Capt. of the Walsh",cb9b5098-7903-4c43-ac5e-2370492a140c,true
738279d8-fb5f-43ed-ac5c-f3bb7af15e71,J.B. GOODE,555d6a12-c9d9-4bdf-aae5-2b832880301f,true
8859c5d8-beac-4638-8297-0097be8c825f,Charles Roers,{undefined value},true
f39060eb-173f-4de6-ac99-e691b61cf14a,Solomon Groves,891e0c0f-b152-40d3-8061-5569e5dd5344,true
b78c071f-77ad-4710-88b3-f90f5a616335,William Mitchell ,11fcaf00-e183-47eb-a74e-c9821923f04c,true
facfc38a-0e8a-4a45-aff6-6edc59ee8161,Courtnay,774479ec-dd0c-4c8d-af2d-fda636b71626,true
ec30d0d4-e2a5-4bb3-bff4-839d06b391a2,William Winfree,8357e4d1-9195-4cde-9ab8-517a63da0d17,true
a533b2df-4c9a-48ed-bc90-b97b47c4a2f9,Saml Bradford,2a854b07-e87e-4cd8-88d9-87faf0c0a383,true
5515c1b9-3b70-4cc7-b0ec-7c910dac6610,WM. Dunn,9077f093-acc0-4ef9-9091-29f8ffcb77b1,true
08d945ca-d100-463b-b17f-520fc528c437,John G. Baptist,81e077ed-adbc-400d-862a-6c9daa63a54e,true
63fb6c52-6b71-4dde-862a-1b73ac4e980e,WM. Barnard,f7a53cc0-db7e-4fbf-a005-4925a28a74a9,true
79c1351e-b9c7-4619-b938-d8ba29e15c20,W.A Philpott,d1f2f833-6448-46c8-a27c-b3b93a38b904,true
d3791201-0764-43ab-81ae-06ac5dbccd6b,C. Tippett,95cdb0d4-1647-4b06-8be3-aec18df4c849,true
a018c3c1-6f50-474b-b8ee-478cd8b574fb,Matthew Talcott ,282bb4f5-bdbb-43ab-84b2-d83b8e2956fc,true
c8e7961c-af35-45c5-aa28-2e597d428599,"H.A. YOUNG, Sheriff of Leon County.",44cf846d-8b08-40e5-b85c-add9cf59735b,true
726f8fcd-7a3d-4611-b632-a1f20ee6cbac,THOMAS W. MORGAN,92c8cc47-aece-4f82-a3d3-bb1bc04250b0,true
2bf3534a-d4e0-4c21-bc4e-0fa6e348c4db,JOHN PONS,0cd9498c-2b29-46a2-a106-0117f5efca71,true
65895eda-2fe6-49f5-8712-90f2a473cd4d,J. Rates Jr.,06634f71-ced3-4e24-a2f9-bb75a0739262,true
46663d1e-3bbc-4387-b9f6-326984bb1e00,J. G. Chapman,b93b6e56-2a1b-4780-93af-8c5d76ae90a5,true
8f645afe-24db-449b-922e-4f97b000a7ba,Thomas Parker,{undefined value},true
83aad4b7-3ff2-43da-a07e-b2a7cf95c2a5,John Knights,{undefined value},true
26873159-9827-4bff-a2f0-6073dedc978e,R. R. BURR,a9125fd3-133c-42e3-954b-906dd438e60c,true
a3c0b4b6-f26f-40d2-8e5f-4f1eb8e7cd96,John Laird,15ea2116-58da-4ece-baf1-da74f02605aa,true
54261e42-d468-44d4-8ff0-639c55eb1319,ERIC BERNDSTON,{undefined value},true
533a3fcf-d53d-4e4d-998b-195cf69c01d3,"Adam Fisher, J.B.C.",{undefined value},true
0f3e3e1f-9eb8-442d-8aa8-adda34d0c1d2,JOSEPH M. CROMWELL,7930bc4e-e1b1-4628-94d5-e030044ed8a7,true
b50c925c-4f60-4d29-b713-ae4abc9f4ac8,Deputy Marshal and Jailor for the County of Alexandria DC.,565ac7f3-1f1e-42bd-bec5-9ee96bd42180,true
7b8a9d13-f4dc-4100-bba8-215eef2c4bfc,C. TIPPETT,d205c4ed-e6d1-4f8d-bd5f-53e129b3b25a,true
e7793b96-1804-4e1d-891f-b808bd153893,WM. FORBES [William],b643a40c-1a8a-4495-9503-2fb7a7c49b64,true
4c83a563-a290-4b7b-b2db-398d1673c397,MOSES. N. CARDOZOR,1e6e7620-5551-412a-b95a-d18412212be3,true
5739a35e-6a91-49cd-8f6c-1979782be65c,F.M. Crozat,026f5472-34b7-4c69-aff8-9ae5cd62e07a,true
a1bc5cbf-4c10-42b9-8438-9204ddb3ce24,Cerisay,c7d26f06-8ceb-4066-b8de-84d95f4bf89a,true
5499067d-22cf-46cf-bd40-a81be37326d6,Edwin Chaplin,66760e4a-78b2-457b-988b-c2a1edc5dcf2,true
9477aebd-ccff-4de5-9366-d06135248fc7,George Sale,a0d2171f-175f-4d59-8786-48a119586d72,true
817dbdff-6856-4919-9846-a8242c9147ef,R.R. Burr,77127ab0-6d45-446d-9b2e-6594845fb34f,true
6fba4969-31be-491f-8587-c8eee2138e49,CERISAY,2ff5d45c-979f-48f8-a146-0a915a333a0f,true
883549af-15b0-4b94-98e0-f424bd462927,THO: HIcks,5a1a4a77-262a-4d33-bfe9-567e602353c9,true
51c69f4e-24df-488a-b582-ad82dce6418c,R.R. Burr,77127ab0-6d45-446d-9b2e-6594845fb34f,true
c05e235a-d332-4401-9e0f-5a84147ed65d,Cerisay ,d21831ac-4370-4da3-8e4a-0073e22316a9,true
36dbc869-ab33-468e-892b-0cb56ac2bfa7,John Klein,0fc6f417-f8bc-4bdf-adb4-17fc34b75cea,true
cd3d3306-c544-47c5-bec6-a3f9dd51521e,Robert McClan,{undefined value},true
554e2702-3236-4682-a4c5-5cd687bafae7,"Thomas T. Page, agent for John Tayloe, Esq. at Neabsco",176081f4-07ed-4341-b8a1-1b394836aae4,true
1da89bf8-0af7-4de7-a986-748b06e8f717,Charles Hulet,e63b43a6-b7bd-40af-8319-9148f1287431,true
cd1df192-92c4-45c3-ae9b-00f743daf95a,Samuel Bradford,6d76a90f-e007-40aa-a4a7-1e636b738684,true
5dbb6077-439e-4aeb-a6d2-0c3d54630830,Charles A. Stokes ,83ee6825-aa54-4673-89fc-b68a5a5edae6,true
3e4b54f8-9206-4d0a-b42e-d40fd244c7a7,Thomas Barksdale,{undefined value},true
12017c61-4037-4966-8f4a-c7cc5fe7187a,B. ODEN,2dea4373-66f4-4625-9514-62d602b1b523,true
81ca54ce-7cef-476a-8f2a-a94b05466d56,N. ANCIAUX,{undefined value},true
876ec234-f5c2-46c9-ae72-e8064aa22040,"CONVERS, KENNETT & CO",d3f92c3e-477f-4bc7-8f6b-2eed31da8123,true
93a5a9dc-228a-4570-95bf-de9a395ce280,John P. Burton ,3f1d719b-e611-4622-8683-397c9ee3fd1b,true
ee27f481-0c14-492f-b8f0-434b73f9ff5d,Basil Brawner,44fc2c1f-13aa-49cb-b557-1ab54f1fa593,true
ace4b17c-615d-4534-9fd3-2815121acecb,Cerisay,fe641b37-2dc9-4930-b9bf-b552622babb1,true
279eed17-8dbe-42ff-97da-35474d82c1cb,Moses Palmer,77dd018b-a05c-4baa-b258-6e6bb68a999b,true
9ca9eda1-cb55-4cdb-9dac-fff9e34bc27f,STANDISH BARRY,d496b4b2-94ad-49f3-9f49-64dedffff23c,true
0a518f53-4537-401a-a987-c2591f338c75,Joseph M Cromwell ,b41d9aed-c886-4ad4-90b4-cc0915a69d36,true
7e87a951-2908-4708-a739-aa4e6ec20197,H. S. Harper,{undefined value},true
a1ae7fd8-85b1-4c39-87f8-9aac2140bdf6,Charles Hill,e4087c1e-3147-4b4a-a3ae-944a92bb7e4d,true
8fbd2355-f482-42d7-8fa9-3c7b3b42be56,Thomas Osbourn,e4087c1e-3147-4b4a-a3ae-944a92bb7e4d,true
89e353ab-8ad9-48b8-b600-80115dd017ff,P C Harrison,{undefined value},true
b1a297ba-602b-4bfe-b280-e5f7bb86cd47,John P. West,85e2554b-cc52-4f41-a8b1-e0a210c8d3ec,true
46b4fd5b-7773-44e8-96b5-7a5277f4f8c1,EDW. Belt,{undefined value},true
5a53944a-70b0-4912-b044-58c83f15b1db,Daniel W. Mayes,951f7e71-e32a-4483-8b69-0b2faf558fec,true
4e106abe-1465-4fc2-a873-36e27b428acc,R.R Burr ,e4b1d7b0-6ce0-4575-825c-22772bd6accc,true
2508504b-273b-452e-a029-0f00fc0dd38b,"N. Combelle, Geolier",{undefined value},true
d091ad35-3681-4aab-9db3-97008cc1db76,Robert Walker,{undefined value},true
749a4f3a-2702-48bd-876e-ad436304beb8,J.A. Beard [& Co.],c5e92252-f663-45d6-ae40-ba43e6e70f54,true
da2ec8c3-7bb2-4198-86f4-23ce8f63da25,S.C. LEAKIN,{undefined value},true
94ecf776-e600-40b1-919d-2fd1e9b0dd53,Sheriff W.T.J. Vann,5ff7d356-d8fc-4fd5-8bf6-4b8f6cb995f0,true
d0ea0453-ea4b-4cfe-bd40-9e0323d9fadc,John Chalmers,75c3e827-225f-4f85-b45b-da93d102b907,true
bed3ed87-f479-4fd8-b114-639b6e44cf44,Marsham Bowling ,d730b719-c2a7-46af-a2a4-0c4d26349952,true
98873236-7550-4f85-a0d6-6971f81b144a,R.R. Burr,ac3f5829-4964-4f17-9c08-b018d39408b1,true
6c21a51e-15ca-43f0-a434-732b5fd80bdf,H. R. Sadler,239a8c7f-542b-447e-b0d3-1e3c9a7e4515,true
3dcedadd-9f32-41b3-84ab-fbcd597e4767,TH. W. Morgan,0daf34ec-b0bf-427b-b196-063699bef204,true
d2ff91e1-c382-4484-90ec-83b4d87ce9bf,Joseph Robinson,743787e6-124a-420d-a07a-9ba6760cf0b3,true
e69dfdaa-6070-496d-af64-8d42a2c8beaa,"J. Bates, Jr.",14358b40-d659-42a9-aa83-6fe2f9a98db1,true
0f9d40c2-3890-48ec-9513-308cc7ee1425,Joseph B. Seabrook,05a63752-e272-48f6-9050-72590c5d7ac9,true
8268cc74-d4cc-43db-8406-b72c7fe288c4,N.G.W. Walker,6ffa0156-9564-4aea-a394-ed86a1b88645,true
06dd08be-1703-4786-9fae-562d6b25b181,C. Tippett,016eb03d-71b3-41af-ba9c-eb8312c149b3,true
dd3d6897-39af-4849-83b9-5d656e3da418,Sheriff of Balt. Co.,927d6c4a-bb59-40a3-b5e3-06b32a9fe0b6,true
36dd2c38-f8ed-4b6b-87bb-9493e893a630,Baker Perkins,d8dff5a9-0a2f-480f-8b94-5ab196643cd4,true
b283d15c-9bae-4890-b4e3-c196098ebe74,Silas Omohundro,{undefined value},true
8a8bbba4-8ad1-4857-a91d-5d80fad2bef5,Sherrif S.Barry,994daad1-8e73-4695-ae0b-fc154fc13a49,true
4654e13a-beb8-4309-a22b-2c82de844544,Richard R. Burr,e4b68140-49f8-41b2-a39f-2cd36af96308,true
cf656310-d718-440b-872a-c494a4af09c4,John Chalmers,{undefined value},true
24b4ef8f-24af-4dd6-b85f-1592bfaa6cd5,David Lewis,d2d21cf6-f1e4-4bd0-aedb-3ba44b04aa5a,true
6bd8a3a9-004c-4f5f-9d10-2dffe17b4e5e,Thomas Carlton,fb2ed990-666a-4530-9d6f-181f7dad1277,true
a2270a8a-3e92-4d79-8435-63eeb660ac8f,"C. C. Hazard, & Co",14358b40-d659-42a9-aa83-6fe2f9a98db1,true
f6fdc799-4d82-4747-ae8b-b04e1818624b,Sheppard C Leakin,becc747e-36bd-4ccf-8659-d5162f3160d5,true
1af0e7d3-cf6d-417f-ac66-8f1b17eb7e9f,Simon Meilleur ,757434a3-ed65-4773-8c2b-b355c47b81c2,true
6a2ca5fd-f44e-4f83-809b-dfc35eb8ddce,WM WORSHAM,546a94b7-1460-4b42-8444-fa8af7b23558,true
328e3711-4fee-4708-b519-34f1fd1c24d7,E. Forstall,e7822bd3-847a-4f51-9abb-52a11fa861af,true
0edab7f9-34da-482b-bc58-c4acee5d5b20,J.E. Prince,6f900bae-85e4-4f92-ac4b-c58998314fd4,true
6ec70233-f06c-48fd-ac99-8b6bed25fcb7,A Simons,943c4624-68c9-4a8e-bdd4-052a701cc4cd,true
2dd76549-9065-4983-b69c-da9e16288d8c,Thomas R. Smith,{undefined value},true
5ee0c641-6fe6-4f5e-a207-541964e67235,PL Trepaginer ,{undefined value},true
7b0db54c-d1af-417a-95aa-5d42535342ca,Will,014eaf12-f807-4bd6-aa77-2e8885534580,true
0a5aee02-e499-4ccf-a8b2-98759c379e86,WM Winfree,6859d36e-0a9a-42be-ae71-b70abf03a56a,true
06814a4e-2bbf-4285-b59c-352de9c67a73,Charles Gachet,4481101f-4b24-4edd-8983-5a98ccadf3db,true
09daa5fb-d5fe-4f45-919b-bc842c343f7e,Alexander Johnson,819062ca-9f8d-4913-8978-cf6d80d70f40,true
5302ed0e-88f7-4c9b-82e3-d6b20ce64c8c,WM. Winfree,961fe8bc-8697-4a95-84bb-9f122dd515fd,true
54e5d969-343c-4917-b234-114539173d89,"U. Bouligny, Jr.",026f5472-34b7-4c69-aff8-9ae5cd62e07a,true
11fea1cd-e992-4387-9944-a13304aad020,Samuel Hancock,8067638c-f01d-4215-bb8f-779cf7c41b1d,true
afa4dad4-3953-47ae-89b3-18eb5000658e,G. Gowans,db243ab5-8806-4e94-b9ec-5e934950bdc4,true
ee2c276f-055b-4dce-b1cf-42c91da40f6c,R. Slark,{undefined value},true
93502530-bb78-4df8-ad11-961c31fb4617,Augustin & Thibaut,8250123f-e5ea-47e4-b1ce-6b70f4704ff0,true
f5ee78e3-9fce-4e58-9d09-d0f5bdc73de9,James Paine,4c5f9a6e-a159-463a-992b-549841a08729,true
0a2b2826-ce09-429c-a734-efd6e314014d,WM. R. Chapman,b5d5463a-79a9-4df1-a213-84541cb81613,true
d073c8a3-dba6-4ce1-87bf-084e726d3843,Robert Darnall,{undefined value},true
6bd8fc77-bd9a-49ec-8777-12237bab9e3c,"H.M'call ",{undefined value},true
1be331a5-1b28-48df-adbc-99ae436f9fff,Benj. F. Bray,e2cb7884-2b27-4b55-833d-96df732274be,true
6853937e-19d2-43f3-9608-e63dcb1209b6,A. M. Finley,1e102726-6b04-4a17-a454-730c2ff3524e,true
a667210c-6dfe-49e9-8e7b-837a54fa78d6,Jos. L. Kuhn,{undefined value},true
cd770939-381c-477b-a028-13054acdf82b,Green Gray,ff6aa2dd-0685-49f4-b65a-3e46da3da986,true
73d007fd-944e-467d-9538-f33febb73b50,John. M. Fergusson,fcb3d016-b905-450f-9983-d0d9136a1e3e,true
46371816-c8c4-46a3-af4d-f9b44fe51d4c,George Creager ,c9418810-f201-4012-814c-ae1109553089,true
34aeb3b3-f29f-4ed9-adec-5e8790c9788e,D. Campbell,{undefined value},true
bff8d7b6-562b-43d8-8986-eebae5400d1d,R. G. Dingley,{undefined value},true
a0eb65db-68bc-4e84-8d39-f3ab128f7043,"W. Withers, M. W. H.",716420d1-cabb-48bb-a558-3681abb36ce7,true
e7d2ce5c-0b15-4c9b-b6dd-aa123eb87481,P. Bates,7e88329f-1b82-43ca-88e3-24d49d1a5cf9,true
413b474d-3d33-4bc5-8add-dc7208dc2667,Sheppard C. Leaking,b9c7b0ee-a69a-4f3f-b812-9eaaa0c02c3c,true
a49e7c11-bb17-4fc9-ae35-91002f9db53f,"George Holloway (D. S.) for Charles P. Howard, Sheriff",2b0d57df-6f9c-4093-a8e6-86e1c8754833,true
78902cfa-e51d-4f1b-a601-d69f2e727dab,O. Devezin,{undefined value},true
65d57525-6964-4bce-bb73-6f905e84ee46,N. Norris,9f405afa-5be1-4e0c-80b9-fc613632ed7f,true
4c315a4a-dcbd-41f2-b935-9e29ca91fd39,Benjamin Ray,{undefined value},true
b9297413-f62c-4f90-b0dd-8f0be4c1b3e4,M. M. (illegible) T. B. BROOKS,{undefined value},true
1c70ee16-9448-433d-b185-93fb5412ac1c,WM. S. Royston ,c7f7228f-02a5-48c7-a2c7-c51b2412abf4,true
764a0b95-1aba-422d-b748-db3201036c6d,"A. Lanfear & Co.; William Polk",7ab97f65-0558-40d3-9790-bf50378f55fd,true
0edc1ec4-6e7a-45a0-842c-d691797e2fe3,Neil M’Neil,9c759f22-6a96-4e3b-85ec-1144b54e112c,true
bcb874be-32cd-4afa-8a5d-5b1d180fbb04,"John Platts; D. Leitch",33cab683-9f27-45fd-b738-e28a9fca6200,true
3fe91f8c-4972-43cd-aa92-5b2ea812c713,William M’Donnald,85da5d32-e4e1-4be1-9e14-0ae1ef6d01b1,true
5d4fdf71-996e-4ac1-b9d7-1b75a90f7fcf,Tho. W. Morgan,5bddbe51-34d1-4b8e-9132-2978f9dd9d94,true
4d97d885-3596-4b7d-a538-79a813deb857,Orren Moses,933d7431-387b-4208-83fb-6974cffe54ff,true
51c78509-ac88-4515-bc64-cac7ae3ab711,R. R. Burr,c707cd83-2982-4097-858e-6d2710d02aa9,true
26bef040-64f0-49af-9dd3-d123e90dc749,ED. W. Belt,4b3cfb1a-082e-46c7-9347-2e549cb3e198,true
4cc6888a-4e0e-4420-ac56-ffd33d12d51e,Silas Reed,c3ac1cb2-82cf-46ed-bcfb-4fd787b0ada5,true
e99c0bf1-0bcb-4103-ad06-231c10065657,"L. Hilleary, Sheriff",0b955e78-e103-4149-ac94-13b7408cb08e,true
2ff6d48b-6c0f-408a-8dc8-592b11443806,"John Kneeland, Jr.",49b8ea1a-1174-47a8-add5-1b4fbc6c494c,true
2fd7a4ca-fed1-4530-91fa-9613b308d5b9,Alexander Newman,ae979123-9926-4fc0-adbf-08f16bd88d75,true
a10e15c8-243d-4d36-aad2-89c87fdd6872,John L. Tate,22767fc3-6afc-4b6a-9cee-f6e834d20081,true
06292ddd-9510-4a80-aca1-c220e34dfe80,Warden D. Herring,365833df-921e-4646-8016-43a3b4ca9080,true
5fc0a337-0414-4787-8a77-19e798b72b7d,John Moncrieffe,{undefined value},true
6b052314-52bb-4299-a899-5402f5879de4,Morris Jones,565abdb7-78bd-4cdb-9bf5-4a084b701ac9,true
d880d47a-5451-4607-8eed-4dd549018edb,S. Meilleur,{undefined value},true
f93f3b35-ea95-422c-8a23-53402af1b88c,WILLIAM L. HALL.,ffde1eb1-77f2-497b-9034-0d61e44da578,true
4b88adac-1374-4108-b591-272b2a4a94d1,JOHN HEATH,1850e0e9-89e1-498d-bfbc-218a52acea2a,true
93cb8bc1-0958-4ce1-83ed-32f22101b68a,ABNER COLTRAIN.,b2a86e61-1152-43b5-b38d-1a7f24e3e57a,true
395bc10a-5387-4f37-8aed-9e732097ba35,DAVID HUGUENIN,{undefined value},true
a6aa48de-a0a5-45b0-b4cf-629395d6b33c,"SAMUEL TOVEY, ",{undefined value},true
36991cc3-2094-40ad-a25e-cb9b4b323dcd,Simeon Marsh,03227c4e-b289-42b6-bfd2-bcb2e3a1858e,true
e02a053b-9a1d-49ab-b6dc-66afef15d91e,John Anderson,381deb85-cd4a-4ec3-b530-75996f2ed448,true
d538a295-05be-4cec-b221-b8336bcd24d3,Richard Frazer,{undefined value},true
06057cf4-c41e-488e-be29-b2bce7c58602,Solomon b. Murphey,32878d71-2a14-4bb6-9223-22382fc22af2,true
23d38991-73e2-4cb3-8022-ad9fe9c43e77,D. Hagadon,575d9843-c305-4be5-8b70-bf41941e764b,true
b5fa7fd2-2079-4f94-8eea-ca5da1066eb4,Dr. R. A. BAKER,582ca96d-4b44-4ef3-989e-0a8e5819be7b,true
544e055e-ed4d-407c-8623-ba095245f474,James Bryan,8ceb48fd-576a-4888-90c2-518608725dbd,true
30cb5dd2-1dbe-49c9-a40e-2d94b96ec2f3,Jason Moore,99cf11a2-da33-4d76-9bb6-68ee9e33877d,true
74b765d3-5835-430e-8fc5-e8e44f8a7d42,W. T. J. Vann,421ac39f-0f5b-494f-b3d9-d477a0d9698b,true
0d276ca1-71b5-4cfb-bac3-5821732fd743,"WM. MASON,",{undefined value},true
8fdd6889-ff82-43c4-a56e-ea7f657d241a,JOSHUA GUYTON,65343082-23d2-42a0-a1fc-f0957f8c7ece,true
1ce4bae7-eacb-4b3a-953d-8f11682c62fb,James Wilson,014eaf12-f807-4bd6-aa77-2e8885534580,true
5aaf9b41-ef6e-4632-9970-22505ad8e612,P C Harrison,a1771fd4-dafb-45c5-80f6-7706420e1127,true
d68b71d5-bb1a-47d7-965e-d9b51e7a791e,. J. P. Bates,{undefined value},true
f9f4de22-0843-4291-b045-a5ad93ac4822,"HERRING, Warden,",{undefined value},true
8531b981-a843-4ac9-906b-b4bff13ca2b0,Willis Elkins,3ae03833-4af5-43bb-95fa-1c8a0d31710a,true
0291ad59-79a8-44ad-b397-87ac335f22b7,John Chambliss,65aed935-68c9-4f7f-b616-0952b6549500,true
f4113be1-5b85-41f6-8dac-c66c5c9e3315,SHEPPARD C. LEAKIN,75c3e827-225f-4f85-b45b-da93d102b907,true
930c7642-aeae-47ca-a6c2-14f278c9976e,S Meilleur,8939e824-4367-40ab-aab7-80f5a66267f6,true
afecf7b5-c1ea-44c7-ac03-69fe8089647d,Cerisay,ba307955-8e64-4f56-9d37-f246f23648c7,true
6811a144-7b47-4829-afbd-76f17dfd7d0e,S. Barry,cd77938c-a04e-438a-8f5b-5fd4f47ad5e2,true
088ae6ff-6ad9-4f24-a90d-63ff46004cf8,John L. Tate,e613457b-8c9c-43d7-b557-a0e6a7d364ce,true
ebc4d3bc-0efc-437f-b08f-dd6aa598aef7,R. R. Burr,8a0b4214-da5b-4b3e-9845-a8b1ef9a540f,true
8fddc523-1889-4aaf-b0aa-a4e0c2ea57b5,C. Scott,0df276d9-a983-4ae0-8e8d-d920fac47fc1,true
1b720963-807a-41ec-9744-c60d3716f441,Cerisay,7459c95e-c3f3-472f-a64a-241bd413e1c4,true
ccd24f0a-e24b-4fae-b10a-b312f612a470,J A Beard & Co.,a877fd9a-9bcb-423f-9067-b41dbf587c30,true
a920faf4-3caa-425b-ac72-9cfa6ded4a28,Cornelius Durant,c83690f3-0fa1-44bb-a2ad-d0788e32ed49,true
a28cbd17-eb7b-4a6d-878e-5c0905af78d5,Robert Bolton,074f18b2-11f7-46a3-a6c2-0f53083a6ad7,true
226e94ad-0bc3-45a5-a42e-3c199c6fcdc8,Wilbur & Son,8d598970-84b4-438e-99f6-cd55b75b0914,true
a8ef3091-a3c2-4cae-a08a-d0135974c7d4,N. B. Mazyck,13e36bb6-2101-4256-9cc2-da30146eec4b,true
be6ece04-62e3-467a-af12-404df4853921,Matthew Murray,3250cc1d-4b11-4ea9-90c4-a7b443ea555a,true
497e575e-7125-495d-a69b-1ada8a14dd36,"C. Scott, Deputy Marshal and Jailor for the County of Alexandira, D. C.",58150469-1a3e-4454-8468-904e69416387,true
fd314d07-bca4-44e1-b9d0-2e932dd865a4,"A.F. Knipschild, Jailer",b9439b49-985b-423e-a389-4ab35d8ab387,true
3c9fd62e-3715-4587-a8af-d1566c199ea3,C. Tippett,4a4c6775-6b6c-4cad-bc34-d5e4fd5839a9,true
b65ae8fa-0dfc-4da3-b208-f2bb0cc94671,Morris Jones ,0daf34ec-b0bf-427b-b196-063699bef204,true
468aa91a-7878-49b3-a038-dc1f946774e2,John Gensel,{undefined value},true
842b9535-52f6-460d-982c-37cc0737a528,"J.Barker, Jr.",3f21a3a6-7204-45f6-ade0-cc9695863e9a,true
6e4a3e60-2cd9-472a-9d26-d19a74535885,P.L Trepagnier,f0688a38-dd29-4642-862c-54f550fb9d1e,true
eb3d243f-f0ce-4ec9-ad54-13aa9e286bd8,"Thomas J. Carr, Sheriff",e0cf600a-1ce8-418a-9d1f-c596772d153e,true
f5651eea-6925-4413-9b97-22985102098d,Cartwright Tippet ,f33f6460-ba13-49a7-be59-aef91a86db01,true
9382bd12-d87a-4ddf-9e80-86f54b97a9a5,master of the Workhouse,9653951d-2bcb-4371-88f3-6e63f93ad72c,true
8141feff-b38c-48b3-a14d-c34be1b53380,Joseph Baxter,a8c27a80-0e08-4b84-bdc7-6596fb6eac67,true
c80f9c89-94ad-4a42-9410-eaa80019a72b,S C Leakin,83bb5315-2cd7-4087-9897-730ba0fa58d6,true
e8bd0b11-5210-4afc-b885-f211cdf5e7b5,Brice Selby,49dbb80b-4ea5-4aa3-9a98-23b0c0547ec3,true
f5adb074-407c-43b3-8c05-80543c5d4735,GEO. W. Barkley,5c54ed49-690d-4e08-ba13-e3aecee4a3ea,true
18facd38-0d6c-4d0a-b690-4a938e15ce13,G. de PASSAU,{undefined value},true
c97a9bf7-8098-468a-a130-3fc1626181c9,"Sheriff, L.C,",ddf9f39b-98e5-4d18-8bf1-7e0cdddd8715,true
78488268-6e88-4d3b-914d-4cbf67d186e4,Z Roman,{undefined value},true
bc6af092-a5ef-4530-b8c8-7fb51e8b17c6,"S.B. MURPHEY, Jailer",c8dc3767-3246-4ea4-8ea1-599f3528e06b,true
017b6c6b-a674-4913-94f4-9d5e6c543b34,Joseph Fulp,a45a2a27-e855-40e1-86cf-d253a939fc21,true
19023d7f-7cb4-4f18-88c6-79dd198320c0,Morris Jones,99f74500-4134-4ad6-96de-6640d6e163d9,true
879f2f7f-cb87-4c11-9813-104306cefca9,CERISAY,4f0192ff-8fb7-4ec7-80ff-74b370d9fd4f,true
f2702208-947b-4121-96da-b41b16fce5e7,WM. Dalton,b2cc5933-1950-427d-9b66-72161e779f63,true
6afcad6b-01db-4cdb-9ac5-290462b4b5ee,SIMON MEILLEUR,50628b38-cbaf-4c95-8002-cabfdcfdf42a,true
515285c3-dd2c-4011-8611-4da32be51d4c,"S. BARRY, Sheriff B.C.",becc747e-36bd-4ccf-8659-d5162f3160d5,true
3fd5e01b-9dff-439b-a221-7bf019de399c,The City Gazette,faadfcf2-51fc-40c8-bf54-a2af7b4eecb6,true
bdda0cf6-2da7-4835-9a16-718af5a26c23,"W. Leigh (Deputy Sheriff for J. P. Cocke, Sheriff of Amelia County)",2bc66c6f-8681-453f-97d3-e6069d322b54,true
1c1ed12f-4fb6-4bd1-b7d1-e39f22ad3f06,J. B. Goode,fa86b7d5-2457-491a-9d59-d1d0b82a892c,true
b85f7c01-d2fb-4b9a-bff0-4dbf6d9e6eb3,Daniel Boatwright,{undefined value},true
8c7541ea-be08-4346-94c2-d7b1a1bda47b,S.C. Leakin,d233c60e-4bd7-4562-b153-89dcef915c62,true
3bedf384-e146-458a-a683-49f21bad5d97,R. R. Burr,86128712-391a-44ce-a4e3-b18dc01310b6,true
0cdb1fc0-8cb7-4f52-8af2-80a485ac4fca, P. L. Trepagnier,1de6781a-12db-4081-8e9a-58b543facfda,true
f43529ed-1840-4d8a-bafd-a9fef18f9fc5,Jh. O. DEVEZIN,59ce82c7-12ae-470d-a761-5e19e519d349,true
71fa4f4a-17ee-4640-bffb-538821344082, CERISAY,e8bc0ed5-c961-4be7-996c-5e6f3ebd8cfd,true
308dc7d1-754f-4086-a5c1-8782cf653054,WM. M. DUGGER,04642b4b-0de6-43d1-a4b7-a361a4e61028,true
e8b1b15d-eb88-4a52-9c60-27a8a544ab5d,GEORGE W. UNDERWOOD,f98a5029-0644-4818-abe6-f5817ee378d6,true
f33c9282-b3b4-4687-acc0-38d0d3b4eeec,Cerisay,7aa87c20-5fdd-4b51-864e-79ad02e92926,true
fa743b83-7cc0-4b54-a902-7c38362c1a06,Morris Jones,0daf34ec-b0bf-427b-b196-063699bef204,true
addfb970-93d7-4c06-8b73-103d870a168f,John F. Vann,9fd2ec5f-1c7c-46f1-bc86-c3390db88721,true
fa77313f-610e-4ee5-9572-6484f53aa85d,R. R. Burr,0a6b1a62-779a-4527-937b-38e1c7d6237c,true
1e9ba8c3-2991-40b0-8544-8afa12c33e4b,Benjamin N. Barnett.,46322b1e-ee22-4737-8e38-ea5adff7eb34,true
b76c7604-2425-407e-b389-0c0bc7727451,S.C LEAKIN ,2c02969b-279a-486e-be16-be706bea7fa4,true
54ac9bde-4c3d-476c-9005-a51204c2b7fa,Sheppard C Leaking,9f405afa-5be1-4e0c-80b9-fc613632ed7f,true
ff9f1145-b0d9-4b85-a633-8d3c0bbd00c9,TENCH RINCGOLD ,44928da3-9c16-4c57-a341-8cbdcd9bef95,true
b839fd9e-cdd7-4781-aac7-6c78df7a4026,TENCH RINGGOLD ,200dd13a-8478-4ae1-a217-c518dc42b674,true
c30b2626-0672-4612-8ecc-c5aa60d063c5,C.TIPPETT,dec2eea0-9c57-4fcd-887d-b7207c420e45,true
ce483da8-3a39-4d39-9645-d2042ab18f11,"W.W Withers, M.W.H",a22d840e-c7f3-40b6-ad72-2e81ac61ecfb,true
178dbe46-52dc-4760-baac-b02ae1bb503d,John T Milliken ,11316fd9-4594-4cdf-b8ba-7f3faabc0235,true
5fb12517-369f-4ec3-9c8c-52219f956478,E. Beauregard,23a65bf7-019c-4332-a1c0-d3588f1283ea,true
72214f71-07e6-4a9c-9841-5a3283ceaa02,"Sam'l A. Jackson",09e78739-7698-4a23-99b2-c8cf3af273f8,true
2c61375e-9bb0-4a9e-9b31-038660ae15e8,John Neilson,8a95f18b-e7f1-4f44-a8a5-e0fad7815de9,true
a1f4ec16-c59a-4ad3-b764-56653347333e,John Richards,132af507-7995-4f0c-ae48-6e98a91afb99,true
f8750f0d-7304-40e0-8727-995236e71b56,A. Baker,a05ab08b-f349-4440-8891-de2cfd035831,true
49abe87a-f382-4248-93aa-bad0fde402f4,Jhon wooster ,f7ad8cee-6738-4b0b-b373-5b2b39216de1,true
94902712-f845-4396-b0a5-78c4f2da0168,Morris Jones,e6446a98-76aa-43b8-bc81-0f5132cd84e7,true
12085b6d-9018-481e-ba37-ba99040a2adb,P C Hanison,6c888021-abb6-4aca-9700-c7aeee0dc997,true
a92e0416-961d-4527-aacd-418e819a4350,Charles Noe,{undefined value},true
f82edc67-8905-4a5e-9897-b465374febcc,Joseph Starke,b9ca5238-4d43-469e-8ae0-884a2f93511a,true
68fcc2b1-03ab-476e-b120-0238b00d0b20,J Simpson,4c7852e8-05a9-4ebd-9566-fdb28c70b294,true
a29b722f-bd73-4700-beb2-fcbd9f4a68bf," HUGH COX, Charles co.Md.",90e3e45e-300e-483b-8b4f-ee8983a091e1,true
6f4bc8ca-1c8f-459e-8f94-cad4f5c720a8,S . C. LEAKIN,9ae33735-74d8-4a67-8bae-69a7680f7370,true
f7e1db73-ede5-4dfc-917c-2b8e589aac7d,Thomas Macgill,8d5b4ad9-035d-4c89-9134-1246973476e0,true
da3db0dc-663f-4f24-8ac8-3dd16cd63d3c,persley Jacob ,4969af6b-4f60-4c13-b7da-51d608728bb4,true
