ENSLAVED_PERSON_LANGUAGES ID,ENSLAVED_PERSON_LANGUAGES ENSLAVED_PERSON_ID,ENSLAVED_PERSON_LANGUAGES LANGUAGE_ID,ENSLAVED_PERSON_LANGUAGES DOES_SPEAK,ENSLAVED_PERSON_LANGUAGES VISIBLE,
77a6d43e-11b4-4ace-a3db-6976e3513ddd,57214ef6-13a6-4d77-a744-d68afb94e0f6,ea967b68-c8a9-478e-b8f3-a6ab3ae23d99,false,true
fd06244a-9eb2-438d-b840-d91b8def27d1,57214ef6-13a6-4d77-a744-d68afb94e0f6,0bd6aee5-32dd-453c-8ed5-76bd9788465a,false,true
0426de83-f659-481b-beb7-5841c2acbd5a,952cce20-d41a-4aef-ac33-89bafdabd767,ea967b68-c8a9-478e-b8f3-a6ab3ae23d99,true,true
e6379d8a-7bd5-42c6-93da-ad92f26cd9dd,952cce20-d41a-4aef-ac33-89bafdabd767,0bd6aee5-32dd-453c-8ed5-76bd9788465a,true,true
8c386af8-c1b5-4473-b3e0-6a17a870ea5f,1a90c456-30ef-4d6b-80a9-4b756bef6167,0bd6aee5-32dd-453c-8ed5-76bd9788465a,true,true
af3a934e-1087-46f3-bd7e-6356119991ed,cefc43e0-ddf0-4605-9d09-db5361ad685a,0bd6aee5-32dd-453c-8ed5-76bd9788465a,true,true
e3ed66df-b9f9-4411-abc8-2cd35baf9547,33d8ebff-dc4d-4200-95b4-cf5decf2e86f,0bd6aee5-32dd-453c-8ed5-76bd9788465a,true,true
c1d4c062-b145-44cb-9c2a-bb42a86952eb,06fa2286-39f1-4789-b4e9-8a871fb0381f,0bd6aee5-32dd-453c-8ed5-76bd9788465a,true,true
cf4a50c0-bffd-4495-9c76-f8c0c88cc51b,3a5593b4-15be-4926-8171-a93ead0a83e1,0bd6aee5-32dd-453c-8ed5-76bd9788465a,true,true
69cf3d15-32c3-4b07-a8a4-e1b6319efb43,bc0cc25a-d4b8-4102-9794-6449f8f61e06,ea967b68-c8a9-478e-b8f3-a6ab3ae23d99,true,true
96bbf1a1-e213-4b13-98bc-359798c6f901,4c99a815-ae3a-4806-9367-482b8265b3fa,0bd6aee5-32dd-453c-8ed5-76bd9788465a,true,true
ae5bf306-4964-410b-bb6f-cad83d62ed3e,fdc3a64b-e65e-43a7-a82d-099fea6d09a6,0bd6aee5-32dd-453c-8ed5-76bd9788465a,true,true
5be8add6-aa35-448c-a29b-2bfb13cfbb6a,bc0cc25a-d4b8-4102-9794-6449f8f61e06,0bd6aee5-32dd-453c-8ed5-76bd9788465a,true,true
1a99557d-2425-44b7-8809-8f038b737dda,55f6ca35-637c-4fb4-984d-0b957c0ffb73,ea967b68-c8a9-478e-b8f3-a6ab3ae23d99,false,true
5fa7d257-0258-416f-a849-d75fa5983b69,8a9b43ef-4f42-43c8-bd5a-cbb1bbb4985e,ea967b68-c8a9-478e-b8f3-a6ab3ae23d99,true,true
e56ed9f6-0514-4e67-b408-4b5fe93015f5,8a9b43ef-4f42-43c8-bd5a-cbb1bbb4985e,0bd6aee5-32dd-453c-8ed5-76bd9788465a,true,true
eb186686-58a6-4baf-8ce7-0a254811946a,55f6ca35-637c-4fb4-984d-0b957c0ffb73,0bd6aee5-32dd-453c-8ed5-76bd9788465a,true,true
a352e3b9-edf5-4b27-aedd-287990fff15a,55f6ca35-637c-4fb4-984d-0b957c0ffb73,67dbf9f7-4898-4b84-86cf-303137a363be,false,true
9b14ed40-07bd-4b17-b2be-cc342b495260,8029ef09-9883-42cb-aae1-fc85683958a7,ea967b68-c8a9-478e-b8f3-a6ab3ae23d99,false,true
4cf3216d-3695-497d-86eb-9dc61c24202c,fd0221a7-77aa-45b3-86e2-2a5381689368,0bd6aee5-32dd-453c-8ed5-76bd9788465a,true,true
a73d4bd4-868b-4334-bb4a-d18433af21b6,1d47bbe0-942a-49d4-afc1-2d6e50e1a3c9,ea967b68-c8a9-478e-b8f3-a6ab3ae23d99,true,true
8788505f-c218-4abc-9384-efcbda62e22c,1d47bbe0-942a-49d4-afc1-2d6e50e1a3c9,0bd6aee5-32dd-453c-8ed5-76bd9788465a,true,true
0bbc5c22-5039-4a93-ab92-c00301a3db4d,e9519d1d-e954-42c7-8fb2-24d8a4c241e9,0bd6aee5-32dd-453c-8ed5-76bd9788465a,true,true
9072ec0f-7c14-4f34-8201-71fb50188664,06fb7521-d6c3-4673-92b2-17ce6f6e9ad4,0bd6aee5-32dd-453c-8ed5-76bd9788465a,true,true
a10e1ce2-2b59-4ee3-a747-1bdde07926c1,1c2c8c44-ea0a-46f8-b6ce-141486e6cc5f,0bd6aee5-32dd-453c-8ed5-76bd9788465a,true,true
10e6db41-46be-490b-aeca-9d9006aab1ca,1c2c8c44-ea0a-46f8-b6ce-141486e6cc5f,ea967b68-c8a9-478e-b8f3-a6ab3ae23d99,true,true
a4c5b2d8-c73e-45fb-b067-32a04c9c1aaa,e9519d1d-e954-42c7-8fb2-24d8a4c241e9,ea967b68-c8a9-478e-b8f3-a6ab3ae23d99,true,true
0987d622-439d-46de-bbe8-e2095ed84319,ad665919-28b7-49d5-9097-7215c856bba9,0bd6aee5-32dd-453c-8ed5-76bd9788465a,true,true
1ec30f56-9ab6-4c43-a40e-177ecf58219e,ad665919-28b7-49d5-9097-7215c856bba9,ea967b68-c8a9-478e-b8f3-a6ab3ae23d99,true,true
4b64898a-297a-4c7f-a37c-59b3bd60dbfb,a2c7df42-e5a9-40ac-998b-9c755c6f1174,0bd6aee5-32dd-453c-8ed5-76bd9788465a,true,true
50e7e1a4-05d3-435c-8e1e-206ec9f98f4d,a2c7df42-e5a9-40ac-998b-9c755c6f1174,67dbf9f7-4898-4b84-86cf-303137a363be,true,true
cab65404-b24f-48fa-9c26-b75f248698fe,a655a982-53eb-4a8e-b704-03bd91e6f375,ea967b68-c8a9-478e-b8f3-a6ab3ae23d99,true,true
0cfc3c48-f95b-4224-b246-dcebed69cd0a,a655a982-53eb-4a8e-b704-03bd91e6f375,0bd6aee5-32dd-453c-8ed5-76bd9788465a,true,true
b894c6e7-7322-4f52-bb70-aa2ec9118403,8c661b23-8c93-49dc-b46e-d74a99855243,0bd6aee5-32dd-453c-8ed5-76bd9788465a,true,true
ddba0a23-879c-4290-853b-575721b2358d,a2c7df42-e5a9-40ac-998b-9c755c6f1174,ea967b68-c8a9-478e-b8f3-a6ab3ae23d99,true,true
bbf00453-a3ba-4845-8156-e8be86e89b22,15ba48a6-ec31-488c-a33c-4098a438d386,0bd6aee5-32dd-453c-8ed5-76bd9788465a,true,true
ad5a3aab-fccf-40e1-bc3b-fc5ca000ca0c,004fdafd-df4b-4a43-bbef-1c6a629f233c,0bd6aee5-32dd-453c-8ed5-76bd9788465a,false,true
75797dd8-c76b-426e-b867-81274a2a803e,9449ddb9-7562-4af6-aaf2-ba938115b038,ea967b68-c8a9-478e-b8f3-a6ab3ae23d99,true,true
3a262648-c8f8-4e21-bac7-59f5562b292f,e1d3a627-9eca-427b-96e7-f2d778529696,0bd6aee5-32dd-453c-8ed5-76bd9788465a,true,true
705183fd-d6a8-47eb-98ad-bc7f2d6c4e81,e1d3a627-9eca-427b-96e7-f2d778529696,ea967b68-c8a9-478e-b8f3-a6ab3ae23d99,true,true
9f471c78-7f65-44d9-b122-098fecb2436a,4181428c-43ef-41f3-ae82-e9c78a6ef6f2,0bd6aee5-32dd-453c-8ed5-76bd9788465a,true,true
f052c1b2-ef1c-4b53-a59c-6550d9ba01ed,1b26123c-2edd-4b44-afc6-68b7486609b7,ea967b68-c8a9-478e-b8f3-a6ab3ae23d99,true,true
2a67d908-26fd-4cc8-ad73-d11ee63033b4,96f130c9-2bed-42df-9b5a-fe502393e0b5,0bd6aee5-32dd-453c-8ed5-76bd9788465a,true,true
459672d3-dd52-4e30-974d-d3e8d7be9c43,1b26123c-2edd-4b44-afc6-68b7486609b7,0bd6aee5-32dd-453c-8ed5-76bd9788465a,true,true
efaaf1cc-6acb-493b-9470-971b40eb5f65,81fb73a4-ded9-4659-8cc7-2ebaa5817fee,0bd6aee5-32dd-453c-8ed5-76bd9788465a,true,true
062def98-4f18-42d1-9fd3-3e03a239b251,d076a5ca-9643-4860-a9e2-5553a5db8bdc,0bd6aee5-32dd-453c-8ed5-76bd9788465a,true,true
9a624052-bede-4bee-bd73-1bf07c0c83b5,d0fcd8bb-209b-403b-8f7f-8ad292556346,0bd6aee5-32dd-453c-8ed5-76bd9788465a,true,true
9b1393ac-0761-41b0-a081-55273a331af7,727dd10d-e0c4-42d1-99cd-7a8474d27cd7,ea967b68-c8a9-478e-b8f3-a6ab3ae23d99,true,true
c7e96230-460a-4f20-9e84-6faa6566e7fe,4b153c6a-e878-4016-9faa-370f7ea64bbd,0bd6aee5-32dd-453c-8ed5-76bd9788465a,true,true
76e8ad05-1b2d-4f6d-b382-c5d2fb4ba2af,c762eaf6-4b5c-4b25-a491-ae71bca01edd,0bd6aee5-32dd-453c-8ed5-76bd9788465a,true,true
2fd29f54-c5fd-41bd-9a64-4259dfa38923,727dd10d-e0c4-42d1-99cd-7a8474d27cd7,0bd6aee5-32dd-453c-8ed5-76bd9788465a,true,true
35647644-f1d4-4f9e-b4fe-7c6fc65c8fe1,bb536ee2-03fe-4bf2-be3e-11e1ad535916,ea967b68-c8a9-478e-b8f3-a6ab3ae23d99,true,true
0281c023-fa67-40f5-bba0-e84762c794db,bb536ee2-03fe-4bf2-be3e-11e1ad535916,0bd6aee5-32dd-453c-8ed5-76bd9788465a,true,true
c3097440-978b-48e5-b01b-fa90b1f3a139,1daaf441-4c74-460c-a4da-d8defdcd896e,ea967b68-c8a9-478e-b8f3-a6ab3ae23d99,true,true
e3072c01-3974-4039-97a1-5b91859b6518,d076a5ca-9643-4860-a9e2-5553a5db8bdc,ea967b68-c8a9-478e-b8f3-a6ab3ae23d99,true,true
42d99fa9-388c-4e68-b9e4-0d3d1a0c0077,4bef0adf-4d9f-4a44-b74c-c446b0a9bd08,67dbf9f7-4898-4b84-86cf-303137a363be,false,true
ea543541-818e-49e7-a356-926879035539,e1fcdc49-574c-4677-bfec-d29b38058393,0bd6aee5-32dd-453c-8ed5-76bd9788465a,true,true
52842a23-be30-4500-ad26-05e656237f47,4bef0adf-4d9f-4a44-b74c-c446b0a9bd08,0bd6aee5-32dd-453c-8ed5-76bd9788465a,true,true
aabb1de9-ed74-415f-b13d-0e21b86ad3b5,4bef0adf-4d9f-4a44-b74c-c446b0a9bd08,ea967b68-c8a9-478e-b8f3-a6ab3ae23d99,false,true
994fa0d5-5347-4563-99f2-389315cb2680,eeaffe0f-470f-477b-a975-f3c750f71c99,0bd6aee5-32dd-453c-8ed5-76bd9788465a,true,true
d0b6da5c-66a1-4012-9ef9-3848461e11a7,748a76ff-a7bc-4aa7-8183-50e1bcf647af,0bd6aee5-32dd-453c-8ed5-76bd9788465a,true,true
ed8f8e0d-6b92-4858-a095-a8739febf2d9,d25d20be-77fb-4ce5-be1a-f266cd67a57f,0bd6aee5-32dd-453c-8ed5-76bd9788465a,true,true
f917954c-3a76-4457-a0c8-c096c606f0d8,002e5380-f6e8-4c62-b41f-ad09b77ab51b,0bd6aee5-32dd-453c-8ed5-76bd9788465a,true,true
72201be9-eb04-45e2-b809-e78b0261cb09,002e5380-f6e8-4c62-b41f-ad09b77ab51b,ea967b68-c8a9-478e-b8f3-a6ab3ae23d99,true,true
bd5337ee-8535-4738-8421-fba4181de719,1d66b93d-8ef4-4d18-8fb9-a8c7f790b72b,0bd6aee5-32dd-453c-8ed5-76bd9788465a,true,true
22ce4fcc-a20d-4ac7-8f8b-68e0c31a7891,6278dbaa-4649-4e58-abff-36ed21110a95,0bd6aee5-32dd-453c-8ed5-76bd9788465a,true,true
77f29e75-39b3-404e-bc6e-164a7ebc9046,dbe76d1d-9a0e-4f5c-8d9c-78f703d7c4ff,0bd6aee5-32dd-453c-8ed5-76bd9788465a,true,true
89d27dfe-2c56-4eb8-a33d-d286c607984a,30c80fd5-34cb-4870-8e87-102a79bcc7e3,0bd6aee5-32dd-453c-8ed5-76bd9788465a,true,true
cf021a34-2115-4d61-bbc2-e4208203c0ed,30c80fd5-34cb-4870-8e87-102a79bcc7e3,ea967b68-c8a9-478e-b8f3-a6ab3ae23d99,false,true
7a7ffcc8-cb8e-4352-b897-1bd1882b6b22,30c80fd5-34cb-4870-8e87-102a79bcc7e3,67dbf9f7-4898-4b84-86cf-303137a363be,false,true
cbf0d588-caf3-495a-8063-0f9f759d3ce7,dbe76d1d-9a0e-4f5c-8d9c-78f703d7c4ff,ea967b68-c8a9-478e-b8f3-a6ab3ae23d99,false,true
a3333250-cdbb-484e-85aa-4148dc92a293,02949c69-fca8-4065-b406-575f28c9e974,0bd6aee5-32dd-453c-8ed5-76bd9788465a,true,true
ee1eb403-5016-486f-b8bc-4a581305ef80,4f68bac6-f43f-4445-9cc1-1200a12abd7c,0bd6aee5-32dd-453c-8ed5-76bd9788465a,true,true
732d2e78-2032-479c-bf67-923f2a7356e9,e1966745-fd0b-479e-a8f0-e83a89a4ac12,0bd6aee5-32dd-453c-8ed5-76bd9788465a,true,true
afda755a-0c01-4ec6-8d74-1605937124ca,f3d04b9e-54ac-4dab-904e-52d18129e4f6,ea967b68-c8a9-478e-b8f3-a6ab3ae23d99,true,true
236a158a-4010-45b4-ad4a-9a505cccaa87,b1cd2dd5-4ae8-4f6f-9fa1-36439669651d,ea967b68-c8a9-478e-b8f3-a6ab3ae23d99,true,true
ce20b9b5-f5ee-4aff-8aa5-c191a99a4673,b1cd2dd5-4ae8-4f6f-9fa1-36439669651d,0bd6aee5-32dd-453c-8ed5-76bd9788465a,true,true
929178fc-72db-442d-a54d-e6570894122b,bfda265b-4467-4edd-ae20-c04ffaaf8051,0bd6aee5-32dd-453c-8ed5-76bd9788465a,true,true
070d915d-2a68-431c-9203-0cf5f7f49570,62060d57-7d2b-44c6-9c51-473942b2d1dd,ea967b68-c8a9-478e-b8f3-a6ab3ae23d99,true,true
18ff5498-06de-4017-9e8f-98e249d55c86,62060d57-7d2b-44c6-9c51-473942b2d1dd,0bd6aee5-32dd-453c-8ed5-76bd9788465a,true,true
b18cd7a7-8e47-46a9-a060-31f2490fb4c3,56798806-835a-4e91-b11d-8d9266ea76bc,67dbf9f7-4898-4b84-86cf-303137a363be,false,true
7a28c4bd-ff7e-47d8-be1b-81b4db20012d,56798806-835a-4e91-b11d-8d9266ea76bc,ea967b68-c8a9-478e-b8f3-a6ab3ae23d99,false,true
78b5d703-fb9f-4ef9-8c71-87a61ba6fe78,56798806-835a-4e91-b11d-8d9266ea76bc,0bd6aee5-32dd-453c-8ed5-76bd9788465a,true,true
63d30ee0-97cc-4548-889b-39d8eaf350b6,64240df4-d864-49d9-8478-4c392368846a,0bd6aee5-32dd-453c-8ed5-76bd9788465a,true,true
4eac7bc2-4f61-4e6f-9063-876afaecd849,f8741e89-c431-49a6-bea8-1b6178f283f3,ea967b68-c8a9-478e-b8f3-a6ab3ae23d99,false,true
becd43db-dbba-41f1-a2ed-ac0210fc595a,f8741e89-c431-49a6-bea8-1b6178f283f3,0bd6aee5-32dd-453c-8ed5-76bd9788465a,true,true
52f5277d-2044-4ac7-ac5d-9e9c8f91ea41,f8741e89-c431-49a6-bea8-1b6178f283f3,67dbf9f7-4898-4b84-86cf-303137a363be,false,true
6004c202-78c6-4c3b-8597-b3e6bd6ccefa,92c9bce0-378c-4184-b786-bcc9a50e903d,0bd6aee5-32dd-453c-8ed5-76bd9788465a,true,true
b59f5e55-269b-49cc-a173-c402bdee2c48,11d87583-d994-4f34-b5e6-2c40f9f0f9ff,ea967b68-c8a9-478e-b8f3-a6ab3ae23d99,true,true
e586446e-9508-4633-ad6b-af56d178f2ce,11d87583-d994-4f34-b5e6-2c40f9f0f9ff,0bd6aee5-32dd-453c-8ed5-76bd9788465a,true,true
31760baf-da52-4ad8-bb35-28b3cc81f071,d7c5a9fa-b76b-452e-af0d-883097905da3,67dbf9f7-4898-4b84-86cf-303137a363be,false,true
84301a99-a1e3-40f8-b44c-463632ca111d,d7c5a9fa-b76b-452e-af0d-883097905da3,0bd6aee5-32dd-453c-8ed5-76bd9788465a,true,true
18d703c5-125f-4123-9b43-dcd850b44ac2,d7c5a9fa-b76b-452e-af0d-883097905da3,ea967b68-c8a9-478e-b8f3-a6ab3ae23d99,false,true
e901f720-9f12-47a0-9a42-a93a8c8ce7fa,16dbf8ef-97fc-4fb1-8902-03d6dcf58247,0bd6aee5-32dd-453c-8ed5-76bd9788465a,true,true
e2b20c64-913e-4df6-aff2-6e196d1cfaa7,f6f1bec3-9aae-4575-9215-3485927a0c6d,0bd6aee5-32dd-453c-8ed5-76bd9788465a,true,true
f4dfc87c-d0e9-410b-a82e-f4f95220bed1,08b3c86f-3d4a-4d2e-a2ff-21bfe771a73e,0bd6aee5-32dd-453c-8ed5-76bd9788465a,true,true
646d8a10-222e-48b9-8f9b-7fc6f997b17d,6616b9f2-4688-43ea-992b-0d9a392d3a0b,ea967b68-c8a9-478e-b8f3-a6ab3ae23d99,true,true
804ad761-9854-445e-8051-8b4d780a9d8b,991092a0-fc19-42a0-97b2-0830d131704b,0bd6aee5-32dd-453c-8ed5-76bd9788465a,true,true
a65b379b-c792-4a53-9e96-7e382be9584b,abf7439b-a9b0-42e2-a909-0f469e8cc293,ba54fb99-cd67-484d-b68f-34aea2d83af6,true,true
e6bda017-1f51-454c-8b76-594af1f4b035,abf7439b-a9b0-42e2-a909-0f469e8cc293,0bd6aee5-32dd-453c-8ed5-76bd9788465a,true,true
74e1a048-79fc-45c7-95b9-8a34478848c1,abf7439b-a9b0-42e2-a909-0f469e8cc293,0bd6aee5-32dd-453c-8ed5-76bd9788465a,true,true
46f17271-ccdd-4d12-aa7f-c9fd18ac1645,abf7439b-a9b0-42e2-a909-0f469e8cc293,ba54fb99-cd67-484d-b68f-34aea2d83af6,true,true
f9ec5bc6-0b5d-498f-b4e0-d2cf0208cc3a,119a0632-b5c3-4f9c-ae50-9bde5789540b,0bd6aee5-32dd-453c-8ed5-76bd9788465a,true,true
ce1bcf13-5e37-4e94-901f-df2c21a56f1b,9526fa65-dddb-4e3a-9c97-6b342f594cb7,0bd6aee5-32dd-453c-8ed5-76bd9788465a,true,true
11f14ac2-e842-44f2-bb53-d6bd4e8dcfbd,067ee03b-2a09-485d-b274-44040eebbe26,0bd6aee5-32dd-453c-8ed5-76bd9788465a,true,true
7f0b25ab-ef35-4de4-9664-600b3476bf4f,59d56849-92dd-426e-aa75-cdd0b183cc32,0bd6aee5-32dd-453c-8ed5-76bd9788465a,false,true
0ac90558-23b5-4d32-941f-b0cfe4388d26,f9098b34-6d37-46a3-b84d-a7a78199b06a,ea967b68-c8a9-478e-b8f3-a6ab3ae23d99,true,true
5f902177-6bd6-42f5-bbdc-fa407db9df67,8c661b23-8c93-49dc-b46e-d74a99855243,ea967b68-c8a9-478e-b8f3-a6ab3ae23d99,false,true
101e741c-5dfa-438d-8788-a9554a754a20,a585c057-a60e-489e-8e1e-02ff6b7a9134,0bd6aee5-32dd-453c-8ed5-76bd9788465a,true,true
dfabaa30-e24d-4f28-81ae-8d7a9a100972,fdc3b258-4ff0-4e0e-92ac-5e7f78bf3c5d,ea967b68-c8a9-478e-b8f3-a6ab3ae23d99,true,true
c0c7fc72-0084-46be-9a3b-60d4e583d1d1,fdc3b258-4ff0-4e0e-92ac-5e7f78bf3c5d,0bd6aee5-32dd-453c-8ed5-76bd9788465a,true,true
0361f38a-523c-4d04-98ca-20982b389df7,f9098b34-6d37-46a3-b84d-a7a78199b06a,0bd6aee5-32dd-453c-8ed5-76bd9788465a,true,true
3c5b54f0-a05b-4b15-9c5c-30a4bf955718,97dafe79-2235-41d6-8173-bd996aa14572,ba54fb99-cd67-484d-b68f-34aea2d83af6,false,true
db7ac071-b4e1-466c-83e9-114a92a7c839,97dafe79-2235-41d6-8173-bd996aa14572,0bd6aee5-32dd-453c-8ed5-76bd9788465a,true,true
66dde1dc-0ce3-4826-9e28-2cf48c6352e5,5eed8fe3-8f05-45ea-bca7-05db6cf3714e,0bd6aee5-32dd-453c-8ed5-76bd9788465a,true,true
9960eb59-3176-4fc8-8c64-e574bc292e65,5eed8fe3-8f05-45ea-bca7-05db6cf3714e,ba54fb99-cd67-484d-b68f-34aea2d83af6,true,true
ffe2fbab-ab30-4489-bd4a-a9cee29cdc98,87db3a98-c641-4135-8674-53128c1b8427,ea967b68-c8a9-478e-b8f3-a6ab3ae23d99,true,true
70f33a91-ae10-4a8f-aa51-9e847cb7c912,2d9cd55b-626a-4e90-84da-52ca60b10db4,0bd6aee5-32dd-453c-8ed5-76bd9788465a,true,true
ecd3dbc6-af10-4f22-ae43-a084e5c9453f,87db3a98-c641-4135-8674-53128c1b8427,ba54fb99-cd67-484d-b68f-34aea2d83af6,true,true
c21d178d-e9f5-4945-bee5-ff37a4409217,8e31fec9-584f-4c83-99ee-11fc1e4b8a32,0bd6aee5-32dd-453c-8ed5-76bd9788465a,true,true
a1cc726c-a40d-4c6c-955a-a0f59fb54c46,29b02d02-66fd-4a86-be76-5903d2480f91,ba54fb99-cd67-484d-b68f-34aea2d83af6,true,true
ca6e8710-e13f-474c-a765-697e97ee049c,7be4b70d-a4c5-4496-8251-938b96159273,0bd6aee5-32dd-453c-8ed5-76bd9788465a,true,true
ad743c4c-f4cd-4b30-aac4-b4a7ad8193df,87db3a98-c641-4135-8674-53128c1b8427,0bd6aee5-32dd-453c-8ed5-76bd9788465a,true,true
baf4a129-d652-4b84-ad67-f26c8d410db6,81b23a7f-0ba7-4368-821f-65788892b5c7,0bd6aee5-32dd-453c-8ed5-76bd9788465a,true,true
33bcf602-62a5-4b91-983f-637281267656,9acfe77b-7b89-4507-a82e-e4e6c0c152a6,0bd6aee5-32dd-453c-8ed5-76bd9788465a,true,true
3598d05f-e953-4a5c-b425-099902f330bd,a60bf91c-9565-4df6-a904-0e261a89244f,0bd6aee5-32dd-453c-8ed5-76bd9788465a,true,true
1d3df076-1333-4c84-b38a-c4cde3230a97,7404ad04-925b-4e9c-aa89-75505499f6d1,0bd6aee5-32dd-453c-8ed5-76bd9788465a,true,true
1218d388-33cc-4b2f-a3bf-8115398313f8,44ed53b9-8c9c-42de-8fdb-a085d9cf84c2,67dbf9f7-4898-4b84-86cf-303137a363be,false,true
793af3b1-5c32-4e78-92b8-f431610ace4f,9acfe77b-7b89-4507-a82e-e4e6c0c152a6,ea967b68-c8a9-478e-b8f3-a6ab3ae23d99,true,true
49e74554-3c4b-449e-bc83-8fc7da626456,31cf88dc-3815-43bf-a977-0c68f07d9a9f,0bd6aee5-32dd-453c-8ed5-76bd9788465a,false,true
0e34cda0-fe30-4c3e-873b-7ebbed785c5f,31cf88dc-3815-43bf-a977-0c68f07d9a9f,ea967b68-c8a9-478e-b8f3-a6ab3ae23d99,true,true
856c2c40-931a-4928-b27c-f29918bd57f6,44ed53b9-8c9c-42de-8fdb-a085d9cf84c2,0bd6aee5-32dd-453c-8ed5-76bd9788465a,true,true
f21a2ed6-7dc8-4e62-8d97-c2e9a7c4cd0b,0d8d92a4-e6ec-434c-9bc4-95b92c4e0575,0bd6aee5-32dd-453c-8ed5-76bd9788465a,true,true
f0b95012-9aab-488c-a9cc-67dad010c49b,cefc43e0-ddf0-4605-9d09-db5361ad685a,67dbf9f7-4898-4b84-86cf-303137a363be,false,true
996a8887-b50a-440c-8a6b-9bd605957ffc,44ed53b9-8c9c-42de-8fdb-a085d9cf84c2,ea967b68-c8a9-478e-b8f3-a6ab3ae23d99,false,true
9ad45704-e9c6-40d9-90b0-7c9ef6060d98,cefc43e0-ddf0-4605-9d09-db5361ad685a,ea967b68-c8a9-478e-b8f3-a6ab3ae23d99,false,true
4b12feff-5a8e-4421-8a5d-a46ce875b6bd,80e2edf1-71ac-49cc-9e73-d093dacf7786,ea967b68-c8a9-478e-b8f3-a6ab3ae23d99,true,true
406cc7c5-9a8e-487a-b8a3-d95f36c21781,46a5a471-25e3-41bd-bdf2-d0ecbb8dd698,0bd6aee5-32dd-453c-8ed5-76bd9788465a,true,true
0560e729-7437-42ac-803f-a8c8e8b951b7,1188a703-7a85-4d42-8978-85cc89dff756,0bd6aee5-32dd-453c-8ed5-76bd9788465a,true,true
696c206b-ce42-42a3-be35-3a4f4412c460,bb189da2-60be-4a6f-bf95-c105dc8fdd7e,0bd6aee5-32dd-453c-8ed5-76bd9788465a,true,true
90c8892a-b1ee-408f-b575-34a7dbd23ab9,1188a703-7a85-4d42-8978-85cc89dff756,ea967b68-c8a9-478e-b8f3-a6ab3ae23d99,true,true
6b9d1ed8-3bc6-40b2-8cb9-1cf498cbd375,d2245aeb-34bd-492b-8348-57c8951548e9,0bd6aee5-32dd-453c-8ed5-76bd9788465a,true,true
ed3d557e-2fc7-4393-a530-9f08588a07d5,674b6e1b-aa77-4aad-85f8-e729c51235c6,0bd6aee5-32dd-453c-8ed5-76bd9788465a,true,true
29c10282-dff2-4a92-a6cc-0154e75372f9,598b68bb-5e6a-4695-b037-77a0a8e9c0e7,ea967b68-c8a9-478e-b8f3-a6ab3ae23d99,true,true
984973e3-9e4c-4817-8aaf-de917d9a4b28,5e0e8e46-b07b-40d1-a119-b57ffb81dd62,ba54fb99-cd67-484d-b68f-34aea2d83af6,true,true
cd2e19d0-c1c8-4148-971f-9058669d4439,5e0e8e46-b07b-40d1-a119-b57ffb81dd62,0bd6aee5-32dd-453c-8ed5-76bd9788465a,true,true
139c7ee6-7954-459a-bc8c-f67936dd545b,42b0a4c0-3b8a-463d-8e9e-39fe26587c7c,ea967b68-c8a9-478e-b8f3-a6ab3ae23d99,true,true
55ac6c1f-f385-459d-a59a-1f6853257972,a5b55d47-f7c9-443d-b5a6-829682304831,0bd6aee5-32dd-453c-8ed5-76bd9788465a,true,true
900906c7-c8a6-4c04-868c-6ea4509957bb,87e706c9-6f67-4db3-ac9f-e620a37e7a2c,0bd6aee5-32dd-453c-8ed5-76bd9788465a,true,true
10f3d10d-44fc-43c4-aaf5-c3dad414f4d6,9e73e5fc-dcf8-42f3-aa22-516cfcfd3f11,0bd6aee5-32dd-453c-8ed5-76bd9788465a,true,true
fd46d4b6-4a0e-41e3-9c28-b8abb8b2beaa,42b0a4c0-3b8a-463d-8e9e-39fe26587c7c,0bd6aee5-32dd-453c-8ed5-76bd9788465a,true,true
75dc4cb6-b558-447c-9fac-633c52500f3f,1da51e7c-a6ff-4b94-826b-895462c4efdf,0bd6aee5-32dd-453c-8ed5-76bd9788465a,true,true
7272e3d1-b477-43d3-baad-ccbf695fc32b,e5b01903-d751-4a88-9835-d7ddac1f4685,0bd6aee5-32dd-453c-8ed5-76bd9788465a,true,true
7df4943f-8fa0-4006-b292-2afd80238149,c1bb6fbc-b60b-4f4c-85f1-80a2c7d8da52,0bd6aee5-32dd-453c-8ed5-76bd9788465a,true,true
d6d50922-6128-4a7d-9d39-f27a5ac9031f,6ee162bd-3ab6-4356-9afa-6489e68792df,0bd6aee5-32dd-453c-8ed5-76bd9788465a,true,true
0190ec7e-7883-4f80-bad0-3ddc4b62093b,14c88f13-d190-484f-bba9-acd53a01b2cb,0bd6aee5-32dd-453c-8ed5-76bd9788465a,true,true
4eada0e4-533a-42d1-8cca-9fdcdd38cec0,e510f62a-e998-4873-afe3-1ed9af0d7f1f,ba54fb99-cd67-484d-b68f-34aea2d83af6,true,true
c84e7685-67c0-4911-afd0-727d82f58246,e510f62a-e998-4873-afe3-1ed9af0d7f1f,0bd6aee5-32dd-453c-8ed5-76bd9788465a,true,true
72a64d79-c9e8-4cc1-a6f4-a498650481fc,aa04d97e-99af-4524-837b-1191460ddc91,ba54fb99-cd67-484d-b68f-34aea2d83af6,true,true
ad2207d7-5ab8-4321-99f6-03508066db95,aa04d97e-99af-4524-837b-1191460ddc91,0bd6aee5-32dd-453c-8ed5-76bd9788465a,true,true
060f439e-bcc7-4913-89e3-5ee485812701,a283c772-bf19-4883-a973-9cc976dba4b2,0bd6aee5-32dd-453c-8ed5-76bd9788465a,true,true
461791a2-ea72-4879-96ea-faa5396f363f,6dd8e615-4b74-4fc1-8162-d8838a57d273,ba54fb99-cd67-484d-b68f-34aea2d83af6,true,true
eefdf2f1-2fd6-49c6-99bd-a6d70730107d,6ee162bd-3ab6-4356-9afa-6489e68792df,ea967b68-c8a9-478e-b8f3-a6ab3ae23d99,true,true
36d1514e-8a1a-470e-bb59-266818f97dff,6dd8e615-4b74-4fc1-8162-d8838a57d273,0bd6aee5-32dd-453c-8ed5-76bd9788465a,true,true
d8731b5e-3ec5-4377-8cc0-9541f829e994,70b5f22b-29a9-4e31-bb09-6b5b1873d1ea,0bd6aee5-32dd-453c-8ed5-76bd9788465a,true,true
6b34fc6b-4734-4f17-b467-2564f378b9d8,466cde16-9b96-4b74-a40d-7ecd42e3f73c,ba54fb99-cd67-484d-b68f-34aea2d83af6,true,true
4fa5071b-0f98-4aaf-b071-fa313da4b51d,466cde16-9b96-4b74-a40d-7ecd42e3f73c,0bd6aee5-32dd-453c-8ed5-76bd9788465a,true,true
0658d0b9-2103-4bf5-8976-380bb2b8fb06,70b5f22b-29a9-4e31-bb09-6b5b1873d1ea,ea967b68-c8a9-478e-b8f3-a6ab3ae23d99,true,true
fdbdc8ba-399e-4c6e-b13c-c42d7a352c62,a43e8cb6-7531-4abc-a581-1bc2ab8d9af0,0bd6aee5-32dd-453c-8ed5-76bd9788465a,true,true
500455f0-ae43-4b13-ab99-3bb7d0436989,a62ca500-a913-4189-8ed7-fc76e26b4c6b,0bd6aee5-32dd-453c-8ed5-76bd9788465a,true,true
3a09468a-40ec-41fa-94e4-bd29854b09cc,3c5c2136-0cd4-4a26-8865-c49dc84dbc98,0bd6aee5-32dd-453c-8ed5-76bd9788465a,true,true
c7d3ebcf-b609-4905-b8af-e319c492570c,3c5c2136-0cd4-4a26-8865-c49dc84dbc98,ba54fb99-cd67-484d-b68f-34aea2d83af6,true,true
0c0e13e9-4572-4edb-80e5-9f0179b955d1,1081943b-697e-4fc4-abd4-d686a1defad2,ba54fb99-cd67-484d-b68f-34aea2d83af6,true,true
47de9f31-a87d-4bac-9735-fcde078b39f9,88c6de48-8def-4587-8b28-9badaac5aff7,0bd6aee5-32dd-453c-8ed5-76bd9788465a,true,true
de6282d2-c52d-48ee-957c-9f996e746233,1081943b-697e-4fc4-abd4-d686a1defad2,0bd6aee5-32dd-453c-8ed5-76bd9788465a,true,true
faa837bb-3fcf-4b8b-be89-19990f7de01d,2d6f6385-6d48-42b9-b18f-c7974520424a,0bd6aee5-32dd-453c-8ed5-76bd9788465a,true,true
17989a60-cd89-48b0-b727-5a9df6b35191,553cacec-704b-4152-9674-6a9683e8c4ab,ea967b68-c8a9-478e-b8f3-a6ab3ae23d99,true,true
b8c042cb-dca7-4cd9-adfc-b28bcd2b67fe,d4c63886-c451-4e80-b5a5-92fb9800db1d,0bd6aee5-32dd-453c-8ed5-76bd9788465a,true,true
51f2720b-6ebe-43e8-bf8c-db9a49e6583d,d4c63886-c451-4e80-b5a5-92fb9800db1d,ea967b68-c8a9-478e-b8f3-a6ab3ae23d99,true,true
679e700e-5f25-445d-b250-72a58cd51554,c198b074-dc50-4c2f-a0c1-4426fe61ef4f,ba54fb99-cd67-484d-b68f-34aea2d83af6,true,true
7f416c5a-02a4-4ab5-8ff4-58d52854aa88,c198b074-dc50-4c2f-a0c1-4426fe61ef4f,0bd6aee5-32dd-453c-8ed5-76bd9788465a,true,true
cc5c0402-62ce-4de4-a110-1f2d362629f4,d96444a6-841b-49ac-8805-48af00b75e69,0bd6aee5-32dd-453c-8ed5-76bd9788465a,true,true
60dd38cb-5290-491f-bf86-c97d0991aeee,528e91c8-bf13-4cc5-b003-52acf0c4cb89,0bd6aee5-32dd-453c-8ed5-76bd9788465a,true,true
e8a180d7-afa1-48ea-a8e7-2a4a46da4e03,3c85af80-51d1-497e-9d1c-e952d16e65cc,ea967b68-c8a9-478e-b8f3-a6ab3ae23d99,true,true
7b44fab8-14b0-4dd1-b1ac-a160e788d9c4,b34faeb9-7415-41c0-8c48-53bdd2038547,0bd6aee5-32dd-453c-8ed5-76bd9788465a,true,true
5d692745-0e1a-4851-ba62-35cc5e663ba1,fd56cd47-8e30-4407-b3e9-0689681d7234,0bd6aee5-32dd-453c-8ed5-76bd9788465a,true,true
e8e81dd7-1f04-4350-b021-06dd0a97efcb,71215961-54be-4f31-b656-a6d830f36a7b,0bd6aee5-32dd-453c-8ed5-76bd9788465a,true,true
78eb6549-b628-4fe5-b8c3-13b6afd2b738,dedbb4a8-bf4b-45ae-87e0-e0fc58eebcae,0bd6aee5-32dd-453c-8ed5-76bd9788465a,true,true
155f02ee-ae63-41de-b0a0-25d5bcaa8991,f3313987-6737-4d0a-bd38-f696ee5907fa,0bd6aee5-32dd-453c-8ed5-76bd9788465a,true,true
84612910-90cc-4f79-a477-7325e6fac8aa,abd26a52-607e-4542-a1f3-ac68597e3054,0bd6aee5-32dd-453c-8ed5-76bd9788465a,true,true
6bdf2399-fb29-4496-87f8-98f63a123444,26d7c261-1507-47f0-9cdb-958698de40b6,0bd6aee5-32dd-453c-8ed5-76bd9788465a,true,true
4ee0805d-4f94-4067-8719-e0e47d40aad2,906b58d5-cb31-4833-8655-7d8dbde1da80,0bd6aee5-32dd-453c-8ed5-76bd9788465a,true,true
b690e7b7-c4ba-4aa8-bb82-e9b468a9e170,3d5d5f44-7233-4e27-8a6f-bd188872a181,0bd6aee5-32dd-453c-8ed5-76bd9788465a,true,true
f9d5ab60-b1ef-4dc6-9e8f-2a724a649511,87e706c9-6f67-4db3-ac9f-e620a37e7a2c,ea967b68-c8a9-478e-b8f3-a6ab3ae23d99,true,true
831a8e3b-19ca-4b68-b12e-9b057c180e46,5531ab10-d6a9-4c2d-8807-95eb3003ee1f,ea967b68-c8a9-478e-b8f3-a6ab3ae23d99,true,true
311f6570-0f44-4498-9415-91d150bd22f7,329a39e3-c97d-4de5-b9a1-a47bb8197b2b,0bd6aee5-32dd-453c-8ed5-76bd9788465a,true,true
53509245-276a-4ea0-95e7-bc14bd8e61cf,7bc55371-2536-4e3a-a038-3600c8f4cfd9,0bd6aee5-32dd-453c-8ed5-76bd9788465a,true,true
ba08795e-4944-4104-9f82-e278c8f92746,a448d0ae-d809-4c76-bc03-113591296f55,ea967b68-c8a9-478e-b8f3-a6ab3ae23d99,true,true
cf1ca18b-7d09-41e3-ae48-0d0b1b9721f6,0b285c1d-1490-4cbe-a808-5f24625b1b1e,0bd6aee5-32dd-453c-8ed5-76bd9788465a,true,true
f80894f8-91da-465c-aab1-73c925dba445,5bfa4643-11c1-4e2b-89a4-ddf865cb623e,0bd6aee5-32dd-453c-8ed5-76bd9788465a,true,true
a6cb1960-eb04-418f-8771-8d1d3f83c88a,5482cc64-adb3-423f-9fd5-812efabf344b,0bd6aee5-32dd-453c-8ed5-76bd9788465a,true,true
713c91d3-4c22-4677-88a0-0d8df04da0c6,2fd799ae-3783-4040-973d-a09c5375ef7a,0bd6aee5-32dd-453c-8ed5-76bd9788465a,true,true
ba6fe665-5284-4594-9a69-f13d4412e38a,08e5fd04-ca72-49d7-82e5-0e2c95d76560,0bd6aee5-32dd-453c-8ed5-76bd9788465a,true,true
09cf9316-bf84-4f81-af50-69f16ebf53a6,95f7b705-6aaf-49df-91ca-2e6c33876392,0bd6aee5-32dd-453c-8ed5-76bd9788465a,true,true
2f689379-3316-468d-9a15-eb5909c41b67,b8f7b3e6-9e24-42fa-bd67-1acd86d0ca06,0bd6aee5-32dd-453c-8ed5-76bd9788465a,true,true
72de39c6-aad4-493f-bb07-9c5bd4d41986,d3482856-6eeb-4463-a61d-9699166d4553,0bd6aee5-32dd-453c-8ed5-76bd9788465a,true,true
594abe42-bf9c-4dd9-a3c8-7b1361253506,5531ab10-d6a9-4c2d-8807-95eb3003ee1f,0bd6aee5-32dd-453c-8ed5-76bd9788465a,true,true
d881e2f8-45df-4265-a8d3-b9c7fff56f10,cbfadc09-06ba-4e36-bd20-28f24c691add,0bd6aee5-32dd-453c-8ed5-76bd9788465a,true,true
e79e36cc-3190-491a-9c06-a0bac82d10a4,cbfadc09-06ba-4e36-bd20-28f24c691add,ea967b68-c8a9-478e-b8f3-a6ab3ae23d99,true,true
15c259fe-b188-46cd-ba28-6d4a0453526d,0c51da86-312f-48da-bf1a-cc71c5f64154,ea967b68-c8a9-478e-b8f3-a6ab3ae23d99,true,true
6b5a23fd-7357-4d4a-b359-0e973a9c0039,347004bc-60f6-46dd-b0fe-f954abe45d5a,0bd6aee5-32dd-453c-8ed5-76bd9788465a,true,true
c5dfaa00-10b4-41ad-bc9b-c32ad5bbe0fd,bfcc55d1-b931-4d87-8098-934a8f327df3,0bd6aee5-32dd-453c-8ed5-76bd9788465a,true,true
49f57d02-89d3-4608-bed3-ee17782d7356,0f39a124-4787-4ca9-a5a9-ae9edb96ac4f,ea967b68-c8a9-478e-b8f3-a6ab3ae23d99,true,true
eff15ccc-4260-430b-97fe-45e3991b615f,8c0262c7-8c41-4954-825a-0bf4ea788e1c,0bd6aee5-32dd-453c-8ed5-76bd9788465a,true,true
ddbb88f2-4fd0-428b-8d6c-5ba975b31dca,4aeb9712-491f-443f-914e-bb28a9e1d89e,0bd6aee5-32dd-453c-8ed5-76bd9788465a,true,true
c2153692-9e49-4aa3-8dc4-edd410873a50,0151f2d4-c991-4522-adfe-87714c74ea06,0bd6aee5-32dd-453c-8ed5-76bd9788465a,true,true
250aac0c-3fe7-4410-a1f5-928bb2776f55,427daf6f-5719-4cef-bc86-e59fc8cc6cd8,0bd6aee5-32dd-453c-8ed5-76bd9788465a,true,true
452c4a68-81bf-44af-8aa0-568b7264a41d,427daf6f-5719-4cef-bc86-e59fc8cc6cd8,ea967b68-c8a9-478e-b8f3-a6ab3ae23d99,true,true
ff5266c5-2cf3-42d1-94b6-9afaee04e219,924ad969-e640-4ddb-9ee4-fd37a91a156a,ba54fb99-cd67-484d-b68f-34aea2d83af6,true,true
c980186e-1bb8-4e19-96ea-980ccf47094f,924ad969-e640-4ddb-9ee4-fd37a91a156a,0bd6aee5-32dd-453c-8ed5-76bd9788465a,true,true
5691791f-b29b-4361-a561-36dee0af7127,ee6bddd2-a814-4c5b-a26c-efae57c5c248,0bd6aee5-32dd-453c-8ed5-76bd9788465a,true,true
6ea63d6a-2648-4aa5-9bdd-a5e4609da2f6,96bd1179-addb-463c-bc5e-914b5178921d,0bd6aee5-32dd-453c-8ed5-76bd9788465a,true,true
deb25d7a-c009-4a43-8145-01838d20ca59,c3d9aa37-4502-44e8-9901-916bfae38536,ba54fb99-cd67-484d-b68f-34aea2d83af6,true,true
4ed2ab42-df35-4edc-a10f-c94a4cb23a8a,43973629-8874-4e75-85a3-4a71f0fdcd01,0bd6aee5-32dd-453c-8ed5-76bd9788465a,true,true
f127db53-be22-4a89-bf35-8c43702b37fd,347004bc-60f6-46dd-b0fe-f954abe45d5a,ea967b68-c8a9-478e-b8f3-a6ab3ae23d99,true,true
9103c1c1-6566-4ea1-a98a-6c6e1e39bcf2,a4b455d7-f349-4027-b226-1963eabc3ced,ea967b68-c8a9-478e-b8f3-a6ab3ae23d99,true,true
cb5b74d9-8e69-4081-9617-721d12d7ea86,a4b455d7-f349-4027-b226-1963eabc3ced,0bd6aee5-32dd-453c-8ed5-76bd9788465a,true,true
06e570d6-d11a-4849-bad0-6e36234ebd5d,21275f6f-7043-4b87-af9b-5257f2fb1e51,0bd6aee5-32dd-453c-8ed5-76bd9788465a,false,true
9ed49481-ec03-4672-aea6-611a41fc69e3,8f01598a-241c-43cb-8da1-3a4ae801ca9b,0bd6aee5-32dd-453c-8ed5-76bd9788465a,true,true
99cb7d07-afef-488c-b6c6-ba6d546b8d58,03d637d6-50da-4653-a4b4-04446a93e7b4,0bd6aee5-32dd-453c-8ed5-76bd9788465a,true,true
be0a9859-d810-4cc0-8c25-956dbf1ce890,03d637d6-50da-4653-a4b4-04446a93e7b4,ea967b68-c8a9-478e-b8f3-a6ab3ae23d99,true,true
14fd5072-044d-4535-9b19-5e20c1bb51c2,4078a373-d899-4166-b722-0f31d6adbfe5,ea967b68-c8a9-478e-b8f3-a6ab3ae23d99,true,true
52b4f0ec-bfa3-4d39-98ed-51de02c0360c,ac5dc581-b0ac-4256-af0b-b13e5be79726,0bd6aee5-32dd-453c-8ed5-76bd9788465a,true,true
3ad4ddd5-04da-4668-ad3a-b26459de8b67,e3ed13cd-0790-4795-b528-4edabc7a7dad,ea967b68-c8a9-478e-b8f3-a6ab3ae23d99,true,true
0314ee1a-4087-4aa5-a892-67a26937829b,de8b523d-e64a-4aaa-a496-59cb91389443,ea967b68-c8a9-478e-b8f3-a6ab3ae23d99,true,true
65901ea5-d926-466a-8aa8-f612f11a2547,de8b523d-e64a-4aaa-a496-59cb91389443,0bd6aee5-32dd-453c-8ed5-76bd9788465a,true,true
930ee695-bb08-431f-8d54-cf4bd7912664,d5337fd2-68ef-4281-9b83-d3b9cdfcb25a,ea967b68-c8a9-478e-b8f3-a6ab3ae23d99,true,true
f74c0199-521c-4334-b4c7-0b3430234906,d5337fd2-68ef-4281-9b83-d3b9cdfcb25a,0bd6aee5-32dd-453c-8ed5-76bd9788465a,true,true
7c3099f2-b5db-474b-9221-315a8453d2e4,e1c411a2-2ca7-4456-806a-81d315debff7,0bd6aee5-32dd-453c-8ed5-76bd9788465a,true,true
1d9fd719-577b-456e-ac7c-2c845476eee2,e1c411a2-2ca7-4456-806a-81d315debff7,ea967b68-c8a9-478e-b8f3-a6ab3ae23d99,true,true
a1bb1fbe-712a-43fc-8158-fa0270ce4b49,43593f9a-cade-4085-941c-e52d39d41195,0bd6aee5-32dd-453c-8ed5-76bd9788465a,true,true
772445af-30f2-4c5d-9901-a7cb80df416c,ba2b8ea9-f183-48c5-aeb0-b6483b11083c,0bd6aee5-32dd-453c-8ed5-76bd9788465a,true,true
f0fa9d9b-b34a-4c60-a572-cd739cf855e8,e5630ed0-5538-482f-9a8d-ccb60d08a821,0bd6aee5-32dd-453c-8ed5-76bd9788465a,true,true
1d276722-cb9f-4c93-be06-10bfecacb5d6,7c2a0479-1750-43d6-8a5a-334126634fbc,0bd6aee5-32dd-453c-8ed5-76bd9788465a,true,true
d84d25d7-7652-4bb1-aed7-e0f9cc845330,e5630ed0-5538-482f-9a8d-ccb60d08a821,ea967b68-c8a9-478e-b8f3-a6ab3ae23d99,true,true
c7d95ae0-74f0-4be0-8b0a-4910274da541,d0861ea6-72c5-4e68-af57-372088c38d01,0bd6aee5-32dd-453c-8ed5-76bd9788465a,true,true
8e5c92f2-f74c-4194-bdd1-e07a111a7744,986e99e2-b2d8-4304-9cbb-c97c773a39ad,0bd6aee5-32dd-453c-8ed5-76bd9788465a,true,true
108cbffd-336e-4932-96ee-c29aea7d03a1,0c2b9879-14ae-4d98-a9c3-6167ed10ee85,0bd6aee5-32dd-453c-8ed5-76bd9788465a,true,true
1a499522-d097-4ee5-813a-46728c38b42e,05538d71-f883-46b3-b5d4-ef61b88dd3c3,0bd6aee5-32dd-453c-8ed5-76bd9788465a,true,true
764eeb8e-4ebd-4bb7-978b-02bb385bcbab,facad0ab-266f-4c0c-8c54-789f5dbe90b5,0bd6aee5-32dd-453c-8ed5-76bd9788465a,true,true
9d221293-0e14-414e-9a9a-2e7f67630bc4,05538d71-f883-46b3-b5d4-ef61b88dd3c3,ea967b68-c8a9-478e-b8f3-a6ab3ae23d99,true,true
21108442-8556-420d-96b7-6130352c979f,05997510-87e1-463b-b9be-ed51b42006d1,67dbf9f7-4898-4b84-86cf-303137a363be,true,true
c6a12905-1459-4a4e-b99d-b37ce7e0fba4,520ee94f-c5eb-48bd-8f01-c5b5f81045a9,0bd6aee5-32dd-453c-8ed5-76bd9788465a,true,true
c3fd3735-b543-4648-9162-d6b113d65558,05997510-87e1-463b-b9be-ed51b42006d1,0bd6aee5-32dd-453c-8ed5-76bd9788465a,false,true
bb4a8460-da85-4ad9-8864-c47d93990a93,212fa34c-0691-4fc4-86e2-6d71dc47b421,0bd6aee5-32dd-453c-8ed5-76bd9788465a,true,true
8d179618-6ac2-4e9c-9c34-5de75be1e5ed,b8cfa5a2-79cc-4caf-ae43-3e6790db052b,0bd6aee5-32dd-453c-8ed5-76bd9788465a,true,true
ee11f4ad-a04d-4ae7-ba4b-c29931ce794e,237232ff-2043-4caa-97e7-94d5d67342be,0bd6aee5-32dd-453c-8ed5-76bd9788465a,true,true
37f5a3a6-c9ed-4f85-b62e-ac20c2f8eba0,8497ea47-1850-4219-8d65-c72e6fe48f5b,0bd6aee5-32dd-453c-8ed5-76bd9788465a,true,true
8335d6ac-ccb5-4ca4-9235-c1feb57b65e8,8497ea47-1850-4219-8d65-c72e6fe48f5b,ea967b68-c8a9-478e-b8f3-a6ab3ae23d99,true,true
cbdc3b90-ebf3-4762-9fbc-b29440fd2a20,1a109477-7292-4df7-a8d3-89eafe37b68e,0bd6aee5-32dd-453c-8ed5-76bd9788465a,true,true
3e082985-333d-4c8d-a134-a83bbb3fdb51,1a109477-7292-4df7-a8d3-89eafe37b68e,ea967b68-c8a9-478e-b8f3-a6ab3ae23d99,true,true
bbc952de-6320-4c86-a9c6-e8ebb071bdbf,c546d112-8057-466f-9109-d3eb53d8204b,0bd6aee5-32dd-453c-8ed5-76bd9788465a,true,true
6afc0147-3227-46c4-8930-50b41a282058,7b21353c-9978-4f6e-9759-56bfe95fdc08,0bd6aee5-32dd-453c-8ed5-76bd9788465a,true,true
36a4cda4-912a-4d23-8546-ba520845cb4e,eb7591d3-5688-4a9e-b209-e66d65ef04c7,0bd6aee5-32dd-453c-8ed5-76bd9788465a,false,true
4457dfa8-dbe8-4728-90f2-7200344895a4,b9d6f39d-062b-4e6c-ad2f-b7f351454a51,0bd6aee5-32dd-453c-8ed5-76bd9788465a,true,true
faffa43f-24c8-4748-8473-26568aaa0d98,91b0b726-244d-4927-ad6f-d84e11fbf52d,0bd6aee5-32dd-453c-8ed5-76bd9788465a,true,true
735f9ee1-b2f8-416a-bd91-29aca1e4793e,43bbd477-dd80-4506-946b-1503f91fe885,ea967b68-c8a9-478e-b8f3-a6ab3ae23d99,true,true
78379a85-8e5b-4203-8c17-39df9f4d9d1e,43bbd477-dd80-4506-946b-1503f91fe885,0bd6aee5-32dd-453c-8ed5-76bd9788465a,true,true
54c85e7d-ca55-437b-b5ed-0b6793f76826,91b0b726-244d-4927-ad6f-d84e11fbf52d,ea967b68-c8a9-478e-b8f3-a6ab3ae23d99,true,true
0e7b15d3-ef54-4ae2-b9bc-3acef0cf7b98,e037815f-dba7-44ab-b095-15138ce5bd2c,0bd6aee5-32dd-453c-8ed5-76bd9788465a,true,true
5c9ce88c-a167-4686-b82f-ea9306ef8121,e037815f-dba7-44ab-b095-15138ce5bd2c,ba54fb99-cd67-484d-b68f-34aea2d83af6,true,true
a512dde6-2d03-4df6-bbe3-4c2816ec878f,6d502509-8901-4080-b78e-1c6f2b791509,ea967b68-c8a9-478e-b8f3-a6ab3ae23d99,true,true
29a48556-617f-438b-947d-37ae0abd089d,6d502509-8901-4080-b78e-1c6f2b791509,ba54fb99-cd67-484d-b68f-34aea2d83af6,true,true
dfeef466-24e3-41a5-a61d-2c2bc3f063a9,6d502509-8901-4080-b78e-1c6f2b791509,0bd6aee5-32dd-453c-8ed5-76bd9788465a,true,true
ab8aa9b2-662d-47f0-a461-cd1e62e44db6,3f906389-5892-4b52-985e-a627200a77d0,ea967b68-c8a9-478e-b8f3-a6ab3ae23d99,true,true
d136b2dd-894c-4064-9663-b8965bbc6c2e,3f906389-5892-4b52-985e-a627200a77d0,0bd6aee5-32dd-453c-8ed5-76bd9788465a,true,true
eb1b9c50-811e-4b4c-8d2b-0bcdf00b8f54,f12a8857-d98b-4ce4-bc4f-d99fd81f145d,0bd6aee5-32dd-453c-8ed5-76bd9788465a,true,true
9f0c6a5d-4134-4417-a15e-6d1b394ed521,10c2f538-14b0-45d8-a6dd-e0c06441583a,ea967b68-c8a9-478e-b8f3-a6ab3ae23d99,true,true
cce09a73-4639-414d-b252-794289e2013a,6ada1a0d-64c9-4534-ab6a-7433ee42f9b5,0bd6aee5-32dd-453c-8ed5-76bd9788465a,true,true
07963634-04b8-48ab-bbfb-444af5a30318,99518724-83c0-48a7-a4dd-aa1165f3e198,0bd6aee5-32dd-453c-8ed5-76bd9788465a,true,true
8e40e71b-a29c-442e-8ad4-c0eb2fd422d5,3c85af80-51d1-497e-9d1c-e952d16e65cc,0bd6aee5-32dd-453c-8ed5-76bd9788465a,true,true
ae6f7838-55c4-48ef-8afb-e5581c54f104,0331ec30-036b-4f34-9552-96451b6cce3f,0bd6aee5-32dd-453c-8ed5-76bd9788465a,true,true
780d300f-1f5a-4f47-b55e-f46c92c18beb,8b3f31a6-cdb7-48cc-9b2e-7352d8f0beff,0bd6aee5-32dd-453c-8ed5-76bd9788465a,true,true
915a2119-f95d-421b-9024-8f867d820960,b956cdb0-3190-4aa5-8a4f-edee9d1bff87,0bd6aee5-32dd-453c-8ed5-76bd9788465a,true,true
6b49889d-009e-47d5-8b22-20f8e29716f8,f9467d19-61e6-4da4-94b8-1f776720bde6,ea967b68-c8a9-478e-b8f3-a6ab3ae23d99,true,true
0934ece0-3aa5-4d4d-8c36-dffb69ccbbdd,faa2e116-ab39-4ec2-a40a-39623cfc944e,67dbf9f7-4898-4b84-86cf-303137a363be,false,true
e01bf5f8-376d-4ae5-af10-0127043ab4b8,b58dc0e2-b758-4c5d-89ed-aee234297df9,0bd6aee5-32dd-453c-8ed5-76bd9788465a,true,true
479a2f28-a223-4f09-abd7-3f3ca2d85415,4418044e-3705-43a2-af95-d641385b7754,0bd6aee5-32dd-453c-8ed5-76bd9788465a,true,true
5732a5f1-f928-4d69-844b-f4471e584d85,e9c7f580-643b-42f7-8607-cc5e831be54f,ea967b68-c8a9-478e-b8f3-a6ab3ae23d99,true,true
228a5a44-426f-4b1d-ba82-fb7119807a8f,faa2e116-ab39-4ec2-a40a-39623cfc944e,0bd6aee5-32dd-453c-8ed5-76bd9788465a,true,true
b8bbcbfb-1c2c-4830-b630-2040ba7d1c9e,faa2e116-ab39-4ec2-a40a-39623cfc944e,ea967b68-c8a9-478e-b8f3-a6ab3ae23d99,false,true
12ad1c0e-5fd2-4cf8-87ea-c922cf0fb4da,f9467d19-61e6-4da4-94b8-1f776720bde6,0bd6aee5-32dd-453c-8ed5-76bd9788465a,true,true
5035648e-1574-47a3-b906-e8cd084b4502,3d382d19-d038-422e-b2eb-eb7832c42c38,0bd6aee5-32dd-453c-8ed5-76bd9788465a,true,true
c3b8581a-7b82-44f1-8c46-bae3abfe0546,132fdde1-2c31-43cf-a569-a96216739497,ea967b68-c8a9-478e-b8f3-a6ab3ae23d99,true,true
ebe3ceb2-ce4f-4540-a49e-02cd03201e83,132fdde1-2c31-43cf-a569-a96216739497,0bd6aee5-32dd-453c-8ed5-76bd9788465a,true,true
7987f9d9-059d-450a-8f3b-71055e9d1d3e,0cc4e6d1-feb5-4d20-9020-ee1830b72b1f,ea967b68-c8a9-478e-b8f3-a6ab3ae23d99,true,true
1797119e-4d23-4599-b95e-8fd982ad21de,722965b4-0bf2-4bc5-b440-33890e2dba85,0bd6aee5-32dd-453c-8ed5-76bd9788465a,true,true
d9783967-e08a-48b3-9c27-da66c891595a,d16ae22d-479d-4aaa-b8bc-80e8d1f05af6,ea967b68-c8a9-478e-b8f3-a6ab3ae23d99,true,true
f557b0e7-5209-4720-b95b-25c0ef3cf319,b7bcc52d-a31a-4fcb-8dd7-ff5b19f28067,0bd6aee5-32dd-453c-8ed5-76bd9788465a,true,true
3f08fd8f-95bb-4d3b-9aa6-db510df17846,722965b4-0bf2-4bc5-b440-33890e2dba85,ea967b68-c8a9-478e-b8f3-a6ab3ae23d99,false,true
2a0f0ae4-5db4-4029-aa02-04a0195174bd,e507db89-e3ec-477a-be66-f408c5b214aa,0bd6aee5-32dd-453c-8ed5-76bd9788465a,true,true
f1367bc8-d8a0-48d7-8992-5f1db2c2fb2b,73b8a384-021f-429e-abd8-8896a5161ece,0bd6aee5-32dd-453c-8ed5-76bd9788465a,true,true
eef97989-58cb-4b5f-a4b2-4f2c4c362854,b456b14a-946f-417a-bfc1-666807b338c6,0bd6aee5-32dd-453c-8ed5-76bd9788465a,true,true
2ac72aec-dcf9-4813-98ef-337ae194b89e,b456b14a-946f-417a-bfc1-666807b338c6,ea967b68-c8a9-478e-b8f3-a6ab3ae23d99,true,true
6c9e79c5-f3f3-43ca-bbb2-3ed2a4230633,a448d0ae-d809-4c76-bc03-113591296f55,0bd6aee5-32dd-453c-8ed5-76bd9788465a,true,true
da657556-b691-4b44-b0d1-67348b1de7de,c9affcae-c174-48fc-9e66-c93b502025cd,0bd6aee5-32dd-453c-8ed5-76bd9788465a,true,true
26e3995e-ee5a-4968-8484-653046635e15,0c51da86-312f-48da-bf1a-cc71c5f64154,0bd6aee5-32dd-453c-8ed5-76bd9788465a,true,true
32d3e2e1-a6b4-4cb6-bd7e-5516c6ae3a23,ad63aa95-2c8a-4290-9545-c414103d5ae3,ea967b68-c8a9-478e-b8f3-a6ab3ae23d99,true,true
7f60ef8e-1dc0-4ea0-b8dd-3115b3f0205b,6956a153-f10d-47a9-985e-6220b02fef1b,ea967b68-c8a9-478e-b8f3-a6ab3ae23d99,true,true
867062dd-a66f-427b-a63a-bd53012ba27a,6956a153-f10d-47a9-985e-6220b02fef1b,0bd6aee5-32dd-453c-8ed5-76bd9788465a,true,true
e92c4361-a992-413b-b04e-e323b629b3d8,8b3f31a6-cdb7-48cc-9b2e-7352d8f0beff,ea967b68-c8a9-478e-b8f3-a6ab3ae23d99,true,true
64601028-9b0a-4dd0-8155-3b17fc839da5,ad63aa95-2c8a-4290-9545-c414103d5ae3,67dbf9f7-4898-4b84-86cf-303137a363be,true,true
ca18e6ec-d890-401b-aa92-66a9b816e799,d6e62db4-6c1c-4628-835f-ff51ea29ce2e,0bd6aee5-32dd-453c-8ed5-76bd9788465a,true,true
7d246a7c-f410-4a48-a6a2-c62cad99a616,1b9dcdf9-c615-4b74-bfb6-3a2c670765f9,0bd6aee5-32dd-453c-8ed5-76bd9788465a,true,true
75e24969-8652-448a-8988-6c26bdf11d28,9911ee8b-7d16-41c5-8fb4-f7fcb93e06c9,ea967b68-c8a9-478e-b8f3-a6ab3ae23d99,true,true
ca98299a-2e45-43b8-b0e3-2aa85ebc1f0f,1b9dcdf9-c615-4b74-bfb6-3a2c670765f9,ea967b68-c8a9-478e-b8f3-a6ab3ae23d99,false,true
30d33ffc-76f7-46b6-8c2d-640d848be436,e6e3bf83-2950-4083-b839-005b53487de7,ea967b68-c8a9-478e-b8f3-a6ab3ae23d99,true,true
b9fd6709-a702-4cd5-9d5d-c61d756d5a80,576d8132-f373-46c1-800d-191d26f9778c,ea967b68-c8a9-478e-b8f3-a6ab3ae23d99,true,true
1863bd9e-8f25-4725-b8a9-ef6847b60351,576d8132-f373-46c1-800d-191d26f9778c,0bd6aee5-32dd-453c-8ed5-76bd9788465a,true,true
1a9bda1d-6b97-40e6-b431-24eee5d592c0,24aa707d-a77f-4ed7-9ef3-218b67591c9b,0bd6aee5-32dd-453c-8ed5-76bd9788465a,true,true
8848ab42-0838-4b9f-8296-e01b64b5606b,3d3d626d-e053-49ff-9c8e-d633e3eff7df,ea967b68-c8a9-478e-b8f3-a6ab3ae23d99,true,true
8a355b1c-c0ff-4bad-b26f-7a76234cfbb0,c31792e9-5ea9-450e-80a6-fab169e3c9a7,0bd6aee5-32dd-453c-8ed5-76bd9788465a,true,true
5d59b4c9-1356-4983-8739-3c8dd179b66c,4f3e7b45-6758-4d67-8c96-54fd6ebf02c1,0bd6aee5-32dd-453c-8ed5-76bd9788465a,false,true
e0509b1c-8af5-443f-b197-ede7e2209ca0,e9c7f580-643b-42f7-8607-cc5e831be54f,0bd6aee5-32dd-453c-8ed5-76bd9788465a,true,true
c4c7f883-8708-42ce-b818-a30beddf5ad2,c7fb9b1a-5c3a-4a53-90ef-b4b62eb30ba9,ea967b68-c8a9-478e-b8f3-a6ab3ae23d99,false,true
cf3dcd63-9281-463d-8b5f-4d16d0039410,c7fb9b1a-5c3a-4a53-90ef-b4b62eb30ba9,0bd6aee5-32dd-453c-8ed5-76bd9788465a,true,true
f5368505-2633-4821-aad1-d3b5636bc5df,66b6bc12-fe61-45a8-913d-5d23a326f39f,0bd6aee5-32dd-453c-8ed5-76bd9788465a,true,true
6ff9fc47-22ae-4249-8296-9086cc080e2c,c23bd497-621d-4056-9951-ce74bcbeacf3,0bd6aee5-32dd-453c-8ed5-76bd9788465a,true,true
dc255044-9fd4-434a-8fb5-bd00126dc94c,ade50144-cc06-4b59-9676-55e2a6bf320e,67dbf9f7-4898-4b84-86cf-303137a363be,false,true
dfd3fc6d-81f4-4efd-bdb8-a9252443d3b7,232e6b7e-784b-4a8c-aaf4-76f24434c878,0bd6aee5-32dd-453c-8ed5-76bd9788465a,true,true
77a93647-33b8-4922-81fe-b0e61ecd3cfb,ade50144-cc06-4b59-9676-55e2a6bf320e,0bd6aee5-32dd-453c-8ed5-76bd9788465a,true,true
d78eadb0-b278-4ce3-996e-34a71df6c6f0,ade50144-cc06-4b59-9676-55e2a6bf320e,ea967b68-c8a9-478e-b8f3-a6ab3ae23d99,false,true
be9fa8ce-0215-4839-a1ef-510bc14df636,656f2736-71d9-455e-8d04-d53fcd5bf010,0bd6aee5-32dd-453c-8ed5-76bd9788465a,true,true
25f4e8bb-882b-488b-b36d-95404c207379,07d6207a-da89-4936-83a6-c341a1ea4ca0,ea967b68-c8a9-478e-b8f3-a6ab3ae23d99,true,true
980587b8-bf01-4e30-91cb-a6ef29e34bc8,a195d136-c9a7-449d-a6e2-df6c9cde7e5f,0bd6aee5-32dd-453c-8ed5-76bd9788465a,true,true
1ab6b10a-9c39-4074-86f5-3eb7b009bddd,622307b3-e493-4ece-ad61-c384868f7bca,0bd6aee5-32dd-453c-8ed5-76bd9788465a,true,true
a6bf88c0-1a48-4a4b-9b1e-cb5b244cc4a2,7a7f586b-84c0-4133-89e8-f5f57ac27177,0bd6aee5-32dd-453c-8ed5-76bd9788465a,true,true
989ea5ae-2b6a-4e14-b121-547f3adce767,fe5398b6-12de-480c-83bf-fc5bb2e476c1,0bd6aee5-32dd-453c-8ed5-76bd9788465a,true,true
a445b9b1-7392-4880-80e7-ff719e113077,07d6207a-da89-4936-83a6-c341a1ea4ca0,0bd6aee5-32dd-453c-8ed5-76bd9788465a,true,true
a95e23bc-30ae-4d71-9b79-e8025a59cffc,c31792e9-5ea9-450e-80a6-fab169e3c9a7,ea967b68-c8a9-478e-b8f3-a6ab3ae23d99,true,true
9066aa1f-e2b4-48ac-98da-208a4945c187,20bae1f8-a699-4aed-b792-aef05b7918c2,0bd6aee5-32dd-453c-8ed5-76bd9788465a,true,true
cffaa568-3b4e-4755-a901-13f2cbcd1282,06c253a4-7a57-4673-9998-b80b4db26ac2,0bd6aee5-32dd-453c-8ed5-76bd9788465a,true,true
8a34469c-84cf-492b-9a27-993c76cd3027,58490db9-ea5e-4b63-906a-0429a1ab338d,0bd6aee5-32dd-453c-8ed5-76bd9788465a,true,true
d610a4ab-2c19-402a-ad51-2b79e546a82d,bbb312e4-0b29-4751-86da-518d090f734c,0bd6aee5-32dd-453c-8ed5-76bd9788465a,true,true
e4e6ef31-5405-419e-aefb-2cf8745ef94f,17d7e4eb-7a74-4e64-98af-d89ca1cd60df,0bd6aee5-32dd-453c-8ed5-76bd9788465a,false,true
1c2c97a3-9f0c-46d2-b687-e027c3cb1a9e,49e5f448-6fc9-4e19-9f00-dbcaa7cac7dc,0bd6aee5-32dd-453c-8ed5-76bd9788465a,true,true
d3a0d872-91ff-459b-a039-48fedcc98816,ea441046-f0f0-403a-814b-4b446a77170e,0bd6aee5-32dd-453c-8ed5-76bd9788465a,true,true
90a6b4fa-5c34-4aaf-b45e-e0b17b7ae32b,9f755156-238e-46be-88bd-2863e22dc152,0bd6aee5-32dd-453c-8ed5-76bd9788465a,true,true
de7b9fed-2165-4555-95f0-9de974d08c3f,3fbd321b-b8ed-4e3e-b788-388ec07a68a6,0bd6aee5-32dd-453c-8ed5-76bd9788465a,true,true
856ff860-a269-414e-8da0-36d75a2dfcaf,ea441046-f0f0-403a-814b-4b446a77170e,ea967b68-c8a9-478e-b8f3-a6ab3ae23d99,true,true
744650d9-9a18-4ef9-a1ab-2273ebe0771b,49e5f448-6fc9-4e19-9f00-dbcaa7cac7dc,ba54fb99-cd67-484d-b68f-34aea2d83af6,true,true
85265df1-542f-4eee-87ed-9f7dc109b8ba,ee687bc3-2e37-4540-b79e-7ebffa8d60c9,0bd6aee5-32dd-453c-8ed5-76bd9788465a,true,true
635c2981-15a4-48b4-b475-84e860872fd4,e8072748-c3a0-45b5-b40a-8f83614ff6d0,0bd6aee5-32dd-453c-8ed5-76bd9788465a,true,true
be3eaf8b-4acf-437a-8c3d-6dc0830061c6,c311c031-f599-47b7-b2f0-22dfde2741b4,0bd6aee5-32dd-453c-8ed5-76bd9788465a,true,true
be7a85e6-3692-47d4-bda7-0ffccccfc307,52c2786b-8f8f-4a37-8f24-e5c22520e295,0bd6aee5-32dd-453c-8ed5-76bd9788465a,true,true
96e26927-e1e7-4392-a44f-1ac8ee497fa4,13970879-9b37-4b35-beb1-5291721943dc,0bd6aee5-32dd-453c-8ed5-76bd9788465a,true,true
915c25cb-7513-4dcc-9927-b18da2150d7f,42cddc96-3d58-41ea-9a12-f1408d241432,0bd6aee5-32dd-453c-8ed5-76bd9788465a,true,true
d03d4fd7-06c4-4ac6-9b6c-993571281563,30a1bdcc-ac76-4787-ad68-254e048e4341,0bd6aee5-32dd-453c-8ed5-76bd9788465a,true,true
5930f380-26d2-44f3-831b-a6e9e30630a8,3498ecf3-49f6-46db-a54f-4c8e33c7236a,ea967b68-c8a9-478e-b8f3-a6ab3ae23d99,true,true
d5e36d7a-38c6-49ad-82c0-14f8edf333a7,45bda3ff-3bfc-4425-8487-eb585a005411,0bd6aee5-32dd-453c-8ed5-76bd9788465a,true,true
6f7086cc-e8a9-48c8-b793-19e3fb5b6b5d,19485d46-7d01-45f2-8793-989189f8d9fa,0bd6aee5-32dd-453c-8ed5-76bd9788465a,true,true
f652ab62-90b6-4c9b-b6e8-985687656edb,95789644-936e-4ccb-8dcf-1eed5bc81924,0bd6aee5-32dd-453c-8ed5-76bd9788465a,true,true
b3ec7666-f2de-4b8d-ae99-375397077e8a,19485d46-7d01-45f2-8793-989189f8d9fa,ea967b68-c8a9-478e-b8f3-a6ab3ae23d99,true,true
8ebb2a97-601f-4bdb-9807-83e184146b39,95789644-936e-4ccb-8dcf-1eed5bc81924,67dbf9f7-4898-4b84-86cf-303137a363be,true,true
0dba44dc-768a-4595-81c6-1ce441c46231,0d30152b-faec-40c5-b524-41b9bbbb1570,67dbf9f7-4898-4b84-86cf-303137a363be,true,true
565135d9-cb71-40dd-ba5c-8cd44a91072d,0d30152b-faec-40c5-b524-41b9bbbb1570,ea967b68-c8a9-478e-b8f3-a6ab3ae23d99,true,true
4e2a5d17-5571-454d-b3ed-416edd6dafe7,0d30152b-faec-40c5-b524-41b9bbbb1570,0bd6aee5-32dd-453c-8ed5-76bd9788465a,true,true
e3599cb2-86b4-474c-aa0e-b1290914adc9,327bf62b-1bd0-48d5-9516-85c994b932ab,0bd6aee5-32dd-453c-8ed5-76bd9788465a,true,true
25042295-d937-4902-bde3-a6ee822f77ef,844fb40d-3ff4-4431-904b-902c41f94775,0bd6aee5-32dd-453c-8ed5-76bd9788465a,true,true
2a4826ce-f522-4d01-9275-6038dd3df39a,5fb1db63-08d3-4559-9a60-7e8f7473d057,0bd6aee5-32dd-453c-8ed5-76bd9788465a,true,true
7921a71e-a02a-44ec-baad-3672d8cca051,e507db89-e3ec-477a-be66-f408c5b214aa,ea967b68-c8a9-478e-b8f3-a6ab3ae23d99,true,true
6ea7c1d3-736c-4d49-8153-e081ad671891,59110fe0-77b0-43c4-b85a-5a12fa04d160,67dbf9f7-4898-4b84-86cf-303137a363be,true,true
f8bb68b9-b711-496a-8d15-665de7e2372b,ea260b1c-faae-4d11-92e7-2774d14efeb0,0bd6aee5-32dd-453c-8ed5-76bd9788465a,true,true
17338c5d-a6bb-4b5e-930f-8feb87d9ff24,b4037e54-0ab1-458e-9f2c-df4ee6ddde0e,0bd6aee5-32dd-453c-8ed5-76bd9788465a,false,true
83b6430c-4dce-484f-8a6f-0ef3de0d4c2e,8029ef09-9883-42cb-aae1-fc85683958a7,67dbf9f7-4898-4b84-86cf-303137a363be,false,true
98cce186-4065-4682-ba1d-833593954214,37adfe90-f66b-409f-8dff-5e16f5f04c20,ea967b68-c8a9-478e-b8f3-a6ab3ae23d99,true,true
23f2f909-e193-4449-8c28-ae40d71ff015,1681e8cd-e4e8-4cc7-8045-54ab40967d8e,ea967b68-c8a9-478e-b8f3-a6ab3ae23d99,true,true
43513c97-d4f4-4161-a0d3-a5ce9099a900,02ae3d50-0e57-4446-9dd4-aa2d8a60d69d,0bd6aee5-32dd-453c-8ed5-76bd9788465a,true,true
1accb19f-e5ac-4f98-9e24-e635519f17d9,02ae3d50-0e57-4446-9dd4-aa2d8a60d69d,ea967b68-c8a9-478e-b8f3-a6ab3ae23d99,false,true
1f321171-4f97-4c7a-be6c-af2c2cd26a41,9911ee8b-7d16-41c5-8fb4-f7fcb93e06c9,0bd6aee5-32dd-453c-8ed5-76bd9788465a,true,true
25939df3-2635-41e9-941d-e860f73f0d8d,3facb8d5-f352-4732-beba-82622b9bcc72,ea967b68-c8a9-478e-b8f3-a6ab3ae23d99,true,true
e31717a0-97e0-4997-9e38-1e30632e016d,95f787aa-1272-4f52-a27c-7171ae0eb26e,0bd6aee5-32dd-453c-8ed5-76bd9788465a,true,true
f119ee1e-d41a-4536-80ac-e2c66c04e690,1681e8cd-e4e8-4cc7-8045-54ab40967d8e,0bd6aee5-32dd-453c-8ed5-76bd9788465a,true,true
27cdb2bb-d608-463f-ba81-ce4581f7b16f,78fff5c1-ea42-44d9-a360-b84bdc52a003,0bd6aee5-32dd-453c-8ed5-76bd9788465a,true,true
83277b79-df98-48b0-94d8-7b17036bf14b,2c9c729f-5aea-4f40-811e-836740c0cfec,0bd6aee5-32dd-453c-8ed5-76bd9788465a,true,true
53ee7cfc-35da-441b-82b3-2dc3e0978b62,78fff5c1-ea42-44d9-a360-b84bdc52a003,ea967b68-c8a9-478e-b8f3-a6ab3ae23d99,true,true
bb1f5198-1a6e-498c-aad2-09ea68770500,c1c65029-509d-4186-957a-4bae70db0a71,0bd6aee5-32dd-453c-8ed5-76bd9788465a,true,true
4e2462ba-5332-40c9-9659-95fcb67752b8,c4bbd968-6fb1-41f0-988e-fe359691be4f,0bd6aee5-32dd-453c-8ed5-76bd9788465a,true,true
34642b77-986e-436f-a96b-b5a09808b26c,c9c37675-dc3b-40be-85f0-7acde5c88613,0bd6aee5-32dd-453c-8ed5-76bd9788465a,true,true
6f9fbbd0-27c3-4975-8b0d-94e2bc3d7537,e6809484-9108-4f61-b01c-69dda19f39da,0bd6aee5-32dd-453c-8ed5-76bd9788465a,true,true
98d30816-7eca-40c9-a691-378f57060b2e,540701ec-dc40-4bc6-b60f-29b7829a2603,ea967b68-c8a9-478e-b8f3-a6ab3ae23d99,true,true
a2edd9c6-955f-42d9-84b0-2a164b49a46b,99c2c10a-229f-4cce-9ed5-386dbca2e032,0bd6aee5-32dd-453c-8ed5-76bd9788465a,true,true
d87797d0-d6ee-4a07-a3d4-ce0959dcd76b,99c2c10a-229f-4cce-9ed5-386dbca2e032,67dbf9f7-4898-4b84-86cf-303137a363be,true,true
aa56e45f-5584-450e-a90c-85106b87dd7f,4b94bc7a-2178-4368-b593-4ec1b15cd2f5,ea967b68-c8a9-478e-b8f3-a6ab3ae23d99,true,true
8dd2b129-ddb6-4da5-9c2e-955d5c261a33,ad63aa95-2c8a-4290-9545-c414103d5ae3,0bd6aee5-32dd-453c-8ed5-76bd9788465a,true,true
e7d7044a-ce08-4362-942a-af5f347cebfa,6f261f82-0dc5-4f67-a1cd-8a5904de26b4,0bd6aee5-32dd-453c-8ed5-76bd9788465a,true,true
608438fa-3ec6-4edf-9116-76ab0c42a1aa,6f261f82-0dc5-4f67-a1cd-8a5904de26b4,ea967b68-c8a9-478e-b8f3-a6ab3ae23d99,true,true
b17b4524-7c4c-421c-b583-9a29ae5f8159,c9c37675-dc3b-40be-85f0-7acde5c88613,ea967b68-c8a9-478e-b8f3-a6ab3ae23d99,true,true
d1433a02-e938-4c28-96b6-44c2e4d1eda0,b9564658-466f-4404-b6ee-f67b9e277153,ea967b68-c8a9-478e-b8f3-a6ab3ae23d99,true,true
c82afcf3-71d4-446f-967b-77dc9a287e1f,96bd1179-addb-463c-bc5e-914b5178921d,ea967b68-c8a9-478e-b8f3-a6ab3ae23d99,true,true
2fc9f05f-d8e4-408d-b525-0597bbd564d0,fd946fc6-ff37-425c-94fa-8c5716810933,0bd6aee5-32dd-453c-8ed5-76bd9788465a,true,true
af17f2d2-89da-4128-9dff-7501a0f28099,10c2f538-14b0-45d8-a6dd-e0c06441583a,0bd6aee5-32dd-453c-8ed5-76bd9788465a,true,true
e6baab83-a842-4e00-b097-09d7a012d103,df2fad8a-8b2e-4c36-bac7-e5c46d8f5bdd,0bd6aee5-32dd-453c-8ed5-76bd9788465a,true,true
82915b37-a56e-463f-a2eb-06246b2ae739,3d4be885-f38a-4815-9feb-2e009a96bb54,0bd6aee5-32dd-453c-8ed5-76bd9788465a,true,true
0f8a61bc-e837-4dc5-b7df-0121de35833c,753ceeb9-c0d0-4b2a-b874-6a15f2808764,ea967b68-c8a9-478e-b8f3-a6ab3ae23d99,true,true
aa94b09d-24cf-4d81-98f0-94b8eeab5ec9,9de4de9a-5081-45e6-b37b-4b40b78ab656,0bd6aee5-32dd-453c-8ed5-76bd9788465a,true,true
1e0fa22e-70b5-4257-a873-820391aaaa61,99c2c10a-229f-4cce-9ed5-386dbca2e032,ea967b68-c8a9-478e-b8f3-a6ab3ae23d99,true,true
6baa08d7-142e-424b-923a-edf20fe75ceb,cee90396-176a-4035-bfac-8d61674965c3,ea967b68-c8a9-478e-b8f3-a6ab3ae23d99,true,true
4fcb994f-3269-414b-aec8-644852aa5ceb,cee90396-176a-4035-bfac-8d61674965c3,0bd6aee5-32dd-453c-8ed5-76bd9788465a,true,true
b24b558e-19f6-498d-a7a9-8d53a129a2f1,e447121c-dbdd-4e50-8c20-b657518f447d,0bd6aee5-32dd-453c-8ed5-76bd9788465a,true,true
2d1cf3c5-4bc8-42c5-8b86-2eeab26149cc,be19ca5b-e86f-42ea-932b-72d27881d603,0bd6aee5-32dd-453c-8ed5-76bd9788465a,true,true
31a540a7-10be-43e4-887d-b1f22b8f829e,d750fe8e-6265-412c-a9ab-5863b0f44956,ea967b68-c8a9-478e-b8f3-a6ab3ae23d99,true,true
74df663f-9ff4-4510-abd6-00b6d98689a1,e447121c-dbdd-4e50-8c20-b657518f447d,ea967b68-c8a9-478e-b8f3-a6ab3ae23d99,true,true
cebb1fdd-a86e-43ce-91ac-28913ff2f312,c64485cb-142d-4dc0-a174-890e9f257525,0bd6aee5-32dd-453c-8ed5-76bd9788465a,true,true
d13404a7-7413-47cd-b4db-0581e87477fc,f11463d1-77b2-4c21-a05f-d9c93201a3d7,0bd6aee5-32dd-453c-8ed5-76bd9788465a,true,true
18fc228d-c205-4497-8932-4420f3725297,abd3ce20-5336-4a4c-aa62-4d471c338c79,ea967b68-c8a9-478e-b8f3-a6ab3ae23d99,true,true
d96f85c6-1dc2-4f39-b94a-eb74f7ec3892,482177b3-603a-4707-be7d-49ea4ee77426,0bd6aee5-32dd-453c-8ed5-76bd9788465a,true,true
e6ac4ab3-9d8d-4a28-8f92-e18fa17d1e11,abd3ce20-5336-4a4c-aa62-4d471c338c79,0bd6aee5-32dd-453c-8ed5-76bd9788465a,true,true
55dcda9a-6f0f-4a72-a8b9-b51dfdfc84e9,e3ed13cd-0790-4795-b528-4edabc7a7dad,0bd6aee5-32dd-453c-8ed5-76bd9788465a,true,true
d64a1e00-76a4-48f5-9a86-c9120e2fd690,f1ebc703-2652-43ad-821a-cb368e37d76e,0bd6aee5-32dd-453c-8ed5-76bd9788465a,false,true
02a66e95-cad5-45a2-9ed1-dbd19b7d31e5,2cd62914-b7a3-4c5a-a721-f915cba866be,0bd6aee5-32dd-453c-8ed5-76bd9788465a,true,true
ea010e28-fa07-46fd-8660-926ecff38283,c93a991a-ffa8-4a43-9f85-4a3a1af2d234,0bd6aee5-32dd-453c-8ed5-76bd9788465a,true,true
c344fbfe-ca60-4a10-b6d3-90a03fc001ce,c93a991a-ffa8-4a43-9f85-4a3a1af2d234,ea967b68-c8a9-478e-b8f3-a6ab3ae23d99,true,true
0fd7db82-522b-4444-b629-96f9cebc1999,8d22d9c4-1a85-414a-a67d-1f6fe1a90b67,0bd6aee5-32dd-453c-8ed5-76bd9788465a,true,true
53dff6ba-fee1-4154-b512-c91db9166cea,d750fe8e-6265-412c-a9ab-5863b0f44956,0bd6aee5-32dd-453c-8ed5-76bd9788465a,true,true
74dbc2a7-68b7-4700-a408-595cd93c93c5,bbe1dc3a-98cf-4214-820a-bd3c44a5b367,0bd6aee5-32dd-453c-8ed5-76bd9788465a,true,true
10237689-0051-4aa7-8988-70ec64c99472,097f6d73-996d-426f-bfab-d7f1f6714e99,0bd6aee5-32dd-453c-8ed5-76bd9788465a,true,true
b4852cdf-f339-4651-b0ae-691dda0e5b29,05a13ea5-99e4-4aa6-8977-44adde276330,ea967b68-c8a9-478e-b8f3-a6ab3ae23d99,true,true
dc4745c8-efea-4b86-b14e-0c7f86d00104,22aa20ad-394e-4fd5-bc85-5b9c0eaab5b4,0bd6aee5-32dd-453c-8ed5-76bd9788465a,true,true
1a3e969d-fab4-43e8-80d0-8935be5d70e6,22aa20ad-394e-4fd5-bc85-5b9c0eaab5b4,ea967b68-c8a9-478e-b8f3-a6ab3ae23d99,false,true
fdbd5fae-d169-4fe2-b11e-725547f0d0e9,22aa20ad-394e-4fd5-bc85-5b9c0eaab5b4,67dbf9f7-4898-4b84-86cf-303137a363be,false,true
53efc0e1-4933-40db-b196-16c986e24028,5f224e2b-5f1e-4da8-b911-69f2de11ffe4,0bd6aee5-32dd-453c-8ed5-76bd9788465a,true,true
0fa76433-f40d-44d7-a1ab-4c97ac83ebb5,c61d7da7-7521-4320-818b-beafa95be9e7,0bd6aee5-32dd-453c-8ed5-76bd9788465a,true,true
73dfea71-e239-48ad-be68-14bb58f10d29,881662d9-ab25-4195-b943-7e3862a0f9dd,0bd6aee5-32dd-453c-8ed5-76bd9788465a,true,true
70a4794d-f93b-4f12-865d-edc87ac3f25d,8dcc4671-dee3-4690-8d5d-d1a0b1e3e1e7,0bd6aee5-32dd-453c-8ed5-76bd9788465a,true,true
141197a3-285a-4458-9d82-26e506426415,05a13ea5-99e4-4aa6-8977-44adde276330,0bd6aee5-32dd-453c-8ed5-76bd9788465a,true,true
4baefccf-87ae-4cf4-935e-23afffba7278,60f17f3f-3e1f-4895-859a-d454c3cec894,0bd6aee5-32dd-453c-8ed5-76bd9788465a,true,true
e2c7ff39-3b59-4564-9c76-b46b15cf3a52,8dcc4671-dee3-4690-8d5d-d1a0b1e3e1e7,ea967b68-c8a9-478e-b8f3-a6ab3ae23d99,true,true
c6e0ce95-42f9-49f9-8b93-f0a071bcf7ed,60f17f3f-3e1f-4895-859a-d454c3cec894,ea967b68-c8a9-478e-b8f3-a6ab3ae23d99,true,true
760c67c6-c6a5-4cf9-b93e-fcdeb2932a54,622307b3-e493-4ece-ad61-c384868f7bca,ea967b68-c8a9-478e-b8f3-a6ab3ae23d99,true,true
66808a37-a97a-49e7-9f47-89002da7cd9a,3739d4c1-2562-4aad-8125-9aa8162025dd,0bd6aee5-32dd-453c-8ed5-76bd9788465a,true,true
621ac1a0-0ecd-480d-8ee3-c9f720214b48,b8e6394a-9574-4607-9288-fe997fcc5875,0bd6aee5-32dd-453c-8ed5-76bd9788465a,true,true
6756e226-bd32-4733-add2-4b17a035187a,bc7950d5-1cd7-4c6c-bbac-27170d72907a,0bd6aee5-32dd-453c-8ed5-76bd9788465a,true,true
415a985e-60dc-4851-8c8b-2bb1ebedc776,bc7950d5-1cd7-4c6c-bbac-27170d72907a,ea967b68-c8a9-478e-b8f3-a6ab3ae23d99,true,true
4d9624d2-279d-4c34-98ad-48e4285b99a9,7cce4e93-2418-4cd9-b136-f5b01366bffc,0bd6aee5-32dd-453c-8ed5-76bd9788465a,true,true
38d7a2cd-9094-41f4-ac73-dad6d578fcc6,eba41ddc-dbe9-4509-8a1d-eaa71cf7c0b7,0bd6aee5-32dd-453c-8ed5-76bd9788465a,true,true
c6954048-1d16-40b5-a268-0d7d32bf098d,de67beb3-7f2e-475d-aa65-3ee55d892015,0bd6aee5-32dd-453c-8ed5-76bd9788465a,true,true
db7196a6-9ccb-42db-9c53-a2a92dd21577,74fe42d4-b32f-42eb-9f8c-d94ae0e61919,0bd6aee5-32dd-453c-8ed5-76bd9788465a,true,true
151fc7ae-0104-4a94-9716-852ecf2af500,899dc4ad-cef4-40ef-9a62-07fec3b8c0ec,0bd6aee5-32dd-453c-8ed5-76bd9788465a,true,true
1aa84430-996f-40d3-84fe-3e6fbdd9146a,2c4b31e8-9cc4-409a-b65d-443646f0f224,0bd6aee5-32dd-453c-8ed5-76bd9788465a,true,true
5e4497cb-805b-4d53-bd37-eab09a3c4e09,c4e85868-4afb-4550-ba05-f6bc9dad70eb,0bd6aee5-32dd-453c-8ed5-76bd9788465a,true,true
173a740a-1667-48b1-b742-a6422e815729,2409e176-329c-4367-b748-78d5329d1240,0bd6aee5-32dd-453c-8ed5-76bd9788465a,true,true
85c4996a-e8e1-4efc-918c-78b979d266c9,e330e84d-56c3-4e54-8aff-ffb2690feab5,0bd6aee5-32dd-453c-8ed5-76bd9788465a,true,true
7115e8c0-bab2-4a95-aeeb-e8e5487cef43,08866cf6-a60f-420c-a018-fa6eda633faa,0bd6aee5-32dd-453c-8ed5-76bd9788465a,true,true
48772e3f-7225-4e5c-8a10-96cdc5226d1a,99c7a247-f8ec-4446-bff0-199944f0d8cf,0bd6aee5-32dd-453c-8ed5-76bd9788465a,true,true
63876aa4-f07b-420e-b566-7e2040f488fa,3efc3e90-4308-4c41-b038-96a905261c3a,0bd6aee5-32dd-453c-8ed5-76bd9788465a,true,true
e36f20c1-81ee-4cbb-9ade-00cdde4a07e8,ce7d5604-dc73-4b4f-a55e-f0a2094ff75c,0bd6aee5-32dd-453c-8ed5-76bd9788465a,true,true
f46367a4-9641-433a-9ad5-531581964688,204754d2-b099-442d-9143-28477e6f7b8f,0bd6aee5-32dd-453c-8ed5-76bd9788465a,true,true
bf1caf0d-d38e-45a9-8f6a-6d86e07665cc,66b46413-7350-49da-9778-2e59d6678200,0bd6aee5-32dd-453c-8ed5-76bd9788465a,true,true
762e2d33-e076-4284-9dbd-1bea4f1feb82,83db7300-4de4-43e1-bf3f-ca101a632abe,0bd6aee5-32dd-453c-8ed5-76bd9788465a,false,true
d4a594f9-123e-465e-a59a-4b9b96c3df1a,204754d2-b099-442d-9143-28477e6f7b8f,ea967b68-c8a9-478e-b8f3-a6ab3ae23d99,true,true
cd2e328e-0f51-4dbf-bf4d-75387991005b,332a4052-0d01-4f27-a3f4-a5aca0464992,0bd6aee5-32dd-453c-8ed5-76bd9788465a,true,true
0fd953c2-1f0b-4744-a64a-3ef2d968b18c,4bb8e156-d215-47a9-809a-7ea998ba36f1,0bd6aee5-32dd-453c-8ed5-76bd9788465a,true,true
ec998247-8880-4d7a-9024-78cd6d69e635,4bb8e156-d215-47a9-809a-7ea998ba36f1,ba54fb99-cd67-484d-b68f-34aea2d83af6,true,true
cea8d162-c1fc-4943-a851-c1ccb458ca2f,a63acda4-4f65-4dde-9620-39dc92157c61,0bd6aee5-32dd-453c-8ed5-76bd9788465a,true,true
0f61fdbd-26ab-4818-bc1d-df7254fd1dfb,09dbcf00-4198-4845-bee3-0ac5b5113746,ea967b68-c8a9-478e-b8f3-a6ab3ae23d99,true,true
c817c8c4-f143-495b-af5f-d61c7622356e,09dbcf00-4198-4845-bee3-0ac5b5113746,0bd6aee5-32dd-453c-8ed5-76bd9788465a,true,true
b46b1296-99f0-4f47-8b87-d7aad03c1c5a,901be9e8-760e-411c-884b-2c4de90779ed,ea967b68-c8a9-478e-b8f3-a6ab3ae23d99,true,true
ae8ba940-1e9d-4882-a6db-a6b8633acfad,8029ef09-9883-42cb-aae1-fc85683958a7,0bd6aee5-32dd-453c-8ed5-76bd9788465a,true,true
d63b3d4c-67ed-4a80-afc0-5dff085a76ce,e84ba161-7dc3-41d5-a8d6-20afc11fe45b,0bd6aee5-32dd-453c-8ed5-76bd9788465a,true,true
39afb554-489e-4f09-97c8-946aff61fa31,4cc39b9d-bbea-4fd9-9f3a-c159119b3413,0bd6aee5-32dd-453c-8ed5-76bd9788465a,true,true
495ce366-0c41-447a-91a3-5d87bf3c4c19,a0cdd83f-9903-4508-967e-4b2d28936376,0bd6aee5-32dd-453c-8ed5-76bd9788465a,true,true
647ed6ff-f6f7-4680-b683-42228feb8180,a0cdd83f-9903-4508-967e-4b2d28936376,ea967b68-c8a9-478e-b8f3-a6ab3ae23d99,true,true
c7cda1ac-f933-4621-bc4e-151bc42e6723,3facb8d5-f352-4732-beba-82622b9bcc72,0bd6aee5-32dd-453c-8ed5-76bd9788465a,true,true
089d2677-9e24-4cf0-a30e-5adf101704b7,901be9e8-760e-411c-884b-2c4de90779ed,0bd6aee5-32dd-453c-8ed5-76bd9788465a,true,true
7eab7554-77a9-4a2e-9e22-99c8e6e14d33,9531068e-720f-4a85-8c97-7fdcf476e650,0bd6aee5-32dd-453c-8ed5-76bd9788465a,true,true
f3302ea1-b30f-4d53-8e37-137383b7f7e5,5c4e3026-602f-44b5-9257-cbd04429dce6,ea967b68-c8a9-478e-b8f3-a6ab3ae23d99,true,true
0be2cfd9-3d9b-4ee3-a961-3c1916612f0b,59110fe0-77b0-43c4-b85a-5a12fa04d160,0bd6aee5-32dd-453c-8ed5-76bd9788465a,true,true
6303f6bc-12ef-4703-a726-91ff61b932e9,e4e5351a-ff95-46eb-9148-d93ea7bfea1a,ea967b68-c8a9-478e-b8f3-a6ab3ae23d99,true,true
30f5907d-2ddb-4083-b885-359bbcf74d81,e74c06d4-387d-41aa-9bf2-e9dd17c64064,ea967b68-c8a9-478e-b8f3-a6ab3ae23d99,true,true
b18e2e66-f425-4639-8885-aba31cd8e48b,f95a4859-907c-4daa-af5e-cbf1f71a9b07,0bd6aee5-32dd-453c-8ed5-76bd9788465a,true,true
550b0380-f6f8-43f8-96fa-380682d77c37,e74c06d4-387d-41aa-9bf2-e9dd17c64064,0bd6aee5-32dd-453c-8ed5-76bd9788465a,true,true
3f2fbfca-4dea-4a4e-a373-bb031eea54be,d9cc6f3d-1c87-4744-949b-d8748a296066,ea967b68-c8a9-478e-b8f3-a6ab3ae23d99,true,true
57e2746c-ae80-4f96-8193-337b7696cece,f2be3606-f973-4f54-8bd5-d3f5b2d1f7a1,ea967b68-c8a9-478e-b8f3-a6ab3ae23d99,true,true
d406ec58-fc66-4e91-8d29-7bbd65f0658b,924bcf7f-b08b-47c4-9c62-e907fdb4575c,ea967b68-c8a9-478e-b8f3-a6ab3ae23d99,true,true
a69eccac-f069-40c9-b462-8f2d822c64fc,93aa4ae0-b84c-48b4-b3f9-f6f0b3cbb002,ea967b68-c8a9-478e-b8f3-a6ab3ae23d99,true,true
eca52c26-9a5f-4ec3-99ed-b0a03c095983,2c97453b-0089-4d7e-84f1-ee593fce39c0,ea967b68-c8a9-478e-b8f3-a6ab3ae23d99,false,true
d8205eee-508d-4f25-997b-13d2457bc75b,4b94bc7a-2178-4368-b593-4ec1b15cd2f5,0bd6aee5-32dd-453c-8ed5-76bd9788465a,true,true
68df38b9-a0d4-410a-b807-be870c4a5c71,87b9ab0a-f8b2-490f-9955-681ea6c2c11e,ea967b68-c8a9-478e-b8f3-a6ab3ae23d99,true,true
a3e9cd5a-b6b4-448a-b909-a6b53652cf3b,3913147d-5629-4ab8-8841-957ff917b4c2,ea967b68-c8a9-478e-b8f3-a6ab3ae23d99,true,true
fe419e14-fdfc-4ac0-9631-ba8a44dc6c6c,769e6164-5119-4f85-a136-c95a56a3edd2,0bd6aee5-32dd-453c-8ed5-76bd9788465a,true,true
9663d5d2-ac66-4f0a-9ed6-5f6cf9fea5b7,58a39ae0-13fb-437c-b326-54dd0b1b9659,0bd6aee5-32dd-453c-8ed5-76bd9788465a,true,true
ce5e46e7-2dc2-480d-9b4d-b78560332f50,1dddfb37-ded6-4ea8-bf5a-80f364448031,ea967b68-c8a9-478e-b8f3-a6ab3ae23d99,true,true
4d3ac989-2738-4a57-9ef1-f75fdc515ed4,6e4a5388-685c-4024-956b-37221183b97b,ea967b68-c8a9-478e-b8f3-a6ab3ae23d99,true,true
f98641e3-5458-4b3d-96c5-85f692b51d3c,1707a53a-d902-45a1-8117-9d2b518737da,ea967b68-c8a9-478e-b8f3-a6ab3ae23d99,true,true
01030bbe-0d62-4810-b6a4-863120143ef1,f110a6b5-6874-4a3d-94f1-da7788002dff,0bd6aee5-32dd-453c-8ed5-76bd9788465a,true,true
f60e1284-1863-4654-ab1b-4351acaf7b41,2c97453b-0089-4d7e-84f1-ee593fce39c0,0bd6aee5-32dd-453c-8ed5-76bd9788465a,true,true
4d21c144-ba8c-46d2-84d8-597940ca7c3d,924bcf7f-b08b-47c4-9c62-e907fdb4575c,0bd6aee5-32dd-453c-8ed5-76bd9788465a,true,true
c9278adb-74ee-4cbb-a319-0750d9123fd1,f2be3606-f973-4f54-8bd5-d3f5b2d1f7a1,0bd6aee5-32dd-453c-8ed5-76bd9788465a,true,true
d326f0b5-2445-476f-9e9a-6e4370e591c0,e0358d0e-54a6-40f3-b838-d993cefa369d,0bd6aee5-32dd-453c-8ed5-76bd9788465a,true,true
2992a6dd-5a15-4cbe-96c2-6237295120ad,e0358d0e-54a6-40f3-b838-d993cefa369d,ea967b68-c8a9-478e-b8f3-a6ab3ae23d99,true,true
4a356ab4-bf74-4452-b190-71e720ff8978,0a5c1b1c-6f30-4834-b16c-a326ca5d184b,0bd6aee5-32dd-453c-8ed5-76bd9788465a,true,true
34635d81-ab27-4b25-8f1a-216472d24b3b,0a5c1b1c-6f30-4834-b16c-a326ca5d184b,ea967b68-c8a9-478e-b8f3-a6ab3ae23d99,false,true
81bfa5e8-b9ee-45ab-8b29-9c0dbf6773b5,3913147d-5629-4ab8-8841-957ff917b4c2,0bd6aee5-32dd-453c-8ed5-76bd9788465a,true,true
2edf8463-1fe7-4b97-b888-e6f8f7544fcd,a071ccab-c590-47a8-92be-65a005affa53,0bd6aee5-32dd-453c-8ed5-76bd9788465a,true,true
3ebc04f0-a90a-4eaa-b23a-fd924a000c22,ef48dc09-2c2e-45f8-8438-443efffd9aa3,0bd6aee5-32dd-453c-8ed5-76bd9788465a,true,true
83a09741-83de-4909-8b83-7028b8b6f1f3,65813837-c5ed-4647-aa3d-fafe2d196abf,0bd6aee5-32dd-453c-8ed5-76bd9788465a,true,true
301adddc-e15b-49e9-908b-8fc10c90ecbb,094d6139-15c3-467a-8c6c-ef9e49677dae,0bd6aee5-32dd-453c-8ed5-76bd9788465a,true,true
66e50f66-fc7e-462c-87a5-2003a00583b5,094d6139-15c3-467a-8c6c-ef9e49677dae,ea967b68-c8a9-478e-b8f3-a6ab3ae23d99,true,true
f0b1eac1-18ac-4073-929c-4658f9ed9b0d,e27ed725-6e65-49e8-b7c7-e9e90cd8f94e,0bd6aee5-32dd-453c-8ed5-76bd9788465a,true,true
69628243-0f3a-4a3b-8773-de68108d902b,6c0de612-c8b7-45b0-91ce-4708d18aab20,0bd6aee5-32dd-453c-8ed5-76bd9788465a,true,true
3d81ec24-600c-43c3-ba1e-9550fc7b6ea6,06f294b0-f052-4e9b-a643-f88b29222842,0bd6aee5-32dd-453c-8ed5-76bd9788465a,true,true
503c9192-a2a0-4488-8243-5f2bbf2b4237,06f294b0-f052-4e9b-a643-f88b29222842,ea967b68-c8a9-478e-b8f3-a6ab3ae23d99,true,true
4a627c30-da1b-49e6-bb0c-c153794585d9,0131e7ae-0399-435e-9382-0641f0d90da3,0bd6aee5-32dd-453c-8ed5-76bd9788465a,true,true
19809948-9873-4520-96ce-ac4a084755c8,0131e7ae-0399-435e-9382-0641f0d90da3,ea967b68-c8a9-478e-b8f3-a6ab3ae23d99,true,true
f51d8b29-ca4a-48f1-8c6a-98a20112b4fd,22ead2cb-5849-4576-82e9-b6c955dfd18e,ea967b68-c8a9-478e-b8f3-a6ab3ae23d99,true,true
1164f3c5-f07c-4b60-912e-a2462d1f9053,22ead2cb-5849-4576-82e9-b6c955dfd18e,0bd6aee5-32dd-453c-8ed5-76bd9788465a,true,true
32906bff-752d-4925-8b9f-8b8d7af4f989,e98b9730-9174-4bb9-b778-eef473ee3804,0bd6aee5-32dd-453c-8ed5-76bd9788465a,true,true
90516af3-110a-4e7e-9fd8-1ce91efe1746,78e67f80-14be-4e40-a58f-f029160781b6,0bd6aee5-32dd-453c-8ed5-76bd9788465a,true,true
811fc4f4-cbf6-473f-8913-c0aa3e8339ff,e98b9730-9174-4bb9-b778-eef473ee3804,ea967b68-c8a9-478e-b8f3-a6ab3ae23d99,true,true
66bcd1ff-a77f-40e8-95b0-c42a5fd830f9,5372a046-5559-46d1-8378-51b56c996ec3,ea967b68-c8a9-478e-b8f3-a6ab3ae23d99,true,true
366bcf26-c71b-4872-8afa-8b27cd540f4b,5b5df69b-d9da-4d9d-868a-7dce8ad4619a,0bd6aee5-32dd-453c-8ed5-76bd9788465a,true,true
7cae4e9b-7467-4d97-8e53-1be2412939b1,2c6d77c3-891c-4946-8bd9-7bcb142adc99,0bd6aee5-32dd-453c-8ed5-76bd9788465a,true,true
db0e6802-33f5-4e23-b4f3-f0b5646e29bd,2c6d77c3-891c-4946-8bd9-7bcb142adc99,ea967b68-c8a9-478e-b8f3-a6ab3ae23d99,true,true
6d8aaa4c-471a-42e9-b45b-ff5b015ceaf4,db9dcbe9-d857-4863-a4ae-9e73fa281b5f,0bd6aee5-32dd-453c-8ed5-76bd9788465a,true,true
bb139f20-d73e-41af-a105-4a935b7a32b6,cf8ce3f0-7ca3-4cbf-83ec-129a0d563550,0bd6aee5-32dd-453c-8ed5-76bd9788465a,true,true
db42295d-ff97-4712-8dfd-f24614212b7e,5b5df69b-d9da-4d9d-868a-7dce8ad4619a,ea967b68-c8a9-478e-b8f3-a6ab3ae23d99,true,true
01a7653a-01f6-4439-9b06-4762903390ac,8992fed4-e6fc-45e6-b7e7-c2815418960a,0bd6aee5-32dd-453c-8ed5-76bd9788465a,true,true
98f2a47a-eb53-456c-b460-1b3de4bfdd36,04e5b069-ebc0-4062-80d1-1ae59aa77e72,0bd6aee5-32dd-453c-8ed5-76bd9788465a,true,true
5ca2f06b-9120-43f6-bb51-c5f8b23fbe9e,e17f3ac0-aeb4-4290-a502-355ddb9342c2,0bd6aee5-32dd-453c-8ed5-76bd9788465a,true,true
9fb61cae-01b7-4777-9f29-3cd69436de4a,fc3c1c83-4561-402a-91d4-395e513009f5,0bd6aee5-32dd-453c-8ed5-76bd9788465a,true,true
29c039f6-cb50-48b7-9c1b-950f6eead85c,ade63e11-8fe3-49a4-951c-b8dd64d57232,0bd6aee5-32dd-453c-8ed5-76bd9788465a,false,true
29d21330-a663-4e6d-8727-0c51dbed8105,aef78766-416e-47a9-a552-a9ca87794136,0bd6aee5-32dd-453c-8ed5-76bd9788465a,true,true
db59842a-2c37-4d02-b12a-11828425d6cb,fc3c1c83-4561-402a-91d4-395e513009f5,ea967b68-c8a9-478e-b8f3-a6ab3ae23d99,true,true
749b4d56-f1e2-44d5-8533-330c0fba9ab1,bcf8f230-4b22-4ba3-8483-1e85fa8de0b2,ea967b68-c8a9-478e-b8f3-a6ab3ae23d99,true,true
6f41f8cc-22a6-4e3c-ab7a-d936306324ec,9bf6b948-28a9-4266-86e1-21daacaad663,0bd6aee5-32dd-453c-8ed5-76bd9788465a,true,true
356a54f9-721a-405c-a2b7-c01be18f361a,fda2fbd6-5dd7-4fdd-9a62-1412731e1d2d,ea967b68-c8a9-478e-b8f3-a6ab3ae23d99,true,true
0ee7cec5-2e03-4716-9409-1d100e675290,9bf6b948-28a9-4266-86e1-21daacaad663,ea967b68-c8a9-478e-b8f3-a6ab3ae23d99,true,true
439981fd-5e0d-43cf-b765-72a02b79fa4b,eff82ff5-e845-4ac7-bb98-723e73670231,ea967b68-c8a9-478e-b8f3-a6ab3ae23d99,true,true
d5f67e1b-a838-44ce-b652-aff91a93556a,eff82ff5-e845-4ac7-bb98-723e73670231,0bd6aee5-32dd-453c-8ed5-76bd9788465a,true,true
6df88105-591b-4380-a1fe-6ed44d8ff79d,eff82ff5-e845-4ac7-bb98-723e73670231,ba54fb99-cd67-484d-b68f-34aea2d83af6,true,true
f60e7180-0c2c-41b8-ada1-8995ab2dd26c,2a59a224-930f-471a-899a-7c93e2187c74,ea967b68-c8a9-478e-b8f3-a6ab3ae23d99,true,true
71a5b05d-feec-4ddc-9954-5b950c358647,1c31e2ad-5c19-4055-9022-9e452850e787,ea967b68-c8a9-478e-b8f3-a6ab3ae23d99,true,true
afb52eb9-3d2e-4801-aa5d-2c1b8bbe771b,db7f6012-1ba5-4ff7-8a92-33b167cbae72,ea967b68-c8a9-478e-b8f3-a6ab3ae23d99,true,true
c0415db3-975e-439d-9a09-02c8952c52d6,083b5c87-5fe1-4c77-bd3b-c13f07e22f6b,0bd6aee5-32dd-453c-8ed5-76bd9788465a,true,true
458b4fa6-8f10-4bdc-973e-3f4ae8702631,7efa0156-9191-43a9-b0c7-ca4373e9d1fa,0bd6aee5-32dd-453c-8ed5-76bd9788465a,true,true
3280ac58-5e47-4edb-98ed-e9fa542f6d90,7efa0156-9191-43a9-b0c7-ca4373e9d1fa,ea967b68-c8a9-478e-b8f3-a6ab3ae23d99,true,true
8230fd16-15d2-4021-83d1-2bcc27c0fa75,46248305-6b59-4aef-b90e-adf27653a0c5,ea967b68-c8a9-478e-b8f3-a6ab3ae23d99,true,true
61704d03-b702-4bd7-a006-7e947d3f2424,e5e95a37-8cc5-47cd-9630-7c58f2711abb,ea967b68-c8a9-478e-b8f3-a6ab3ae23d99,true,true
9fcb4e4b-035b-4af2-b6ae-c831ba79fccf,e5e95a37-8cc5-47cd-9630-7c58f2711abb,0bd6aee5-32dd-453c-8ed5-76bd9788465a,true,true
bc61c8fb-45b7-46a7-804c-6fc82ef3a7b8,2c55200c-f02d-4108-95ba-76f5333c8fb6,67dbf9f7-4898-4b84-86cf-303137a363be,false,true
306279ca-447f-4e36-82c0-7789fd1bb067,2c55200c-f02d-4108-95ba-76f5333c8fb6,0bd6aee5-32dd-453c-8ed5-76bd9788465a,true,true
bf6c678e-6f76-488a-b0ac-59bc34cff30e,2c55200c-f02d-4108-95ba-76f5333c8fb6,ea967b68-c8a9-478e-b8f3-a6ab3ae23d99,false,true
f046474a-6805-47d2-a704-fc5e3ccfa71f,23416441-8b7c-44ae-b18b-f6a69e832404,0bd6aee5-32dd-453c-8ed5-76bd9788465a,true,true
f9843404-c0d4-4acd-8a27-3d4711f81810,faf9f34e-c247-4d48-a532-e6643de01862,0bd6aee5-32dd-453c-8ed5-76bd9788465a,true,true
7ee67935-e16f-4c33-a8b9-6b0d8f7b1b60,7aa035df-3e02-4dd4-99ba-8eb94b9c52b8,0bd6aee5-32dd-453c-8ed5-76bd9788465a,false,true
0f30d4c0-6962-4991-a80b-9f118fd3c2ef,c6918eec-0f32-43e7-8bae-0f6b2b7adcbe,0bd6aee5-32dd-453c-8ed5-76bd9788465a,true,true
8508275e-4188-4f04-adf8-44781e942fc0,38eacfd2-a81b-4096-bb21-46e4d0f6bb72,0bd6aee5-32dd-453c-8ed5-76bd9788465a,true,true
6172ec95-7262-4170-9d66-2bc23b084a46,c6918eec-0f32-43e7-8bae-0f6b2b7adcbe,ea967b68-c8a9-478e-b8f3-a6ab3ae23d99,true,true
26d2e59b-8112-4c73-8518-3f0c50e37fa0,7a7bb875-58e2-425d-9e88-c676875c8fc6,0bd6aee5-32dd-453c-8ed5-76bd9788465a,true,true
5941aaaf-a7ad-4941-9dc1-d1ac17e54bee,bae1398d-f6ef-4fcf-bcde-d22217a0ebdf,ea967b68-c8a9-478e-b8f3-a6ab3ae23d99,true,true
834b1791-d288-4945-aca6-f22362862ff5,fc41b7a2-398f-45d6-940f-95046a679e13,ea967b68-c8a9-478e-b8f3-a6ab3ae23d99,true,true
08efce5b-dd85-4005-b63d-81ebf08b0536,2c9c729f-5aea-4f40-811e-836740c0cfec,ea967b68-c8a9-478e-b8f3-a6ab3ae23d99,true,true
df9cb7ea-7db4-475a-8e73-b6eadb0b6846,37adfe90-f66b-409f-8dff-5e16f5f04c20,0bd6aee5-32dd-453c-8ed5-76bd9788465a,true,true
7188f717-4a96-4e31-9c41-4dc41ad28440,d9cc6f3d-1c87-4744-949b-d8748a296066,0bd6aee5-32dd-453c-8ed5-76bd9788465a,true,true
4e8ce979-af0d-4cf5-9ae6-06569d27070c,17794602-3bbd-4de4-a7d0-6ce0898ba418,0bd6aee5-32dd-453c-8ed5-76bd9788465a,true,true
9ae40999-0490-456a-aa7c-9973cb42e999,d8884955-9924-4be5-b067-9e0e80d07b99,0bd6aee5-32dd-453c-8ed5-76bd9788465a,true,true
a190d2cf-3cc2-4b72-bf77-3e6561937eac,05b83403-6512-4822-8ad0-8b13a7f4a771,ea967b68-c8a9-478e-b8f3-a6ab3ae23d99,true,true
297f80de-acc1-491b-9d56-a018b984ec2e,fc41b7a2-398f-45d6-940f-95046a679e13,0bd6aee5-32dd-453c-8ed5-76bd9788465a,true,true
4b63069e-b6be-433c-8659-7cf0d3ae1e82,b8435fae-3226-40d8-9ac2-e51e77abfb37,ea967b68-c8a9-478e-b8f3-a6ab3ae23d99,true,true
2822bc5b-d95f-4eb7-9c70-236f6e009e80,522a65ed-5296-4280-bb1a-fa0be190550c,0bd6aee5-32dd-453c-8ed5-76bd9788465a,true,true
75da5b11-143f-44f7-9c5e-869ba3cefa12,1707a53a-d902-45a1-8117-9d2b518737da,0bd6aee5-32dd-453c-8ed5-76bd9788465a,true,true
cb8f8db3-12bf-464d-a718-6e50cdc92b52,47c06b3b-ddfa-48f9-9a23-d8964e8afdd6,0bd6aee5-32dd-453c-8ed5-76bd9788465a,true,true
ca98b4b2-314a-4833-93e7-447b88d6a3f8,a33bfb9e-b4f6-4aae-8c69-5ecf95131f78,ea967b68-c8a9-478e-b8f3-a6ab3ae23d99,true,true
60318c7b-7c83-42bc-86bf-fa886bab4f31,cab4390e-7c2b-4409-b603-b8ca1338a237,0bd6aee5-32dd-453c-8ed5-76bd9788465a,true,true
10f39745-8b9f-4c0e-8ce3-7a7d33f7fd0e,20b28675-48f8-4ef1-b917-44e390861eb1,ea967b68-c8a9-478e-b8f3-a6ab3ae23d99,true,true
3ad853e5-8240-44c6-9577-3e673e7efeba,a83bc586-0950-459a-b681-91f501d234ea,ea967b68-c8a9-478e-b8f3-a6ab3ae23d99,true,true
c48b98fb-0076-4da9-8e51-0bb006ad0607,a83bc586-0950-459a-b681-91f501d234ea,67dbf9f7-4898-4b84-86cf-303137a363be,true,true
d2ce26ab-6575-453c-a80c-859e7a3a1d07,a308deba-f86f-41b2-8085-4e6870c75e50,0bd6aee5-32dd-453c-8ed5-76bd9788465a,true,true
7e413fe1-725f-42e3-8dd0-7abb8010908c,2b545446-4d06-4531-adb7-07d2147a1b95,0bd6aee5-32dd-453c-8ed5-76bd9788465a,true,true
f6f2bb8e-1211-47a4-9b3a-6aa8dab5825b,e4e5351a-ff95-46eb-9148-d93ea7bfea1a,0bd6aee5-32dd-453c-8ed5-76bd9788465a,true,true
933832ce-ddb8-4f76-95f6-210aafd68e4b,5a989fd5-52a6-4319-a6e2-0a612a7cb084,0bd6aee5-32dd-453c-8ed5-76bd9788465a,true,true
3d157447-8c70-4369-becb-2985d09f0da6,d07de20e-a33f-4142-a8ae-ce414e8ea58c,0bd6aee5-32dd-453c-8ed5-76bd9788465a,false,true
46d2c798-860c-41e5-9a9c-830f7f2be9cd,cf648b41-b8cf-4471-ad4e-8ba49fdaf055,0bd6aee5-32dd-453c-8ed5-76bd9788465a,true,true
63323601-c243-45fc-87c9-b6e47938c8fc,cf648b41-b8cf-4471-ad4e-8ba49fdaf055,ea967b68-c8a9-478e-b8f3-a6ab3ae23d99,true,true
99502f1e-fd63-485b-8bfb-2e3a4d548a76,af5d838e-7a7f-402c-ac1d-a66a3b952472,ea967b68-c8a9-478e-b8f3-a6ab3ae23d99,true,true
5590686d-315a-44a8-a23c-7c9f97f112b9,8405e0f2-c0ce-4f26-82fb-84bde7f61b73,0bd6aee5-32dd-453c-8ed5-76bd9788465a,true,true
f966c722-3bc6-4f1a-a222-fff05d13f2ee,36720484-e4a8-45e8-a0c5-1adbc815dcab,0bd6aee5-32dd-453c-8ed5-76bd9788465a,true,true
25fe0e85-d2a8-449a-b02d-e70851be1b4b,a33cd2a1-d1e1-4a1d-ad84-94050623a1c0,0bd6aee5-32dd-453c-8ed5-76bd9788465a,true,true
ff3970ab-6547-4a28-8bff-340e203c0999,a33cd2a1-d1e1-4a1d-ad84-94050623a1c0,ea967b68-c8a9-478e-b8f3-a6ab3ae23d99,true,true
a4be52a7-dd6f-4486-8906-6c831f3dad9b,6af5eba7-ebfd-4e5e-b417-da02024cdf72,0bd6aee5-32dd-453c-8ed5-76bd9788465a,true,true
19a1cf5d-a12c-432a-88f0-16f8025914e5,a4395aca-f0ca-43a5-bf52-d2db07c58fed,ea967b68-c8a9-478e-b8f3-a6ab3ae23d99,true,true
f51ee420-0de0-42de-94b1-0eafd2d3ff57,075325f6-d70c-46e3-9c1a-ef3fe98b66d2,ea967b68-c8a9-478e-b8f3-a6ab3ae23d99,true,true
e059a6a0-8987-4337-9f4b-96f705d34f43,a4363352-5488-4172-a360-b30c3ac092d7,0bd6aee5-32dd-453c-8ed5-76bd9788465a,true,true
cbe955ec-5948-4ea7-99e2-8e1b075d86ee,b27e1c36-fc64-4efe-a4b0-d3c63b43cbe5,0bd6aee5-32dd-453c-8ed5-76bd9788465a,true,true
cfcaabf9-2208-4732-b145-40039760f494,b7888fdc-2c42-49de-ad5e-2a4edebb6fae,ea967b68-c8a9-478e-b8f3-a6ab3ae23d99,true,true
e280543a-1f47-42c4-97d1-f7ff512b510d,e6e620e7-7f9f-4d49-ace7-9a3bb672c82c,0bd6aee5-32dd-453c-8ed5-76bd9788465a,true,true
5d980c8b-84f0-4ddb-b248-c1c83ef20146,3553ca72-362e-4f20-8f3b-48bcddbc23a4,ea967b68-c8a9-478e-b8f3-a6ab3ae23d99,true,true
a944ded5-e644-4afa-a221-b77284047756,908e2863-a10b-4989-949b-6d38fdcf3b49,0bd6aee5-32dd-453c-8ed5-76bd9788465a,true,true
5f5bdeaa-ca90-46e9-b9b3-691334201b5b,908e2863-a10b-4989-949b-6d38fdcf3b49,ea967b68-c8a9-478e-b8f3-a6ab3ae23d99,true,true
c0231120-c456-471a-9ba5-98a30fc6b1fb,40f47558-4e96-4c00-b8c0-b6eaea556169,0bd6aee5-32dd-453c-8ed5-76bd9788465a,true,true
5f873ed5-8b27-4d7b-afce-ebe1759bd2c8,b27e1c36-fc64-4efe-a4b0-d3c63b43cbe5,ea967b68-c8a9-478e-b8f3-a6ab3ae23d99,true,true
3900d3dc-a8ab-4cb5-80e0-270b10260552,017188bf-4190-434d-b5a1-6bfb2a51fafe,0bd6aee5-32dd-453c-8ed5-76bd9788465a,true,true
b704de94-71ea-46b5-a750-cf11b2ac44f2,017188bf-4190-434d-b5a1-6bfb2a51fafe,ea967b68-c8a9-478e-b8f3-a6ab3ae23d99,true,true
2a3772a9-7bd7-4b3f-9b6e-50ff4d42e176,091d3af4-3e2f-420f-92cf-d60953cd0cae,0bd6aee5-32dd-453c-8ed5-76bd9788465a,true,true
2956b793-3bf9-43b2-a27d-3e74e317e747,fce5c4ad-732d-49ad-af1f-d08a081669ca,0bd6aee5-32dd-453c-8ed5-76bd9788465a,true,true
54c74588-667e-46ad-ae64-0cafc44f8931,204def39-1482-4e9d-8477-d42325bc3f00,0bd6aee5-32dd-453c-8ed5-76bd9788465a,true,true
178798dc-e55f-498c-ae64-693a886f2068,bafa58b2-9f0f-4901-819e-af4ea924b8f9,0bd6aee5-32dd-453c-8ed5-76bd9788465a,true,true
e84d9551-e597-418c-8137-8be11f6f226a,51643697-8336-4878-a52d-b739c54cc6a0,ea967b68-c8a9-478e-b8f3-a6ab3ae23d99,true,true
01d1694b-ae3d-4358-b3f9-39b777be9c58,777f6514-7ee1-43a8-beaf-c9899ffa73ec,0bd6aee5-32dd-453c-8ed5-76bd9788465a,true,true
df787488-a530-44c6-acf0-420e1abfb3d8,83571671-52cf-4fae-9837-5ecba935e566,ea967b68-c8a9-478e-b8f3-a6ab3ae23d99,false,true
5ead44ff-362d-420a-aa37-6025a26009cd,83571671-52cf-4fae-9837-5ecba935e566,67dbf9f7-4898-4b84-86cf-303137a363be,false,true
3a5e2903-96cb-44dc-90c1-2603d074eab6,51643697-8336-4878-a52d-b739c54cc6a0,0bd6aee5-32dd-453c-8ed5-76bd9788465a,true,true
3bfc4bd7-d8fe-403c-b3e0-f0f7b481d77a,83571671-52cf-4fae-9837-5ecba935e566,0bd6aee5-32dd-453c-8ed5-76bd9788465a,true,true
c535baee-3fd1-4692-be61-83e53ccbeb6c,acbf8765-4679-450f-ac12-76d7c0849171,0bd6aee5-32dd-453c-8ed5-76bd9788465a,true,true
ea311acd-dead-44fb-9e9c-f6eb543a8197,acbf8765-4679-450f-ac12-76d7c0849171,ea967b68-c8a9-478e-b8f3-a6ab3ae23d99,true,true
4fe01945-0592-42b9-a97e-cc3372a52e7a,dbd8b0fb-b286-48c1-8c19-55e4c0068b76,ea967b68-c8a9-478e-b8f3-a6ab3ae23d99,true,true
513629bd-2a8c-4f96-838e-faf7d88fcefc,80e2c526-852c-46c3-bce9-b295c24cf41f,0bd6aee5-32dd-453c-8ed5-76bd9788465a,true,true
970940cf-6e14-4bd9-a20c-54b2459df54b,708767f9-827f-4a17-9bc5-83a65c048de0,ea967b68-c8a9-478e-b8f3-a6ab3ae23d99,false,true
709438e0-2838-4182-af5c-e0a88d1ddf31,708767f9-827f-4a17-9bc5-83a65c048de0,67dbf9f7-4898-4b84-86cf-303137a363be,false,true
aeefa7b6-f3c0-4652-a0a6-3c8683c2e5ab,708767f9-827f-4a17-9bc5-83a65c048de0,0bd6aee5-32dd-453c-8ed5-76bd9788465a,true,true
3e2a7696-2ad5-49e6-85ca-aa8a8d0dc945,5646744b-d91a-4fb3-9871-a38c417e9036,67dbf9f7-4898-4b84-86cf-303137a363be,true,true
9d47daa5-ec12-4517-af91-e1732b0965a8,491bc564-4251-42e2-98be-f9507ff73072,0bd6aee5-32dd-453c-8ed5-76bd9788465a,true,true
98598430-0b53-410f-a1e4-aea8e5496cfc,491bc564-4251-42e2-98be-f9507ff73072,ea967b68-c8a9-478e-b8f3-a6ab3ae23d99,true,true
6114980c-9706-462b-a75b-6031001c40e8,18ae7f06-f4f5-485a-a77b-cf7aeeefa0ed,ea967b68-c8a9-478e-b8f3-a6ab3ae23d99,false,true
e7b2f69d-79f0-4f8a-8b8c-c57e3f76ced9,c00da9de-7a3d-4312-948f-d477ef750a76,ea967b68-c8a9-478e-b8f3-a6ab3ae23d99,true,true
bd1fb5c9-02b5-4b06-89b1-d43e2bb500e0,95e9fed6-c185-4e5e-bbbb-781c8d3b5078,0bd6aee5-32dd-453c-8ed5-76bd9788465a,true,true
fd4c98fa-49e8-4151-9e44-a44560356a97,c00da9de-7a3d-4312-948f-d477ef750a76,0bd6aee5-32dd-453c-8ed5-76bd9788465a,true,true
dc08c134-0cb4-499f-8308-e8b659c26477,18ae7f06-f4f5-485a-a77b-cf7aeeefa0ed,67dbf9f7-4898-4b84-86cf-303137a363be,false,true
2e64b1f1-8cbe-4924-9e64-4853535fb7bc,18ae7f06-f4f5-485a-a77b-cf7aeeefa0ed,0bd6aee5-32dd-453c-8ed5-76bd9788465a,true,true
67f1a02d-8ead-4f8f-91bc-e78ce318e395,87439d38-eb74-496f-8a08-a7eb3af9de06,0bd6aee5-32dd-453c-8ed5-76bd9788465a,true,true
15c6a34c-2d10-42d7-9f26-a8568d517da1,82e2763b-ddc1-45dc-baba-6ba1b2469a39,ea967b68-c8a9-478e-b8f3-a6ab3ae23d99,true,true
826b8bb3-253d-467c-aa89-be1c15819441,82e2763b-ddc1-45dc-baba-6ba1b2469a39,0bd6aee5-32dd-453c-8ed5-76bd9788465a,true,true
8307dc65-e26d-4119-8f7c-b3103797cb6b,95e9fed6-c185-4e5e-bbbb-781c8d3b5078,67dbf9f7-4898-4b84-86cf-303137a363be,false,true
ab952d4a-7041-4251-9845-d40736bcc4dd,95e9fed6-c185-4e5e-bbbb-781c8d3b5078,ea967b68-c8a9-478e-b8f3-a6ab3ae23d99,false,true
b4012d60-26df-4e6c-bb3d-525fc1fee08f,e050258f-d148-4a1f-920c-77df761c2b6b,ea967b68-c8a9-478e-b8f3-a6ab3ae23d99,true,true
5ce466fa-7257-4600-9360-297e39c7ca9b,07ec7ad8-166c-4734-8a39-602251033994,67dbf9f7-4898-4b84-86cf-303137a363be,true,true
20212d48-e421-4681-bd5e-2cebe9e5a436,07ec7ad8-166c-4734-8a39-602251033994,0bd6aee5-32dd-453c-8ed5-76bd9788465a,true,true
b445cef7-4083-42ee-bddd-103d545499a6,38e9426b-c11b-4446-81c3-0fe1ede448ca,ea967b68-c8a9-478e-b8f3-a6ab3ae23d99,true,true
b19e0ff3-af5b-4018-b3eb-1119fa83627f,38e9426b-c11b-4446-81c3-0fe1ede448ca,0bd6aee5-32dd-453c-8ed5-76bd9788465a,true,true
11fa9520-46e3-4394-863a-8a4b42291c73,57389b01-16b1-4430-b1d7-6143f5b26c5b,0bd6aee5-32dd-453c-8ed5-76bd9788465a,true,true
0bf001d3-2346-4d47-87b2-f0010680e9ff,c1638027-13fb-4e95-8948-2578002859e1,ea967b68-c8a9-478e-b8f3-a6ab3ae23d99,true,true
847d335a-0774-4f3d-9f52-1ed56895d4fd,6f22152b-da76-479d-b1f1-de956d28af44,0bd6aee5-32dd-453c-8ed5-76bd9788465a,true,true
089048d2-6be1-4755-b804-b7e3bdb69575,6e4a10c5-2771-42ca-a47d-9cae4f1226a9,ea967b68-c8a9-478e-b8f3-a6ab3ae23d99,true,true
10d94486-a90e-44d6-a5eb-3d82ef16b69b,ae5275e5-7ab4-4f1f-994f-0bbf4734b4c1,ea967b68-c8a9-478e-b8f3-a6ab3ae23d99,true,true
049da3db-cc75-4d13-a9dc-b922896f648e,ae5275e5-7ab4-4f1f-994f-0bbf4734b4c1,0bd6aee5-32dd-453c-8ed5-76bd9788465a,true,true
f8a2fbad-8df2-4ec4-9442-82168a442243,6e4a10c5-2771-42ca-a47d-9cae4f1226a9,67dbf9f7-4898-4b84-86cf-303137a363be,true,true
a97259ce-417e-416f-b994-8aaad32d2b05,ced11c9e-d442-4acc-a174-59349935ab10,0bd6aee5-32dd-453c-8ed5-76bd9788465a,true,true
3cbba223-a3af-4b88-a935-7fa201ba9e08,8f89176c-a3a3-49a5-b5c6-284120c08f93,ba54fb99-cd67-484d-b68f-34aea2d83af6,true,true
577921ba-f813-4cfb-99b5-6abcb18ec3e8,9be7a72b-f325-494c-8da2-fc3df42ad2c4,ea967b68-c8a9-478e-b8f3-a6ab3ae23d99,true,true
e10046be-8963-4eda-970b-b43dd5b93b72,e5fd4ef7-817b-4261-ab4b-5d250268b685,ea967b68-c8a9-478e-b8f3-a6ab3ae23d99,true,true
b2c6d9d9-6563-4cbd-9655-14bd3dc8d2e8,217dfd6e-0d58-4e5c-90b0-0fe8accef6ea,ea967b68-c8a9-478e-b8f3-a6ab3ae23d99,true,true
2df5ead8-2653-46a0-84d2-efe5e5d02d0a,217dfd6e-0d58-4e5c-90b0-0fe8accef6ea,0bd6aee5-32dd-453c-8ed5-76bd9788465a,true,true
131f7540-60d1-4752-8b49-0ae7666318d6,4fb0cb4f-f79d-4d21-94b9-1b6aebbcd67a,0bd6aee5-32dd-453c-8ed5-76bd9788465a,true,true
033c7379-36ca-4444-9a88-57b599bc8c8d,6c899efe-c944-477e-b047-eca89d081d29,ea967b68-c8a9-478e-b8f3-a6ab3ae23d99,true,true
c9ea825c-1983-426a-9ab8-92a846fdc0a1,6c899efe-c944-477e-b047-eca89d081d29,0bd6aee5-32dd-453c-8ed5-76bd9788465a,true,true
d42adb23-2afc-450f-94ad-64cf59f40ea4,5c75d61a-41cd-41a5-a4fb-317e167d645a,0bd6aee5-32dd-453c-8ed5-76bd9788465a,true,true
27925f0b-9dc9-48ff-b289-eeebbcabd926,4fb0cb4f-f79d-4d21-94b9-1b6aebbcd67a,ea967b68-c8a9-478e-b8f3-a6ab3ae23d99,false,true
a5262497-c17d-4485-8a26-6392821504e4,62b4d0c6-f2f6-4234-880e-fec813c6f579,ea967b68-c8a9-478e-b8f3-a6ab3ae23d99,true,true
4692a34e-c348-4948-a8bd-36dea25681a9,43e00fc4-d730-4804-a7fd-f9bb7435808a,0bd6aee5-32dd-453c-8ed5-76bd9788465a,true,true
c4b5105f-691f-4409-8edb-14dc12d6b9ac,3dbddb52-2365-44f0-800f-d3156ffc0c12,0bd6aee5-32dd-453c-8ed5-76bd9788465a,false,true
81cf56c5-c9d0-4a67-8d46-fe2bf6ff6e3f,155735f2-9984-4e96-a7b6-07d464e1a073,ea967b68-c8a9-478e-b8f3-a6ab3ae23d99,false,true
3964042c-bc85-49eb-b76d-b2a70a65b042,20d58e71-d289-4e9d-a329-93830cf8b80b,ea967b68-c8a9-478e-b8f3-a6ab3ae23d99,true,true
a80244b2-1ced-4dde-90be-612bee9187a5,dc0333c9-6b16-403b-8c13-17a2decd75b5,0bd6aee5-32dd-453c-8ed5-76bd9788465a,true,true
41a60f29-135b-4cff-9fe1-d83d421d44ab,a83bc586-0950-459a-b681-91f501d234ea,0bd6aee5-32dd-453c-8ed5-76bd9788465a,true,true
d104aa73-677f-4673-ac10-df162e38cc63,bae1398d-f6ef-4fcf-bcde-d22217a0ebdf,0bd6aee5-32dd-453c-8ed5-76bd9788465a,true,true
9ffc7153-acd0-49a8-9837-b912a748aacd,4b5ca0ec-1d3c-4012-aaf9-1dd5b9bc1ced,0bd6aee5-32dd-453c-8ed5-76bd9788465a,true,true
c087a289-a58b-4ca5-8adc-9617d9c002c7,c24c0b50-b8ca-4d47-9b65-123efd1f0922,0bd6aee5-32dd-453c-8ed5-76bd9788465a,true,true
ea335b52-302a-4d87-ab92-106ead34cd19,c24c0b50-b8ca-4d47-9b65-123efd1f0922,ea967b68-c8a9-478e-b8f3-a6ab3ae23d99,true,true
7c12eca2-a600-4157-933e-a82d6d57bb61,54310c2f-f0aa-41fe-b63e-563200511ba3,0bd6aee5-32dd-453c-8ed5-76bd9788465a,true,true
f7dc0d8a-8826-41ee-8485-f6da279450ef,fd387448-5d07-40b2-bba3-1842a9c8d137,0bd6aee5-32dd-453c-8ed5-76bd9788465a,true,true
43276bd4-32ec-4027-a719-fc38b9e2621e,a72ef204-2b93-4331-bdf8-d20fecda80ed,0bd6aee5-32dd-453c-8ed5-76bd9788465a,true,true
4cd388e9-2b71-4eee-9818-bc6158f960de,7439ba78-0d32-4db1-b020-c534369a99a3,ea967b68-c8a9-478e-b8f3-a6ab3ae23d99,false,true
dc8228d2-9ba1-45db-a578-88dfebcd8976,a1af692e-ef86-4eff-93b5-4ea0aacedbc7,0bd6aee5-32dd-453c-8ed5-76bd9788465a,true,true
16c5a07e-013d-44de-8fa2-7a8f896ecfd5,7439ba78-0d32-4db1-b020-c534369a99a3,0bd6aee5-32dd-453c-8ed5-76bd9788465a,true,true
aeec12c3-7a54-47ec-aeea-75f019bd7679,3a60e6a7-86f9-49a9-809e-afb583c9ff3b,0bd6aee5-32dd-453c-8ed5-76bd9788465a,true,true
4d03d976-c278-4c6a-8b03-bd7e5f0238cb,f33d9a6d-928a-4143-9b54-0bb96cd1aed0,ea967b68-c8a9-478e-b8f3-a6ab3ae23d99,true,true
80cf043c-6fe8-45a9-8d1f-c04ac15cebeb,703427a1-bb1a-4f32-abed-6a73b3ceb15b,0bd6aee5-32dd-453c-8ed5-76bd9788465a,true,true
79537573-20c4-4371-bc11-487a56d1b4bf,fb447bef-8413-407a-ae4d-d2bb8d5cecb9,ea967b68-c8a9-478e-b8f3-a6ab3ae23d99,true,true
289fcf2a-f7a7-4ad4-a0ac-b214d67acf19,fb447bef-8413-407a-ae4d-d2bb8d5cecb9,0bd6aee5-32dd-453c-8ed5-76bd9788465a,true,true
ab8f90ae-ebcf-4901-88e3-bab877ba4098,0001e50b-5147-4c69-b0e9-57bc11a87842,0bd6aee5-32dd-453c-8ed5-76bd9788465a,false,true
6dfea7ba-1f03-431b-9f2c-2009ec56f5f9,685116ff-6699-4c06-891b-99f0cb42547a,0bd6aee5-32dd-453c-8ed5-76bd9788465a,true,true
51b71d48-1242-4519-ae67-85f4525ec7c9,04253119-cbce-4dc5-9a0a-d976c3fd203f,0bd6aee5-32dd-453c-8ed5-76bd9788465a,false,true
f498001b-9406-495e-934b-c79a484b2239,8bb38461-d67f-4c88-81c5-ac96b243d742,0bd6aee5-32dd-453c-8ed5-76bd9788465a,true,true
6e8b3b05-bd1d-4d7f-a988-7124ab59a129,a2a10eab-9aee-4352-8c6f-5797bd491c32,ea967b68-c8a9-478e-b8f3-a6ab3ae23d99,true,true
3a122083-25f1-4fb6-9830-01aa33a2b453,a2a10eab-9aee-4352-8c6f-5797bd491c32,0bd6aee5-32dd-453c-8ed5-76bd9788465a,true,true
d3585805-f492-41bd-9239-5a5f9f59bd5c,7c2929b0-6380-470f-81dc-fcac6b9d85e7,0bd6aee5-32dd-453c-8ed5-76bd9788465a,true,true
dabc2222-f910-4db8-8a62-ee89599ae01e,5d80d9c9-2af3-44ca-b360-a448dac2f4b9,0bd6aee5-32dd-453c-8ed5-76bd9788465a,true,true
4bb68b08-58e6-4945-b89f-3926d6b3eaf3,af77a44d-b789-4225-9398-50f79f41aa93,ea967b68-c8a9-478e-b8f3-a6ab3ae23d99,true,true
d9efc199-0a53-42c4-8c33-e7b69f07e444,af77a44d-b789-4225-9398-50f79f41aa93,0bd6aee5-32dd-453c-8ed5-76bd9788465a,true,true
e2ca0c31-85aa-407d-bc25-82a2ef564483,02737292-4c1f-4a7c-8bbd-601cf0f77b3d,0bd6aee5-32dd-453c-8ed5-76bd9788465a,true,true
445f5570-d90a-4c1a-9b00-d3ac15d6ee59,849198ac-8047-4a52-b5bb-508c50756c3a,ea967b68-c8a9-478e-b8f3-a6ab3ae23d99,true,true
efe365e7-74b7-4012-a055-0f5cdb8aea01,bc140a85-de36-4256-8609-b3e097b41318,0bd6aee5-32dd-453c-8ed5-76bd9788465a,true,true
53fab4c8-2764-462e-8aa8-669ca8774795,1fc29582-1615-41ec-8365-99887eee0c27,0bd6aee5-32dd-453c-8ed5-76bd9788465a,true,true
df4352d5-9058-41df-88d2-99775f7cd0ec,090f07bb-24b4-42da-8dfd-0de562b275c0,0bd6aee5-32dd-453c-8ed5-76bd9788465a,true,true
3ae5b5b7-4f4c-41c8-83c8-58e7059010a6,849198ac-8047-4a52-b5bb-508c50756c3a,0bd6aee5-32dd-453c-8ed5-76bd9788465a,true,true
466caf6b-0aca-41a5-8fe3-a397337256c8,e7b6882b-db0e-4aca-bd79-b092c56d6dcf,0bd6aee5-32dd-453c-8ed5-76bd9788465a,true,true
0d8bcb1e-dbd5-42d3-921e-8b74c938bd01,7e399b9e-194d-4859-9632-42176827cbd5,0bd6aee5-32dd-453c-8ed5-76bd9788465a,true,true
804e8ce5-b6c6-4f4b-ae2c-ab7e6274f139,090f07bb-24b4-42da-8dfd-0de562b275c0,ea967b68-c8a9-478e-b8f3-a6ab3ae23d99,true,true
e2004f47-dc22-49fa-99db-66cdb17340e2,aa909355-c81a-48f8-aeeb-4c4eea7a40c5,0bd6aee5-32dd-453c-8ed5-76bd9788465a,true,true
f29cdd54-5c8a-466e-a7a5-aa63d9cb6f58,672de356-bcf1-49e2-88fe-94669284fd04,ea967b68-c8a9-478e-b8f3-a6ab3ae23d99,true,true
c2390886-0f48-4587-907e-e3cdc0f863ce,e527893b-a91c-402a-89cc-852226375175,0bd6aee5-32dd-453c-8ed5-76bd9788465a,true,true
469f4800-de8b-4405-98ce-14d93c78838f,163d399d-f1bb-4ed3-a6ac-3889ba30d8eb,0bd6aee5-32dd-453c-8ed5-76bd9788465a,false,true
a992741c-5a12-433f-8147-cb727f10e9ae,5bed987b-c3d4-4783-8c84-219953b1a11e,0bd6aee5-32dd-453c-8ed5-76bd9788465a,true,true
f8100480-df01-45c0-876a-2a15c559c9a4,272906d5-9be9-4904-81ea-54ce3bfc30dd,0bd6aee5-32dd-453c-8ed5-76bd9788465a,true,true
98d685c2-9b0d-45ca-90de-f4e473513f2d,0f5d962f-9bed-408a-b16a-bbcda61262f7,ea967b68-c8a9-478e-b8f3-a6ab3ae23d99,true,true
a05e13ef-0b8d-4b25-8933-97109b7646b7,0f5d962f-9bed-408a-b16a-bbcda61262f7,0bd6aee5-32dd-453c-8ed5-76bd9788465a,true,true
b2d62c21-3a13-413e-b467-0c6b728d85b4,c9de4f61-94f0-4454-ad04-8ee2f51ecfe7,ba54fb99-cd67-484d-b68f-34aea2d83af6,false,true
ed0379fd-40f7-4f2e-b984-55df691292c3,71bc9ac0-15cc-4931-81db-54cf81947e04,ea967b68-c8a9-478e-b8f3-a6ab3ae23d99,true,true
c100ece2-9992-48ed-851f-63d63b0f2500,71bc9ac0-15cc-4931-81db-54cf81947e04,0bd6aee5-32dd-453c-8ed5-76bd9788465a,true,true
2a74ed5d-f2b5-43ce-90a1-ed881f111e46,c9de4f61-94f0-4454-ad04-8ee2f51ecfe7,0bd6aee5-32dd-453c-8ed5-76bd9788465a,false,true
78276ec4-d66b-4a60-8ba4-44cd0983f883,80006654-5e17-4e58-a904-f24d129eda68,ba54fb99-cd67-484d-b68f-34aea2d83af6,true,true
f044c9fb-6627-48e3-9606-33b045eab862,f78a9345-9b99-475e-bd91-f40544c079a7,0bd6aee5-32dd-453c-8ed5-76bd9788465a,true,true
1cdd24b3-7235-41df-985c-8bd01e84745c,da33e961-380d-43d1-bff6-c1e03da1861f,ea967b68-c8a9-478e-b8f3-a6ab3ae23d99,true,true
84f3f3a8-308e-42bd-ae40-85dbe9b2754b,da33e961-380d-43d1-bff6-c1e03da1861f,0bd6aee5-32dd-453c-8ed5-76bd9788465a,true,true
b733cc54-337b-4b11-8443-8e4a3a31cb93,80006654-5e17-4e58-a904-f24d129eda68,0bd6aee5-32dd-453c-8ed5-76bd9788465a,true,true
05cdc514-6175-45bc-9344-2d41f4bbc473,1a4225ad-d329-469b-a8ba-df74c27f2945,0bd6aee5-32dd-453c-8ed5-76bd9788465a,false,true
3e7f4263-de21-4669-af2e-d8468fbf3933,6cdca680-22d8-45a8-b235-f85be764e012,ea967b68-c8a9-478e-b8f3-a6ab3ae23d99,true,true
7544dbea-3c49-4735-af83-3475b62915e8,6cdca680-22d8-45a8-b235-f85be764e012,0bd6aee5-32dd-453c-8ed5-76bd9788465a,true,true
78c0c9f5-1214-426c-9699-1820cadb8ca5,e0982e55-1ad3-4be2-9a35-f41cdf843687,0bd6aee5-32dd-453c-8ed5-76bd9788465a,true,true
fae69582-fca4-4c39-a474-1929ab6d6fc6,80bcf2de-af12-4922-9f7e-d63eb8adcdff,0bd6aee5-32dd-453c-8ed5-76bd9788465a,true,true
3644618a-29b1-4ef0-aa74-62f66bd8de7d,327f534f-c2eb-4a4c-9d0b-7cd038e9c749,0bd6aee5-32dd-453c-8ed5-76bd9788465a,true,true
3e5fd0ab-9b2d-46f4-a40b-afcfc42a671f,da32a416-07ba-49e7-85d2-5d87c265e1a2,0bd6aee5-32dd-453c-8ed5-76bd9788465a,true,true
157e3285-348d-472f-b705-a9bac1874d11,3cedddfd-4b0d-4518-8f6d-d948be84b3d0,ba54fb99-cd67-484d-b68f-34aea2d83af6,true,true
f5b2019c-7df6-4ba1-9687-aede1fdc8d6b,3cedddfd-4b0d-4518-8f6d-d948be84b3d0,0bd6aee5-32dd-453c-8ed5-76bd9788465a,true,true
caa05fcc-f54c-48eb-bb80-fce151c140ab,7378a31d-186c-4470-81cb-3f9e82c23b91,ea967b68-c8a9-478e-b8f3-a6ab3ae23d99,true,true
2da81ec0-5c37-4109-b753-f87849e745e4,deda50b2-0d4c-4c87-a675-40ff2bcf3ad2,ea967b68-c8a9-478e-b8f3-a6ab3ae23d99,false,true
09e3dd81-f031-4243-b80f-ed40a8378f2a,deda50b2-0d4c-4c87-a675-40ff2bcf3ad2,0bd6aee5-32dd-453c-8ed5-76bd9788465a,true,true
e4fada81-f0b6-4dfc-8bcf-657237a6c9db,deda50b2-0d4c-4c87-a675-40ff2bcf3ad2,67dbf9f7-4898-4b84-86cf-303137a363be,false,true
fb3db68b-d05e-4690-9816-5144b4b6d630,d54ce7fd-f516-4fa0-93a6-ea6e1464dc0c,0bd6aee5-32dd-453c-8ed5-76bd9788465a,true,true
1b0242c9-1ab5-46ab-aa94-402c6e1fe00b,98aaf34b-b1cd-435b-b194-0f4ada89eb63,0bd6aee5-32dd-453c-8ed5-76bd9788465a,true,true
7cf4b467-e927-485d-b06b-100cefb070a3,9f8dbf01-eb5e-4068-8bfc-b0c108c36e9b,0bd6aee5-32dd-453c-8ed5-76bd9788465a,true,true
f61d08d9-ab97-4e12-9eba-626fdd6cdfdf,ff0fc123-83ab-497b-8815-751b8bf5916b,0bd6aee5-32dd-453c-8ed5-76bd9788465a,true,true
c4e546f6-96e3-4424-9b4c-aeb2ee626dbb,ff0fc123-83ab-497b-8815-751b8bf5916b,ea967b68-c8a9-478e-b8f3-a6ab3ae23d99,true,true
e0f247cc-d9e8-4ed0-a2b9-6b1245028565,a7dd9db1-736c-4679-bcad-c1909dff9e7e,ea967b68-c8a9-478e-b8f3-a6ab3ae23d99,false,true
78b071c2-5aae-437b-9f44-797d073572e4,a7dd9db1-736c-4679-bcad-c1909dff9e7e,67dbf9f7-4898-4b84-86cf-303137a363be,false,true
f09db09e-0772-4b6e-8824-d529cad63cb9,a7dd9db1-736c-4679-bcad-c1909dff9e7e,0bd6aee5-32dd-453c-8ed5-76bd9788465a,true,true
32e8e617-5534-4541-a1b5-969234de1d82,77124ef3-dc0c-42da-baa9-a30bcefb7fb8,0bd6aee5-32dd-453c-8ed5-76bd9788465a,true,true
26fbad1a-8179-4159-a5ae-c4ed1f2c094f,77124ef3-dc0c-42da-baa9-a30bcefb7fb8,ea967b68-c8a9-478e-b8f3-a6ab3ae23d99,true,true
f4b37c11-8e4d-43e7-b757-1b9bfec2cbcb,7b82415a-f4b9-44d4-b513-b3fb45f86e0c,ea967b68-c8a9-478e-b8f3-a6ab3ae23d99,true,true
2842cfb1-0b49-4be4-973f-65116898ee01,7b82415a-f4b9-44d4-b513-b3fb45f86e0c,67dbf9f7-4898-4b84-86cf-303137a363be,true,true
64aa3fbc-82ba-4656-9f57-b46ba57b76ac,7b82415a-f4b9-44d4-b513-b3fb45f86e0c,0bd6aee5-32dd-453c-8ed5-76bd9788465a,true,true
58796c1d-d191-4aad-aede-4334f61b14b0,e5fd4ef7-817b-4261-ab4b-5d250268b685,0bd6aee5-32dd-453c-8ed5-76bd9788465a,true,true
a0ad74bf-924c-4b4c-a476-e55221efba7a,b87bb898-1440-4cf1-ae72-c7d7cd7468e5,0bd6aee5-32dd-453c-8ed5-76bd9788465a,true,true
32d7f3c8-8754-428c-a71e-cbbe058077a0,966c1c7a-689f-4048-87f5-8120136d6de9,0bd6aee5-32dd-453c-8ed5-76bd9788465a,true,true
7c1f24a3-12f2-441b-9530-a71b17df248d,5a760a0f-2a6c-4c02-91fc-b1b8a6d8b5cd,ea967b68-c8a9-478e-b8f3-a6ab3ae23d99,true,true
00d21e9a-9f13-4392-b99f-b779d37c89f4,9620ed6a-d0a1-4a69-bcea-2e0d486c5a00,0bd6aee5-32dd-453c-8ed5-76bd9788465a,true,true
047bef84-4377-4c6e-b56e-2d0bca72d2d4,887ed6e5-cd8e-4502-b347-da828c494cf4,0bd6aee5-32dd-453c-8ed5-76bd9788465a,true,true
d0243f1b-7a37-4f30-b87a-d73195b8c2ae,f1c34d6e-5c2a-4ab5-a639-2536c8f91390,ea967b68-c8a9-478e-b8f3-a6ab3ae23d99,true,true
d67b19fe-33d2-46ca-8a8a-92189ad3f0bb,8a2bb6a2-6295-426a-a32a-f580fad6742a,0bd6aee5-32dd-453c-8ed5-76bd9788465a,true,true
ed050792-7785-40c8-a28d-3e094ca98664,d2513b36-f29f-4b3a-83ef-a3d0170a965c,ea967b68-c8a9-478e-b8f3-a6ab3ae23d99,true,true
1f5187b7-5d05-4867-bcfb-6989748bd28f,e82b2f82-e0af-45e5-8007-76de44a5fa84,ea967b68-c8a9-478e-b8f3-a6ab3ae23d99,true,true
94f0b975-8194-4f9d-b459-5e49a2e8f829,d2513b36-f29f-4b3a-83ef-a3d0170a965c,0bd6aee5-32dd-453c-8ed5-76bd9788465a,true,true
8e6f625a-8a6a-41f3-9acf-3285e5698f84,8a2bb6a2-6295-426a-a32a-f580fad6742a,ea967b68-c8a9-478e-b8f3-a6ab3ae23d99,true,true
2a7a047b-682d-498a-b2fd-718beacdabb7,b87bb898-1440-4cf1-ae72-c7d7cd7468e5,ea967b68-c8a9-478e-b8f3-a6ab3ae23d99,true,true
fc1bece7-f728-4c3b-b3c2-456671e9be2c,566f41e1-a4f2-4d8d-b9cc-e5dfee43afd1,0bd6aee5-32dd-453c-8ed5-76bd9788465a,true,true
f357e6a4-c8d0-412e-b4ac-cc4c9abadaf3,566f41e1-a4f2-4d8d-b9cc-e5dfee43afd1,ea967b68-c8a9-478e-b8f3-a6ab3ae23d99,true,true
25a20481-2868-4e99-bbbf-0d7153cb2ed3,d19ba1da-ca72-4536-ace5-c34c37077664,0bd6aee5-32dd-453c-8ed5-76bd9788465a,true,true
4d93e577-8848-4dcd-be0d-3b2494c043a7,d19ba1da-ca72-4536-ace5-c34c37077664,ea967b68-c8a9-478e-b8f3-a6ab3ae23d99,true,true
30a7916f-1434-4d73-822b-8c81d1d07562,d62a586f-f8d9-4460-8050-3742c6614bf1,0bd6aee5-32dd-453c-8ed5-76bd9788465a,true,true
5a754be8-2ce7-45f0-81b8-e74c59946778,ed4055d8-1745-42f8-8653-caf943f67918,ea967b68-c8a9-478e-b8f3-a6ab3ae23d99,false,true
ce6eeb1b-6a5c-4a9c-81a9-1e72cd38f319,ed4055d8-1745-42f8-8653-caf943f67918,0bd6aee5-32dd-453c-8ed5-76bd9788465a,true,true
c94b2d0a-c6d3-4887-b635-007799d35bbe,2d83c1ef-91f6-42f4-a4fa-7ccdd1ffb6d6,0bd6aee5-32dd-453c-8ed5-76bd9788465a,true,true
ec65845e-3f30-45d1-a15f-28dd61ac533d,22446f14-98d0-42b6-80c2-57ed1e21f086,0bd6aee5-32dd-453c-8ed5-76bd9788465a,true,true
f9539320-6450-4dbc-a023-b18a3835b3a7,2bad252f-f28a-4459-b550-c9af816244d4,0bd6aee5-32dd-453c-8ed5-76bd9788465a,true,true
fe5a4cde-8cd7-4335-bac6-dc63cd43f190,6a1b41df-158d-4d31-9ad0-3ae78a826f40,0bd6aee5-32dd-453c-8ed5-76bd9788465a,true,true
7e6667f0-2455-43c1-9f7d-7be16aecdc44,40f024e6-aac2-4d04-948e-c8314fe16b29,0bd6aee5-32dd-453c-8ed5-76bd9788465a,true,true
6e297f7f-8ac3-4769-a275-e8a29b547bf6,0629b207-0bfb-498c-bdb0-25aac99305ea,0bd6aee5-32dd-453c-8ed5-76bd9788465a,true,true
82f271af-951b-4c57-815d-b08b2fd78aa6,f827105e-9c7e-4506-a0cd-a39b319c8506,0bd6aee5-32dd-453c-8ed5-76bd9788465a,true,true
41277165-4f06-4e8f-83f9-5300ce949d5c,e82b2f82-e0af-45e5-8007-76de44a5fa84,0bd6aee5-32dd-453c-8ed5-76bd9788465a,true,true
13758e24-1f45-4102-bc36-9785144dc9cd,ee7df205-23ad-4294-945a-f5bae1892e11,ea967b68-c8a9-478e-b8f3-a6ab3ae23d99,true,true
985b4638-019e-4988-89ce-b0b0c579a23b,ceca94fd-2c07-4110-9ab3-566e7537d99d,0bd6aee5-32dd-453c-8ed5-76bd9788465a,true,true
cd1e81ae-31e5-43c1-9735-44f756d776dc,6a1b41df-158d-4d31-9ad0-3ae78a826f40,ea967b68-c8a9-478e-b8f3-a6ab3ae23d99,false,true
493e3e65-92f4-4cc8-87f5-162eab5e78aa,0f9bbc8b-71eb-494c-a749-afec0ee81d71,0bd6aee5-32dd-453c-8ed5-76bd9788465a,true,true
a257465f-871e-48bd-b3db-311d69dca618,f8c0dfce-7c76-400c-a407-679d9aa3a88c,0bd6aee5-32dd-453c-8ed5-76bd9788465a,true,true
8d745f15-b029-41ee-a1a3-7c0ee22d5bd4,9292edaa-7c9f-4f0d-937e-490fd835ce5a,0bd6aee5-32dd-453c-8ed5-76bd9788465a,true,true
e4863e5b-319c-4379-9a47-e2076ef26c01,ee7df205-23ad-4294-945a-f5bae1892e11,0bd6aee5-32dd-453c-8ed5-76bd9788465a,true,true
44acff8a-ccff-44d1-b18d-e06cf5157f17,01808496-3da1-4273-b7e0-ef7994bd69ea,0bd6aee5-32dd-453c-8ed5-76bd9788465a,true,true
c2849340-1a68-4d7e-8d20-61bd64a4932b,76b7e846-49ea-4c54-b7db-d313cb8eb990,0bd6aee5-32dd-453c-8ed5-76bd9788465a,true,true
0f4b166c-8263-49ee-81c7-171563b30af3,76b7e846-49ea-4c54-b7db-d313cb8eb990,ea967b68-c8a9-478e-b8f3-a6ab3ae23d99,true,true
c0fd2dac-e768-460f-ae0e-655b339c019a,8bd6ce6a-9215-4ec8-bee4-6c2f0f2f04b4,ea967b68-c8a9-478e-b8f3-a6ab3ae23d99,true,true
0425ad22-b3c8-4722-abd4-cb7720f7d27f,3d3d626d-e053-49ff-9c8e-d633e3eff7df,0bd6aee5-32dd-453c-8ed5-76bd9788465a,true,true
f67782d9-2b76-4eca-ace8-c36906c16957,8bd6ce6a-9215-4ec8-bee4-6c2f0f2f04b4,0bd6aee5-32dd-453c-8ed5-76bd9788465a,true,true
e5b13563-4d42-48c3-8268-558e04ae72c0,01947231-0175-4687-97a5-3c34da85772e,0bd6aee5-32dd-453c-8ed5-76bd9788465a,true,true
e86ef657-6aa9-4699-bf8e-2bd8bcf152d3,686f349a-edba-440f-95af-d368cd30681b,0bd6aee5-32dd-453c-8ed5-76bd9788465a,true,true
48f633fc-5286-4ea9-96f3-1f8e2793e1cb,9c48418d-6590-4c5b-a20d-04185f70e0b5,0bd6aee5-32dd-453c-8ed5-76bd9788465a,true,true
1a4ca7fe-1ff9-4289-9327-ba50119ea7b8,81a15336-771f-488e-a4d1-ed3fa51baa6b,0bd6aee5-32dd-453c-8ed5-76bd9788465a,true,true
cca88bb0-821f-4f0e-9925-51ada3259d55,773df2c0-decc-4764-a2b4-5306aae72a7a,ea967b68-c8a9-478e-b8f3-a6ab3ae23d99,false,true
0ec7dc48-61b6-49dc-8b41-dd9dff63c604,773df2c0-decc-4764-a2b4-5306aae72a7a,67dbf9f7-4898-4b84-86cf-303137a363be,false,true
bd2bf87b-1c0e-40b4-9655-a0efa35504c5,0f9bbc8b-71eb-494c-a749-afec0ee81d71,ea967b68-c8a9-478e-b8f3-a6ab3ae23d99,true,true
5fc3c329-5da6-4fb7-8772-0ce87385fbae,5a760a0f-2a6c-4c02-91fc-b1b8a6d8b5cd,0bd6aee5-32dd-453c-8ed5-76bd9788465a,true,true
cb72c8e0-557e-443e-ada2-3c5049c631a1,0bfe8292-b01f-4a04-b426-4abc75890970,0bd6aee5-32dd-453c-8ed5-76bd9788465a,false,true
64597a69-7ab9-400c-beee-abd5e9ad0dc1,9153fd1c-703f-468d-b6f4-0ae7eb6c3117,ea967b68-c8a9-478e-b8f3-a6ab3ae23d99,true,true
26997300-1444-4fdb-85ad-1cdc75e33f24,7e746dd4-75ab-4621-a1ae-f572b3e3d576,67dbf9f7-4898-4b84-86cf-303137a363be,true,true
21100e60-2faa-4d3e-b4f8-55ecce0b075b,e2b448d4-fe26-48db-b944-ec3f8821e897,ea967b68-c8a9-478e-b8f3-a6ab3ae23d99,false,true
2e80be45-cd3f-4de3-8a3e-61a46be1dde1,e2b448d4-fe26-48db-b944-ec3f8821e897,0bd6aee5-32dd-453c-8ed5-76bd9788465a,true,true
fdf353e5-3657-4e62-b4e4-07782385139b,80670e7e-7b8f-4bfe-9b34-3cef600258d9,0bd6aee5-32dd-453c-8ed5-76bd9788465a,false,true
750e0c30-cd85-4425-a757-7da0e99805ad,4596c6d0-8726-49c5-92f8-4ff5c6424d8e,0bd6aee5-32dd-453c-8ed5-76bd9788465a,true,true
08cec4f3-c47c-4dbe-be70-766c7a7ed27b,928f5fa4-ed4e-4e9f-a649-c336eecc2a71,0bd6aee5-32dd-453c-8ed5-76bd9788465a,true,true
3ee9fdbb-d5b0-4633-9036-af2170aaf859,928f5fa4-ed4e-4e9f-a649-c336eecc2a71,ea967b68-c8a9-478e-b8f3-a6ab3ae23d99,true,true
f51de372-8f34-4bbd-b293-3dac60a01bec,2fa2ff82-9726-4901-8b34-42e54dc63793,0bd6aee5-32dd-453c-8ed5-76bd9788465a,true,true
80fdeb1a-746f-408d-890d-357fb878c1b9,f2285421-f71e-45d8-8f01-d2b29c5b01eb,0bd6aee5-32dd-453c-8ed5-76bd9788465a,true,true
9f2a2782-88ad-4aa7-a5ef-2eabfaab4af5,32096d4b-5e0a-486a-af96-c1c74665fa67,0bd6aee5-32dd-453c-8ed5-76bd9788465a,true,true
4feeaed5-5e8b-41ac-8428-f5009cab8783,86ef1b6c-3c3c-462e-b8e9-78de1a99dd4a,ea967b68-c8a9-478e-b8f3-a6ab3ae23d99,true,true
3d75a9d1-62e1-419c-bccd-0b577bf495ca,8ba6d27e-ee8b-4105-b604-c1a8ead4f00d,0bd6aee5-32dd-453c-8ed5-76bd9788465a,true,true
fcd8fc19-9974-4e3d-b64b-73d74e2189e1,4596c6d0-8726-49c5-92f8-4ff5c6424d8e,67dbf9f7-4898-4b84-86cf-303137a363be,true,true
f2923e50-4648-4bc2-8617-0d03fe953e7d,86ef1b6c-3c3c-462e-b8e9-78de1a99dd4a,0bd6aee5-32dd-453c-8ed5-76bd9788465a,true,true
5162434b-004d-497e-9547-1562ddf0e589,d1db6a51-aadb-4fed-8a61-64e593c2d53c,0bd6aee5-32dd-453c-8ed5-76bd9788465a,true,true
36534e3c-7ded-49ff-b054-942860b46b93,1f79ed68-45b3-4b26-869d-55d4c881afac,0bd6aee5-32dd-453c-8ed5-76bd9788465a,true,true
818efcac-4d3d-4039-bc9c-4fcd4115e428,3336a99b-a3b4-4372-9df7-fc4dbc2fc2e4,0bd6aee5-32dd-453c-8ed5-76bd9788465a,true,true
23cb5187-bb1a-4fee-83fe-177fa89fb6cc,dbe6c51a-6770-4a50-9b7c-be424cd18a0b,0bd6aee5-32dd-453c-8ed5-76bd9788465a,true,true
c41eb034-0e47-4fba-b24a-4f949bf32ab6,3336a99b-a3b4-4372-9df7-fc4dbc2fc2e4,67dbf9f7-4898-4b84-86cf-303137a363be,false,true
df84b4c8-49f7-4d83-81fc-ff1fd942e951,b4b88d52-db21-4d16-a7c8-4a93f610357a,0bd6aee5-32dd-453c-8ed5-76bd9788465a,true,true
14a4d4fe-55e5-49a9-885c-5197e0e7a042,ffea792a-d58b-4829-963e-6841cee1227a,ea967b68-c8a9-478e-b8f3-a6ab3ae23d99,true,true
b029e71b-53bd-40dc-94cf-1c901f81394f,97d0375d-d9f0-4ea4-bab1-a3d6bfe45169,ea967b68-c8a9-478e-b8f3-a6ab3ae23d99,true,true
7ddb1b6d-e716-4ca5-869f-cb1ab9f24765,97d0375d-d9f0-4ea4-bab1-a3d6bfe45169,0bd6aee5-32dd-453c-8ed5-76bd9788465a,true,true
d85d6d4b-3fef-4014-a337-16baa9edcdea,0069010a-b457-4758-bf4d-f027be72cc0c,ea967b68-c8a9-478e-b8f3-a6ab3ae23d99,true,true
7713006b-2761-4ad7-914f-4e27fd543948,01962431-ca16-421d-8276-8ba22512d8d8,0bd6aee5-32dd-453c-8ed5-76bd9788465a,true,true
e471965b-5f8b-4246-96ea-8da936515a0b,0069010a-b457-4758-bf4d-f027be72cc0c,0bd6aee5-32dd-453c-8ed5-76bd9788465a,true,true
528eadbd-bb2e-42bb-ac87-e7adc72d6dc7,3336a99b-a3b4-4372-9df7-fc4dbc2fc2e4,ea967b68-c8a9-478e-b8f3-a6ab3ae23d99,false,true
48429c7e-ceca-40e6-8dc1-feec3d6f3073,4dadeecd-c8d8-4149-a3ea-45d01556043d,0bd6aee5-32dd-453c-8ed5-76bd9788465a,true,true
fe3acc1d-58de-4609-88ae-487be9856c1a,87838691-be92-4743-8a00-92690a2d74b2,ea967b68-c8a9-478e-b8f3-a6ab3ae23d99,true,true
d0bbb57f-cb8a-4848-ac24-8422edb7830b,87838691-be92-4743-8a00-92690a2d74b2,0bd6aee5-32dd-453c-8ed5-76bd9788465a,true,true
9e238f6d-1e11-4b4d-ad77-9bc61c373cac,c0d75326-e5d0-4cf4-b665-0351b4ad1490,0bd6aee5-32dd-453c-8ed5-76bd9788465a,true,true
79f9415f-e51c-4926-84c9-dd3d2885ab38,26eeb585-a918-4043-9a31-3230b4a2876a,ea967b68-c8a9-478e-b8f3-a6ab3ae23d99,true,true
f23cfefe-1be3-444f-bcb7-308544090d6d,26eeb585-a918-4043-9a31-3230b4a2876a,67dbf9f7-4898-4b84-86cf-303137a363be,true,true
f1ef5c94-7a66-45c2-89a5-6823c7569f9a,4b205669-17d8-432d-8599-eb851128a6cc,0bd6aee5-32dd-453c-8ed5-76bd9788465a,true,true
a2f85342-6323-45af-924a-6d04ebad6e40,4b205669-17d8-432d-8599-eb851128a6cc,ea967b68-c8a9-478e-b8f3-a6ab3ae23d99,true,true
62aa785a-79ed-4eb4-8046-dda2f82b290e,1dfaa52f-6fd8-419d-8f3f-30515247e506,ea967b68-c8a9-478e-b8f3-a6ab3ae23d99,true,true
24b03e53-a6b4-422a-af98-1fdfeac5f7fc,f94a1e60-d27c-44e2-9976-81e5d3937ca5,0bd6aee5-32dd-453c-8ed5-76bd9788465a,true,true
9beddbdd-c944-45ff-bcb3-58af6d93947f,9fa3939e-0563-4bef-aab5-654c49f52587,0bd6aee5-32dd-453c-8ed5-76bd9788465a,true,true
ff769dfa-87a8-4832-99bb-15163691e494,772468df-c05f-4953-ab80-9acc5f308444,0bd6aee5-32dd-453c-8ed5-76bd9788465a,true,true
6413d6ee-bb23-4db7-8f27-74cd5e8f7c2f,772468df-c05f-4953-ab80-9acc5f308444,ea967b68-c8a9-478e-b8f3-a6ab3ae23d99,false,true
9f4e7e7d-5f01-4097-93e0-60685c77f1d3,28640c0c-485b-4ae8-ac85-b69f60491c51,0bd6aee5-32dd-453c-8ed5-76bd9788465a,true,true
7a729243-e5d3-474b-af34-5d65ca29b3ac,61a2a3eb-ff10-4cbd-b767-6812311f9711,ea967b68-c8a9-478e-b8f3-a6ab3ae23d99,true,true
c3cfe27a-591a-4a0c-b725-a730037f779d,1d6baf9b-3bd8-4947-b7e7-e1b827185465,0bd6aee5-32dd-453c-8ed5-76bd9788465a,true,true
017f5703-bbb5-45cd-b6c2-66cb5f260429,e926e6e2-7e1b-4745-9e48-527e841998b1,ea967b68-c8a9-478e-b8f3-a6ab3ae23d99,true,true
57b97d87-438e-40d3-ba26-9bc81c54364b,26db3cbe-58fb-4476-b741-05475beb7236,ea967b68-c8a9-478e-b8f3-a6ab3ae23d99,true,true
980f1c53-f0c0-4701-9e0a-cb3f5bb89986,c6b75aaa-4dac-4bcf-a7e2-fe93aa391fbe,0bd6aee5-32dd-453c-8ed5-76bd9788465a,true,true
84ef5f2b-fb33-4c3a-8a7a-8d48f033b55f,48cd2844-649b-47db-af3a-56b0c50c33f4,0bd6aee5-32dd-453c-8ed5-76bd9788465a,true,true
320ab5a2-7efc-4e67-b3ab-e0330d4476cc,deb2ba66-0d6a-4e95-9b51-dbf703ee89f3,0bd6aee5-32dd-453c-8ed5-76bd9788465a,true,true
0acc6201-e09d-4ef5-a211-bae3ded3ba74,e926e6e2-7e1b-4745-9e48-527e841998b1,0bd6aee5-32dd-453c-8ed5-76bd9788465a,true,true
7ae1b81c-95b4-4bba-bb85-ae9787135a40,1801452b-1e76-4c40-9d41-14d25326a1f0,0bd6aee5-32dd-453c-8ed5-76bd9788465a,true,true
c573fcf7-4cce-47c1-8388-4be61ac08f9f,155735f2-9984-4e96-a7b6-07d464e1a073,0bd6aee5-32dd-453c-8ed5-76bd9788465a,true,true
0e7e5bae-cd6b-455c-9770-4287cae75636,b55dfbdb-1814-4687-a2e6-559bf7473bbb,0bd6aee5-32dd-453c-8ed5-76bd9788465a,true,true
a9802d6e-3c33-4feb-8bb7-8fc00629e01d,41990d73-2f84-4868-b43e-3e16d0e01066,0bd6aee5-32dd-453c-8ed5-76bd9788465a,true,true
77d03430-9ee4-4b3e-8ab6-a330152117cd,bb4d52d0-5ada-4836-861b-09cb09418f72,0bd6aee5-32dd-453c-8ed5-76bd9788465a,true,true
d577aa00-95a8-4a8b-8895-7af0de2846de,9c48418d-6590-4c5b-a20d-04185f70e0b5,ea967b68-c8a9-478e-b8f3-a6ab3ae23d99,true,true
da84e26f-813d-49fe-8ce9-ab6dee70e468,29d06de2-3244-4f43-ac05-479330028598,0bd6aee5-32dd-453c-8ed5-76bd9788465a,true,true
9ba51713-ff52-48c6-b84c-e96945f476f7,039ba41e-8a30-4a44-b2f2-66920f55b66b,0bd6aee5-32dd-453c-8ed5-76bd9788465a,true,true
2ef4e5fe-103e-4e10-9c97-0dfc7e9e5c81,75f68e99-2f6c-4dad-bfea-ba66628fdb05,0bd6aee5-32dd-453c-8ed5-76bd9788465a,true,true
0bdab233-3081-4949-a26c-5a17b11ee3f4,d85aa282-cbf7-46ee-a555-51f4d6b9984c,ea967b68-c8a9-478e-b8f3-a6ab3ae23d99,true,true
a16fa9d9-a329-4d7d-995e-d3ac7015f7bc,d85aa282-cbf7-46ee-a555-51f4d6b9984c,0bd6aee5-32dd-453c-8ed5-76bd9788465a,true,true
27118690-efd1-421a-b066-df0e10a031cc,039ba41e-8a30-4a44-b2f2-66920f55b66b,ea967b68-c8a9-478e-b8f3-a6ab3ae23d99,true,true
1cfe0d1f-c26e-41c6-b4c7-ccac6c3c07f8,2b545446-4d06-4531-adb7-07d2147a1b95,67dbf9f7-4898-4b84-86cf-303137a363be,false,true
5fdd2a4e-8d3a-4f83-a282-732d81e56b7e,ea20e322-8872-491b-b3d5-0d6f50d7e4ee,0bd6aee5-32dd-453c-8ed5-76bd9788465a,true,true
925d9c7f-e548-447c-a241-7382610afcdd,352f8dcc-6f79-40c1-9e4b-9b0aaf9b3056,ea967b68-c8a9-478e-b8f3-a6ab3ae23d99,true,true
69a88f4f-0b4c-4c52-8fac-e8db4e5dd414,dfbb4c77-55f5-49da-9ba9-a357f465fb25,0bd6aee5-32dd-453c-8ed5-76bd9788465a,true,true
e90e6078-ac9a-4689-b2bc-f56ae5f49971,d08ea155-7358-4d75-8524-883ea14162a7,0bd6aee5-32dd-453c-8ed5-76bd9788465a,true,true
cdc2bcff-79c5-4308-920c-ed8a5103be36,47b49ec8-143f-4644-b033-315a2329013e,0bd6aee5-32dd-453c-8ed5-76bd9788465a,false,true
44ab2b61-aeec-4212-ba80-bbd037f48c82,771354ab-827d-45b7-ac05-897ef5eb501d,ea967b68-c8a9-478e-b8f3-a6ab3ae23d99,true,true
231589f6-1390-4e98-97f6-6e0a461fbe49,7f235d02-c084-4cc8-9b62-461bb0607876,0bd6aee5-32dd-453c-8ed5-76bd9788465a,true,true
fab9726b-3e37-4142-8cd0-13534bb2d88a,36c30b58-4874-4708-817c-1ad81d0e8d68,0bd6aee5-32dd-453c-8ed5-76bd9788465a,true,true
edf15ee4-7ad9-44cc-be20-47361fe291fe,d08ea155-7358-4d75-8524-883ea14162a7,ea967b68-c8a9-478e-b8f3-a6ab3ae23d99,true,true
f6a7235d-1276-45ba-a414-6b5fc15b4394,7c38d0d0-a8dd-48da-9a0a-aea8f4f3492b,0bd6aee5-32dd-453c-8ed5-76bd9788465a,true,true
3092378b-90e8-4bb6-9681-2c330b858401,d79c8601-7f60-4c22-90e5-0d3c6f44d0fa,0bd6aee5-32dd-453c-8ed5-76bd9788465a,true,true
c2b18e33-cb8f-4918-a8d8-d0f4bd09b900,c465facb-e900-4261-b3ca-4d871f203924,0bd6aee5-32dd-453c-8ed5-76bd9788465a,true,true
796a18d4-8da3-4d6d-88e7-d2f4913ceaf1,c465facb-e900-4261-b3ca-4d871f203924,ea967b68-c8a9-478e-b8f3-a6ab3ae23d99,true,true
931e07dd-28e3-4233-86de-f795aa0b205c,d4031205-2b44-47f8-b100-971ef69a7245,0bd6aee5-32dd-453c-8ed5-76bd9788465a,true,true
444b6a56-0f8d-4138-b92f-b90b7acd10c7,828b9786-b86a-47c6-b835-2b1b6bee209b,0bd6aee5-32dd-453c-8ed5-76bd9788465a,true,true
134b08ec-62be-47bd-bb5b-442f17d1ec2e,a258dd08-3a8d-4cfc-98f2-20bb9190d843,0bd6aee5-32dd-453c-8ed5-76bd9788465a,false,true
7a246ad6-a1cd-434f-a8fb-162bd6a860e6,95b13d34-8d15-4b0d-953e-8a682a5cd8c1,0bd6aee5-32dd-453c-8ed5-76bd9788465a,true,true
db6549b0-e9fc-4d09-b9cd-463eb4405c2f,396eced8-cc5e-471f-881f-e6c2069155db,0bd6aee5-32dd-453c-8ed5-76bd9788465a,true,true
f13a5716-9ec2-497d-a250-6fa8ac57be31,dced74c6-e9ee-40c4-891d-685fa149ed0f,0bd6aee5-32dd-453c-8ed5-76bd9788465a,true,true
a7d92f5d-ae34-4448-94c6-f3765acaee81,00a0ebfb-fe21-4f9f-b5f7-df6b69c17e00,0bd6aee5-32dd-453c-8ed5-76bd9788465a,true,true
c8fcac03-ad70-446f-ba17-9e2a9a82331a,b896d1ed-55c4-408e-8fdc-28b07bd4541e,0bd6aee5-32dd-453c-8ed5-76bd9788465a,true,true
42ae4efb-b4d6-42e3-a01e-bf754603cbe1,b896d1ed-55c4-408e-8fdc-28b07bd4541e,ea967b68-c8a9-478e-b8f3-a6ab3ae23d99,true,true
7f11d347-2b6b-4559-b6c3-0c99fd114022,6ea0fe84-7e72-46ed-9d6d-86256fa230bd,0bd6aee5-32dd-453c-8ed5-76bd9788465a,true,true
50c4e4de-c8c7-499b-b903-f4336116a98c,9343d535-079f-4c4c-824d-960ecf97f614,0bd6aee5-32dd-453c-8ed5-76bd9788465a,true,true
dfef3056-0bee-4064-85b9-222fa0061b85,934cdeb1-10dd-4b90-a9fc-22fdd63820bd,ea967b68-c8a9-478e-b8f3-a6ab3ae23d99,true,true
580072d3-0a74-445d-8da2-0d6bd3d679fe,7dc1a419-813e-4b93-9a8d-af68aa846140,0bd6aee5-32dd-453c-8ed5-76bd9788465a,true,true
9edaf32d-5bf3-436f-90c3-517b6bc1f0af,450a24a6-74be-4938-a9e7-c31147ca152c,0bd6aee5-32dd-453c-8ed5-76bd9788465a,true,true
b53e9d0a-a415-4959-8f50-ce9f2014b3d7,450a24a6-74be-4938-a9e7-c31147ca152c,ea967b68-c8a9-478e-b8f3-a6ab3ae23d99,true,true
583440be-7acd-4a48-87ca-6467e57b8eb5,eed1d845-f228-4129-a59b-202cd0504986,0bd6aee5-32dd-453c-8ed5-76bd9788465a,true,true
b7a63cc9-8da4-41ea-8df8-67a209d030f3,e9e66316-9c3d-4c78-882b-3e39bb6779c8,0bd6aee5-32dd-453c-8ed5-76bd9788465a,true,true
87e5315a-f972-48d5-bf99-4cbb30851984,a8e923a9-db55-401a-9d65-b0e22c431065,0bd6aee5-32dd-453c-8ed5-76bd9788465a,true,true
20c60f4e-d561-49e0-8690-6b65236e8631,54a2ca95-55c5-4406-bad3-7fe50f835ef2,0bd6aee5-32dd-453c-8ed5-76bd9788465a,true,true
d7c39232-a18d-4256-a9d5-949f5e8d5e4a,c52cb21e-4c7c-45fd-b17e-f65cd2f7d407,ea967b68-c8a9-478e-b8f3-a6ab3ae23d99,true,true
7aee92ab-542e-4ca3-a8b8-19b9e36bd511,03219b3f-846f-434a-b995-43b36266abbf,0bd6aee5-32dd-453c-8ed5-76bd9788465a,true,true
dfec1764-dfbb-4264-a373-053f8b3ccecb,03219b3f-846f-434a-b995-43b36266abbf,ea967b68-c8a9-478e-b8f3-a6ab3ae23d99,true,true
f500da51-9743-41ec-83b9-e0c1a7486986,26e8e6a2-d4a6-4d4b-a977-43159726e6cc,0bd6aee5-32dd-453c-8ed5-76bd9788465a,true,true
c15cd113-445e-434a-be25-afdba6243833,26e8e6a2-d4a6-4d4b-a977-43159726e6cc,67dbf9f7-4898-4b84-86cf-303137a363be,true,true
13befd5e-7c6c-43dc-b2bd-eb9bb96157d8,a30bf5af-e334-49ad-9780-af78057f12fb,0bd6aee5-32dd-453c-8ed5-76bd9788465a,true,true
a64df2c1-36ab-4ce4-9019-7ce95fc81e83,87d017b3-e246-4c84-b4a3-e8361ceb8ef0,0bd6aee5-32dd-453c-8ed5-76bd9788465a,true,true
7b32de10-abc7-4b65-a3da-2f748356f585,26e8e6a2-d4a6-4d4b-a977-43159726e6cc,ea967b68-c8a9-478e-b8f3-a6ab3ae23d99,true,true
b8e80d3e-69fa-4e61-91ee-62e3cdf6bff4,9b27dc97-7dd1-42d5-9482-ca8abcb5c26a,ea967b68-c8a9-478e-b8f3-a6ab3ae23d99,true,true
e7ba486a-a5c2-4f41-8eb8-4d0900739d99,18f9c043-663c-480a-8897-0c24e0ab9608,0bd6aee5-32dd-453c-8ed5-76bd9788465a,true,true
4fb9bdaf-7522-4c47-9529-a3403f290314,d3e66ea7-6a47-4d4d-a0f1-0fe145a18337,0bd6aee5-32dd-453c-8ed5-76bd9788465a,true,true
30911070-b51a-496e-8a21-37525f7981d5,6e21d790-415f-4e0c-a0ee-1666692b98d7,0bd6aee5-32dd-453c-8ed5-76bd9788465a,false,true
71662349-7087-4033-91d3-e7646ed5cc6c,99f52d84-0ece-4ceb-acf4-3263d651315f,ea967b68-c8a9-478e-b8f3-a6ab3ae23d99,true,true
84b54a38-f2d8-4956-8373-f0993dba03c8,99f52d84-0ece-4ceb-acf4-3263d651315f,0bd6aee5-32dd-453c-8ed5-76bd9788465a,true,true
639f5b0c-874d-44dc-a4f4-470def348abb,75a9f262-7906-484f-a5ff-b6292bbe1919,0bd6aee5-32dd-453c-8ed5-76bd9788465a,true,true
c9a9f9e3-554a-441a-b3f0-f41be2b25e92,75a9f262-7906-484f-a5ff-b6292bbe1919,ea967b68-c8a9-478e-b8f3-a6ab3ae23d99,true,true
ff1d09d8-33ff-49be-81d0-6a296aa02ab6,8e697efb-d67a-4296-95aa-c7d182b47dee,0bd6aee5-32dd-453c-8ed5-76bd9788465a,true,true
e3876ed7-6ac7-403d-9952-c0d15e14a096,a5a24737-823b-4cfd-9dfe-b6a0381b4746,0bd6aee5-32dd-453c-8ed5-76bd9788465a,false,true
138dc8c9-a05f-485b-a5c4-55cc3541123b,61a2a3eb-ff10-4cbd-b767-6812311f9711,0bd6aee5-32dd-453c-8ed5-76bd9788465a,true,true
0950c11c-e76c-4fba-9935-b04a059f35c7,d5371372-8dbb-4f89-96ac-6623791cc408,0bd6aee5-32dd-453c-8ed5-76bd9788465a,true,true
952c680f-7e67-4d77-9faf-eeff92f20c06,a128ef08-17b1-4bfd-948b-a99c1900931e,ea967b68-c8a9-478e-b8f3-a6ab3ae23d99,true,true
615926a3-224b-4a6e-a4bd-1e700c0f34fc,a128ef08-17b1-4bfd-948b-a99c1900931e,0bd6aee5-32dd-453c-8ed5-76bd9788465a,true,true
df5284fa-de2b-4c4d-9673-fd20401343b0,d5371372-8dbb-4f89-96ac-6623791cc408,ea967b68-c8a9-478e-b8f3-a6ab3ae23d99,false,true
9790be00-388f-4f04-9469-75f866493f44,089b252d-6920-4d18-b6ba-fe4fd8044ae2,0bd6aee5-32dd-453c-8ed5-76bd9788465a,true,true
e3a64a52-4f61-43f2-8f5c-50db367ddb04,0e57146c-00fe-4f7c-af2d-1a68cedc5cb9,0bd6aee5-32dd-453c-8ed5-76bd9788465a,true,true
f7d41026-f7ad-4737-bc36-3c87c3272f06,2f336082-1bfe-4343-a9b5-28e0c99837e5,0bd6aee5-32dd-453c-8ed5-76bd9788465a,true,true
f454596a-d265-42de-ab0d-2bfb977f4c55,cb1a8e80-c99b-4a52-bda3-fc530bd7b863,0bd6aee5-32dd-453c-8ed5-76bd9788465a,true,true
04c3e07b-83e2-4d09-87f3-9eb84826c8dd,895f6303-2b1f-48ba-b7d6-89fc6051189f,0bd6aee5-32dd-453c-8ed5-76bd9788465a,true,true
4491fbe0-c0c0-491a-b7ea-000c720871e1,70c24e3a-5b09-431d-be37-5350ff630d92,0bd6aee5-32dd-453c-8ed5-76bd9788465a,true,true
c5308fe5-27a9-4bb0-b5d5-a61966628748,3dd1595a-88f1-4ff7-90cf-f08391f51e08,0bd6aee5-32dd-453c-8ed5-76bd9788465a,true,true
77daa83e-11fe-4a1b-8de1-c094819ab7ac,f49291f8-f4bf-4cd5-b5e2-cba108524c67,0bd6aee5-32dd-453c-8ed5-76bd9788465a,true,true
eae74ab8-1c1f-4a96-8f26-d24b8eb48d7a,ca4cb76f-2f96-4249-a1a6-ee9929849454,ea967b68-c8a9-478e-b8f3-a6ab3ae23d99,true,true
249c019a-cb20-4561-be06-e5a69945d48a,ca4cb76f-2f96-4249-a1a6-ee9929849454,0bd6aee5-32dd-453c-8ed5-76bd9788465a,true,true
0594bd8f-4724-43a6-aed2-a08fd6262795,4a5fef4a-1d05-4418-8026-4083a4fa492c,ea967b68-c8a9-478e-b8f3-a6ab3ae23d99,true,true
f1360260-edee-489e-a049-65965e966395,4a5fef4a-1d05-4418-8026-4083a4fa492c,0bd6aee5-32dd-453c-8ed5-76bd9788465a,true,true
67bc4ab8-7fee-444b-a528-1c9fa7117c25,4a5fef4a-1d05-4418-8026-4083a4fa492c,67dbf9f7-4898-4b84-86cf-303137a363be,true,true
2a1f4b74-659b-49ee-b9bc-6a53a8da8345,fac1e9df-dcab-4966-b709-5d6f3e92094d,0bd6aee5-32dd-453c-8ed5-76bd9788465a,true,true
ce7346c2-3704-4568-bb88-0499e29f7a5e,007e1003-dbff-456d-bee8-b5162b82b2d1,0bd6aee5-32dd-453c-8ed5-76bd9788465a,true,true
820deabe-f20e-495b-819f-812d2d06eb56,e213e53a-9c49-403a-809a-d70cd78fa01e,0bd6aee5-32dd-453c-8ed5-76bd9788465a,true,true
3d85973d-d890-41fe-a0b4-d9c41a702c94,00bfa22e-ba49-448b-8653-727f1aeb023b,ea967b68-c8a9-478e-b8f3-a6ab3ae23d99,false,true
f2bec56b-b761-4169-aede-3bcda907ef97,00bfa22e-ba49-448b-8653-727f1aeb023b,67dbf9f7-4898-4b84-86cf-303137a363be,false,true
95a00c43-aa84-457c-a93f-313d3bc8b737,00bfa22e-ba49-448b-8653-727f1aeb023b,0bd6aee5-32dd-453c-8ed5-76bd9788465a,true,true
11e5bb65-b333-403e-86e9-f0599a8ef31f,e1c00ca2-4602-4cdd-b3e0-bd77430c301b,0bd6aee5-32dd-453c-8ed5-76bd9788465a,true,true
d25a11db-f69f-49eb-8372-0d6fd9394d3b,c6b75aaa-4dac-4bcf-a7e2-fe93aa391fbe,ea967b68-c8a9-478e-b8f3-a6ab3ae23d99,true,true
e745a2f0-f1d0-47d7-8614-be74c1c1dac1,a948c1c8-49a4-4e37-8e6f-c127a94adac1,0bd6aee5-32dd-453c-8ed5-76bd9788465a,true,true
9f8cc1cf-b746-4445-bc36-5a1b2a686c5e,8ad870a3-018d-4c70-b809-2b2e3116b406,0bd6aee5-32dd-453c-8ed5-76bd9788465a,true,true
2532de8c-f00a-46af-a24e-23a10222cc2e,103dbaac-532f-4549-97af-a45502aaa470,ea967b68-c8a9-478e-b8f3-a6ab3ae23d99,true,true
e8975555-4505-41ae-a316-730ea0adb6f4,2b545446-4d06-4531-adb7-07d2147a1b95,ea967b68-c8a9-478e-b8f3-a6ab3ae23d99,false,true
7a011119-7319-497d-9688-36a1320c2541,e3a25503-2cc1-479b-b154-4e2fb5731460,0bd6aee5-32dd-453c-8ed5-76bd9788465a,true,true
ed73518b-e33b-414a-9015-daa125175e30,e3a25503-2cc1-479b-b154-4e2fb5731460,ea967b68-c8a9-478e-b8f3-a6ab3ae23d99,true,true
d3bdcc5b-59a2-49c4-aced-d8654fcfc887,02149048-7f3c-49bd-afc8-6f99b134bca2,ea967b68-c8a9-478e-b8f3-a6ab3ae23d99,true,true
d10a520d-f5fa-4b7d-98e5-8702613f0d05,cecb3faa-940f-48ba-bc15-f48001466eba,0bd6aee5-32dd-453c-8ed5-76bd9788465a,true,true
475a8a5f-460b-48fe-93ed-e30761cab720,43d0684c-e53c-467c-8d35-c461c26a34cb,0bd6aee5-32dd-453c-8ed5-76bd9788465a,false,true
66557524-8b95-44a6-93b8-eb083a151740,ff5466c3-cd04-46c6-a8ca-3c229d1a6f2b,0bd6aee5-32dd-453c-8ed5-76bd9788465a,false,true
f7532e41-57c9-4789-a3a4-463671f0ebb1,1bdb7d5d-0879-44d6-b37a-2b3b15dbed18,ea967b68-c8a9-478e-b8f3-a6ab3ae23d99,true,true
a927caeb-5adf-4cd4-8ede-9a2de71f11d6,103dbaac-532f-4549-97af-a45502aaa470,0bd6aee5-32dd-453c-8ed5-76bd9788465a,true,true
e4a40228-504f-4f09-89e0-aadac2f940b4,5a7ec018-e2be-42ed-8bcc-809ec14bb850,0bd6aee5-32dd-453c-8ed5-76bd9788465a,true,true
9204d3b3-8282-4ede-81a2-e4e9668fdf42,5a7ec018-e2be-42ed-8bcc-809ec14bb850,ea967b68-c8a9-478e-b8f3-a6ab3ae23d99,true,true
6065fa5f-c30a-4dde-8153-b3e406f8bec8,8abc3165-1719-4f39-9fbd-1dd80ca1868d,ea967b68-c8a9-478e-b8f3-a6ab3ae23d99,true,true
e7001e1e-17ef-4256-906f-d8321a3807cd,6e4a5388-685c-4024-956b-37221183b97b,0bd6aee5-32dd-453c-8ed5-76bd9788465a,true,true
14850d80-075a-4901-8913-550b618506fb,966c1c7a-689f-4048-87f5-8120136d6de9,ea967b68-c8a9-478e-b8f3-a6ab3ae23d99,false,true
4c243a0b-1e39-42fe-9ac2-8e9a079d212f,966c1c7a-689f-4048-87f5-8120136d6de9,67dbf9f7-4898-4b84-86cf-303137a363be,false,true
9485c937-32f8-4fdc-937d-fc2cf932f3f2,95f91450-82e1-42c5-88f2-baf35b81ebf1,ea967b68-c8a9-478e-b8f3-a6ab3ae23d99,true,true
4403aacf-f3e0-4667-8822-f0f02ae55a42,29db2851-50c0-4b4f-89d3-9e4cf487a551,ea967b68-c8a9-478e-b8f3-a6ab3ae23d99,true,true
21de6b70-c0a7-45b5-aa31-9d5e58058ad8,97ac2769-3648-4054-9f09-aaa387d08569,0bd6aee5-32dd-453c-8ed5-76bd9788465a,true,true
993805bd-fc1b-433e-ba40-1ec8830708e5,cf73c21a-58a1-4cb6-8348-69013108868b,0bd6aee5-32dd-453c-8ed5-76bd9788465a,true,true
424e67e3-6c22-47bf-a6fc-8e2303bdb480,95f91450-82e1-42c5-88f2-baf35b81ebf1,0bd6aee5-32dd-453c-8ed5-76bd9788465a,true,true
ceca10b2-4ff5-4ee7-b6be-333578e39778,15a9a5ed-5f53-4ff0-8b54-de8dce234bbc,ea967b68-c8a9-478e-b8f3-a6ab3ae23d99,true,true
01879935-5f66-44aa-8ff9-1285c7b665aa,5df98b83-9c78-4d0e-8729-5010ec8b83e1,0bd6aee5-32dd-453c-8ed5-76bd9788465a,true,true
823cc6ef-d68d-4f57-85ea-a7d553f676ec,3d4be885-f38a-4815-9feb-2e009a96bb54,ea967b68-c8a9-478e-b8f3-a6ab3ae23d99,true,true
dfb74d30-3a98-445d-8139-de944834a882,15a9a5ed-5f53-4ff0-8b54-de8dce234bbc,0bd6aee5-32dd-453c-8ed5-76bd9788465a,true,true
0a37fde1-0834-41fb-ba5c-e93b645cc856,15a9a5ed-5f53-4ff0-8b54-de8dce234bbc,67dbf9f7-4898-4b84-86cf-303137a363be,true,true
9136514a-0198-4b99-b025-7b19fcd0db55,8772a160-98a5-40ff-a24b-1bf1b8eaf133,0bd6aee5-32dd-453c-8ed5-76bd9788465a,true,true
dcaf0839-1122-4880-aeb0-fad392340016,8772a160-98a5-40ff-a24b-1bf1b8eaf133,ea967b68-c8a9-478e-b8f3-a6ab3ae23d99,true,true
e3c905ee-3035-42b8-bb2f-8d856aa7b00e,870454f2-e74d-4d09-96d7-e8f9fc6a92bd,ea967b68-c8a9-478e-b8f3-a6ab3ae23d99,true,true
d1374dae-4ee0-4b6f-b6a0-ec0f9f3e2d2e,64ec8f08-2fac-4f33-a7d3-2aab9f6e95fc,ea967b68-c8a9-478e-b8f3-a6ab3ae23d99,true,true
162a8b8a-c5c9-4262-852b-6ad9c02d4ec9,26eeb585-a918-4043-9a31-3230b4a2876a,0bd6aee5-32dd-453c-8ed5-76bd9788465a,true,true
68354d0b-283b-41db-aaed-a4e84dda0c87,64ec8f08-2fac-4f33-a7d3-2aab9f6e95fc,0bd6aee5-32dd-453c-8ed5-76bd9788465a,true,true
73ff3509-a7b6-48c4-99b6-1804f6f866f7,870454f2-e74d-4d09-96d7-e8f9fc6a92bd,0bd6aee5-32dd-453c-8ed5-76bd9788465a,true,true
456ff01c-ece1-4d42-a62a-ac87a39bb2ca,ba4c53ee-de47-45c5-b45a-eaa552d1df9e,0bd6aee5-32dd-453c-8ed5-76bd9788465a,true,true
17e0cbb4-f46d-4783-b1a6-73db3db64d73,251d0082-deaa-4931-9fd5-384d4a777394,0bd6aee5-32dd-453c-8ed5-76bd9788465a,true,true
0e544bc7-3d2f-445c-9bb7-4636e3512ac4,3a82e0b4-6505-4e3c-a37a-19d2269dc51b,0bd6aee5-32dd-453c-8ed5-76bd9788465a,true,true
75e74398-b08c-41fa-8b38-c034813a82e4,0016b7bd-5b67-4d03-a26e-0468f4829aab,ea967b68-c8a9-478e-b8f3-a6ab3ae23d99,true,true
2b3789b0-425d-4029-b41e-919c8ff334c1,05302544-28b8-4752-8712-cdf5f58c2f42,0bd6aee5-32dd-453c-8ed5-76bd9788465a,true,true
ded10ba2-ee1b-4f14-9e3e-ac5d7ce20530,5a748e05-88e6-486f-bd7b-c53f05a16955,0bd6aee5-32dd-453c-8ed5-76bd9788465a,true,true
69292872-2515-4f8f-9bae-84bef1aae073,84dc7683-e4c0-46bb-b44b-39456946e933,ea967b68-c8a9-478e-b8f3-a6ab3ae23d99,true,true
c6b525ff-a7f9-4904-aeca-61ff77d8654e,99b1d57b-559f-41ca-a50a-734739576c43,0bd6aee5-32dd-453c-8ed5-76bd9788465a,true,true
a7c57a09-77ac-4648-93ff-f12ab9125ea5,99b1d57b-559f-41ca-a50a-734739576c43,ea967b68-c8a9-478e-b8f3-a6ab3ae23d99,true,true
1d44e39d-160c-47b4-be07-dfd16bc0a666,14600074-9d37-4825-9cf3-d98b99d3fa0d,ea967b68-c8a9-478e-b8f3-a6ab3ae23d99,true,true
2be20451-76ad-4f86-8939-a965bba39f56,89fdcf85-50b9-4468-80dd-ec9370e6475b,0bd6aee5-32dd-453c-8ed5-76bd9788465a,true,true
e585f59b-769b-472f-a037-834b14c75684,2e0fd8b8-fbc8-479c-bf72-4fe05258a964,0bd6aee5-32dd-453c-8ed5-76bd9788465a,true,true
d8f7f2b9-f088-4022-a3cf-a451afe8d050,505af5d6-f439-46ac-a1dd-dbdd4b5d95a9,0bd6aee5-32dd-453c-8ed5-76bd9788465a,true,true
03d954dd-9fd7-442f-84eb-566490bbcf69,c5dc2704-3388-4a9d-a166-d982a3f860d2,0bd6aee5-32dd-453c-8ed5-76bd9788465a,true,true
32172f74-a40c-468f-90d8-197c62f3c88e,9513e316-5eb0-4384-80f6-f15c5fb827ba,0bd6aee5-32dd-453c-8ed5-76bd9788465a,true,true
a4ec2740-ac8e-4402-aa0f-95d4818cc8cb,32e0634c-6cc4-4a9c-9e20-e728c98f98b2,ea967b68-c8a9-478e-b8f3-a6ab3ae23d99,true,true
ca261ccd-5420-4070-8257-452629ee06d0,32e0634c-6cc4-4a9c-9e20-e728c98f98b2,0bd6aee5-32dd-453c-8ed5-76bd9788465a,true,true
280044dc-5058-4d72-ad3e-2603c258304d,f33fd6ff-a554-42ac-a727-f36c86dabadf,0bd6aee5-32dd-453c-8ed5-76bd9788465a,true,true
0dd160f7-9b6e-4641-8c7c-275e4433efd4,7f54dbfb-25ce-46c5-80b5-aae7b5ca906f,0bd6aee5-32dd-453c-8ed5-76bd9788465a,true,true
9aa1ebf6-d81c-4d85-8c9c-d3c4b8cb3dfb,7f54dbfb-25ce-46c5-80b5-aae7b5ca906f,ea967b68-c8a9-478e-b8f3-a6ab3ae23d99,true,true
a4091b80-018b-4a3a-a1c5-ebe1aca4caa1,43e593a0-c809-40a3-9c6a-1af266cc0b41,0bd6aee5-32dd-453c-8ed5-76bd9788465a,true,true
c6fc2b71-94ef-46d2-84ab-86a21dde57d5,43e593a0-c809-40a3-9c6a-1af266cc0b41,ea967b68-c8a9-478e-b8f3-a6ab3ae23d99,true,true
54583b7b-3dc0-4bb8-ab45-8d87c89f17be,200a8ca1-f191-451b-926c-0e28fc301243,0bd6aee5-32dd-453c-8ed5-76bd9788465a,true,true
4fb01b02-0bbd-4ac0-aa0c-2a60e37fdcdb,bd6a7849-140f-4aec-9ebf-e980980c413f,0bd6aee5-32dd-453c-8ed5-76bd9788465a,true,true
73e4e802-ea00-4024-b8c5-e5a0694e074f,99dcf869-504e-475c-b55e-047f32018434,0bd6aee5-32dd-453c-8ed5-76bd9788465a,true,true
2d663839-2884-4a0d-88f8-47efd46ce770,bd6a7849-140f-4aec-9ebf-e980980c413f,ea967b68-c8a9-478e-b8f3-a6ab3ae23d99,true,true
18340dcf-563e-4c71-8e90-8da84706d40f,8b3e27fc-30e2-44f7-9ab4-7af5443daa34,ea967b68-c8a9-478e-b8f3-a6ab3ae23d99,true,true
40a66e21-b540-4443-a2d0-651eb8d46342,f04e3124-30ea-440c-8803-54736c6c2321,0bd6aee5-32dd-453c-8ed5-76bd9788465a,true,true
eb8ac5e8-242d-401e-8164-8977c4af111b,f2d7f107-713f-4a02-ad0f-374556608a6c,0bd6aee5-32dd-453c-8ed5-76bd9788465a,true,true
d75cb652-c56f-472c-bb05-f6125ef0ec55,7f91595d-4229-4f10-bf00-409e4db6f01c,0bd6aee5-32dd-453c-8ed5-76bd9788465a,true,true
975c9484-d7f7-49ba-a07b-f8160f046ec2,b893a6bf-9d43-49dc-bf46-20b25ca62469,0bd6aee5-32dd-453c-8ed5-76bd9788465a,true,true
1c0cdaaf-37d9-4945-a71d-3dc81efe3710,7f91595d-4229-4f10-bf00-409e4db6f01c,ea967b68-c8a9-478e-b8f3-a6ab3ae23d99,true,true
3d543765-6018-4642-9c49-a519edd48f04,3cf6a3f7-af9b-48f2-a284-aae30245d679,0bd6aee5-32dd-453c-8ed5-76bd9788465a,true,true
ecc2dfa5-dd02-417b-9d8e-30a34e5c4f81,20fe1822-08b9-465c-b263-96eb771cac66,0bd6aee5-32dd-453c-8ed5-76bd9788465a,true,true
51dc29a7-0f04-462c-b3d2-e9b14409c834,8332fe26-0b89-45a6-b55a-27093ef64cba,0bd6aee5-32dd-453c-8ed5-76bd9788465a,true,true
ad044d45-3f48-4067-8936-5f5f4dd99b42,5343481b-9dce-4991-afdf-81430ee7e47a,0bd6aee5-32dd-453c-8ed5-76bd9788465a,true,true
cded0364-b73d-492e-9f9e-64b437e165c2,29c2cd10-495a-4f2a-8751-a9105dbe2315,0bd6aee5-32dd-453c-8ed5-76bd9788465a,true,true
08087e39-9d01-4a06-8c84-55a825408f00,3fa69b47-89c4-4e81-8339-70b7c1568d26,0bd6aee5-32dd-453c-8ed5-76bd9788465a,true,true
650a3dbe-a727-40ab-988b-77fe84dd566e,8ff0bcdd-7ee8-44b5-914a-e1600216ad2f,0bd6aee5-32dd-453c-8ed5-76bd9788465a,true,true
1492c24e-d835-41d4-acd0-ab44460d666e,6d01d26d-e7e5-42da-a8e3-a5dd43b5264b,0bd6aee5-32dd-453c-8ed5-76bd9788465a,true,true
d6d410e9-4cb7-43d7-aa21-a9233b491b5a,56995e53-6816-438f-9505-25963cbc3a01,0bd6aee5-32dd-453c-8ed5-76bd9788465a,true,true
728c0061-a77c-46a0-8b3c-ec2795ee6d94,8e80f47b-b481-40ac-b304-d7e304549fee,ea967b68-c8a9-478e-b8f3-a6ab3ae23d99,true,true
cde76476-97c3-463c-b313-2dca306224c1,8e80f47b-b481-40ac-b304-d7e304549fee,0bd6aee5-32dd-453c-8ed5-76bd9788465a,true,true
6d1f7764-a98c-4e6f-90ab-d54f06f98551,4b8017a3-aeba-4d3e-9795-a594413fe8c4,0bd6aee5-32dd-453c-8ed5-76bd9788465a,true,true
d7bbccbb-d50a-49aa-a35d-b8d1638f7e24,4eb85d73-8d39-4e3e-a3d5-2f38c2cd7af6,0bd6aee5-32dd-453c-8ed5-76bd9788465a,true,true
312e372e-49bc-42a7-9caf-a081be3ce603,4eb85d73-8d39-4e3e-a3d5-2f38c2cd7af6,ea967b68-c8a9-478e-b8f3-a6ab3ae23d99,true,true
f80828af-8f10-4938-870c-da04734155cc,7cecbb1e-6bef-4b31-b3c2-bacc22a10c2a,67dbf9f7-4898-4b84-86cf-303137a363be,false,true
8d9d0a08-432f-40fb-8ab9-742a9154fb09,7cecbb1e-6bef-4b31-b3c2-bacc22a10c2a,ea967b68-c8a9-478e-b8f3-a6ab3ae23d99,true,true
10dadd15-822e-426b-864a-754190e74746,237d4ab0-4979-4768-b7d5-2e6b8e9564be,0bd6aee5-32dd-453c-8ed5-76bd9788465a,true,true
e4adc3ee-838d-4c0b-9d5e-fd1f37e69214,409a6fb4-81eb-4e68-9db7-a1fed6948c28,67dbf9f7-4898-4b84-86cf-303137a363be,true,true
5e76eae6-0224-4d12-b2b3-f467c2e44860,409a6fb4-81eb-4e68-9db7-a1fed6948c28,ea967b68-c8a9-478e-b8f3-a6ab3ae23d99,true,true
ba45aa96-f36e-4d6d-9af8-89bac6f89582,409a6fb4-81eb-4e68-9db7-a1fed6948c28,0bd6aee5-32dd-453c-8ed5-76bd9788465a,true,true
b93bbe85-5762-4fb1-90db-74969b9c4e5d,d5f01647-8c49-41af-ba76-7a4beae51f65,0bd6aee5-32dd-453c-8ed5-76bd9788465a,true,true
e04e0d76-a670-461c-93cd-1a2778606239,29db2851-50c0-4b4f-89d3-9e4cf487a551,0bd6aee5-32dd-453c-8ed5-76bd9788465a,true,true
127e7ac1-86a2-4a88-b90c-d386518d757e,281451f5-3c97-43bb-a689-426c2b7f5c2e,0bd6aee5-32dd-453c-8ed5-76bd9788465a,true,true
f2bcaa11-833d-457b-a953-dfc9d3ed3658,6f46c101-49ae-478c-b73c-de1c38e894db,0bd6aee5-32dd-453c-8ed5-76bd9788465a,true,true
d46671da-5202-4fcc-a3c0-ee5aeaa656ff,3fef3936-e314-4e4b-969b-0151b9b7d31f,0bd6aee5-32dd-453c-8ed5-76bd9788465a,false,true
a993dcb2-5e8a-426c-b178-8ab09ed69f4c,7ce023ac-c9fa-4dd8-a4ad-f9dc9cf483c0,0bd6aee5-32dd-453c-8ed5-76bd9788465a,true,true
59aeed16-5f91-4f9e-a6e9-eb4397e635f2,df3ec024-b169-422f-91e5-2cf2838f4cf2,ea967b68-c8a9-478e-b8f3-a6ab3ae23d99,true,true
f5686641-483e-44d9-a50a-25bbd555b7ed,df3ec024-b169-422f-91e5-2cf2838f4cf2,0bd6aee5-32dd-453c-8ed5-76bd9788465a,true,true
da2cd97a-d356-4161-9e73-48d828c3b158,8abc3165-1719-4f39-9fbd-1dd80ca1868d,0bd6aee5-32dd-453c-8ed5-76bd9788465a,true,true
aa0b1437-6616-4cdb-a683-02b92d7840ad,5c08a12d-c97a-4fe3-9b95-2ed457cd6705,0bd6aee5-32dd-453c-8ed5-76bd9788465a,true,true
9daffbe6-d122-48c6-858f-e193789990fa,4d28bcd9-c661-4fb2-a5b9-bd6710f35068,67dbf9f7-4898-4b84-86cf-303137a363be,false,true
a87592e3-237e-41b6-81d1-83815860c155,e6809484-9108-4f61-b01c-69dda19f39da,ea967b68-c8a9-478e-b8f3-a6ab3ae23d99,true,true
6e5f6cd5-1a01-4b1c-a0ab-dbe76b4a47db,4d28bcd9-c661-4fb2-a5b9-bd6710f35068,0bd6aee5-32dd-453c-8ed5-76bd9788465a,true,true
cacaa9a0-0e44-45e8-8ee6-3d21fc89d2e3,1173a72f-8fc2-4260-96fb-cd38fb63e8e9,0bd6aee5-32dd-453c-8ed5-76bd9788465a,true,true
ef056320-34aa-4fa5-a385-d67596ebd093,b2a13ae6-7b22-42d9-874b-b28f1e121eda,0bd6aee5-32dd-453c-8ed5-76bd9788465a,true,true
8c3bc4ed-ac03-4612-9371-8fd785c3d7c8,4d28bcd9-c661-4fb2-a5b9-bd6710f35068,ea967b68-c8a9-478e-b8f3-a6ab3ae23d99,false,true
0099b078-abb4-45b9-a097-81a40bc044a7,b2a13ae6-7b22-42d9-874b-b28f1e121eda,ea967b68-c8a9-478e-b8f3-a6ab3ae23d99,true,true
abcafc73-1e25-4e99-a5dd-0f7c81d30361,082c17e1-b9ed-44fd-af6f-16881a02ce95,0bd6aee5-32dd-453c-8ed5-76bd9788465a,true,true
5140c099-6191-437f-bc2e-8fe5f422ad8f,d3be3911-2aed-4218-999f-4bd3c2532e6c,0bd6aee5-32dd-453c-8ed5-76bd9788465a,true,true
e5b81d3f-db2a-4acd-9f94-3f19d550a478,060fb997-90c7-45fb-b4e0-f4027c1a1d67,0bd6aee5-32dd-453c-8ed5-76bd9788465a,true,true
10d5ff0a-85b9-4419-822e-889839e5e677,1dcfd262-c3c9-45ca-8a11-f07d8c7856ad,67dbf9f7-4898-4b84-86cf-303137a363be,true,true
781b2102-af8d-43fb-bbb5-a9927685d66f,9bdeca1c-d3fc-434e-a570-4a1eacf6cf0a,0bd6aee5-32dd-453c-8ed5-76bd9788465a,true,true
e2a46ad2-b148-46f6-9b88-6b37f0f8c6d6,57fe71bc-d7d9-452f-88cb-deb8e1fb1fe1,0bd6aee5-32dd-453c-8ed5-76bd9788465a,true,true
ad4cf630-88cc-410f-b9ca-db30216bbb7b,5e2309a3-8dc5-4631-ac26-c76d1ed62830,0bd6aee5-32dd-453c-8ed5-76bd9788465a,true,true
efdc2e6e-0867-4c4f-bc83-7cff85e5efbf,41242cf3-b21d-4cc9-bd0d-22625d9e9b2e,0bd6aee5-32dd-453c-8ed5-76bd9788465a,true,true
0a249de0-fd36-4496-82d8-ee176efef62b,e7b8bd94-d02a-4c71-bbac-a2693b135376,0bd6aee5-32dd-453c-8ed5-76bd9788465a,true,true
b636f45d-e7a1-401d-9c73-b69eda09d318,9536bf44-c105-4a3e-a40d-935b9972c7e2,0bd6aee5-32dd-453c-8ed5-76bd9788465a,true,true
059326ea-a7d4-4e4c-aedb-13c5261ef5c0,5e2309a3-8dc5-4631-ac26-c76d1ed62830,ea967b68-c8a9-478e-b8f3-a6ab3ae23d99,true,true
350e3fb8-b440-4def-af8d-33eff313ebe5,e0f39820-d45e-436f-bb55-95a085f7184d,0bd6aee5-32dd-453c-8ed5-76bd9788465a,true,true
b68d7af0-d1c6-42a5-b4cd-f0c9cfc6b19a,e0f39820-d45e-436f-bb55-95a085f7184d,ea967b68-c8a9-478e-b8f3-a6ab3ae23d99,true,true
cdad8823-2d14-4497-9e0b-50f688e514af,f1c7aa92-baa9-4609-9cf6-c6cec2a469aa,0bd6aee5-32dd-453c-8ed5-76bd9788465a,true,true
4165c573-bc94-4259-a3dd-1ae41701c46b,f1c7aa92-baa9-4609-9cf6-c6cec2a469aa,ea967b68-c8a9-478e-b8f3-a6ab3ae23d99,true,true
841b7ba5-9ebf-4c74-bb1c-9fa1d9e35e18,9cd2ef53-0f9c-4a30-ab09-a5cd9254f66d,0bd6aee5-32dd-453c-8ed5-76bd9788465a,true,true
c42824cb-7ff0-4bf5-a088-56fa5804efae,3f03c830-805e-4e19-9714-f2a2fb279662,0bd6aee5-32dd-453c-8ed5-76bd9788465a,true,true
d3cd5a03-9309-4bfb-b594-3f2d8bd2225c,9cd2ef53-0f9c-4a30-ab09-a5cd9254f66d,ea967b68-c8a9-478e-b8f3-a6ab3ae23d99,true,true
cc521841-aec1-4b89-8d7e-3c1029df2928,b2c8ab8d-8f20-4a98-9cb6-a415bbeba4c8,0bd6aee5-32dd-453c-8ed5-76bd9788465a,true,true
9a2f072e-c643-465b-9b74-4fa97b65702d,a21b18a7-e2ab-464e-9d7b-5df371f593aa,ea967b68-c8a9-478e-b8f3-a6ab3ae23d99,true,true
174c53ba-6c86-4f42-aa70-5f6b3c86e1f4,c7582fa4-262f-49e7-b950-271eca274b81,0bd6aee5-32dd-453c-8ed5-76bd9788465a,true,true
1ab9e4f7-dd32-416b-b82c-d3df6a36a0c6,a21b18a7-e2ab-464e-9d7b-5df371f593aa,0bd6aee5-32dd-453c-8ed5-76bd9788465a,true,true
3e58698f-ed02-49b3-878a-7134e423f31d,313ffad7-731b-46b5-92ea-5878065f1e1e,ea967b68-c8a9-478e-b8f3-a6ab3ae23d99,true,true
6566ac6b-040a-4d60-ba77-34fea86f079a,28e310a1-1b76-43bb-b152-20c97c5413d8,0bd6aee5-32dd-453c-8ed5-76bd9788465a,true,true
33de579b-c4a6-4d81-9590-4d4539e811d8,b001f35e-a921-4501-ab49-5055ad3bf45e,ea967b68-c8a9-478e-b8f3-a6ab3ae23d99,true,true
91158217-4ae8-4f29-a6bb-272dbc3ce57d,5eccab6c-c90a-4ca1-aa88-596aafe9dfce,ea967b68-c8a9-478e-b8f3-a6ab3ae23d99,true,true
e1021fd0-fba3-42ab-bb59-87edaad492f5,59ac437d-a2be-4a9f-a54a-5a45ead90d56,0bd6aee5-32dd-453c-8ed5-76bd9788465a,false,true
8ea787fa-e98f-4350-8407-5c3660d309cf,5c272be5-0120-4970-b282-7c927d429402,0bd6aee5-32dd-453c-8ed5-76bd9788465a,true,true
3ced15a5-a3bd-4526-b29f-302830314af8,b001f35e-a921-4501-ab49-5055ad3bf45e,0bd6aee5-32dd-453c-8ed5-76bd9788465a,true,true
545e11b7-09e1-464e-8824-5e616b538028,546c5fc3-0bb5-4e45-bedf-ad60a0a07d88,ea967b68-c8a9-478e-b8f3-a6ab3ae23d99,true,true
62db74e2-9eeb-4c60-9aa5-44a27a099062,7abfad19-8953-437a-b91f-6273587e4ad2,0bd6aee5-32dd-453c-8ed5-76bd9788465a,true,true
01920662-7fff-4400-bd69-ae6b24931960,146fe1ce-e94a-41dc-a6ff-d89b21245456,0bd6aee5-32dd-453c-8ed5-76bd9788465a,true,true
c51c60b3-fed6-45f9-b56c-2c1b4ac27134,f54dc86c-27bf-48de-938c-b6df5451220c,ea967b68-c8a9-478e-b8f3-a6ab3ae23d99,true,true
c732f54d-abd7-4cd3-a250-00c84be63800,f54dc86c-27bf-48de-938c-b6df5451220c,0bd6aee5-32dd-453c-8ed5-76bd9788465a,true,true
07dd354a-c91d-4d88-8ab3-4ef49e29a629,4665586b-5060-45dd-8fbd-d7558823b445,ea967b68-c8a9-478e-b8f3-a6ab3ae23d99,true,true
45620d10-5d1f-44f7-a4b4-3aea0f9c37a2,35d064c2-19c1-4557-9f5e-de56c8cf53c7,ea967b68-c8a9-478e-b8f3-a6ab3ae23d99,true,true
9ae0eee6-30b7-48a6-9a50-e2801298c719,b5488b1a-3173-4666-913c-392e54045e98,ea967b68-c8a9-478e-b8f3-a6ab3ae23d99,true,true
fde08754-a27d-4bb0-b7d1-dc88abebfcd8,b5488b1a-3173-4666-913c-392e54045e98,0bd6aee5-32dd-453c-8ed5-76bd9788465a,true,true
800c9bae-431d-4de1-8d1b-a5bd07efcf84,5f9a76f3-d5ce-49ed-b138-ca35ead16b96,0bd6aee5-32dd-453c-8ed5-76bd9788465a,true,true
92bc0394-2421-45d8-a994-92317cdd9d96,b7717885-9476-4e3d-9822-924ab6ad5dd9,0bd6aee5-32dd-453c-8ed5-76bd9788465a,true,true
597fbdd9-6b17-4368-8382-63f25ad04b4b,1f8d4cb8-dfac-428b-870a-0c91b80b3db3,0bd6aee5-32dd-453c-8ed5-76bd9788465a,true,true
62340933-8916-4a00-9f4d-e4463e678215,d7386161-670c-4a41-8d1e-a190d9d83d49,0bd6aee5-32dd-453c-8ed5-76bd9788465a,false,true
b7d0ddd6-68cb-40cb-ba28-6a15c72915c4,5c7bd02c-da59-4cda-bd4c-f5b144015e73,ea967b68-c8a9-478e-b8f3-a6ab3ae23d99,true,true
9c7f9652-4632-4790-95bc-853c3435b687,5c7bd02c-da59-4cda-bd4c-f5b144015e73,0bd6aee5-32dd-453c-8ed5-76bd9788465a,true,true
538649a3-4e9f-4352-b079-2d9f661a0051,757ab8aa-382a-499e-8ab8-d4187049dc4b,0bd6aee5-32dd-453c-8ed5-76bd9788465a,true,true
96527fe3-0d98-4def-b157-2908d9adf41b,a59ad13c-ab10-405a-a9cf-ee9cada3e1cc,ea967b68-c8a9-478e-b8f3-a6ab3ae23d99,true,true
ecab6bbd-a2e7-4ca8-916f-3ef7269abc56,a59ad13c-ab10-405a-a9cf-ee9cada3e1cc,67dbf9f7-4898-4b84-86cf-303137a363be,true,true
e1667843-e943-4f3b-ae72-f52c1adf6936,a59ad13c-ab10-405a-a9cf-ee9cada3e1cc,0bd6aee5-32dd-453c-8ed5-76bd9788465a,true,true
d8794b17-9c47-4454-bf04-f437f55f183b,60b22b11-1a91-4a16-9ec4-b312208bff1f,0bd6aee5-32dd-453c-8ed5-76bd9788465a,true,true
81015cbe-efe1-490b-b186-0bac92ddd415,a451a322-9ef8-4ce3-ab81-10ae2dd70c32,0bd6aee5-32dd-453c-8ed5-76bd9788465a,true,true
2e4f384c-ea49-400c-b698-1831b3ded8dc,f4d0c33b-66c2-46b7-bbee-da96b23a9f76,0bd6aee5-32dd-453c-8ed5-76bd9788465a,true,true
af741369-0cdd-490e-b919-b03cca41abf2,f4d0c33b-66c2-46b7-bbee-da96b23a9f76,ea967b68-c8a9-478e-b8f3-a6ab3ae23d99,true,true
c785d86f-d93c-49fb-ac13-7adf963669ae,26cc38ea-7d8b-49f4-8a71-a43cfc3750d1,0bd6aee5-32dd-453c-8ed5-76bd9788465a,true,true
a575593a-33c8-444d-9869-ebada189a9d9,26cc38ea-7d8b-49f4-8a71-a43cfc3750d1,ea967b68-c8a9-478e-b8f3-a6ab3ae23d99,true,true
00ad8283-7c72-4d35-81e3-321a5d4bd403,26cc38ea-7d8b-49f4-8a71-a43cfc3750d1,67dbf9f7-4898-4b84-86cf-303137a363be,false,true
63ef89fa-2e2d-4e6a-9e71-1405d3d3e7b1,33b39d3b-060f-4485-8d1d-0b2dabad2996,0bd6aee5-32dd-453c-8ed5-76bd9788465a,true,true
b0a56501-c268-4150-8352-d96311fff5f0,1c8d1158-d006-49d4-b9df-801f20ef8f94,0bd6aee5-32dd-453c-8ed5-76bd9788465a,true,true
27e85fcf-7376-4234-9604-391046781e39,1c8d1158-d006-49d4-b9df-801f20ef8f94,ea967b68-c8a9-478e-b8f3-a6ab3ae23d99,true,true
e529cbf7-0949-4251-af0b-0e1cf6690104,fa321d61-33e6-43cd-bfc3-7046fe3082bb,0bd6aee5-32dd-453c-8ed5-76bd9788465a,true,true
9f07785b-e79f-4789-b81e-0afc84662f04,187e04e2-658f-4426-bfd8-d550aa16c973,0bd6aee5-32dd-453c-8ed5-76bd9788465a,true,true
3796f7bc-7449-4ae7-97cf-f8b788524e8c,187e04e2-658f-4426-bfd8-d550aa16c973,67dbf9f7-4898-4b84-86cf-303137a363be,false,true
c676e1e5-ef52-4380-8fa3-87666c1215af,187e04e2-658f-4426-bfd8-d550aa16c973,ea967b68-c8a9-478e-b8f3-a6ab3ae23d99,false,true
8b3f3c7e-5b4d-440d-ae4e-0431a9a93297,74f77a0f-5c4c-4467-bfe0-02ffe0587ece,ea967b68-c8a9-478e-b8f3-a6ab3ae23d99,true,true
dfd869ea-ab1d-4d32-9478-e00dd0e8ef65,74f77a0f-5c4c-4467-bfe0-02ffe0587ece,0bd6aee5-32dd-453c-8ed5-76bd9788465a,true,true
90864b63-066b-47f1-a91a-dbf3a135ebc5,e309c541-5cdb-454c-939a-92086c8dca2e,0bd6aee5-32dd-453c-8ed5-76bd9788465a,true,true
af44f85f-ebb6-4d5c-a415-8bc7c62c7316,f1ff006a-384a-4838-8099-7896247bd802,ea967b68-c8a9-478e-b8f3-a6ab3ae23d99,true,true
c7dca196-d1b9-4e0f-8f2d-b36a98521d5f,8ecbb7b1-8ef7-4dbe-bd3d-69e61e0d1ac2,0bd6aee5-32dd-453c-8ed5-76bd9788465a,true,true
68d40837-40cc-450c-9a66-642260dd9c6b,8ecbb7b1-8ef7-4dbe-bd3d-69e61e0d1ac2,ea967b68-c8a9-478e-b8f3-a6ab3ae23d99,true,true
2df2933b-5965-43ea-8200-dc70ec590d1f,8ecbb7b1-8ef7-4dbe-bd3d-69e61e0d1ac2,67dbf9f7-4898-4b84-86cf-303137a363be,true,true
ff29fcbc-9093-4cc9-ae87-a5ec5dcbafe2,b5f854d6-2cd0-42f9-99fc-265a6895e2b2,0bd6aee5-32dd-453c-8ed5-76bd9788465a,true,true
31614dab-0839-417f-950d-863d8dbb149c,b5f854d6-2cd0-42f9-99fc-265a6895e2b2,ea967b68-c8a9-478e-b8f3-a6ab3ae23d99,true,true
e2cb0883-eb19-4b60-a5f7-0553ce339faf,75f5667c-1a4c-4c88-8b8a-cf9b4e3d54cd,0bd6aee5-32dd-453c-8ed5-76bd9788465a,true,true
d543fa86-d3d0-4d7b-bb5b-9227defa45e1,0e22d70c-0615-44e5-adf7-14265ae2faad,0bd6aee5-32dd-453c-8ed5-76bd9788465a,true,true
e48f402b-8af9-407c-8ab4-6092dd2a4135,0e22d70c-0615-44e5-adf7-14265ae2faad,67dbf9f7-4898-4b84-86cf-303137a363be,true,true
c1473e13-aff5-4727-958f-5a2b6f0ca429,1bd67b95-45b6-4fd9-8483-b1e971686c4b,0bd6aee5-32dd-453c-8ed5-76bd9788465a,true,true
27178526-a791-406c-93c9-0a2d5908ba9f,5cde2e18-d926-42ea-8bd8-6b251c8483ab,ea967b68-c8a9-478e-b8f3-a6ab3ae23d99,true,true
2863fb71-2050-4591-8d01-ca155dd1e3a1,851d3675-cb58-415d-9aab-0999b8d788b0,0bd6aee5-32dd-453c-8ed5-76bd9788465a,true,true
3a48357c-669f-45ea-a88f-cdcd6d1efb25,9f6077a7-ed25-405c-95e2-05537fb008b6,ea967b68-c8a9-478e-b8f3-a6ab3ae23d99,true,true
e666986f-2312-47f2-bb82-486030907662,5cde2e18-d926-42ea-8bd8-6b251c8483ab,0bd6aee5-32dd-453c-8ed5-76bd9788465a,true,true
7425e69c-2f9d-456a-a975-af574a9dcfbd,b10ff69d-8099-43a6-8043-e894fe93f168,ea967b68-c8a9-478e-b8f3-a6ab3ae23d99,true,true
4a26a11d-59ea-4471-a0b2-0702e58ac604,34ea7bd0-4a9a-432a-ab3f-4f750a8b9aa4,0bd6aee5-32dd-453c-8ed5-76bd9788465a,true,true
eb92e963-0275-4107-b48e-3dbe6c7484f0,c465facb-e900-4261-b3ca-4d871f203924,67dbf9f7-4898-4b84-86cf-303137a363be,true,true
d6a79fcc-ac01-4fe6-80b1-33a91493692d,e75abfc1-b66f-4289-8cec-26665858dbfd,0bd6aee5-32dd-453c-8ed5-76bd9788465a,true,true
a24fee07-7f7e-4f79-a9a3-98e5f8f4b5ea,902965f8-725c-4c5b-8ad1-21b3ded75f8c,0bd6aee5-32dd-453c-8ed5-76bd9788465a,true,true
689eea2a-0fb6-4e88-a37d-c64801141410,38f77fc7-2448-420c-ab13-882fd2ac8810,ea967b68-c8a9-478e-b8f3-a6ab3ae23d99,true,true
7fd01be6-d1d2-4571-b9c2-f96b48ad6f2f,38f77fc7-2448-420c-ab13-882fd2ac8810,0bd6aee5-32dd-453c-8ed5-76bd9788465a,true,true
e77ed51d-f7ac-4a77-b434-4304292317e7,e53fc3e2-513b-4596-823f-2c895cb4d8cc,0bd6aee5-32dd-453c-8ed5-76bd9788465a,true,true
3e42c82e-b077-4ef3-b14c-79890d5c1196,e53fc3e2-513b-4596-823f-2c895cb4d8cc,ea967b68-c8a9-478e-b8f3-a6ab3ae23d99,true,true
fc2d7518-bef6-4593-ae55-416ee12ea75f,b10ff69d-8099-43a6-8043-e894fe93f168,0bd6aee5-32dd-453c-8ed5-76bd9788465a,true,true
d465ec66-14b5-4ff8-bfbf-9467177dc53c,13970879-9b37-4b35-beb1-5291721943dc,ea967b68-c8a9-478e-b8f3-a6ab3ae23d99,true,true
c24cc916-6fa6-4300-bc79-aea1045ab73a,9153fd1c-703f-468d-b6f4-0ae7eb6c3117,0bd6aee5-32dd-453c-8ed5-76bd9788465a,true,true
aa22ec19-26db-4379-9ea6-0e0895e4da46,226d43fa-7e57-4b52-b0dd-81b3d76ef9ad,0bd6aee5-32dd-453c-8ed5-76bd9788465a,true,true
0937330a-07d6-4d8d-9b6e-5cd9cf99ba81,ccaf7b6d-8441-4651-8331-915afef78d6d,ea967b68-c8a9-478e-b8f3-a6ab3ae23d99,true,true
02482c96-ec1b-489f-acf6-18f86f188248,f9f8f329-7317-4b07-b810-02046b8fdb25,ea967b68-c8a9-478e-b8f3-a6ab3ae23d99,true,true
e4ff5819-8bb0-4c9c-9e3d-6830fe7fd575,c30345c4-49e4-41dd-9ddd-649f9127ae33,ea967b68-c8a9-478e-b8f3-a6ab3ae23d99,true,true
f2d0d67a-0586-4b2d-81f3-76437a1c3bde,39fdbebd-b447-4c42-8956-123f7587181e,ea967b68-c8a9-478e-b8f3-a6ab3ae23d99,true,true
9ba83da3-79d7-4aad-b847-4e3a18d4702e,6b8c2e54-b50d-436b-b3df-ea4ee20154fd,0bd6aee5-32dd-453c-8ed5-76bd9788465a,true,true
51b41175-d483-4b64-89cf-c722e849ab6a,25b5cf1c-6cf1-4b2d-bd39-cf7193475b6d,0bd6aee5-32dd-453c-8ed5-76bd9788465a,true,true
8d9ca36a-a929-4b8f-84cb-fa320922310d,ebb76402-6b2b-489a-9461-73a6bd99703d,0bd6aee5-32dd-453c-8ed5-76bd9788465a,true,true
d33f3141-df00-42f0-a049-9c5f30dbc3d7,ebb76402-6b2b-489a-9461-73a6bd99703d,ea967b68-c8a9-478e-b8f3-a6ab3ae23d99,true,true
a0988dd9-fefc-4de2-b976-a7d049ede0b1,bdfd347d-cb74-4115-ba6e-861fd1c67e25,ea967b68-c8a9-478e-b8f3-a6ab3ae23d99,true,true
c7144d6b-f620-496d-87b7-cdf6146b564e,bdfd347d-cb74-4115-ba6e-861fd1c67e25,0bd6aee5-32dd-453c-8ed5-76bd9788465a,true,true
7c5710b5-6fba-430e-b497-b3540d42e3f9,13e45f61-617e-4371-9cb7-c796e8f59253,0bd6aee5-32dd-453c-8ed5-76bd9788465a,true,true
876cc23b-6532-4729-be26-cf91b1e4c8d2,58e64c71-64c0-40d1-a0d5-928dc13bd324,0bd6aee5-32dd-453c-8ed5-76bd9788465a,true,true
3a949874-1935-45d8-978b-83bc41e733ea,05eeddda-64ce-415c-841a-7fb7abbb6416,ea967b68-c8a9-478e-b8f3-a6ab3ae23d99,true,true
9872bea1-f918-4565-a801-21e011b79362,05eeddda-64ce-415c-841a-7fb7abbb6416,0bd6aee5-32dd-453c-8ed5-76bd9788465a,true,true
ff488b82-1516-4f77-aae8-d223633fd8aa,ec0f53a7-95ef-421f-9187-1a9c6640c2a2,0bd6aee5-32dd-453c-8ed5-76bd9788465a,true,true
591f7b0f-3f3a-4994-85da-c69f1403a744,cc137e4c-190f-40d9-8b39-ebdf05f65c9a,0bd6aee5-32dd-453c-8ed5-76bd9788465a,true,true
ec1619ec-633a-41a1-ba29-e31a473ebed0,9b62aa19-9f3a-4027-8829-270c7e03816c,0bd6aee5-32dd-453c-8ed5-76bd9788465a,true,true
f8ea26f9-11b9-4be3-b555-10877163f48b,1762b84a-e9b9-4c45-b250-0ba036555843,0bd6aee5-32dd-453c-8ed5-76bd9788465a,true,true
7e00d8dd-f2b4-4da5-816a-eade859cc3ff,fcd6b422-f8a5-4016-a33e-8a1606617160,0bd6aee5-32dd-453c-8ed5-76bd9788465a,true,true
0afab734-eae9-461a-b564-0f59fc829ef8,7f323b04-f8ad-482e-9e38-f06facd76afc,ea967b68-c8a9-478e-b8f3-a6ab3ae23d99,true,true
65f36881-2943-4c86-afd4-0c18bf4f3684,7f323b04-f8ad-482e-9e38-f06facd76afc,0bd6aee5-32dd-453c-8ed5-76bd9788465a,true,true
a3db0b34-7db7-4f4b-9f73-977fc749e735,4e4566b7-8619-4130-881b-0c5500485885,0bd6aee5-32dd-453c-8ed5-76bd9788465a,true,true
bc056d87-bc00-44f5-8597-c5657336bad4,7ef70082-b065-490b-be8f-0a00c3a27dcc,ea967b68-c8a9-478e-b8f3-a6ab3ae23d99,true,true
0f6e71a7-d931-48c6-a99c-b08b10e51083,69c5514a-a53a-47aa-8f10-ddbc4081c836,0bd6aee5-32dd-453c-8ed5-76bd9788465a,true,true
9d96db76-7810-4099-86b6-703c753c5a74,83d66ede-f92e-40d7-a9cf-85424121c224,0bd6aee5-32dd-453c-8ed5-76bd9788465a,false,true
4a5af943-9385-47a4-ba1d-0df5882b5de2,6d07299c-7ca2-4507-8db3-32af9ec6c0ca,0bd6aee5-32dd-453c-8ed5-76bd9788465a,true,true
e756a13a-7c50-4c26-ae27-7d9d4ddc9b7f,c38ea3be-bd74-4855-89aa-f915dcef06b4,0bd6aee5-32dd-453c-8ed5-76bd9788465a,true,true
ba1d39b0-31cd-47d7-9e3c-045441cc19bb,2e513065-1958-465e-8a46-d87d6bc8e2d9,0bd6aee5-32dd-453c-8ed5-76bd9788465a,true,true
a143cf32-3e78-46d0-9183-4c01d22ec040,d06f72c9-ae6c-4344-b7cc-ff3d68de4904,0bd6aee5-32dd-453c-8ed5-76bd9788465a,true,true
b76113f7-8041-4acb-afd9-4f379331fb96,d06f72c9-ae6c-4344-b7cc-ff3d68de4904,ea967b68-c8a9-478e-b8f3-a6ab3ae23d99,false,true
ed756c1b-9db1-49e1-9691-56a48494d011,2e513065-1958-465e-8a46-d87d6bc8e2d9,ea967b68-c8a9-478e-b8f3-a6ab3ae23d99,true,true
dccc8866-7030-4b08-9275-220ae724c306,8250245b-7685-4d9e-ba5a-5dd3a5b363df,0bd6aee5-32dd-453c-8ed5-76bd9788465a,true,true
a8197c04-6707-48bc-a9a4-749cfb071051,8250245b-7685-4d9e-ba5a-5dd3a5b363df,ea967b68-c8a9-478e-b8f3-a6ab3ae23d99,false,true
78f220cb-823f-4760-9a3d-df13543180aa,28e7f088-055c-4d22-9230-3550b69ecdd6,ea967b68-c8a9-478e-b8f3-a6ab3ae23d99,true,true
0a1551e1-8e00-40dd-af7f-0d775f553fc3,28e7f088-055c-4d22-9230-3550b69ecdd6,0bd6aee5-32dd-453c-8ed5-76bd9788465a,true,true
353c5eef-b4a1-4f33-a23e-d226ca757f93,69dc8ef7-e539-4051-9a72-d118cc329265,0bd6aee5-32dd-453c-8ed5-76bd9788465a,true,true
207c5f28-c5eb-4345-9d8f-dcb13876503c,69dc8ef7-e539-4051-9a72-d118cc329265,67dbf9f7-4898-4b84-86cf-303137a363be,false,true
4d59f11e-276b-4008-acf7-cb7021f6f2ac,69dc8ef7-e539-4051-9a72-d118cc329265,ea967b68-c8a9-478e-b8f3-a6ab3ae23d99,false,true
36713af5-ffc5-413b-a6b3-74062d80faea,522f52e4-c781-411c-9fa8-b024be85a8a1,0bd6aee5-32dd-453c-8ed5-76bd9788465a,true,true
259f7f88-c319-4148-8b17-c88e09e2c994,20841fa2-871b-45a8-87bc-0f4ac7bf7574,ea967b68-c8a9-478e-b8f3-a6ab3ae23d99,true,true
39a01857-3956-49ca-ba3f-155b01f94abd,20841fa2-871b-45a8-87bc-0f4ac7bf7574,0bd6aee5-32dd-453c-8ed5-76bd9788465a,true,true
07d17350-06b8-4c21-893e-c9d9161f7d84,4698ad85-2b29-4384-b066-a2286ae771c7,0bd6aee5-32dd-453c-8ed5-76bd9788465a,true,true
141d1697-2e04-40eb-876c-eed36ba670e4,74a97268-c1d0-438f-a71d-90c235b82436,0bd6aee5-32dd-453c-8ed5-76bd9788465a,true,true
a2bec926-cb51-4f41-b8e5-d1eae9e82c07,e2d45912-b15c-4eef-be98-1ac4d0fc798a,0bd6aee5-32dd-453c-8ed5-76bd9788465a,true,true
9c627013-53c0-49a6-9b27-e6a1a26c9d61,cd7dde45-a305-496d-ab5a-0cae351614da,0bd6aee5-32dd-453c-8ed5-76bd9788465a,true,true
3687bf3e-959f-4f04-92db-3e8af5acb5b3,e21b4b89-d2a0-44e0-bc0b-f0c4fab84206,ea967b68-c8a9-478e-b8f3-a6ab3ae23d99,true,true
429cea09-67c1-4153-8f9c-2c3db9b49669,e21b4b89-d2a0-44e0-bc0b-f0c4fab84206,0bd6aee5-32dd-453c-8ed5-76bd9788465a,true,true
4c933cdb-efc0-41ed-8941-ac3c82f53a95,814ba6ed-abf0-4721-aaa7-3bbb813024ea,ea967b68-c8a9-478e-b8f3-a6ab3ae23d99,false,true
8870c10c-3f43-4fe7-90b3-d6c9abc7879c,814ba6ed-abf0-4721-aaa7-3bbb813024ea,0bd6aee5-32dd-453c-8ed5-76bd9788465a,true,true
d5825331-9e73-462d-95ac-8aa092166227,7cd2a961-9394-4a94-b279-3c231da581af,0bd6aee5-32dd-453c-8ed5-76bd9788465a,true,true
a132d25f-c6f8-4cce-9c4b-afcaa201b3d6,7ea1125b-73e1-4df2-92ce-46a9d86c78e2,ea967b68-c8a9-478e-b8f3-a6ab3ae23d99,true,true
edd0b453-f36b-4ff0-8f43-aa290249d1d0,7ea1125b-73e1-4df2-92ce-46a9d86c78e2,0bd6aee5-32dd-453c-8ed5-76bd9788465a,true,true
ec19956f-5516-46f6-ad17-f24de66fcc61,f8e793b4-dcbf-41a3-b897-fe85d3ca1eb5,0bd6aee5-32dd-453c-8ed5-76bd9788465a,true,true
563ad051-25a5-40f1-8b96-449bcccd6654,e36755ce-366a-4cf1-98fb-9f2f563505cd,ea967b68-c8a9-478e-b8f3-a6ab3ae23d99,true,true
0a770b97-9ff4-41b1-879a-8dbb23353607,e36755ce-366a-4cf1-98fb-9f2f563505cd,0bd6aee5-32dd-453c-8ed5-76bd9788465a,true,true
19becbc0-c6fb-4922-ab8c-65466dc94357,8c62ad9f-26ba-40f9-b3a8-6ef573303014,0bd6aee5-32dd-453c-8ed5-76bd9788465a,true,true
f2264d1d-c2fd-42e8-ab31-cee93161af33,a1ffe5eb-e11c-481a-b980-9b7f0d70bbad,0bd6aee5-32dd-453c-8ed5-76bd9788465a,true,true
3fdbea37-d08d-4ca3-bb23-2081b468a3ef,5ef82c44-6ac5-42cb-9a0e-9e778ca95b99,ea967b68-c8a9-478e-b8f3-a6ab3ae23d99,true,true
af6d5515-d8cb-4a57-88c0-534c8344ab1e,5ef82c44-6ac5-42cb-9a0e-9e778ca95b99,0bd6aee5-32dd-453c-8ed5-76bd9788465a,true,true
be895a4d-a460-4968-a1ca-47018ec43d47,97c5c51f-a7e3-477b-90c6-3331b4be1786,ea967b68-c8a9-478e-b8f3-a6ab3ae23d99,true,true
01583efd-b406-4995-9aa3-a7bcffbb3089,7f8033fb-b868-447f-a66d-988940b95692,ea967b68-c8a9-478e-b8f3-a6ab3ae23d99,true,true
304a45f6-6b89-49ad-8b6c-ff982294a2e3,7f8033fb-b868-447f-a66d-988940b95692,0bd6aee5-32dd-453c-8ed5-76bd9788465a,true,true
695dc1a0-c80d-4153-a0fd-f52e29452b39,967f67e6-226c-4437-ac59-bcaa69166d7a,0bd6aee5-32dd-453c-8ed5-76bd9788465a,true,true
f4d65724-5bc3-4044-86ec-18e8c994cdfb,e2a231f7-107f-4c77-b983-2b40f76f8f5f,0bd6aee5-32dd-453c-8ed5-76bd9788465a,true,true
3bd9277a-872c-45cd-89ba-c688484b9d84,8bf60cc0-7e0d-4b9b-9269-c03c1347fa74,0bd6aee5-32dd-453c-8ed5-76bd9788465a,true,true
df69caee-c303-4b93-a902-27a5c7554dd4,180b78e6-ea2f-4bc8-afa0-1211259b03ed,0bd6aee5-32dd-453c-8ed5-76bd9788465a,true,true
496c27e1-e428-45c1-acc4-f1c61b7bf203,51acc231-7fea-48b2-8317-fa335278da41,ea967b68-c8a9-478e-b8f3-a6ab3ae23d99,false,true
967fa581-d766-4794-a58d-67f8e8767921,4949884b-42ff-4d08-ae09-c92a1fa1d66d,0bd6aee5-32dd-453c-8ed5-76bd9788465a,true,true
ca33812a-5507-4dc3-a9f6-13d10d69c171,4141938e-a887-4f99-abcc-46cec798f945,0bd6aee5-32dd-453c-8ed5-76bd9788465a,true,true
a8d26616-1dba-45f9-a3b9-66fb949986ad,64c76740-3191-47aa-8511-554429515a9a,0bd6aee5-32dd-453c-8ed5-76bd9788465a,true,true
63b54ccb-cfa7-43d8-8b7e-07ddb0db09da,ce39e072-991e-400c-8306-c5f7d2e14d6a,0bd6aee5-32dd-453c-8ed5-76bd9788465a,true,true
ad8207c4-cd21-4faa-a69f-ff1ba3e4ed28,bf0bf497-c2c6-4eec-9ccf-6e2a60817afd,0bd6aee5-32dd-453c-8ed5-76bd9788465a,true,true
b4ca3202-0eb7-4567-adb9-435573eae810,413be2a4-a6bf-442e-ac83-d5fbb9505556,ea967b68-c8a9-478e-b8f3-a6ab3ae23d99,true,true
2562ec99-6b74-47ed-8857-3ac6098b237a,413be2a4-a6bf-442e-ac83-d5fbb9505556,0bd6aee5-32dd-453c-8ed5-76bd9788465a,true,true
ccca592d-9256-49c1-a5e3-c664dc299a79,ee01b412-88e1-477f-8555-cce7e6da52f2,0bd6aee5-32dd-453c-8ed5-76bd9788465a,true,true
9a0d031d-523e-4fde-b71f-78d3e58d85c7,d5c3bf1f-bd5f-4fc3-a5b6-49ef551df0ed,0bd6aee5-32dd-453c-8ed5-76bd9788465a,true,true
7b7c72e7-187c-45a5-8928-f626c1702cba,11cf49f5-7a27-4843-a3d4-dcae02fd53d8,ea967b68-c8a9-478e-b8f3-a6ab3ae23d99,false,true
df55dd03-015d-4c12-ba54-7c169f6f3f62,11cf49f5-7a27-4843-a3d4-dcae02fd53d8,0bd6aee5-32dd-453c-8ed5-76bd9788465a,true,true
352d5d39-f644-4865-a816-7cef6d1a4a3f,0a509a63-f325-440e-9d37-a0da3badc9a4,0bd6aee5-32dd-453c-8ed5-76bd9788465a,true,true
3dd9005d-82c1-4f70-a50e-046e71855b06,0a509a63-f325-440e-9d37-a0da3badc9a4,ea967b68-c8a9-478e-b8f3-a6ab3ae23d99,true,true
86ebdba5-e6f5-4337-87c0-d06401ddda29,e6d87fa4-c9bb-4f88-bca8-9ba215ea7734,0bd6aee5-32dd-453c-8ed5-76bd9788465a,false,true
f1067879-0773-4c05-9f75-83a57ddd9bdf,a3d3e2fb-d4e4-45e0-acc3-af9691377438,0bd6aee5-32dd-453c-8ed5-76bd9788465a,true,true
fc70206e-b171-45cb-a025-5b28a0c9735d,70107da7-58df-474a-9510-ac913f94a0f7,0bd6aee5-32dd-453c-8ed5-76bd9788465a,true,true
0197338f-fb8c-4afc-bb90-ab56005478e7,70107da7-58df-474a-9510-ac913f94a0f7,ea967b68-c8a9-478e-b8f3-a6ab3ae23d99,true,true
8ad9c59b-d4fb-430f-9ec9-b53a58ac68ef,155735f2-9984-4e96-a7b6-07d464e1a073,67dbf9f7-4898-4b84-86cf-303137a363be,false,true
f7f1bd27-cd8f-4742-81db-10facb167e28,a9d71be7-43af-4adb-a270-d8c6bbaaf77f,ea967b68-c8a9-478e-b8f3-a6ab3ae23d99,false,true
c5c39b4f-a949-4186-bd2c-9e2f7ffe9d36,fbbd9465-7917-4e81-b7f2-848cafa193bb,0bd6aee5-32dd-453c-8ed5-76bd9788465a,true,true
77cf6561-ace7-448a-93d2-e3c1762c1007,1d4112e4-08bd-4607-b35d-ac3c868ed08b,ea967b68-c8a9-478e-b8f3-a6ab3ae23d99,true,true
f58cd0be-a84d-43b5-a357-1e86f258cad1,6d9a024f-361b-4f53-81d3-e5f3d26b2a6e,0bd6aee5-32dd-453c-8ed5-76bd9788465a,false,true
4539987a-856b-48dd-a4b9-22fb6a6cdf3e,130276e3-34ce-429f-8b29-838fd364cf99,0bd6aee5-32dd-453c-8ed5-76bd9788465a,true,true
521627fc-bee1-4980-ae72-07321db166a4,130276e3-34ce-429f-8b29-838fd364cf99,ea967b68-c8a9-478e-b8f3-a6ab3ae23d99,true,true
6210fe25-86d3-4eec-97bf-d9f97719cfe2,e989a617-5de4-4c35-8376-8fa507638adb,0bd6aee5-32dd-453c-8ed5-76bd9788465a,true,true
2b230758-68e7-4964-ac67-5f9f7674c76e,e7b8bd94-d02a-4c71-bbac-a2693b135376,ea967b68-c8a9-478e-b8f3-a6ab3ae23d99,true,true
e14507f9-37f2-4e20-b715-c74bd3c18551,76f882b6-12bf-4e88-89a2-1d087835c4ec,0bd6aee5-32dd-453c-8ed5-76bd9788465a,true,true
8f82f5ea-2eed-4bd7-8d08-b4594d04ec87,99d27bfc-1f37-4c1c-af6f-f5b762b41b9e,ea967b68-c8a9-478e-b8f3-a6ab3ae23d99,true,true
88b9642f-39ca-4ab7-ad63-d58ad47df05b,1d4112e4-08bd-4607-b35d-ac3c868ed08b,0bd6aee5-32dd-453c-8ed5-76bd9788465a,true,true
b4f66ec4-a3eb-4d51-b4e1-f9b4bc8ae678,41cb6807-f93c-4338-b704-a98a7f560451,ea967b68-c8a9-478e-b8f3-a6ab3ae23d99,true,true
1d9102db-eac5-4b86-8b51-e1e76e18c849,41cb6807-f93c-4338-b704-a98a7f560451,0bd6aee5-32dd-453c-8ed5-76bd9788465a,true,true
2a7fced4-d981-4ae0-9262-b1213472ce0f,3c60f8b4-e57a-4702-bd22-293e70c93ae6,0bd6aee5-32dd-453c-8ed5-76bd9788465a,true,true
d07f6126-edca-40db-b4b4-e900afe2ea7d,ff78285e-0cae-41e4-9f6d-fd688277d04e,0bd6aee5-32dd-453c-8ed5-76bd9788465a,true,true
69943a72-a564-4e36-894b-90dcf61ca86e,902965f8-725c-4c5b-8ad1-21b3ded75f8c,ea967b68-c8a9-478e-b8f3-a6ab3ae23d99,true,true
4c84fcee-5609-4042-8dbf-9337d5f01ede,642d3c74-dbe3-47aa-979a-6fb647278d62,0bd6aee5-32dd-453c-8ed5-76bd9788465a,false,true
70e32447-58c8-43e6-8771-b17cb7061eeb,3d43d485-880f-4549-8115-a0e312591e53,0bd6aee5-32dd-453c-8ed5-76bd9788465a,false,true
0d1a4ad8-7117-4453-beac-8b20ce947f77,a11a9c52-9a9b-4a99-81f3-91ae9b86c9c4,0bd6aee5-32dd-453c-8ed5-76bd9788465a,true,true
dc8a1d0c-55fc-4655-b7d1-21a7cb431fe6,42b71a5f-9d36-4067-86bb-fe3fc2ff01ba,0bd6aee5-32dd-453c-8ed5-76bd9788465a,true,true
b6b08d89-7ef0-497f-92ad-506d6ebbd53b,42b71a5f-9d36-4067-86bb-fe3fc2ff01ba,ea967b68-c8a9-478e-b8f3-a6ab3ae23d99,true,true
06c74b80-8732-45dc-9acb-d1d77e3acc25,0053104a-29f0-4bf8-8fb2-ca28691f7784,0bd6aee5-32dd-453c-8ed5-76bd9788465a,true,true
a72580ec-f61b-43b8-ad9d-b72d039e4fbd,a4af51a2-d788-47c0-a430-65cffab7fb9b,0bd6aee5-32dd-453c-8ed5-76bd9788465a,true,true
9a918d01-e8be-4d93-89a8-3ac107ebc669,4d46d92a-abfd-4b71-99f3-6fe584113a82,0bd6aee5-32dd-453c-8ed5-76bd9788465a,true,true
32354dd5-49a3-4a9d-ab38-95840fa55f73,d24e64d7-d563-4765-aa69-4ecbf14cf28d,ea967b68-c8a9-478e-b8f3-a6ab3ae23d99,false,true
b4d479c7-bbf4-4fe8-a02f-c567c78f2e7a,e558243b-ca57-473e-b53e-e849b76b7a35,0bd6aee5-32dd-453c-8ed5-76bd9788465a,false,true
c7cdfca4-4a9d-4270-b58e-9c225835f520,d24e64d7-d563-4765-aa69-4ecbf14cf28d,0bd6aee5-32dd-453c-8ed5-76bd9788465a,true,true
516b7323-6205-482e-8403-c7013cbf2149,0425833b-776a-4fb9-8d5d-d6945cb707cc,0bd6aee5-32dd-453c-8ed5-76bd9788465a,true,true
4438fb48-29e7-4409-b8f5-b6852ae9b9d6,55e1c6be-5923-439f-9acd-ffb4228eb32f,0bd6aee5-32dd-453c-8ed5-76bd9788465a,true,true
a611afed-f7da-4391-88b0-e64ff13d3994,a7b5094e-f203-4bde-9103-2aeb801fd12e,0bd6aee5-32dd-453c-8ed5-76bd9788465a,true,true
3f5be2e0-4537-497b-aacc-4e3001e486e5,4168b783-5e1a-4cb7-a3fa-30be626ba3e5,0bd6aee5-32dd-453c-8ed5-76bd9788465a,true,true
74ac5e47-a060-4cee-aa0f-d1a55a09a532,1bef748a-4da0-49b7-b4c2-0338fad2f8cf,0bd6aee5-32dd-453c-8ed5-76bd9788465a,true,true
347b3b77-d9f9-4377-98fe-1f742dfcbbb5,e35429a2-410f-4f05-8ea5-23b33e0c68f7,0bd6aee5-32dd-453c-8ed5-76bd9788465a,true,true
c70f6d21-3bf7-4665-9b58-999e2acdbe14,e35429a2-410f-4f05-8ea5-23b33e0c68f7,67dbf9f7-4898-4b84-86cf-303137a363be,false,true
7fa6910f-7759-4805-9b1a-6c422b779393,e35429a2-410f-4f05-8ea5-23b33e0c68f7,ea967b68-c8a9-478e-b8f3-a6ab3ae23d99,false,true
7c31ab0c-28d5-4929-a853-08c73b0676ef,8485acd0-3337-4030-b820-2422d9463f12,0bd6aee5-32dd-453c-8ed5-76bd9788465a,true,true
6eaa8df9-af61-4dc0-9e3f-a2b98a1b959c,f07fc521-9ff0-45bf-bf30-da44eca98ea6,0bd6aee5-32dd-453c-8ed5-76bd9788465a,true,true
99d151a9-6f79-458c-8113-22af48b2dedc,4d88bcbc-f621-4986-b9b9-0d8fa619818b,ea967b68-c8a9-478e-b8f3-a6ab3ae23d99,true,true
70be48e0-3ecc-4727-adde-6bba876b9fb5,4d88bcbc-f621-4986-b9b9-0d8fa619818b,0bd6aee5-32dd-453c-8ed5-76bd9788465a,true,true
d59bb925-b3dd-4a7c-ad01-da9c8cdae2b4,c17f5bd5-2ada-4aae-a6e4-b6532353fd3f,0bd6aee5-32dd-453c-8ed5-76bd9788465a,true,true
0b46ccfd-b4d2-4b62-80f8-fa84800c91f1,3c2621e7-ed0d-4b00-a230-75558e0fdd15,0bd6aee5-32dd-453c-8ed5-76bd9788465a,true,true
474514d0-d5d7-4a79-8c53-df5fa748ba5d,4d9548a4-e03d-478c-bf6f-d204e562e06d,0bd6aee5-32dd-453c-8ed5-76bd9788465a,true,true
dd651840-6a2a-45f1-9745-d5cdc3e6520c,f5a2f315-7d2e-4065-ad9c-3962b3f25c3e,0bd6aee5-32dd-453c-8ed5-76bd9788465a,true,true
25579c45-d1d3-440c-91a9-38b1a5bc7d87,b3940d45-3f5c-4c8d-ab7a-70ab9e4015ce,0bd6aee5-32dd-453c-8ed5-76bd9788465a,true,true
32761cd8-5b1d-48db-b5f5-b5e64bcdc68b,916f89ad-766c-4b99-ab6d-323884b3ce3a,ea967b68-c8a9-478e-b8f3-a6ab3ae23d99,true,true
b34a1d08-bb2e-4823-bc3c-6fed8bf4d3a0,8fa08974-9f15-44f9-8610-18aa3da67b2a,0bd6aee5-32dd-453c-8ed5-76bd9788465a,true,true
de46a0e0-7a5c-424b-9e58-821ff99fda73,f3ac78cb-748a-4ca7-9068-8cbc7dccbd51,ea967b68-c8a9-478e-b8f3-a6ab3ae23d99,true,true
5fc4d192-0b65-446b-a502-36208d2f749c,05f85028-eb22-4343-b5e1-09d8d99f5902,0bd6aee5-32dd-453c-8ed5-76bd9788465a,true,true
a8358db2-8098-41b2-a23e-5012c8816087,9311e49e-f717-45e8-89de-024b6924dc68,0bd6aee5-32dd-453c-8ed5-76bd9788465a,true,true
d09717d7-6eb2-481f-9339-cf86e39aa7c7,b0eb38f3-3cc3-4022-9694-ae969d942eda,ea967b68-c8a9-478e-b8f3-a6ab3ae23d99,true,true
d80c51e1-41c2-4549-b0d5-6aac0a94abaf,02872ae8-71b9-4f32-8325-f950558ea970,67dbf9f7-4898-4b84-86cf-303137a363be,false,true
d2f1bb4d-a7d7-4a5c-bdea-f2d6fbe0bed9,f2cee885-d5f0-4151-9b06-b1b2aec2961f,ea967b68-c8a9-478e-b8f3-a6ab3ae23d99,true,true
4d876273-6b3d-4b3d-9d05-f7fc90dd20dc,f2cee885-d5f0-4151-9b06-b1b2aec2961f,0bd6aee5-32dd-453c-8ed5-76bd9788465a,true,true
853d8ab3-2279-4585-bf20-191d7b137baa,d1460efa-76b1-44a9-bd19-ca59c4169c2c,0bd6aee5-32dd-453c-8ed5-76bd9788465a,true,true
38b83bb8-f73f-47f1-b759-0e67ed34625a,8edfc545-65e9-4d02-bd12-77737e785b37,0bd6aee5-32dd-453c-8ed5-76bd9788465a,true,true
f7fc175d-cf7b-461f-a788-96ee07da0a4f,cc22c319-5855-4f81-8ca1-8c2272a24ccb,0bd6aee5-32dd-453c-8ed5-76bd9788465a,true,true
81f8a495-69f0-464f-9609-091d48318bfb,8ac5e1d7-1d74-4499-8f16-29618565c81a,0bd6aee5-32dd-453c-8ed5-76bd9788465a,true,true
eaca7e99-fdfa-4a4d-a4b0-99fe4f480c4b,d0062489-3b86-42cb-997c-c25ad150dcaf,0bd6aee5-32dd-453c-8ed5-76bd9788465a,true,true
bde29863-7719-4599-9a07-8bce07d4ecc1,d0062489-3b86-42cb-997c-c25ad150dcaf,ea967b68-c8a9-478e-b8f3-a6ab3ae23d99,true,true
87947018-12f3-4568-bd1b-3b9c730fd25a,d0062489-3b86-42cb-997c-c25ad150dcaf,67dbf9f7-4898-4b84-86cf-303137a363be,true,true
b9fcf24d-3be9-47a1-8db3-9d790c6c8e02,8abbfd7d-b6a6-42f1-b485-df2d95ccc76c,0bd6aee5-32dd-453c-8ed5-76bd9788465a,true,true
f80f03ad-1431-4200-86c0-067056abde3e,6bacb636-f4d6-41ab-bc29-4515847599ae,ea967b68-c8a9-478e-b8f3-a6ab3ae23d99,true,true
ef1a12bd-eae6-465f-9a95-91b4a3ce7ba3,6bacb636-f4d6-41ab-bc29-4515847599ae,0bd6aee5-32dd-453c-8ed5-76bd9788465a,true,true
54702f01-b3af-425b-8bbf-f24fd47d7e23,b90ec60e-b5dd-4f36-b977-0f6f9d698235,ea967b68-c8a9-478e-b8f3-a6ab3ae23d99,true,true
4d2f2558-b9bd-4614-815c-995f1f043f65,b90ec60e-b5dd-4f36-b977-0f6f9d698235,67dbf9f7-4898-4b84-86cf-303137a363be,false,true
7062314d-cf25-45d0-a835-31e09749bc3c,b90ec60e-b5dd-4f36-b977-0f6f9d698235,0bd6aee5-32dd-453c-8ed5-76bd9788465a,false,true
abf2f783-831b-49e9-b63b-a316a1b76fcd,e755d184-2d3e-4262-a414-48e1433c4431,ea967b68-c8a9-478e-b8f3-a6ab3ae23d99,false,true
970e3160-9772-4834-9fef-c0486fabb2cb,e755d184-2d3e-4262-a414-48e1433c4431,67dbf9f7-4898-4b84-86cf-303137a363be,false,true
9821545e-0369-4218-8bc9-b486c3b2acdd,e755d184-2d3e-4262-a414-48e1433c4431,0bd6aee5-32dd-453c-8ed5-76bd9788465a,true,true
361a22cc-e3eb-4e35-b95a-6aa9f6c96512,fd77c7aa-3856-4c2e-8930-8c2fc9b8c594,0bd6aee5-32dd-453c-8ed5-76bd9788465a,true,true
60c21849-8efa-43ac-aa99-66511ba85168,fd77c7aa-3856-4c2e-8930-8c2fc9b8c594,ea967b68-c8a9-478e-b8f3-a6ab3ae23d99,false,true
d329eb7c-c835-4e74-b4bb-408cbcef4b0c,fd77c7aa-3856-4c2e-8930-8c2fc9b8c594,67dbf9f7-4898-4b84-86cf-303137a363be,false,true
eb4e3d9d-15bf-4c01-8513-bf2b389ffa10,6f39b9cd-9bbe-4660-bbf8-04be5b463332,ba54fb99-cd67-484d-b68f-34aea2d83af6,true,true
fd66caa0-ed88-4d11-877b-0b7fe12103e4,6f39b9cd-9bbe-4660-bbf8-04be5b463332,0bd6aee5-32dd-453c-8ed5-76bd9788465a,true,true
c9b36e28-8332-490b-9916-5d49862c482b,083e2869-013d-4cfa-b790-0308a0c5297f,0bd6aee5-32dd-453c-8ed5-76bd9788465a,true,true
d78cf988-858e-4ca6-ba8a-37bf74ca9206,abaf29a4-14b6-4a3e-973e-c27d6f0fc2ba,0bd6aee5-32dd-453c-8ed5-76bd9788465a,true,true
3753fb8a-54a8-4144-8e23-c9839760fcff,083e2869-013d-4cfa-b790-0308a0c5297f,ea967b68-c8a9-478e-b8f3-a6ab3ae23d99,true,true
642652f8-d187-466c-b51d-01e258d9ab04,fc6aff8a-c91a-4066-b9bc-cdc6cdb090e9,ea967b68-c8a9-478e-b8f3-a6ab3ae23d99,true,true
e576e89b-8783-49d1-9733-7c57905765aa,a8d242a8-4aa4-4b9b-aa23-b83f43565afd,0bd6aee5-32dd-453c-8ed5-76bd9788465a,true,true
bcb8ff13-204c-4c59-9830-a8ef233b17c5,a8d242a8-4aa4-4b9b-aa23-b83f43565afd,67dbf9f7-4898-4b84-86cf-303137a363be,false,true
c1f68099-9793-428e-9901-5f1c325bfbc8,a8d242a8-4aa4-4b9b-aa23-b83f43565afd,ea967b68-c8a9-478e-b8f3-a6ab3ae23d99,false,true
6caaa8c0-c0a7-469c-84a7-62b0f868b444,18b0c6d9-eb30-43bd-80c4-374736e34260,ea967b68-c8a9-478e-b8f3-a6ab3ae23d99,false,true
02b31bed-ea05-4a1e-b549-ece1a497a6db,18b0c6d9-eb30-43bd-80c4-374736e34260,0bd6aee5-32dd-453c-8ed5-76bd9788465a,true,true
8cbe275e-3f1c-43c9-8392-e464873500a9,979446c0-d629-455c-8732-0c117cebf9f5,0bd6aee5-32dd-453c-8ed5-76bd9788465a,true,true
926c2de2-498b-461c-a921-d8e1d7036e63,273102c5-1ed7-4398-b03e-0409f032debb,ea967b68-c8a9-478e-b8f3-a6ab3ae23d99,true,true
350798bf-0f01-413e-81e5-16b63639ab85,409ddd37-d7e0-422a-8a88-2718df8c6d1e,ea967b68-c8a9-478e-b8f3-a6ab3ae23d99,true,true
44e29e37-f65d-425c-9d70-f7dee4641232,409ddd37-d7e0-422a-8a88-2718df8c6d1e,0bd6aee5-32dd-453c-8ed5-76bd9788465a,true,true
d536cca6-2093-4eb6-8e5e-5b69339f3509,9f6077a7-ed25-405c-95e2-05537fb008b6,0bd6aee5-32dd-453c-8ed5-76bd9788465a,true,true
5af0710a-f349-481f-b818-e5f5e8b73e43,773df2c0-decc-4764-a2b4-5306aae72a7a,0bd6aee5-32dd-453c-8ed5-76bd9788465a,true,true
6054522b-f6b6-42ab-a437-a1785731b9da,fd95e0c7-8af7-45ba-9759-df42c2881448,0bd6aee5-32dd-453c-8ed5-76bd9788465a,true,true
240ad66e-78f0-495d-8e2f-13d24ce9d04a,22813fed-9b2e-468a-b293-617c308b238a,ea967b68-c8a9-478e-b8f3-a6ab3ae23d99,true,true
88189b69-f9ed-4f6a-919e-71a74c38bb60,76f882b6-12bf-4e88-89a2-1d087835c4ec,ea967b68-c8a9-478e-b8f3-a6ab3ae23d99,true,true
45d75c09-d6e0-44af-b43a-ecd003e68f22,40768e6c-6a2b-4773-8cb3-784302e6fba5,0bd6aee5-32dd-453c-8ed5-76bd9788465a,true,true
04245644-fb4b-4197-b56b-d7d7aef0feee,40fca4c8-ce9a-4b74-9db1-9ef15444aada,0bd6aee5-32dd-453c-8ed5-76bd9788465a,true,true
9f9d6f8d-9e7d-4225-913a-0b92a8a0aebd,b3e7736e-4860-45da-b908-9c5229399579,ea967b68-c8a9-478e-b8f3-a6ab3ae23d99,true,true
82e93896-9397-434a-aa2a-9cd007c3033c,3f9fe996-7f34-4a80-ba12-bcd6834979f3,0bd6aee5-32dd-453c-8ed5-76bd9788465a,true,true
e143d7f3-a82e-4d56-a844-38b995640464,00217de9-b6b9-4f7f-a404-82d69585f0b1,0bd6aee5-32dd-453c-8ed5-76bd9788465a,true,true
444047ea-0eea-4e42-a335-d8e9cd89bf55,57393f3b-8e2d-4e74-a6ae-f83f010e60cb,ea967b68-c8a9-478e-b8f3-a6ab3ae23d99,true,true
aee1dc9c-e5cf-4da1-a672-003e72649dc1,57393f3b-8e2d-4e74-a6ae-f83f010e60cb,0bd6aee5-32dd-453c-8ed5-76bd9788465a,true,true
bc6fa4c5-8e35-46f2-b5eb-1d8206df16fe,c6855605-3369-4271-8cd3-5ddf9b019e78,0bd6aee5-32dd-453c-8ed5-76bd9788465a,true,true
245121fa-da57-4a73-bd42-8a99a7e063b3,9c933427-c044-412d-972b-6261ef1d4673,0bd6aee5-32dd-453c-8ed5-76bd9788465a,true,true
5ca0750d-e111-43e5-bd42-023656ab37b0,9c933427-c044-412d-972b-6261ef1d4673,ea967b68-c8a9-478e-b8f3-a6ab3ae23d99,true,true
a9815d47-e485-4055-b558-ac7d1d6f6112,fc6aff8a-c91a-4066-b9bc-cdc6cdb090e9,0bd6aee5-32dd-453c-8ed5-76bd9788465a,true,true
d30a00be-dc65-48da-bcfc-a99a6f6d6d40,d14df486-6076-4d0b-ae9d-b39dcdd16e9e,0bd6aee5-32dd-453c-8ed5-76bd9788465a,true,true
321f9232-c947-4689-9ef7-cf6196f26b4e,396bc744-5bed-48bf-9271-816a2bfbfa70,0bd6aee5-32dd-453c-8ed5-76bd9788465a,true,true
ad901919-3028-4144-9c06-f4e63bf5238d,6154991c-0ce9-4a32-affd-f1fd2634773f,0bd6aee5-32dd-453c-8ed5-76bd9788465a,true,true
009a5490-511d-4601-aec8-3d0d17b6da75,56af9d56-23dc-4e42-8de2-f6e1d1144288,ea967b68-c8a9-478e-b8f3-a6ab3ae23d99,true,true
2bcc4ed8-901b-46ed-90d2-1dad25892d41,23d95dd9-686c-4543-b137-4b0993299f15,0bd6aee5-32dd-453c-8ed5-76bd9788465a,true,true
67334029-2017-415a-9136-819b17b2e4f3,13a8b106-f633-4aae-a550-95aee9b4ebef,ea967b68-c8a9-478e-b8f3-a6ab3ae23d99,true,true
da83fb64-c6d9-4dcf-9e20-e15165141914,a157a973-07b4-49f9-b2fc-fbddbea351f2,0bd6aee5-32dd-453c-8ed5-76bd9788465a,true,true
9813a5fe-8356-431e-8379-9debff0c4cbd,fe95884c-1635-40e2-a303-8e07bb9abb5f,0bd6aee5-32dd-453c-8ed5-76bd9788465a,true,true
acd1a224-db5b-4c31-82a8-8239615587f3,cd937312-d292-42c9-9e94-4467da5477a3,0bd6aee5-32dd-453c-8ed5-76bd9788465a,true,true
77532d9e-e9a1-44c2-a0ea-dc7823db86f2,b2bded69-27d3-41a1-88a5-2e0d8e56136b,0bd6aee5-32dd-453c-8ed5-76bd9788465a,true,true
0456a9e6-5ed9-431f-a9b4-ccb168252066,a90db279-82cd-43ee-94c4-11d380a0d5ad,ea967b68-c8a9-478e-b8f3-a6ab3ae23d99,true,true
78e53750-4653-402c-a848-b3e1e7da9353,a90db279-82cd-43ee-94c4-11d380a0d5ad,0bd6aee5-32dd-453c-8ed5-76bd9788465a,true,true
355bf8ba-0b60-480d-b7a7-85d686b7c73f,f110d9c6-e280-41dc-bdc0-15145e7bd00f,0bd6aee5-32dd-453c-8ed5-76bd9788465a,true,true
39c421f2-9032-4084-b8b3-dfe2571b1777,4dadeecd-c8d8-4149-a3ea-45d01556043d,ea967b68-c8a9-478e-b8f3-a6ab3ae23d99,true,true
77bb9e1c-03eb-41ea-b122-49ef239483dd,06cf1b7d-ea77-4e89-85fb-e59baf21ea39,0bd6aee5-32dd-453c-8ed5-76bd9788465a,true,true
08b78cc5-3db9-4877-9e32-28c762409521,a36bd95b-df4b-42d0-a61d-558c2119ab8f,ea967b68-c8a9-478e-b8f3-a6ab3ae23d99,false,true
87e5b0d7-bae5-444e-89f2-89c123baf2f7,a36bd95b-df4b-42d0-a61d-558c2119ab8f,0bd6aee5-32dd-453c-8ed5-76bd9788465a,true,true
391af12e-5855-45d3-ad45-b5ab1532f958,06cf1b7d-ea77-4e89-85fb-e59baf21ea39,ba54fb99-cd67-484d-b68f-34aea2d83af6,true,true
9b48cf0b-d13b-4d97-8887-1905098276d8,65fbeeb3-6324-4a91-b645-5121560bcb39,0bd6aee5-32dd-453c-8ed5-76bd9788465a,true,true
5d0dd047-fb3f-46e1-bfd4-31ac5cca1c8b,11b2cd31-5e66-4f3a-b8d8-7d0f3107e8f0,0bd6aee5-32dd-453c-8ed5-76bd9788465a,true,true
59c08107-b1c7-4446-aad2-f5ae38fad92f,e648b618-c20f-4f7e-a04f-15a276ec4f97,0bd6aee5-32dd-453c-8ed5-76bd9788465a,true,true
77eb9749-cd65-44c2-8ba6-4f0bc62414b1,f32cbf08-8e8b-467e-817b-2615fd174229,0bd6aee5-32dd-453c-8ed5-76bd9788465a,true,true
8573c46f-16be-43af-abec-07214e1d5d58,3792a80b-6a2a-484b-8e9e-c2fe803a9489,0bd6aee5-32dd-453c-8ed5-76bd9788465a,false,true
1945d83c-2813-409f-b15c-0d1f989edb26,0c74a0d6-b4ac-44ba-95e8-697dc1ae32fa,0bd6aee5-32dd-453c-8ed5-76bd9788465a,true,true
ef6dbdb7-6a86-4345-87ad-8ccdc20cc155,aaadeaca-4f25-4245-912d-92a067a7873a,0bd6aee5-32dd-453c-8ed5-76bd9788465a,true,true
6c42483d-79d6-4070-9726-eacb7caf81fd,a4953f47-632d-4a0d-93f7-6daef15991fe,0bd6aee5-32dd-453c-8ed5-76bd9788465a,true,true
8b27fffa-601d-423e-ac21-730cf1bcfbb5,df482bfb-b446-4898-b49e-0522c7f40970,0bd6aee5-32dd-453c-8ed5-76bd9788465a,true,true
f7d4c8e8-5928-4277-8863-7d4aadba35a7,a4953f47-632d-4a0d-93f7-6daef15991fe,ea967b68-c8a9-478e-b8f3-a6ab3ae23d99,true,true
a61374bc-c801-417d-99d6-a244e7c7eedc,7ca82e1c-817a-42d1-a3fc-f55b6490a59c,0bd6aee5-32dd-453c-8ed5-76bd9788465a,true,true
f46c9bd3-6c7a-47c7-83b4-1ebef09b152f,381c5fe4-fc77-467d-8f68-f2c3642ef53b,0bd6aee5-32dd-453c-8ed5-76bd9788465a,true,true
f63d9430-45a4-4fc6-ba66-5dbdecbe1bcf,aeb49605-54cc-472b-ab3d-c78c6e2d9d78,ea967b68-c8a9-478e-b8f3-a6ab3ae23d99,true,true
54c614f6-54c0-41b9-8bff-9f783bae17a7,cbdd5262-8fc7-466f-abed-787c20351ee9,ea967b68-c8a9-478e-b8f3-a6ab3ae23d99,true,true
814c3b4e-158d-4e84-8076-73773cd5984f,cbdd5262-8fc7-466f-abed-787c20351ee9,0bd6aee5-32dd-453c-8ed5-76bd9788465a,true,true
d62f49c3-6856-4fc9-8997-129e99bb81d9,41a6434b-1711-4093-8fc2-3e1a2ecf2517,0bd6aee5-32dd-453c-8ed5-76bd9788465a,true,true
a4461a23-5456-4ddd-9286-41706e2cb2bb,41a6434b-1711-4093-8fc2-3e1a2ecf2517,ea967b68-c8a9-478e-b8f3-a6ab3ae23d99,false,true
6beef785-2a8f-4a43-8443-c40cf44add46,8d0be866-700b-42ed-9b82-beebea52d2d7,0bd6aee5-32dd-453c-8ed5-76bd9788465a,true,true
9f243008-f1c9-46f9-a139-95ea5aff6244,6fa5c3b0-8232-47b9-a8c8-954432e8c2a2,ea967b68-c8a9-478e-b8f3-a6ab3ae23d99,true,true
8aa673d7-858c-4323-ac74-f0c2d792fe35,6fa5c3b0-8232-47b9-a8c8-954432e8c2a2,0bd6aee5-32dd-453c-8ed5-76bd9788465a,true,true
436e77a3-6962-4295-8cbf-df9e06eae747,259e7143-bf41-4156-b282-b6924ed5c2d3,ea967b68-c8a9-478e-b8f3-a6ab3ae23d99,true,true
2956b3a3-4e04-4f38-bbe0-2fd2ffb58ccd,259e7143-bf41-4156-b282-b6924ed5c2d3,67dbf9f7-4898-4b84-86cf-303137a363be,true,true
08c05848-6022-4862-87b6-205a400b1b1c,4f26395f-9dd5-4d74-9f81-cea5b502fdd6,0bd6aee5-32dd-453c-8ed5-76bd9788465a,true,true
4d8a5363-3508-40ce-8539-a254710c3ff5,4f26395f-9dd5-4d74-9f81-cea5b502fdd6,ea967b68-c8a9-478e-b8f3-a6ab3ae23d99,true,true
921bfc41-3ebe-4e7a-9008-10fa23a4eb0c,0cc1e263-6c92-4c6e-bc25-2449b662f722,ea967b68-c8a9-478e-b8f3-a6ab3ae23d99,true,true
42dd37fa-ad62-4e97-8b70-edee685bf5bd,0cc1e263-6c92-4c6e-bc25-2449b662f722,0bd6aee5-32dd-453c-8ed5-76bd9788465a,true,true
f7586460-4047-4aa8-988a-c8583a766ef9,13633a11-e4a4-49cf-b231-8afb37b2ad7c,ea967b68-c8a9-478e-b8f3-a6ab3ae23d99,true,true
bdaba135-b89e-49d3-9b90-04417d2dfc47,13633a11-e4a4-49cf-b231-8afb37b2ad7c,0bd6aee5-32dd-453c-8ed5-76bd9788465a,true,true
13a69f74-2781-4c7a-b2b9-de84aac1eb2d,ea5a8317-ad27-4461-bd16-eecb9c809d8e,0bd6aee5-32dd-453c-8ed5-76bd9788465a,true,true
0dda5ff5-1d10-4b73-9a8c-21ca4de9ff6d,d7f5382b-9f3c-47b0-a909-3b78834963cd,0bd6aee5-32dd-453c-8ed5-76bd9788465a,true,true
d56bb3e5-152f-4186-96fa-eeac79960456,d7f5382b-9f3c-47b0-a909-3b78834963cd,ea967b68-c8a9-478e-b8f3-a6ab3ae23d99,true,true
63090f2f-d41e-4627-8edd-af598e27aa3a,3c6e6b8e-c3b4-4adc-9f60-59291b3c1675,0bd6aee5-32dd-453c-8ed5-76bd9788465a,true,true
6dcd02d1-69c8-49c9-bdbb-0a561fba7a4d,3c6e6b8e-c3b4-4adc-9f60-59291b3c1675,ea967b68-c8a9-478e-b8f3-a6ab3ae23d99,true,true
bfdaf9c5-01dd-4931-b034-3f10c2221cae,fd24d0bb-4fb8-4cf9-9eaf-bfeafce06dd5,0bd6aee5-32dd-453c-8ed5-76bd9788465a,true,true
0432149f-d941-4f8e-9b24-7d75d078ed5e,fd24d0bb-4fb8-4cf9-9eaf-bfeafce06dd5,ea967b68-c8a9-478e-b8f3-a6ab3ae23d99,true,true
043a41d7-a94d-420f-a5b8-d727fcb3c038,fd24d0bb-4fb8-4cf9-9eaf-bfeafce06dd5,67dbf9f7-4898-4b84-86cf-303137a363be,true,true
941e82fa-86f6-4c0a-b8b7-3d41b643a447,18166439-91e5-4d68-8b46-f1b8ebdc551b,0bd6aee5-32dd-453c-8ed5-76bd9788465a,true,true
d5f83595-4f16-4553-91f8-057230919963,18166439-91e5-4d68-8b46-f1b8ebdc551b,ea967b68-c8a9-478e-b8f3-a6ab3ae23d99,false,true
44deb40b-c44f-40f9-ae88-db7ece9286c2,73560def-e42a-4ec4-b33e-542bf7af489d,0bd6aee5-32dd-453c-8ed5-76bd9788465a,true,true
c24b5d44-9bf2-45de-878b-2b81ee72f99d,73560def-e42a-4ec4-b33e-542bf7af489d,ea967b68-c8a9-478e-b8f3-a6ab3ae23d99,true,true
1d3967ce-0d51-47ce-a9c9-5efdc9154864,ce0d52fa-31a1-4409-8666-99e32e979f5c,0bd6aee5-32dd-453c-8ed5-76bd9788465a,true,true
23cb82ca-fc5d-46b8-a8a1-db61a138f58c,f026531a-45d6-447d-be15-23ba6d3430cd,0bd6aee5-32dd-453c-8ed5-76bd9788465a,true,true
e4634875-ea3b-4655-b800-ad8c2220fecc,d9337021-f069-453f-8343-3c73bc3d9264,0bd6aee5-32dd-453c-8ed5-76bd9788465a,true,true
882d9bc9-d78d-4908-87c3-b258f42a649c,fd8b208c-9ea6-475c-aff6-5a3da0fe77cd,0bd6aee5-32dd-453c-8ed5-76bd9788465a,true,true
b0f93dc7-143d-43cb-b02b-b12c13cfcf04,caf5126f-e707-44e1-a63a-03ee7e6eb6d0,0bd6aee5-32dd-453c-8ed5-76bd9788465a,false,true
66c9273e-c1bc-49b4-b092-f4f86d11da68,d30a6fda-fc60-4a79-aced-0386e6247152,0bd6aee5-32dd-453c-8ed5-76bd9788465a,true,true
ac3f38cb-5c34-4384-b9dc-85d9da31fb74,e68c69f7-a6f6-44fb-8bd5-f2f0911b63cf,0bd6aee5-32dd-453c-8ed5-76bd9788465a,true,true
4640de71-6c11-4cc0-81f6-6ac9f836c672,4102df2a-8ac9-4d36-a666-636752c28f5e,0bd6aee5-32dd-453c-8ed5-76bd9788465a,false,true
5b9f2107-abea-4894-a60d-cac4a2f66a9e,4d91fb18-3036-45ad-80ac-905b45504134,0bd6aee5-32dd-453c-8ed5-76bd9788465a,true,true
d3f2dce4-115f-4cac-bcee-13960bde5898,eceb16d4-0d6e-47dc-84dd-591d81edd51d,0bd6aee5-32dd-453c-8ed5-76bd9788465a,true,true
5ff9c194-6f9c-4e2d-b924-9f9e97d0f03b,eceb16d4-0d6e-47dc-84dd-591d81edd51d,ea967b68-c8a9-478e-b8f3-a6ab3ae23d99,true,true
0afa3913-cef1-4ef4-9fdd-13a4bd496f86,0ac05c7e-cc90-4ad5-a0da-9ee641c67bf0,ba54fb99-cd67-484d-b68f-34aea2d83af6,true,true
4e5c4468-d237-410e-bf53-70774c2af6e6,9966de54-ea07-4b5f-9942-da4377d741c7,0bd6aee5-32dd-453c-8ed5-76bd9788465a,true,true
d2c44af2-f539-4c52-a560-1d907ad2b560,c2360fc3-c81f-439d-b6f7-e3c08e393331,ea967b68-c8a9-478e-b8f3-a6ab3ae23d99,true,true
3fd6eddf-9b70-4ac4-a486-b6cc8211dcf1,c2360fc3-c81f-439d-b6f7-e3c08e393331,0bd6aee5-32dd-453c-8ed5-76bd9788465a,true,true
1d553799-3e07-449c-b0cd-14e7bc2ba7d3,63f063d3-17fb-4f7d-afa4-cadf19245260,0bd6aee5-32dd-453c-8ed5-76bd9788465a,true,true
0e80807d-ae53-4696-8026-18005b47be86,b7460bfe-e533-4101-9858-2bf779e1f7be,0bd6aee5-32dd-453c-8ed5-76bd9788465a,true,true
c19691c5-a714-47a1-bce7-0714f70b0380,7345b5e5-20ce-4398-97d2-4fad236d275a,0bd6aee5-32dd-453c-8ed5-76bd9788465a,true,true
5b98748d-59e9-4ae1-a892-f81b64176756,1f3bf1fd-734f-47cc-a3e3-87c0333e769f,0bd6aee5-32dd-453c-8ed5-76bd9788465a,true,true
2b2872f5-bfb4-4af1-8b53-8bf781c352d4,a1becd7b-8070-4c7a-8258-7d11a634682f,0bd6aee5-32dd-453c-8ed5-76bd9788465a,true,true
4162d376-e621-49df-89b2-a5e120e58054,891c59a4-051a-40d9-bfe1-458424a774fb,0bd6aee5-32dd-453c-8ed5-76bd9788465a,true,true
6ed8ae7d-d3ce-47c1-a098-ca13b8f3f104,4fdb2373-d5ae-4246-b8fd-e04ac5718741,0bd6aee5-32dd-453c-8ed5-76bd9788465a,true,true
7e722c76-31ef-4cfb-a933-7872733fdf52,d6863505-13f3-48b9-8caa-b6d066012088,0bd6aee5-32dd-453c-8ed5-76bd9788465a,true,true
37d4baff-bd8b-4216-b746-9584b9e02096,fcff682e-198e-4f7a-a51b-be3afae07bcf,0bd6aee5-32dd-453c-8ed5-76bd9788465a,true,true
722488ea-10da-4830-8982-7a3af6911dd8,d6863505-13f3-48b9-8caa-b6d066012088,ea967b68-c8a9-478e-b8f3-a6ab3ae23d99,true,true
1532e66a-8e28-4b62-9e4b-ba366b7345e3,1931593a-e2fc-4686-bf39-eefc160d594d,0bd6aee5-32dd-453c-8ed5-76bd9788465a,true,true
a4058929-90fe-4e03-8577-528c2849233a,a128469e-ef90-4058-9860-e681a6dce187,0bd6aee5-32dd-453c-8ed5-76bd9788465a,true,true
8069d85e-108f-48b1-80c1-dbb60b067415,a128469e-ef90-4058-9860-e681a6dce187,ea967b68-c8a9-478e-b8f3-a6ab3ae23d99,true,true
b3872649-67cb-4ed3-9bea-77d55c01385f,3f1f3eef-1cb7-422e-9818-c9c0c39e63d9,ea967b68-c8a9-478e-b8f3-a6ab3ae23d99,true,true
fbd3daad-f246-4d4f-b714-51fda11e3a8b,3f1f3eef-1cb7-422e-9818-c9c0c39e63d9,0bd6aee5-32dd-453c-8ed5-76bd9788465a,true,true
fd6af67b-1e09-439c-b623-5d60df0c4dc3,41c7e200-e9cb-41e7-a26f-fde0d7e3efcf,0bd6aee5-32dd-453c-8ed5-76bd9788465a,true,true
88b58cd6-0054-450b-9259-15ae1ff31e7e,6dc6a03b-9468-4063-a887-e189ea54cd80,0bd6aee5-32dd-453c-8ed5-76bd9788465a,true,true
a46bc8ea-e654-4147-8e55-faf6ead2ac88,189c8317-fffe-4c97-9efa-e49224cb7ec9,0bd6aee5-32dd-453c-8ed5-76bd9788465a,true,true
67807e73-cde3-4706-b7c6-3c6092da920c,31cb6d65-ddd1-4764-a2d9-1f44bee02f3f,0bd6aee5-32dd-453c-8ed5-76bd9788465a,true,true
49a706a4-7fb6-4cf9-a449-72a06cf7e84a,1e3d6be0-d6a1-4afe-b3a4-cea7f4690ee9,0bd6aee5-32dd-453c-8ed5-76bd9788465a,true,true
92de809e-6c25-4245-99dd-15ded90ce84d,c002f74d-3939-4e33-8903-89a77973239c,0bd6aee5-32dd-453c-8ed5-76bd9788465a,true,true
d64f2c99-34b0-4d64-9391-76486335c0b7,69bdde13-7e3b-4206-ae63-e65481afbbdd,ea967b68-c8a9-478e-b8f3-a6ab3ae23d99,false,true
27b36b15-7fc7-4b7e-bff5-044f6cac6966,07f5dc04-c95b-47c7-8599-26f6496a20e9,0bd6aee5-32dd-453c-8ed5-76bd9788465a,true,true
e28ba35c-fda4-4dea-9e21-2e406d7f79d0,0493744c-e754-42e8-8d9d-cda31b7fde51,0bd6aee5-32dd-453c-8ed5-76bd9788465a,true,true
5b52c5ad-9f71-42df-98f2-7cf6c917d5c5,470b1a34-f630-4232-a743-2074c791925f,0bd6aee5-32dd-453c-8ed5-76bd9788465a,true,true
ec74f5e4-4722-4579-b9b1-4a40b2a99d46,d4fa0018-a6a4-4194-b159-3943accb6822,0bd6aee5-32dd-453c-8ed5-76bd9788465a,true,true
a22c7d32-60da-42cb-9f07-d1aa27040c04,40c73101-84a9-4300-a75c-2e4474fdc33c,0bd6aee5-32dd-453c-8ed5-76bd9788465a,true,true
7d9a00cf-0eb7-46d1-802b-0e9e5f50247a,40c73101-84a9-4300-a75c-2e4474fdc33c,ea967b68-c8a9-478e-b8f3-a6ab3ae23d99,true,true
2334a5eb-c86f-4193-81b7-6bc512d85a79,90cd611c-0894-40c8-b422-dee375f53bf8,ea967b68-c8a9-478e-b8f3-a6ab3ae23d99,true,true
58b74769-bab9-4c5a-aaa2-e97a363a2976,90cd611c-0894-40c8-b422-dee375f53bf8,0bd6aee5-32dd-453c-8ed5-76bd9788465a,true,true
57c2f933-2a8c-447b-b6fe-9a26bda7b309,9efe1096-1171-4188-bf2e-3619427a50b1,0bd6aee5-32dd-453c-8ed5-76bd9788465a,true,true
d111fb41-57d2-41a6-a388-06a9a5d62590,d4fa0018-a6a4-4194-b159-3943accb6822,ea967b68-c8a9-478e-b8f3-a6ab3ae23d99,true,true
a789b0e1-78c3-4726-8191-490035ba2c61,4146fd8e-3f47-44e2-aff0-972a938721b0,0bd6aee5-32dd-453c-8ed5-76bd9788465a,false,true
3e86f663-cf71-4213-9685-0146a749deac,a7a02b93-bb0e-47e7-9f7a-e31994791937,0bd6aee5-32dd-453c-8ed5-76bd9788465a,true,true
309578a9-5b0c-471d-83c6-d0cb471f42b2,a7a02b93-bb0e-47e7-9f7a-e31994791937,ea967b68-c8a9-478e-b8f3-a6ab3ae23d99,true,true
c8e197ba-50a8-4f7c-ba1f-ee6b3dfec3aa,fd509437-d031-4301-9c96-9e81644207d6,0bd6aee5-32dd-453c-8ed5-76bd9788465a,true,true
6b840773-8a2e-4b3a-b069-7c653245773e,d411f1a0-fd7f-420f-8f46-8ed723e3b27c,0bd6aee5-32dd-453c-8ed5-76bd9788465a,true,true
500ba2cd-adf2-4de4-850e-3d1078a08a9a,aeaa91cf-00f0-45d6-bf4e-accf52c840ed,ea967b68-c8a9-478e-b8f3-a6ab3ae23d99,true,true
56b6ffda-9440-4cae-af6d-74b70fcfd182,aeaa91cf-00f0-45d6-bf4e-accf52c840ed,0bd6aee5-32dd-453c-8ed5-76bd9788465a,true,true
4a34b6b0-9e7a-4796-bcc9-cd7beffcb6e0,3140df18-9395-4a7b-9152-13ec3640f56a,0bd6aee5-32dd-453c-8ed5-76bd9788465a,true,true
ad6e39d5-5b8e-4c0b-806a-e1382c295a70,b860e36a-1e6d-40d7-ab68-a6994b80db06,ea967b68-c8a9-478e-b8f3-a6ab3ae23d99,true,true
1e51a81f-bcd6-47d5-ac53-8fb6acb225af,b860e36a-1e6d-40d7-ab68-a6994b80db06,0bd6aee5-32dd-453c-8ed5-76bd9788465a,true,true
166412d3-4366-4694-9748-b631a8ea5545,2eed1ca6-3345-4a51-9f30-6fda0fd2d1e5,0bd6aee5-32dd-453c-8ed5-76bd9788465a,true,true
c01346b7-574b-434c-8e17-4bb95c4d29ad,1eef8fda-b453-4f84-864a-3a227e0c6aa5,0bd6aee5-32dd-453c-8ed5-76bd9788465a,true,true
175a20de-1526-44d4-a904-dd8eeb082bf3,de28887b-e16b-49b0-8546-72690df06cfb,0bd6aee5-32dd-453c-8ed5-76bd9788465a,true,true
3edbe2c4-7c71-4daa-a362-b955225f94f6,f9574b57-443b-4ce9-92da-fbd46970913f,0bd6aee5-32dd-453c-8ed5-76bd9788465a,true,true
8c9f4e90-8908-4d1a-bedf-a5d5b9a0ae5d,103dd9f4-fa2c-4bf8-bcdc-e141e6290a14,ea967b68-c8a9-478e-b8f3-a6ab3ae23d99,true,true
66c33eb0-7a19-432b-8e88-006d92c0c05f,011639a0-6e0b-4cf8-8d3e-c3e2a0e57f67,0bd6aee5-32dd-453c-8ed5-76bd9788465a,true,true
7d5f5429-4da7-46cb-afbe-e2bf87cdaae9,103dd9f4-fa2c-4bf8-bcdc-e141e6290a14,0bd6aee5-32dd-453c-8ed5-76bd9788465a,true,true
90146239-1167-427d-9a25-03d566dcfb9d,3e5dae60-df96-4b0e-84e2-5e27cfb59c3f,ea967b68-c8a9-478e-b8f3-a6ab3ae23d99,true,true
7a2addd3-be44-4943-afe1-863724abfa22,8788e5b1-84f3-4d0d-b1a6-a13ae5837cdb,0bd6aee5-32dd-453c-8ed5-76bd9788465a,true,true
f0e96985-0221-453b-b35c-da546db02fbf,a4ae79eb-3af3-4fcc-aa0a-a0bc88fe0780,ea967b68-c8a9-478e-b8f3-a6ab3ae23d99,true,true
2350f06c-349b-4edb-8eb7-3e8764eb4570,a4ae79eb-3af3-4fcc-aa0a-a0bc88fe0780,0bd6aee5-32dd-453c-8ed5-76bd9788465a,true,true
896095ec-8af9-4d7c-a518-9d5877ede4ce,feeb6f91-49b3-42af-a3f7-1389d410ccf4,0bd6aee5-32dd-453c-8ed5-76bd9788465a,true,true
99a7d452-7320-4ed9-8c08-34fe8c29e705,ebe8a9ff-1a7e-446d-a614-03188acb1125,0bd6aee5-32dd-453c-8ed5-76bd9788465a,true,true
35b4a463-7f7b-4c84-b8cb-35f9eede57e8,f5190fdd-c7bd-493c-a2d5-ebe96c7d04f7,0bd6aee5-32dd-453c-8ed5-76bd9788465a,true,true
32bb7b07-dc61-4afb-b3f8-daf7cdfe8812,6f0f9516-ac2d-497f-b535-1af0a3d24455,0bd6aee5-32dd-453c-8ed5-76bd9788465a,false,true
2ad7aa98-1eaa-4077-9bdd-ee38af9f1837,dd16e82b-65bb-4a1d-9f1c-da8320090e0c,ea967b68-c8a9-478e-b8f3-a6ab3ae23d99,true,true
b0246cb9-7e07-42e0-91c1-74e4066f9313,cf0c990d-f23b-47bd-8d7e-6a4c2c8e0169,0bd6aee5-32dd-453c-8ed5-76bd9788465a,true,true
a61a5952-2ab5-455f-9e53-8438993c1d79,afe619e7-3642-4f87-8808-4cefba103aa1,0bd6aee5-32dd-453c-8ed5-76bd9788465a,true,true
dfe8cd8e-34cf-461a-b08b-e8cede2995fc,e135ed1b-69db-40f2-a0f2-7839e6480d9d,0bd6aee5-32dd-453c-8ed5-76bd9788465a,true,true
2559a912-abc5-45fc-aaef-77a464f89bc1,ffaf68e4-398a-42a2-beb1-c93bc551b721,0bd6aee5-32dd-453c-8ed5-76bd9788465a,true,true
b193221f-54a2-4355-9c99-54972ad538a2,cf6c5adc-e122-42b7-b125-2d9d0c6e4988,ea967b68-c8a9-478e-b8f3-a6ab3ae23d99,true,true
edb54241-a83a-40d5-b73d-e3d7feaaf435,cf6c5adc-e122-42b7-b125-2d9d0c6e4988,0bd6aee5-32dd-453c-8ed5-76bd9788465a,true,true
01595675-7046-491f-9c83-1a8e0467d6b0,1186be80-5490-40c4-ac50-8727e27b7b8a,0bd6aee5-32dd-453c-8ed5-76bd9788465a,true,true
a1df273d-1f0e-4f06-a9ce-5c0992435df5,f8e8e664-ebdd-4fa3-a3f7-5e57cadaab97,0bd6aee5-32dd-453c-8ed5-76bd9788465a,true,true
1a87af89-e780-438b-966a-63620a9097aa,eb15d57d-a99a-4848-a99c-922db2440d73,0bd6aee5-32dd-453c-8ed5-76bd9788465a,true,true
3af612c6-5988-4e85-a152-846d9a7582cc,ec2e158d-3507-492f-8060-2161498d5675,0bd6aee5-32dd-453c-8ed5-76bd9788465a,true,true
ebd3e97f-7dd9-41f1-a737-a32d57d9e87a,86d9b785-35b4-46ca-98aa-bdaabd1243b3,0bd6aee5-32dd-453c-8ed5-76bd9788465a,true,true
d2ae135f-f81e-47ea-9fde-cd9a8e80c241,86d9b785-35b4-46ca-98aa-bdaabd1243b3,ea967b68-c8a9-478e-b8f3-a6ab3ae23d99,true,true
0037b425-8863-4d57-bd96-3a297d9d8140,62ba62f1-5edd-43a0-aea5-f47de45e04f8,0bd6aee5-32dd-453c-8ed5-76bd9788465a,true,true
c47469f0-c65b-4263-b852-becbb8820d96,7bb2633d-f787-4cc4-b6e2-3aa32be1b870,0bd6aee5-32dd-453c-8ed5-76bd9788465a,true,true
eafd460d-df1b-4f81-a551-f330cf65c631,3d78a897-f688-479c-b874-0103e05850fe,0bd6aee5-32dd-453c-8ed5-76bd9788465a,true,true
0483ebec-b8b5-4382-8dba-e9fffb6fef41,3083bff8-71c4-4230-8ab0-a791c9c53263,0bd6aee5-32dd-453c-8ed5-76bd9788465a,true,true
0502bc3c-2ecb-4d74-a53c-f63957366b3e,46c6f945-1de9-4039-acb4-a53afe9d1a23,0bd6aee5-32dd-453c-8ed5-76bd9788465a,true,true
8de1d83a-6fd5-4584-aed3-f62f649942e4,46c6f945-1de9-4039-acb4-a53afe9d1a23,ea967b68-c8a9-478e-b8f3-a6ab3ae23d99,true,true
2a6e3ddd-76f5-4f05-8752-ebc25649e3e6,cc79bee3-9170-4095-8242-f3806068376e,0bd6aee5-32dd-453c-8ed5-76bd9788465a,true,true
fa7d78d6-41b3-4b07-98f7-acb68f343b0e,cd1977f5-e96e-4303-b35a-4661085b8658,0bd6aee5-32dd-453c-8ed5-76bd9788465a,true,true
240041af-b64d-47b3-84e2-61db33b662d8,46f9c2de-b6ad-4663-89da-ded827718ab2,0bd6aee5-32dd-453c-8ed5-76bd9788465a,true,true
d5cebc73-cc1d-44d9-9040-f6fde3804842,99d27bfc-1f37-4c1c-af6f-f5b762b41b9e,0bd6aee5-32dd-453c-8ed5-76bd9788465a,true,true
eb5163f1-77a5-46c0-9e05-4a05f80d41e1,abdfa8f7-d54c-4ef0-b7a8-b93a15756701,0bd6aee5-32dd-453c-8ed5-76bd9788465a,true,true
9bee8ca6-8799-4f3a-bcf6-db9b5ba8e3a8,0dfb7352-2d59-4d4f-9c45-10fa1cd8a5cd,ea967b68-c8a9-478e-b8f3-a6ab3ae23d99,true,true
026e08a3-23a5-4eae-9596-1e5315f5817e,0dfb7352-2d59-4d4f-9c45-10fa1cd8a5cd,0bd6aee5-32dd-453c-8ed5-76bd9788465a,true,true
0b80f4cf-0fdb-4fb8-98f2-f4ab07414d87,f6186321-6c34-4d8f-98da-fa27f28880be,0bd6aee5-32dd-453c-8ed5-76bd9788465a,true,true
ffca78cd-6b5b-48b6-8ced-d82620a9f574,4fe347e6-50d7-477c-823e-f6f0e6425027,0bd6aee5-32dd-453c-8ed5-76bd9788465a,true,true
02317e53-a442-4a29-a21c-9b144c420f84,9a76c4de-a819-4ade-8ac0-a67b50843d67,0bd6aee5-32dd-453c-8ed5-76bd9788465a,true,true
f92b8a5a-9658-4dd7-b4f0-04093a7a6460,9a76c4de-a819-4ade-8ac0-a67b50843d67,ea967b68-c8a9-478e-b8f3-a6ab3ae23d99,true,true
e5239693-7407-4b4d-9854-529132cf64ce,f6defbbc-e9cb-4aa8-bf4d-02009a1dde52,0bd6aee5-32dd-453c-8ed5-76bd9788465a,true,true
f724d9b1-8398-4a0f-be35-9b7e1cea11be,091d3af4-3e2f-420f-92cf-d60953cd0cae,ea967b68-c8a9-478e-b8f3-a6ab3ae23d99,true,true
bbaa7f92-8777-4551-a0c0-eb7a2b1c9ea5,aff6be3a-b63d-45de-ae27-6d71d4741a6f,0bd6aee5-32dd-453c-8ed5-76bd9788465a,true,true
c8713795-9093-4d2c-8a24-366e786575a7,dfcab88f-65cd-4d26-8eee-a5a482ddc501,0bd6aee5-32dd-453c-8ed5-76bd9788465a,true,true
b77624c2-395a-4d55-bc88-caecfa0a63fc,dfcab88f-65cd-4d26-8eee-a5a482ddc501,ea967b68-c8a9-478e-b8f3-a6ab3ae23d99,true,true
92904849-e4ce-4b08-8e6c-24c8286c4636,cfa9a3cc-3249-4b76-8b15-b042de4b994f,0bd6aee5-32dd-453c-8ed5-76bd9788465a,true,true
1246ea30-9a0d-44cd-9220-3db1d012484a,5eae68f3-acd5-4f4d-b7a6-95f03a623557,ea967b68-c8a9-478e-b8f3-a6ab3ae23d99,true,true
c4cb3fae-191e-45a4-bd5a-d6f132aa0f8c,b702b132-9087-4c5b-83fb-1fd8b5ea4eff,0bd6aee5-32dd-453c-8ed5-76bd9788465a,true,true
5f80e49a-f311-46da-a70d-fce7a114b015,bb9be483-6230-468e-b2c4-07bd50522554,0bd6aee5-32dd-453c-8ed5-76bd9788465a,true,true
390afb16-a224-43f4-9063-bc72da4acdbf,c9160fb4-9117-4e51-a945-3dc2928327ee,0bd6aee5-32dd-453c-8ed5-76bd9788465a,true,true
1ef54e29-2b2e-4b0b-97a2-b3ad3c11e39a,2ee196fd-8e0b-4189-95e2-3190d1ef0f76,0bd6aee5-32dd-453c-8ed5-76bd9788465a,true,true
60d31a82-5a80-4ddb-8c16-6c060fdf3f8b,408815ce-827c-4305-986a-3e627ab2fe30,0bd6aee5-32dd-453c-8ed5-76bd9788465a,true,true
14aec7c6-8938-4b2d-b338-62904c8c6fa9,d2cdb085-a363-443b-aaad-0538bb8534b9,0bd6aee5-32dd-453c-8ed5-76bd9788465a,true,true
ae7f7aca-9aa6-4b57-bab7-c2cbe9ca2042,d2cdb085-a363-443b-aaad-0538bb8534b9,ea967b68-c8a9-478e-b8f3-a6ab3ae23d99,true,true
21d28d3b-8b41-4f98-9f85-0d6dac5caa22,4665586b-5060-45dd-8fbd-d7558823b445,0bd6aee5-32dd-453c-8ed5-76bd9788465a,true,true
071f3813-328b-4435-8cb3-3858888d3a7a,3bcd9802-b49f-4ed0-94ee-7ae3299092ee,0bd6aee5-32dd-453c-8ed5-76bd9788465a,true,true
db5120ac-65cb-4ecc-b15d-68b2b5b95830,3bcd9802-b49f-4ed0-94ee-7ae3299092ee,ba54fb99-cd67-484d-b68f-34aea2d83af6,true,true
325a24f0-e71a-406c-9964-815cf2e8ce52,0de38f4c-e444-496a-b226-99fe5690b9bb,0bd6aee5-32dd-453c-8ed5-76bd9788465a,true,true
b263c59a-eb36-4a5f-8449-497204f41b4d,2e47bc3b-d46a-45f3-9d6b-e79b8acc906e,0bd6aee5-32dd-453c-8ed5-76bd9788465a,true,true
501f1c32-895e-4f81-aa7d-f9e6d74cb86f,2e47bc3b-d46a-45f3-9d6b-e79b8acc906e,ea967b68-c8a9-478e-b8f3-a6ab3ae23d99,true,true
0b9e98c1-07ad-4244-b225-151bbd793aeb,d850683a-4723-464b-b3c4-f48a6c447409,ea967b68-c8a9-478e-b8f3-a6ab3ae23d99,false,true
4b7e343b-0d06-4342-84e0-688760548273,d850683a-4723-464b-b3c4-f48a6c447409,67dbf9f7-4898-4b84-86cf-303137a363be,false,true
a7d782a1-57f8-42c3-aa10-689f673b8dd3,d850683a-4723-464b-b3c4-f48a6c447409,0bd6aee5-32dd-453c-8ed5-76bd9788465a,true,true
11123aae-38e3-4391-92cd-a763c44ba021,f03dbccc-4d5f-4c65-a579-aa351f6c2aec,0bd6aee5-32dd-453c-8ed5-76bd9788465a,true,true
f4a0dd76-a507-46e5-9db1-3f295621bde1,aac9b74f-71cb-4415-a026-03b4eadefbe0,0bd6aee5-32dd-453c-8ed5-76bd9788465a,true,true
58e10682-5b0f-4369-899d-8e8274387558,40c7c3b0-7623-4f91-85a7-a24640c95017,0bd6aee5-32dd-453c-8ed5-76bd9788465a,true,true
7a851980-3bd7-43cb-b750-21cc55a427ab,eb70293c-55bb-4971-bfc1-b10d853a4f6c,0bd6aee5-32dd-453c-8ed5-76bd9788465a,true,true
643fe528-b492-4f2e-a59a-86326096cbee,bffe27f0-06d7-40a5-83a1-b09e2165346e,0bd6aee5-32dd-453c-8ed5-76bd9788465a,true,true
b8e52b91-d12f-42c5-9451-6743f98d4cc0,eb70293c-55bb-4971-bfc1-b10d853a4f6c,ea967b68-c8a9-478e-b8f3-a6ab3ae23d99,true,true
846e65d4-144c-4adf-a93f-85850aec5394,5822ca90-054f-4198-815e-e819735e48bf,0bd6aee5-32dd-453c-8ed5-76bd9788465a,true,true
b1d0af61-f2c1-4723-bdf0-b140a7f6a6bd,a94c88bb-1457-415b-8d9d-94763bd1c200,0bd6aee5-32dd-453c-8ed5-76bd9788465a,true,true
d520ea06-74cf-408e-adcb-4ad837e05e1c,a896be02-f36e-45e9-a58d-6ac1fb604413,0bd6aee5-32dd-453c-8ed5-76bd9788465a,true,true
ee131c73-f1c2-4b2b-8b13-0a7106d74dd1,48c71e82-5fb9-4170-af67-654442e1c5fb,0bd6aee5-32dd-453c-8ed5-76bd9788465a,true,true
86a93157-4ebf-484f-8f02-4e4d383af743,25f6d4a7-2c37-4716-908c-f1ad6e4e8409,ea967b68-c8a9-478e-b8f3-a6ab3ae23d99,true,true
fc2212dc-c3b1-4208-a43f-519592c6d1d5,25f6d4a7-2c37-4716-908c-f1ad6e4e8409,0bd6aee5-32dd-453c-8ed5-76bd9788465a,true,true
c81f7514-d0db-4f77-9a1e-bc2531c4fca5,67ee58fd-8a43-4bed-a50d-8e8810e18247,0bd6aee5-32dd-453c-8ed5-76bd9788465a,true,true
42e58fe4-9237-4c56-86e7-2833f9ec8115,77585189-68cd-4307-b929-141b0648f966,0bd6aee5-32dd-453c-8ed5-76bd9788465a,true,true
ecc9707a-397e-495f-96e8-a916538e36a6,33067aec-ee78-4a18-b8c9-6ff25e2bd9d4,0bd6aee5-32dd-453c-8ed5-76bd9788465a,true,true
aa789175-6d81-4c85-9570-44c8370642fd,33067aec-ee78-4a18-b8c9-6ff25e2bd9d4,ea967b68-c8a9-478e-b8f3-a6ab3ae23d99,true,true
5b950201-8de3-4834-a878-f19b867cea5e,33eeac08-fe31-4a49-ae59-21e57f53cb88,ea967b68-c8a9-478e-b8f3-a6ab3ae23d99,true,true
3e2f4fa8-a516-4c68-86f0-1202e8bf805e,33eeac08-fe31-4a49-ae59-21e57f53cb88,0bd6aee5-32dd-453c-8ed5-76bd9788465a,true,true
79b4d66a-1a6b-42d2-874a-8b0738be12dd,acc9ce98-4ff2-4f6a-b2be-9c7d5bf7e5d4,ea967b68-c8a9-478e-b8f3-a6ab3ae23d99,true,true
13a6bdb7-d3a7-46dd-be60-e84422b4dbe4,acc9ce98-4ff2-4f6a-b2be-9c7d5bf7e5d4,0bd6aee5-32dd-453c-8ed5-76bd9788465a,true,true
3fa49fb9-da3a-47fa-83f6-a0a73f2e4851,67c9ac9a-f57d-46f6-8b00-bfe5f8311178,0bd6aee5-32dd-453c-8ed5-76bd9788465a,true,true
844523eb-d222-4ab0-8d3d-23c51d7ff8a1,534ed04e-1826-4ef6-b1b1-80e92ded0c75,0bd6aee5-32dd-453c-8ed5-76bd9788465a,true,true
9626d660-93b2-4ea0-8dc3-061d9dd88538,18b7a741-98aa-452f-887c-249e7ed6b938,ea967b68-c8a9-478e-b8f3-a6ab3ae23d99,true,true
aa61f7c1-5dc7-43ac-9872-f2098360af55,18b7a741-98aa-452f-887c-249e7ed6b938,0bd6aee5-32dd-453c-8ed5-76bd9788465a,true,true
f334fa67-a7d3-4052-83a9-ed14991ba63c,2bd84324-9d8e-4178-957c-3204cf048ca3,ea967b68-c8a9-478e-b8f3-a6ab3ae23d99,true,true
9b2e4b95-d11f-4402-9807-9e9333f8c8ca,f11d8cc5-681f-405c-932b-a10de1749db3,ea967b68-c8a9-478e-b8f3-a6ab3ae23d99,true,true
2a69ecac-c642-4b0c-939c-f5d2abd2ae80,6b7d12ea-dde0-468f-8b3d-137f7aa3db4b,0bd6aee5-32dd-453c-8ed5-76bd9788465a,true,true
86003d09-3ed6-4da8-ba0f-510a084068d4,f11d8cc5-681f-405c-932b-a10de1749db3,0bd6aee5-32dd-453c-8ed5-76bd9788465a,true,true
f829cea5-7099-4cc0-a336-4512332dc54f,98118bc7-efc2-4d83-8f20-92dc918a82ca,0bd6aee5-32dd-453c-8ed5-76bd9788465a,true,true
d723c2ff-0bec-49a5-b67f-0bc9b28fc4c9,12ffde2b-c271-4015-a382-fc853f27b5b9,0bd6aee5-32dd-453c-8ed5-76bd9788465a,true,true
37c48430-efe3-49fb-adf3-aab7da9b5fef,12ffde2b-c271-4015-a382-fc853f27b5b9,ea967b68-c8a9-478e-b8f3-a6ab3ae23d99,true,true
71095178-dcd1-40e6-a8ba-95c05ea1e33b,12ffde2b-c271-4015-a382-fc853f27b5b9,67dbf9f7-4898-4b84-86cf-303137a363be,true,true
462d6909-6feb-4f1c-b635-069ef86baee1,ed1fd622-3013-4de5-a0fe-fd7a97bedc21,ea967b68-c8a9-478e-b8f3-a6ab3ae23d99,true,true
eecab67c-0146-4347-9d88-0c4f6e048bb7,ed1fd622-3013-4de5-a0fe-fd7a97bedc21,0bd6aee5-32dd-453c-8ed5-76bd9788465a,true,true
5b46eb96-6086-4322-8369-bae0e63c82ed,405b0e5a-80e9-43e8-b883-68326585e1ee,0bd6aee5-32dd-453c-8ed5-76bd9788465a,true,true
ed537a9d-2e7b-4deb-80c7-59a6b3a6a274,f6828cb6-e444-4f2e-bfc4-02188d359353,67dbf9f7-4898-4b84-86cf-303137a363be,false,true
443873ce-fefc-481b-841c-aadf159d26b1,f6828cb6-e444-4f2e-bfc4-02188d359353,ea967b68-c8a9-478e-b8f3-a6ab3ae23d99,false,true
11c227aa-a284-492a-a44e-cd2e556e0c2a,f6828cb6-e444-4f2e-bfc4-02188d359353,0bd6aee5-32dd-453c-8ed5-76bd9788465a,true,true
ec0869b1-7622-4e8b-963d-17a2338ff0d2,dd2df837-588b-4dd0-a434-93e21169a40b,0bd6aee5-32dd-453c-8ed5-76bd9788465a,true,true
b37d8cbc-50a0-44b7-b2b3-cbdf18cb2c0f,1d47d785-fc9b-4a7a-9b3e-20106cb82e7a,0bd6aee5-32dd-453c-8ed5-76bd9788465a,true,true
efcf13e8-7f46-4024-9c52-ba6ce847e45f,06fa5868-e0b2-4112-8718-6c2f99045af4,0bd6aee5-32dd-453c-8ed5-76bd9788465a,true,true
5bef079a-b1ae-4c53-ab0f-9b9b69e881e7,9c2bdc19-70d0-4298-ac5b-4ae5c3d6f30c,0bd6aee5-32dd-453c-8ed5-76bd9788465a,true,true
97c06e11-f491-4943-b037-74520343edfe,c16e7fba-f84d-4c18-b517-907f71523aa8,67dbf9f7-4898-4b84-86cf-303137a363be,true,true
a214e0bf-c16d-4fec-9812-15b85a188c4a,c16e7fba-f84d-4c18-b517-907f71523aa8,0bd6aee5-32dd-453c-8ed5-76bd9788465a,true,true
bd75b913-e22d-4c4a-8dfa-8756bb4cbd92,c16e7fba-f84d-4c18-b517-907f71523aa8,ea967b68-c8a9-478e-b8f3-a6ab3ae23d99,true,true
995147c4-9cd6-455b-8ac6-c55decba1d4b,c16e7fba-f84d-4c18-b517-907f71523aa8,67dbf9f7-4898-4b84-86cf-303137a363be,true,true
d850c79e-109c-4694-b69e-b54171c864a2,c16e7fba-f84d-4c18-b517-907f71523aa8,ea967b68-c8a9-478e-b8f3-a6ab3ae23d99,true,true
71c7a0f7-457d-45e5-b225-d5f8611245d4,c16e7fba-f84d-4c18-b517-907f71523aa8,0bd6aee5-32dd-453c-8ed5-76bd9788465a,true,true
4ccb284e-cc1a-45b6-981b-bb4d56fb15ee,5a6fe7fa-3b26-4553-859a-050223e3315e,ea967b68-c8a9-478e-b8f3-a6ab3ae23d99,true,true
411db73c-515c-490e-b101-2552e5da0c7a,5a6fe7fa-3b26-4553-859a-050223e3315e,0bd6aee5-32dd-453c-8ed5-76bd9788465a,true,true
62dc99e5-8082-4e54-b747-a87b9c8eb1da,0d5c5392-b390-4115-b234-d0424330abb6,0bd6aee5-32dd-453c-8ed5-76bd9788465a,true,true
e3bdb087-9e45-45dd-84af-b25948e337bc,0d5c5392-b390-4115-b234-d0424330abb6,ea967b68-c8a9-478e-b8f3-a6ab3ae23d99,true,true
840daddc-9f5b-4829-a680-ef2092548783,5062589d-bc62-4454-a0d3-ec8b0643eb10,ea967b68-c8a9-478e-b8f3-a6ab3ae23d99,true,true
0169e2ef-eabd-44e6-af36-ea10c6c1e014,bcfd0efb-8e8f-4f04-b201-902ac707fe77,0bd6aee5-32dd-453c-8ed5-76bd9788465a,true,true
61dcdff8-efa2-4555-93ef-a4f3eb385972,fb29fa38-c2b1-4075-ac3a-e64b6151cfc1,0bd6aee5-32dd-453c-8ed5-76bd9788465a,true,true
8713cccc-0e5f-4161-ae79-10c23ccedadf,6a376649-b8b6-4abd-9c6a-977d692e4a6e,0bd6aee5-32dd-453c-8ed5-76bd9788465a,true,true
950b3653-d942-4cdf-8c7a-245000a0fe3e,89041399-a7f4-4195-ba4a-00e9f2e93b5b,0bd6aee5-32dd-453c-8ed5-76bd9788465a,true,true
40cbb942-c04a-4cf5-a381-b5cd3048ff54,89041399-a7f4-4195-ba4a-00e9f2e93b5b,ea967b68-c8a9-478e-b8f3-a6ab3ae23d99,true,true
d58ab7df-ad04-4cb8-b242-3c29b702b365,ea4d1992-c3fc-4b5a-8eb0-b3ef7bb1d8a8,ea967b68-c8a9-478e-b8f3-a6ab3ae23d99,true,true
3f08f007-4108-430c-9715-8e0437201e17,b6b404e3-ecd0-4241-9160-534c47a15d90,ea967b68-c8a9-478e-b8f3-a6ab3ae23d99,true,true
d1ae3771-9935-49db-aee1-495f568d1ba2,981f9b3e-646a-4889-9f39-baa06e05df81,0bd6aee5-32dd-453c-8ed5-76bd9788465a,true,true
c09fe4a9-8be7-43e7-9c1b-ab4be0db4925,45e65b1b-be8d-4176-b6e9-32d881b32ed6,0bd6aee5-32dd-453c-8ed5-76bd9788465a,true,true
dbb3d07e-de6b-4993-8b38-163e1864fcdf,84b3b459-3379-4ca9-8709-48f29d208b1e,ea967b68-c8a9-478e-b8f3-a6ab3ae23d99,true,true
81352777-b5e7-4af0-a37c-09d65b6cee8f,9f527ea8-3f89-40e8-8def-5d1f1a271513,ea967b68-c8a9-478e-b8f3-a6ab3ae23d99,true,true
01eebcd2-36a9-40f0-b40b-fc713f08a4c9,9f527ea8-3f89-40e8-8def-5d1f1a271513,0bd6aee5-32dd-453c-8ed5-76bd9788465a,true,true
d60a8196-3c1c-4679-8861-2719bc0cd9c2,f11af386-aab1-42e3-9638-d57c3144333f,0bd6aee5-32dd-453c-8ed5-76bd9788465a,true,true
13d63a39-d2fc-479a-88b1-2a578208afdb,f11af386-aab1-42e3-9638-d57c3144333f,ea967b68-c8a9-478e-b8f3-a6ab3ae23d99,true,true
3958dedb-ae12-4bed-a19d-0447bf7b851d,84b3b459-3379-4ca9-8709-48f29d208b1e,0bd6aee5-32dd-453c-8ed5-76bd9788465a,true,true
659ffc95-a82e-4eee-b681-bd83bc81f3f2,88796663-1a70-44e8-bab0-d32e312a56ee,ea967b68-c8a9-478e-b8f3-a6ab3ae23d99,true,true
88f0410c-a6ae-4c82-a9a6-f5c60479e608,88796663-1a70-44e8-bab0-d32e312a56ee,0bd6aee5-32dd-453c-8ed5-76bd9788465a,true,true
64fae35a-b1b1-40da-a18b-672a696b823e,4fb68e1d-9b3f-424a-a365-4a3026d071fb,0bd6aee5-32dd-453c-8ed5-76bd9788465a,true,true
2d9703b3-23f8-4430-bde2-e85dfd57de33,4fb68e1d-9b3f-424a-a365-4a3026d071fb,ea967b68-c8a9-478e-b8f3-a6ab3ae23d99,true,true
eca2bed2-c8ba-48a9-a2be-be12f457ef2f,61cc094a-5d46-4e0a-9bee-855a4266253d,0bd6aee5-32dd-453c-8ed5-76bd9788465a,true,true
0a133645-2015-4f03-a761-25050daf4365,61cc094a-5d46-4e0a-9bee-855a4266253d,67dbf9f7-4898-4b84-86cf-303137a363be,false,true
c7df0548-672d-43e5-b4c2-8ff3f0cca6e8,61cc094a-5d46-4e0a-9bee-855a4266253d,ea967b68-c8a9-478e-b8f3-a6ab3ae23d99,false,true
23184a13-b1f3-4661-b9a6-cbbbd334ce3d,ea4d1992-c3fc-4b5a-8eb0-b3ef7bb1d8a8,0bd6aee5-32dd-453c-8ed5-76bd9788465a,true,true
12ac618b-e2c4-47d4-a2a8-84590ac57365,fcca140b-5ecf-4feb-a02c-9e276dfbb67b,0bd6aee5-32dd-453c-8ed5-76bd9788465a,true,true
65c13648-ebe4-44db-a739-f202117c4a1d,83f72010-1f10-4a17-8a20-446a3d5fb860,0bd6aee5-32dd-453c-8ed5-76bd9788465a,false,true
8555a625-855e-4dc7-9471-bba963a693f3,d355b4b6-45e4-42b1-aa53-b4465d260f6a,0bd6aee5-32dd-453c-8ed5-76bd9788465a,true,true
31784fe7-7c1d-413c-80e4-ccef42e3a911,c3ca9a90-cc50-4ce8-8cd9-c47370ba6fe0,0bd6aee5-32dd-453c-8ed5-76bd9788465a,true,true
8a053271-f76c-472f-9bc6-c1824aae6c13,69bdde13-7e3b-4206-ae63-e65481afbbdd,0bd6aee5-32dd-453c-8ed5-76bd9788465a,true,true
1d83f801-54cb-4a4c-8e26-bc25578520be,61752051-e5c0-475b-9c58-5646177dc659,ea967b68-c8a9-478e-b8f3-a6ab3ae23d99,true,true
39a9c761-88d5-47af-ac90-0f0b75a52e8c,6405057e-5254-4680-8d0f-d8991f824b9d,0bd6aee5-32dd-453c-8ed5-76bd9788465a,true,true
6df34c77-ecb8-429d-945f-c42fd2f8380f,f6defbbc-e9cb-4aa8-bf4d-02009a1dde52,ea967b68-c8a9-478e-b8f3-a6ab3ae23d99,true,true
2897c4a2-653b-409d-a6be-fa5a510b3bee,24d80543-a335-45c2-9bf7-f4a2806df481,ea967b68-c8a9-478e-b8f3-a6ab3ae23d99,true,true
5858709b-ba62-4b5d-81a4-d68d68f02656,037c0a16-5881-4f8c-b1bd-797639238ea7,ea967b68-c8a9-478e-b8f3-a6ab3ae23d99,true,true
0f539a95-98f5-4f0a-b072-4f791b9e2e37,037c0a16-5881-4f8c-b1bd-797639238ea7,0bd6aee5-32dd-453c-8ed5-76bd9788465a,true,true
e92843aa-14c6-4270-bdcd-cbea73f3440c,24d80543-a335-45c2-9bf7-f4a2806df481,0bd6aee5-32dd-453c-8ed5-76bd9788465a,true,true
ee8a7f73-508f-491f-90b5-d277b0019cc2,49d7ee3a-937f-45c9-8a63-c540c621b049,ea967b68-c8a9-478e-b8f3-a6ab3ae23d99,true,true
bec5611f-2944-4cc9-8628-33f5b31f7dd0,49d7ee3a-937f-45c9-8a63-c540c621b049,0bd6aee5-32dd-453c-8ed5-76bd9788465a,true,true
c66b8298-e743-4be3-ab1b-347e9a6fc693,fd4a2a62-daa4-4720-8883-5c4231759391,0bd6aee5-32dd-453c-8ed5-76bd9788465a,true,true
176386de-7b78-4344-ae50-b071d0e6cb0d,4b1bf4d4-ed59-4080-8635-14359742f305,ea967b68-c8a9-478e-b8f3-a6ab3ae23d99,false,true
99987a4c-985a-46bf-9c66-579b47f2de2d,4b1bf4d4-ed59-4080-8635-14359742f305,67dbf9f7-4898-4b84-86cf-303137a363be,false,true
47448f36-4c7e-4866-bba6-0f1117151924,4b1bf4d4-ed59-4080-8635-14359742f305,0bd6aee5-32dd-453c-8ed5-76bd9788465a,true,true
23c4b2fb-81d4-43db-a00a-b87e39d52efe,f677e552-b0c4-4d7b-8b13-1bca4f27d740,0bd6aee5-32dd-453c-8ed5-76bd9788465a,true,true
ce4a1880-9aeb-4d77-a7e1-22c7666c81d0,e618fff3-35a9-4d5f-87cb-561a726abaf2,ea967b68-c8a9-478e-b8f3-a6ab3ae23d99,true,true
b35d9f09-54a4-4013-b22e-c3f60afb6a8c,e618fff3-35a9-4d5f-87cb-561a726abaf2,0bd6aee5-32dd-453c-8ed5-76bd9788465a,true,true
cc5d553c-0f99-45c0-a4f3-241578e14681,76c75bfc-dc7b-4312-879a-12b8b2617875,0bd6aee5-32dd-453c-8ed5-76bd9788465a,true,true
ea07693c-1ed9-43e8-9eb7-11d06e42e2b7,8f850bfc-23ee-48e1-950f-fba485d93bc2,ea967b68-c8a9-478e-b8f3-a6ab3ae23d99,true,true
96c72c92-38c1-4773-8625-0677e66266aa,f3dca0fa-6e1b-4edb-9521-b344528b957b,0bd6aee5-32dd-453c-8ed5-76bd9788465a,true,true
c3194666-2541-4f82-a537-76cdd8ff44b8,8f850bfc-23ee-48e1-950f-fba485d93bc2,67dbf9f7-4898-4b84-86cf-303137a363be,true,true
020e17bc-08d0-4d67-b8d4-c5f6a2788656,00d5c7d9-2d7b-4719-ae9d-87da43bd52c6,ea967b68-c8a9-478e-b8f3-a6ab3ae23d99,true,true
5e401dc6-e9d8-4c54-9132-dcc87bc98011,00d5c7d9-2d7b-4719-ae9d-87da43bd52c6,0bd6aee5-32dd-453c-8ed5-76bd9788465a,true,true
a85f5282-512f-4ef1-ade9-1fe131944dce,8f850bfc-23ee-48e1-950f-fba485d93bc2,0bd6aee5-32dd-453c-8ed5-76bd9788465a,true,true
9eda9557-f744-45e5-a92a-acec2826cd6c,2e12fa0c-ba22-4758-b01b-765e9c05df39,0bd6aee5-32dd-453c-8ed5-76bd9788465a,true,true
d1fbfba4-e6b6-4507-8e5c-f826ce51d1b3,fc6e86a7-0167-419f-b58b-b9853fb4f0cc,ea967b68-c8a9-478e-b8f3-a6ab3ae23d99,true,true
6f5f77f7-6b4f-481b-b46e-d6804d02edcc,49df7907-391b-4bf3-a7eb-ba57d5da6080,ea967b68-c8a9-478e-b8f3-a6ab3ae23d99,true,true
f00f4e5d-51dc-4207-8853-7d70a04435f6,49df7907-391b-4bf3-a7eb-ba57d5da6080,0bd6aee5-32dd-453c-8ed5-76bd9788465a,true,true
50a6f845-86fd-4457-bfb7-9aa25840322d,e66ab1a9-e4d5-4664-b22e-0dbf8bb987dc,0bd6aee5-32dd-453c-8ed5-76bd9788465a,true,true
e5c7c7c3-9f5d-4733-824f-db9b27bdd41b,e2816872-9d26-4fcf-9aa3-cc3451f0a1d7,0bd6aee5-32dd-453c-8ed5-76bd9788465a,true,true
a5fa6fac-d11a-4b34-8c8e-2d5bfe07ea9b,eb20f60f-dc33-43a1-87ac-dc74e2c6d29a,0bd6aee5-32dd-453c-8ed5-76bd9788465a,true,true
70e0806b-1c21-4a01-8cc2-8abf0a31a923,8200c173-27bf-4d24-8d6e-8229eceed010,0bd6aee5-32dd-453c-8ed5-76bd9788465a,true,true
7c8e3473-5bb7-43f8-bae3-ed0d9a05e156,5d47e52d-7c6c-41a9-b3f0-f337c8e6b8a2,ea967b68-c8a9-478e-b8f3-a6ab3ae23d99,true,true
b5d59e7c-9411-4d2d-b0d6-5eeb07aa5bbf,0375d76a-bbaa-428f-b7e4-1ee609d09151,ea967b68-c8a9-478e-b8f3-a6ab3ae23d99,true,true
bf42beb1-935e-44af-b87a-90bbf9eeb46c,0375d76a-bbaa-428f-b7e4-1ee609d09151,0bd6aee5-32dd-453c-8ed5-76bd9788465a,true,true
4d2c3129-6ad3-48cf-87f6-166db4a1637f,23080d0c-f92d-4a0f-b926-49df86404939,ea967b68-c8a9-478e-b8f3-a6ab3ae23d99,true,true
c230a3ef-1b5e-4db3-89d1-2a0e5fc2d23c,23080d0c-f92d-4a0f-b926-49df86404939,0bd6aee5-32dd-453c-8ed5-76bd9788465a,true,true
ae1e748f-9c76-45c7-a2c8-36bd166b6f32,e8b26bf3-af20-4e19-8901-08b546a48aa5,ea967b68-c8a9-478e-b8f3-a6ab3ae23d99,true,true
8da764f5-05eb-43de-a46e-4350a31d73e9,e8b26bf3-af20-4e19-8901-08b546a48aa5,0bd6aee5-32dd-453c-8ed5-76bd9788465a,true,true
c4a70681-6e29-44da-af50-1210f33c754c,056a8812-8525-4ea7-893e-a6912895c5d3,ea967b68-c8a9-478e-b8f3-a6ab3ae23d99,true,true
bd9c4167-890a-44d2-b515-0757063e9f3c,0ede9224-744c-4832-8304-6d5861809c15,0bd6aee5-32dd-453c-8ed5-76bd9788465a,true,true
47a29d30-b57a-4c43-a742-8686c1d7ee5c,9384a398-bd29-428e-b93d-112d04aa8ae5,ea967b68-c8a9-478e-b8f3-a6ab3ae23d99,true,true
10bb0a82-5128-4dff-8aa7-0c000b36b078,9384a398-bd29-428e-b93d-112d04aa8ae5,0bd6aee5-32dd-453c-8ed5-76bd9788465a,true,true
8eb63428-4062-47a2-9cbd-9f70c78ea49c,1f5579ba-c7e2-4be4-8638-817cbc14ad4b,0bd6aee5-32dd-453c-8ed5-76bd9788465a,true,true
04082b1a-3be4-41f0-880b-8bfb18ad20d5,ccae351e-c839-408a-80ee-18d7e81b3b60,0bd6aee5-32dd-453c-8ed5-76bd9788465a,true,true
f60744d6-8734-4e33-8128-e85cf13d11cf,ccae351e-c839-408a-80ee-18d7e81b3b60,ea967b68-c8a9-478e-b8f3-a6ab3ae23d99,true,true
ef13a169-6074-48b4-beb9-4c323c4fc23e,24c9adf3-5c92-4ea1-9111-ecdbd5800400,0bd6aee5-32dd-453c-8ed5-76bd9788465a,true,true
cd49b97e-1a0d-4026-92bd-99137bd58af0,581f2165-493a-4eb4-8693-b65ef1897a47,ea967b68-c8a9-478e-b8f3-a6ab3ae23d99,true,true
2c6fbf2b-851a-48fc-a10d-f776c246735e,752dacd2-b323-4ba4-b2f2-21a0470210cc,0bd6aee5-32dd-453c-8ed5-76bd9788465a,true,true
3bd1d2ae-6062-4088-a80c-5ed4702901f2,581f2165-493a-4eb4-8693-b65ef1897a47,0bd6aee5-32dd-453c-8ed5-76bd9788465a,true,true
5cddbe1f-3336-4c53-a208-f1a0a4e6ca85,5406e798-abc9-424a-a1b5-0f192dffbc69,0bd6aee5-32dd-453c-8ed5-76bd9788465a,true,true
c04a3283-e41b-429f-a3a2-d5ecd1ed2829,2b6b0f8e-b0f5-4c61-8acf-c095247569eb,ea967b68-c8a9-478e-b8f3-a6ab3ae23d99,true,true
f082e735-1bf8-4e22-b79e-176a0051681a,2b6b0f8e-b0f5-4c61-8acf-c095247569eb,0bd6aee5-32dd-453c-8ed5-76bd9788465a,true,true
bb9747a4-a26e-46f1-a90d-9efb34fe0c74,4feaa616-7897-4b66-8ded-daf4849ebb39,ea967b68-c8a9-478e-b8f3-a6ab3ae23d99,true,true
53be9664-ccb4-4d6f-b728-19e053679f1a,4feaa616-7897-4b66-8ded-daf4849ebb39,0bd6aee5-32dd-453c-8ed5-76bd9788465a,true,true
225d8b89-658a-48e3-aff1-4cbfeca0f40c,0af43f14-4644-49e4-b0d1-4cfaeec18bad,0bd6aee5-32dd-453c-8ed5-76bd9788465a,true,true
33ad1bcc-95c2-41fe-8edc-d2804087eede,425e71dc-699c-44a0-ad3a-fd4e32296308,ea967b68-c8a9-478e-b8f3-a6ab3ae23d99,false,true
9ffc3efb-81ba-48ab-b4ea-7d0e917ce1ab,425e71dc-699c-44a0-ad3a-fd4e32296308,0bd6aee5-32dd-453c-8ed5-76bd9788465a,true,true
1c466723-c854-4169-8c8c-509f2d94f925,acdf116a-5257-40b4-b9e7-6fd0ca20de5c,ea967b68-c8a9-478e-b8f3-a6ab3ae23d99,true,true
e5ca651a-a0e5-4a0f-bd88-fd3a45f9bcb3,03af3d07-adc8-40ed-8c65-d7ab1fe4e559,0bd6aee5-32dd-453c-8ed5-76bd9788465a,true,true
30bf2731-b8e7-45b8-b7d2-37353cc8c625,c691e3d8-8393-4b0a-8dcc-86f572908b45,ea967b68-c8a9-478e-b8f3-a6ab3ae23d99,true,true
fb193965-c090-469a-8d05-a58be2dca87d,c691e3d8-8393-4b0a-8dcc-86f572908b45,0bd6aee5-32dd-453c-8ed5-76bd9788465a,true,true
2e65bee2-7340-4e9c-a609-9bf7afafa1ea,314f4422-98bf-4178-8fe4-fe3aa8480dd5,0bd6aee5-32dd-453c-8ed5-76bd9788465a,true,true
cfeab451-22a0-4b44-bc72-8b3f12ad8ec3,dab272a0-1c48-4edc-acda-7ba0dd87b86e,ea967b68-c8a9-478e-b8f3-a6ab3ae23d99,false,true
96c0dab9-a4b6-49b1-933e-115930df473f,d73d6d0b-174f-4d4d-abc4-39e7e03734d0,0bd6aee5-32dd-453c-8ed5-76bd9788465a,true,true
2705d69f-8eeb-4c8e-8cf7-4c2108b58316,c12fd3e0-d23c-40ee-9aa7-24bcabba72de,ea967b68-c8a9-478e-b8f3-a6ab3ae23d99,true,true
e08c9aff-6368-41a7-9e8a-7fd6659436df,c12fd3e0-d23c-40ee-9aa7-24bcabba72de,0bd6aee5-32dd-453c-8ed5-76bd9788465a,true,true
9a45c88f-4e65-48ef-bcb0-c3166a669ea7,09f9d346-e298-4841-aa2e-e0bf3c147e7a,0bd6aee5-32dd-453c-8ed5-76bd9788465a,true,true
87410c9a-50be-4f94-b8aa-a727cf596895,90291a06-b64c-41b0-bab2-4766ad3152d5,ea967b68-c8a9-478e-b8f3-a6ab3ae23d99,true,true
70d5bd6d-255d-4d61-8159-4c3845d6d5bb,de9b0f6b-be9e-43e5-8d85-f0fd7d7cdecd,0bd6aee5-32dd-453c-8ed5-76bd9788465a,true,true
ff17ce4c-0e5b-481b-bdd3-a0d99a2a0844,c027aa04-cd3c-4bcc-9433-022d56d5a2ad,ea967b68-c8a9-478e-b8f3-a6ab3ae23d99,true,true
2d63492d-1007-46df-9697-db58de20bd6c,fc98fb6f-1f41-4456-921f-43e93055b628,ea967b68-c8a9-478e-b8f3-a6ab3ae23d99,true,true
fea218f3-75f5-4de2-b0a6-b0c5d2048356,fc98fb6f-1f41-4456-921f-43e93055b628,0bd6aee5-32dd-453c-8ed5-76bd9788465a,true,true
b1a7b558-c95c-4367-8ffb-8c9cd89fbded,7aba8d1a-3da3-49ec-8074-ddc004d1e7ce,0bd6aee5-32dd-453c-8ed5-76bd9788465a,true,true
b9a2e73a-64d2-4cca-8031-b7f33c8bd28b,95fbe5ab-4dcf-4e48-a2f1-d27b7700d580,0bd6aee5-32dd-453c-8ed5-76bd9788465a,true,true
8044207c-d053-4d61-bc29-7028aae74ab7,3e3d2136-f2ea-42e4-951f-3f0cd31c426b,0bd6aee5-32dd-453c-8ed5-76bd9788465a,true,true
e58d170f-e05b-4fc7-9e3a-02fd4f9786bb,95fbe5ab-4dcf-4e48-a2f1-d27b7700d580,ea967b68-c8a9-478e-b8f3-a6ab3ae23d99,true,true
1419e18b-0a6e-4191-81b6-5b9f45e5d376,c462301d-64a9-4da6-807b-a53d056343cf,0bd6aee5-32dd-453c-8ed5-76bd9788465a,true,true
436a98b2-1e44-4d9d-bdf1-14f59db61d9e,338d3250-572c-428a-9e1c-3f03d4066b4f,0bd6aee5-32dd-453c-8ed5-76bd9788465a,true,true
6891d085-31f6-4710-b415-6675aaa8a087,93f7c873-33f3-4e10-840e-496861749a50,0bd6aee5-32dd-453c-8ed5-76bd9788465a,true,true
a69ef3fe-fa40-477a-8d91-8536bef8c01c,d80927e7-f1f5-4834-875a-e6505ab0ac6e,67dbf9f7-4898-4b84-86cf-303137a363be,true,true
8e62798a-c349-4782-882b-2e677d03eede,d80927e7-f1f5-4834-875a-e6505ab0ac6e,ea967b68-c8a9-478e-b8f3-a6ab3ae23d99,true,true
0279db88-b6b8-4afa-beb4-50989516da15,380d1d1f-f5eb-41c4-a214-d9de418356e3,ea967b68-c8a9-478e-b8f3-a6ab3ae23d99,true,true
92558ba5-65ae-4bba-b1b9-6925e3000d11,5ceeb707-619a-4361-bdf3-9afcced97f5a,67dbf9f7-4898-4b84-86cf-303137a363be,true,true
c76b2624-fe4e-48db-a933-d8089d57717d,5ceeb707-619a-4361-bdf3-9afcced97f5a,ea967b68-c8a9-478e-b8f3-a6ab3ae23d99,true,true
efa76d03-e532-4165-bc88-32657681fc6a,5ceeb707-619a-4361-bdf3-9afcced97f5a,0bd6aee5-32dd-453c-8ed5-76bd9788465a,true,true
cf90d7ef-6919-455c-b542-7a9f7a8ad134,380d1d1f-f5eb-41c4-a214-d9de418356e3,0bd6aee5-32dd-453c-8ed5-76bd9788465a,true,true
d5c00828-05bc-4239-a3ee-d6dc49e1e067,859c706e-6161-4e2b-90eb-82d2ae32fd21,ea967b68-c8a9-478e-b8f3-a6ab3ae23d99,true,true
c00e28c7-7ba4-4ebb-9f54-3acd5aa384bc,859c706e-6161-4e2b-90eb-82d2ae32fd21,0bd6aee5-32dd-453c-8ed5-76bd9788465a,true,true
784aab0b-ce53-4a2c-b56d-05046d640f27,9abdf405-182b-4c46-90f5-1e0475da9ed2,ea967b68-c8a9-478e-b8f3-a6ab3ae23d99,true,true
245d5b8d-5a46-4f49-87f4-3a5a86dad153,054d4941-e5bf-4bad-947e-3084a5f98b9a,0bd6aee5-32dd-453c-8ed5-76bd9788465a,true,true
1a9d1e38-f1d1-494b-9936-cc345c4b5cd5,1824637b-9504-47b7-b2ca-9a466a31531a,0bd6aee5-32dd-453c-8ed5-76bd9788465a,true,true
4d1b6998-ff14-43cc-afeb-a26818ffcd61,931cb8e0-54a1-454c-8b22-15de912698c8,0bd6aee5-32dd-453c-8ed5-76bd9788465a,true,true
5f8e0190-e381-4866-a245-2cc8766191ba,c6ae6ec2-28ad-4a1f-99f3-c5f24dc1b99d,ea967b68-c8a9-478e-b8f3-a6ab3ae23d99,true,true
45cad065-d317-4d95-9460-03f716d23999,0fcdcde1-08f8-41e4-8d20-2f28eb670de2,0bd6aee5-32dd-453c-8ed5-76bd9788465a,true,true
a8395902-88cb-4ae5-9486-4e90f370c187,4cd6ac0c-1446-4a84-8da2-d87b26534863,ea967b68-c8a9-478e-b8f3-a6ab3ae23d99,true,true
86685175-eae8-4142-bc10-2ff9a29a8580,5c1502c7-f77e-43a7-8af4-b36535c7e06a,0bd6aee5-32dd-453c-8ed5-76bd9788465a,false,true
f2a74912-0c24-44b6-8619-9273f20242eb,e35f3fa6-281a-428d-b5ba-87b5f98bcaf3,ea967b68-c8a9-478e-b8f3-a6ab3ae23d99,true,true
0ba3ef67-6014-49de-8500-e61e477a5f1f,57485667-343b-43a9-82da-57a037b47a8f,0bd6aee5-32dd-453c-8ed5-76bd9788465a,true,true
24e22562-5af3-4563-a6ec-d090963d9e1e,cbd075ba-ae77-4f23-a1d5-23fe01e32ed4,0bd6aee5-32dd-453c-8ed5-76bd9788465a,true,true
85604c9c-676a-488b-9609-d4e8e0099a08,55a011c6-53e5-4aad-bae9-fc2000d62f56,ea967b68-c8a9-478e-b8f3-a6ab3ae23d99,true,true
bb7839a6-91ff-4dfc-bd07-036db9f30942,55a011c6-53e5-4aad-bae9-fc2000d62f56,0bd6aee5-32dd-453c-8ed5-76bd9788465a,true,true
62bdfc53-50d7-4397-a461-3500bd628e04,974c3981-3412-4709-aece-6375e903555e,0bd6aee5-32dd-453c-8ed5-76bd9788465a,true,true
7f84d533-717c-42af-ac04-2e943e8c422b,a0a36ed7-3372-4eb2-8fcc-8a429597100f,0bd6aee5-32dd-453c-8ed5-76bd9788465a,true,true
ea7e672b-de25-4502-bf05-607488edd39e,6fdfb431-c0d4-400a-97b6-e605c283b2fb,ea967b68-c8a9-478e-b8f3-a6ab3ae23d99,false,true
d1169621-e406-4f6a-b4a8-c51686ab138d,6fdfb431-c0d4-400a-97b6-e605c283b2fb,67dbf9f7-4898-4b84-86cf-303137a363be,false,true
43b2d293-1068-4b60-93e4-3596e2342311,6fdfb431-c0d4-400a-97b6-e605c283b2fb,0bd6aee5-32dd-453c-8ed5-76bd9788465a,true,true
1f5293c8-2f6c-4069-846f-d3f445d169ac,137a4808-7b8d-4e07-9d86-561866dc542e,0bd6aee5-32dd-453c-8ed5-76bd9788465a,true,true
a918cec0-d350-401a-bc9b-92496f2f3abc,c275ab8f-8659-4169-807b-eb540dd23f74,0bd6aee5-32dd-453c-8ed5-76bd9788465a,true,true
7a9cb17c-5f1c-41aa-a3dd-cf79a4ae6840,adc1d986-9287-4738-a0f0-9d142cd0d656,0bd6aee5-32dd-453c-8ed5-76bd9788465a,true,true
85b90221-5f1c-4c56-bc68-c16c784f5f90,f71ccaf5-1ba1-4767-8aeb-78c40b53941d,ea967b68-c8a9-478e-b8f3-a6ab3ae23d99,true,true
602e359a-2d46-4455-9a96-56bbe3dbe1cf,f71ccaf5-1ba1-4767-8aeb-78c40b53941d,0bd6aee5-32dd-453c-8ed5-76bd9788465a,true,true
db0ebbff-60e6-481b-abf2-283d149bb282,aab34249-da36-4fe3-b7f4-aa0a4107b8d8,ea967b68-c8a9-478e-b8f3-a6ab3ae23d99,false,true
2d1d8307-ef0e-46d7-9f6e-524dffc7801c,aab34249-da36-4fe3-b7f4-aa0a4107b8d8,0bd6aee5-32dd-453c-8ed5-76bd9788465a,true,true
e67d4c0e-5c9f-4480-8b9d-000e95cc57e0,37ae4fdd-e215-4d8b-a4cc-7ae38cbc753c,0bd6aee5-32dd-453c-8ed5-76bd9788465a,true,true
8ec631e5-2b3d-4888-be97-cb3e16f4d5bf,2b0106b4-0c6d-4a62-99a7-7f78b4a17b86,ea967b68-c8a9-478e-b8f3-a6ab3ae23d99,true,true
7a834057-8f39-4b7b-bb91-3baa958df1a1,2b0106b4-0c6d-4a62-99a7-7f78b4a17b86,0bd6aee5-32dd-453c-8ed5-76bd9788465a,true,true
562721f1-2790-4da0-b0a7-18240154df0d,0ecb321a-30aa-4dc6-bc4f-91c52ab78a26,9c991fd3-6a0f-4dda-88c6-4007a987f21d,true,true
969510bc-7fed-4e97-b185-0ed1b2224bed,dcbd7cde-ce21-4924-8191-30aa9f0ac44c,0bd6aee5-32dd-453c-8ed5-76bd9788465a,true,true
7a39b9ee-f7de-4048-bda3-6b777ff69144,173ccdfd-e88d-499e-a1ad-9f3f8b80b920,0bd6aee5-32dd-453c-8ed5-76bd9788465a,true,true
7dcdc43b-1b11-4e1a-870d-863077d52cc0,173ccdfd-e88d-499e-a1ad-9f3f8b80b920,ea967b68-c8a9-478e-b8f3-a6ab3ae23d99,true,true
83afce5a-0571-49fa-81e6-d1627b1b1b63,44620e58-8326-4760-a7f2-b3929be351f0,0bd6aee5-32dd-453c-8ed5-76bd9788465a,true,true
aae6e6de-1389-41f5-abf1-06cfbd361d09,34fb801e-f15b-442b-a60b-f3735098da92,0bd6aee5-32dd-453c-8ed5-76bd9788465a,true,true
951f0f4a-a145-4192-88ae-7234858397a8,862fa518-10b0-48ea-86b1-5a9ea664c190,0bd6aee5-32dd-453c-8ed5-76bd9788465a,true,true
854d3193-5cc1-46fa-9b4f-79645ae2ecf8,862fa518-10b0-48ea-86b1-5a9ea664c190,ea967b68-c8a9-478e-b8f3-a6ab3ae23d99,true,true
b7c68375-3522-4e26-b886-bc68d918e529,862fa518-10b0-48ea-86b1-5a9ea664c190,9c991fd3-6a0f-4dda-88c6-4007a987f21d,true,true
a4be412f-9cc5-405a-87aa-1469d5e180e1,862fa518-10b0-48ea-86b1-5a9ea664c190,67dbf9f7-4898-4b84-86cf-303137a363be,true,true
96cf1751-4261-4c4e-8cfb-0958e7ee9136,c722e60e-04e5-4437-9ba6-549e2d2d5896,67dbf9f7-4898-4b84-86cf-303137a363be,true,true
e45ad489-e8e2-4917-9bc6-5364360829f5,c722e60e-04e5-4437-9ba6-549e2d2d5896,0bd6aee5-32dd-453c-8ed5-76bd9788465a,true,true
609ec6b2-66fa-4e39-b762-025ee9b999bd,c722e60e-04e5-4437-9ba6-549e2d2d5896,ea967b68-c8a9-478e-b8f3-a6ab3ae23d99,true,true
5bc914e5-7a38-4708-a72e-fbe43f8c4259,83033914-bcc2-4cc1-a6e5-9ce459b8302d,ea967b68-c8a9-478e-b8f3-a6ab3ae23d99,true,true
f13682ca-dc77-4ffe-afa7-043b2a7e0873,f2fff16e-9400-4f60-9cc1-8543540a414c,67dbf9f7-4898-4b84-86cf-303137a363be,false,true
59eb3866-3f8b-47b3-9d8d-642977ca24a4,f2fff16e-9400-4f60-9cc1-8543540a414c,0bd6aee5-32dd-453c-8ed5-76bd9788465a,true,true
3b9fb9ef-4352-41e2-9f77-0cd9c0cb48b5,f2fff16e-9400-4f60-9cc1-8543540a414c,ea967b68-c8a9-478e-b8f3-a6ab3ae23d99,false,true
d0584a45-e5c4-46fb-b36b-b0c002a20480,e739ad85-4655-454e-8abd-028759d71e24,0bd6aee5-32dd-453c-8ed5-76bd9788465a,true,true
9e20a15f-1475-47fe-ad3c-cf50022e7257,e8fc547e-4884-4c79-a63f-ac61c622beb1,ea967b68-c8a9-478e-b8f3-a6ab3ae23d99,true,true
a8e693b5-47af-47e7-9e61-3521828a2830,e8fc547e-4884-4c79-a63f-ac61c622beb1,0bd6aee5-32dd-453c-8ed5-76bd9788465a,true,true
882f63af-be52-4eb4-893e-a9b3d5965481,80d79b5f-068c-43c0-b894-79aa19c27736,ea967b68-c8a9-478e-b8f3-a6ab3ae23d99,true,true
ba536dcb-1821-424e-a68b-9fa7f608ddd4,80d79b5f-068c-43c0-b894-79aa19c27736,0bd6aee5-32dd-453c-8ed5-76bd9788465a,true,true
bc879937-6e3c-44e2-a6f7-551980b92286,b5e90e5d-8cfb-4a6b-bb68-6374a1f711a6,ea967b68-c8a9-478e-b8f3-a6ab3ae23d99,true,true
566e68a8-b691-48ab-aff1-d4f8f68b3941,b5e90e5d-8cfb-4a6b-bb68-6374a1f711a6,0bd6aee5-32dd-453c-8ed5-76bd9788465a,true,true
1fa5561c-ec87-4af1-9e13-41943dce40e1,ec484a56-e382-401f-84a6-667093be8aa1,0bd6aee5-32dd-453c-8ed5-76bd9788465a,true,true
b6d30baf-6707-45ac-ab7f-2215cf89249f,ec484a56-e382-401f-84a6-667093be8aa1,ea967b68-c8a9-478e-b8f3-a6ab3ae23d99,true,true
7ab2f3d2-8059-4cf9-905b-c03e684b14c2,392adebd-234d-442b-aeb2-d5b55929142b,67dbf9f7-4898-4b84-86cf-303137a363be,true,true
ccb0bc04-ae34-4deb-a0e2-4954eea74b43,392adebd-234d-442b-aeb2-d5b55929142b,0bd6aee5-32dd-453c-8ed5-76bd9788465a,true,true
6a9b9caf-06ad-4e10-a5f8-d8a26ccf52c8,392adebd-234d-442b-aeb2-d5b55929142b,ea967b68-c8a9-478e-b8f3-a6ab3ae23d99,true,true
3f26d00e-abcc-494f-aa05-3ad01d217e4f,3dab81a8-c2fa-4057-95f9-2f0335fdadb4,0bd6aee5-32dd-453c-8ed5-76bd9788465a,true,true
6fbcc74f-7a02-405f-8aac-f9e9eedfefe8,a1de285d-56c8-47c7-81fa-8462d14d56dc,ea967b68-c8a9-478e-b8f3-a6ab3ae23d99,true,true
da53dd2b-f496-46b4-90ff-5433e8b60357,8b9a201d-443d-4ed4-8f28-5a84796d8840,ea967b68-c8a9-478e-b8f3-a6ab3ae23d99,true,true
667babc8-4bc7-46c4-95ae-9a24582f8afa,f8d303c8-d3a3-4273-88b6-f12131768266,0bd6aee5-32dd-453c-8ed5-76bd9788465a,true,true
5bff406c-89f1-4cdb-9fb1-478fa76459d3,666e0dab-b704-4da9-a4b9-e00c298ba180,0bd6aee5-32dd-453c-8ed5-76bd9788465a,true,true
ce4dec1d-aa94-4fa3-84b0-f2b24beefc0e,a1de285d-56c8-47c7-81fa-8462d14d56dc,0bd6aee5-32dd-453c-8ed5-76bd9788465a,true,true
918a627c-c6e0-407e-9939-88e02296a3c8,199d6020-a841-4386-95aa-42305b4b7719,0bd6aee5-32dd-453c-8ed5-76bd9788465a,true,true
d3990553-10f3-4771-9c24-e6f528cfbc66,18151c37-f7f2-41df-a85c-ab74160f6e9a,ea967b68-c8a9-478e-b8f3-a6ab3ae23d99,true,true
185112be-15ea-48d4-8cde-7f85e46cf896,4c93f831-0da1-4da4-b1fe-a2d7dae21b2a,ea967b68-c8a9-478e-b8f3-a6ab3ae23d99,true,true
2ff69fa2-11d7-4768-83f6-e9d4ee591b88,0f8128ab-ce81-4bc3-8f6c-4b3703616992,0bd6aee5-32dd-453c-8ed5-76bd9788465a,true,true
7b7a30a0-fab5-4a63-b17b-606f723bc88a,9bc7173d-d827-4efc-9aab-deffb053fd12,ea967b68-c8a9-478e-b8f3-a6ab3ae23d99,true,true
058675e9-7057-47f1-a13d-681fe4b162eb,5c18db85-cea7-4ac4-bd69-b15c801aaa48,0bd6aee5-32dd-453c-8ed5-76bd9788465a,true,true
85253977-6ac5-40b7-8a84-d1b004fa66f2,9bc7173d-d827-4efc-9aab-deffb053fd12,0bd6aee5-32dd-453c-8ed5-76bd9788465a,true,true
8d189d49-05e7-457b-882e-f4cbb52042e2,4c93f831-0da1-4da4-b1fe-a2d7dae21b2a,0bd6aee5-32dd-453c-8ed5-76bd9788465a,true,true
85a808f2-0f7e-4f60-a6ba-82396fd7f29d,2f0c1129-56a4-4da6-a10c-6d187e7ae353,ea967b68-c8a9-478e-b8f3-a6ab3ae23d99,true,true
11c9ba03-ac26-4a62-8d21-0daaa7065d47,2f0c1129-56a4-4da6-a10c-6d187e7ae353,0bd6aee5-32dd-453c-8ed5-76bd9788465a,true,true
d405805c-85e3-4271-8fb7-5df4bc25f027,18151c37-f7f2-41df-a85c-ab74160f6e9a,0bd6aee5-32dd-453c-8ed5-76bd9788465a,true,true
cddbf073-2e0b-45bb-b13b-6f645d26f45a,e4dd1518-a3c8-4659-baad-a82bc09a37e6,0bd6aee5-32dd-453c-8ed5-76bd9788465a,true,true
1c41dc99-5a25-4270-af09-b535745cc9a0,f5c8abbb-cd9b-4742-b6d9-c40f88757e17,0bd6aee5-32dd-453c-8ed5-76bd9788465a,true,true
6319b4f2-d040-4273-8e07-5d19cb4dc179,7483d3da-c7cd-437a-bf09-9bb8d44dd230,ea967b68-c8a9-478e-b8f3-a6ab3ae23d99,true,true
c49b00b8-ec71-445c-a1be-78767e7b5621,7483d3da-c7cd-437a-bf09-9bb8d44dd230,0bd6aee5-32dd-453c-8ed5-76bd9788465a,true,true
811e8cf9-69cd-4e9e-bf88-5a487a0cebed,dfaba983-3e2c-47a3-a202-b226bbcc0723,0bd6aee5-32dd-453c-8ed5-76bd9788465a,true,true
deccbbba-b168-4661-aaf7-49e08aa103a0,eb06c450-9ba9-4f00-9ec9-2bbb9ce765b1,0bd6aee5-32dd-453c-8ed5-76bd9788465a,true,true
d8afd52b-16ef-42a5-96e5-add00889de6b,dfaba983-3e2c-47a3-a202-b226bbcc0723,ea967b68-c8a9-478e-b8f3-a6ab3ae23d99,true,true
64fe68ea-a77d-4b4b-a543-54f1ecabf205,33140017-3080-41aa-96d1-62e7900848f8,0bd6aee5-32dd-453c-8ed5-76bd9788465a,true,true
39497a5f-d662-4a21-b43a-02f55dc015b6,33140017-3080-41aa-96d1-62e7900848f8,ea967b68-c8a9-478e-b8f3-a6ab3ae23d99,true,true
350db06c-12f6-4131-b656-d735a8d7f3fd,2ec2aa79-7da6-430a-a978-0ff25c86a08f,0bd6aee5-32dd-453c-8ed5-76bd9788465a,true,true
3e010139-e340-4658-bdb4-4d7d8cf86249,50d9db05-8e17-4962-ac68-b2e4fef7ff6a,0bd6aee5-32dd-453c-8ed5-76bd9788465a,true,true
1368f780-e9ed-4f55-9b21-fa4936c11964,dd68d569-f29f-4999-8472-d48b8b51287c,0bd6aee5-32dd-453c-8ed5-76bd9788465a,true,true
f141d7c1-0428-48a5-a63b-a783fbc724a8,dd68d569-f29f-4999-8472-d48b8b51287c,ea967b68-c8a9-478e-b8f3-a6ab3ae23d99,true,true
ff85f9d4-acad-444c-95fc-cb7f86ff0497,7989e725-af89-49de-b684-74d8f286d1bd,0bd6aee5-32dd-453c-8ed5-76bd9788465a,true,true
0258cd17-a5bc-4f43-a4da-d0c427c0e64a,7989e725-af89-49de-b684-74d8f286d1bd,ea967b68-c8a9-478e-b8f3-a6ab3ae23d99,true,true
94f46819-cbad-4474-a763-766f29ce7070,9bf68fd6-7b13-44f6-8729-28f885cfab63,ea967b68-c8a9-478e-b8f3-a6ab3ae23d99,true,true
0f24ae08-6301-42b5-8564-4bb5a669c9a9,8e46fc1e-e387-4fca-bf8d-fdaf2d64dc99,0bd6aee5-32dd-453c-8ed5-76bd9788465a,true,true
2dbead6f-5615-42e2-91ae-cf45422f8b06,8e46fc1e-e387-4fca-bf8d-fdaf2d64dc99,ea967b68-c8a9-478e-b8f3-a6ab3ae23d99,true,true
38b10e0f-a001-4f2e-ab90-ee337623c72f,8ec4a36d-2e48-4153-9a06-a52c70918d4e,0bd6aee5-32dd-453c-8ed5-76bd9788465a,true,true
c640a8b3-0748-448d-8234-ba6b08b5ab8a,faba26e9-6568-4f56-8063-2a915b043b5c,0bd6aee5-32dd-453c-8ed5-76bd9788465a,true,true
135e947f-a1cd-4bc3-a7f1-426d1822ba63,27fa8148-472a-49fe-b385-09bc0ed38628,0bd6aee5-32dd-453c-8ed5-76bd9788465a,true,true
1516813b-07e2-4b7a-a537-e431ab3d831a,849ab269-a100-49c9-8459-9ac75bfbcef4,0bd6aee5-32dd-453c-8ed5-76bd9788465a,true,true
76623a62-232e-4751-a906-cf3a8854e4e1,a7dfd0aa-e404-4576-b5fa-21386bafa41e,ea967b68-c8a9-478e-b8f3-a6ab3ae23d99,true,true
2fb8d589-4e5b-4b3d-ba13-940c8b5fde8f,664459ec-cf64-4e4e-a0bd-a9a70e6fec1f,0bd6aee5-32dd-453c-8ed5-76bd9788465a,true,true
52048dee-c32a-48bc-8062-b67029323717,7ddb783f-1897-4d8d-a31c-8032b10a4d09,ea967b68-c8a9-478e-b8f3-a6ab3ae23d99,true,true
404862db-85e3-4106-8460-b6d3f6dbfa90,7ddb783f-1897-4d8d-a31c-8032b10a4d09,0bd6aee5-32dd-453c-8ed5-76bd9788465a,true,true
acea0289-e425-4fa8-97cb-e768e771ff94,664459ec-cf64-4e4e-a0bd-a9a70e6fec1f,67dbf9f7-4898-4b84-86cf-303137a363be,true,true
8ad04a50-3d54-4d26-ad86-465979183678,72174410-fa39-4a19-93a5-5d6ad7807571,0bd6aee5-32dd-453c-8ed5-76bd9788465a,true,true
325a54e5-ab72-4bd6-bb76-9e9694323113,05e189fe-1ee2-49ae-b489-7bfd04f3fa97,0bd6aee5-32dd-453c-8ed5-76bd9788465a,true,true
29871c2c-c5e9-44dd-b91d-0d7e5d1e36db,37227e70-e0e0-4c35-bed9-8babd9b7d394,0bd6aee5-32dd-453c-8ed5-76bd9788465a,true,true
10e4a620-7352-441c-8546-fe52a3f2a897,51013390-6250-4ea9-8d9f-504c74acf582,67dbf9f7-4898-4b84-86cf-303137a363be,true,true
55f9711d-3530-40be-bd46-2f26e1773d97,51013390-6250-4ea9-8d9f-504c74acf582,ea967b68-c8a9-478e-b8f3-a6ab3ae23d99,true,true
a9c6b254-3132-4c0c-a99e-d261d466176f,87403b64-4e53-442a-a400-ee0b05f309ed,ea967b68-c8a9-478e-b8f3-a6ab3ae23d99,false,true
a0ffd27b-8d92-401b-814d-a3c3e99156ee,87403b64-4e53-442a-a400-ee0b05f309ed,0bd6aee5-32dd-453c-8ed5-76bd9788465a,true,true
c296ca39-a39b-4d55-b35a-091ae02a4c81,87403b64-4e53-442a-a400-ee0b05f309ed,67dbf9f7-4898-4b84-86cf-303137a363be,false,true
763122f2-40b0-484c-83d5-a8597eab30f7,19123113-142c-4b01-bb83-a7614d8a7a02,0bd6aee5-32dd-453c-8ed5-76bd9788465a,true,true
90b22bb5-8834-4951-a797-14c66c80b04a,19123113-142c-4b01-bb83-a7614d8a7a02,ea967b68-c8a9-478e-b8f3-a6ab3ae23d99,true,true
c06ce5a2-c077-4336-8328-8f0c71d2cba0,79f4481d-3a9a-4e7c-909c-5966473c79d7,0bd6aee5-32dd-453c-8ed5-76bd9788465a,true,true
a608f1b9-7d4d-44f7-a14f-09b32ea182f8,3487d6d4-1b9f-47ba-beb5-51db1876bbd3,ea967b68-c8a9-478e-b8f3-a6ab3ae23d99,true,true
15b1bf48-0527-4d45-ad49-f6d4ab66f4a4,3487d6d4-1b9f-47ba-beb5-51db1876bbd3,0bd6aee5-32dd-453c-8ed5-76bd9788465a,true,true
7a977a54-8845-4cf4-886b-ae2703432dec,d30c5a5d-eef9-43b6-a505-6c80237c0ca1,ea967b68-c8a9-478e-b8f3-a6ab3ae23d99,true,true
9f8abe0e-ad72-4495-a78f-391b59a897b2,d30c5a5d-eef9-43b6-a505-6c80237c0ca1,0bd6aee5-32dd-453c-8ed5-76bd9788465a,true,true
59dc4b95-f5ca-4589-92ca-fbf28c72ab47,f9b8be35-f00a-407e-80cb-9a652d6d5aef,0bd6aee5-32dd-453c-8ed5-76bd9788465a,true,true
4bcf9b59-2f91-4e7e-8722-f59e3eb6c9e1,bb0839cf-a781-45de-9e24-c39a6b6c3f2b,0bd6aee5-32dd-453c-8ed5-76bd9788465a,true,true
a6b1ed3b-c9c9-445f-86c8-61acec79318e,bb0839cf-a781-45de-9e24-c39a6b6c3f2b,ea967b68-c8a9-478e-b8f3-a6ab3ae23d99,true,true
feda2970-be0a-422a-90b9-59f92010c906,8364cbd2-8234-4363-941a-aa95408fc3ee,0bd6aee5-32dd-453c-8ed5-76bd9788465a,true,true
e4f18eb1-52c4-4880-b932-11b96b6b35e5,98ef84cb-6961-4dfe-ab5c-1055ba33d0d0,0bd6aee5-32dd-453c-8ed5-76bd9788465a,true,true
a91b341b-51ce-4ac3-8efe-f6e0f99900ef,9d917717-4c85-4bd9-b3f8-e8c5693f078b,0bd6aee5-32dd-453c-8ed5-76bd9788465a,true,true
9273cb6b-5452-411c-b8ed-5d03372c2eef,9d917717-4c85-4bd9-b3f8-e8c5693f078b,ea967b68-c8a9-478e-b8f3-a6ab3ae23d99,true,true
3e3a80b4-1c6f-49e1-9168-0da15a446730,8bb144db-3dfd-4c65-ae7a-8bdabade8bb0,0bd6aee5-32dd-453c-8ed5-76bd9788465a,true,true
9adb4ba3-3250-4c60-ae62-129b771d42c7,8bb144db-3dfd-4c65-ae7a-8bdabade8bb0,ea967b68-c8a9-478e-b8f3-a6ab3ae23d99,true,true
958cbb76-14e1-4943-b2cd-aafd415f11e8,e91f7f40-49e8-4069-9bd9-5f12011b3db6,0bd6aee5-32dd-453c-8ed5-76bd9788465a,true,true
4befda05-b429-4f84-858f-fea350945144,1fc50ecb-b752-4225-b3ac-8f9d57041619,0bd6aee5-32dd-453c-8ed5-76bd9788465a,true,true
618f9292-a381-43b2-877b-5242397e022d,cbc5ada9-1506-483c-8f9d-37414fd228be,ea967b68-c8a9-478e-b8f3-a6ab3ae23d99,true,true
6a704899-87ad-4489-98d5-a1cfeec54ffb,cbc5ada9-1506-483c-8f9d-37414fd228be,0bd6aee5-32dd-453c-8ed5-76bd9788465a,true,true
74e2e635-a324-4658-a8d6-aa0e3733e1cf,c40cfd78-705c-4e72-a16e-a174fcba2a06,0bd6aee5-32dd-453c-8ed5-76bd9788465a,true,true
ba13d613-ed68-4b9d-a1bb-ef66c36b3426,a917375a-42e8-42d4-b819-4a5b1dd881f4,ea967b68-c8a9-478e-b8f3-a6ab3ae23d99,true,true
eff17cea-5c9d-4b4d-97c8-74f40ae71da2,a917375a-42e8-42d4-b819-4a5b1dd881f4,0bd6aee5-32dd-453c-8ed5-76bd9788465a,true,true
3e9c86da-9eba-461f-b6a1-bd0b16d4a636,821b93b2-4388-44a1-a2b7-e9cb251ad4a4,0bd6aee5-32dd-453c-8ed5-76bd9788465a,true,true
a7089066-c84f-4e18-afbe-4279a7f9cf16,d1e0fdec-17ce-4d4e-b12e-cb6c4d75117b,ea967b68-c8a9-478e-b8f3-a6ab3ae23d99,true,true
d6d67e23-6695-4689-a49c-abd1bb9d26ca,b407ec24-4c28-4374-8b53-b3745bab69cc,0bd6aee5-32dd-453c-8ed5-76bd9788465a,true,true
934dbe94-3354-420f-b145-49323b8ead81,1f3da0b6-c0e1-4169-a6c7-afaff7219762,0bd6aee5-32dd-453c-8ed5-76bd9788465a,true,true
4365e6fa-f141-4ea6-9854-97b028350c2f,94b15382-a438-4d9f-a2e8-108e3f05fa41,0bd6aee5-32dd-453c-8ed5-76bd9788465a,true,true
4fc167b1-5179-4e60-ab8f-c6befd3a9da7,c9c667df-d83b-40bc-bff8-89111c123a3c,ea967b68-c8a9-478e-b8f3-a6ab3ae23d99,true,true
214e571d-cadf-404a-981e-a61182ca27c2,703b9dcf-4c16-4327-9263-fb0e24453561,ea967b68-c8a9-478e-b8f3-a6ab3ae23d99,true,true
1860fbca-bcc6-4042-b83c-03cc5b113c28,9f2de235-a3ce-40d3-b31d-c881adf9f37e,ea967b68-c8a9-478e-b8f3-a6ab3ae23d99,true,true
26e8c13d-f90a-4344-b1a0-07f838495ecc,9f2de235-a3ce-40d3-b31d-c881adf9f37e,0bd6aee5-32dd-453c-8ed5-76bd9788465a,true,true
c02b3a04-4e33-452b-96aa-4080935f7c57,a78a9102-586b-4d26-8dc3-3ac55a7eb6f0,ea967b68-c8a9-478e-b8f3-a6ab3ae23d99,true,true
213d96aa-ca90-4f0a-8d57-900a81f59c2b,f9aa7349-cd22-4bba-99a9-dce281eba8ca,ea967b68-c8a9-478e-b8f3-a6ab3ae23d99,true,true
45717f1a-63ee-4765-a43e-9e99ee32a31d,98fbbaf2-90d0-4cb2-9ce7-3a54d5e521be,0bd6aee5-32dd-453c-8ed5-76bd9788465a,true,true
1c56a20c-9ed0-4b2a-ae4a-bd56cd5a04f0,98fbbaf2-90d0-4cb2-9ce7-3a54d5e521be,ea967b68-c8a9-478e-b8f3-a6ab3ae23d99,true,true
d5cb5683-bb81-48de-b842-49809baa98cf,dab272a0-1c48-4edc-acda-7ba0dd87b86e,67dbf9f7-4898-4b84-86cf-303137a363be,false,true
d02473c0-298c-4c14-a34f-97968981bdb1,1b9d215b-d051-4877-81b2-7ba43d50bb83,67dbf9f7-4898-4b84-86cf-303137a363be,false,true
0bb53a97-ba66-41b3-9876-795c1da78461,1b9d215b-d051-4877-81b2-7ba43d50bb83,0bd6aee5-32dd-453c-8ed5-76bd9788465a,true,true
ec2613a4-bd18-44f3-9a64-e40a22d5501e,1b9d215b-d051-4877-81b2-7ba43d50bb83,ea967b68-c8a9-478e-b8f3-a6ab3ae23d99,false,true
f39c9cbd-7893-4b14-968c-a4e069c4dd43,1d06af58-226e-45d1-b7db-aa4ca095ba86,0bd6aee5-32dd-453c-8ed5-76bd9788465a,true,true
e40de499-82d4-4d2b-b356-3dd113d85e9b,70441ddf-b6ed-47b5-b6db-a845e32dec25,0bd6aee5-32dd-453c-8ed5-76bd9788465a,true,true
bfaa0dba-42fa-41fc-a891-7fa8af8b50a7,58f6219b-b7a8-4ecd-9611-6584b7a97082,0bd6aee5-32dd-453c-8ed5-76bd9788465a,true,true
8482b436-cd1c-486b-b646-f2c3c370db66,c6edb902-40ab-4c9b-aec5-2607779bb090,ea967b68-c8a9-478e-b8f3-a6ab3ae23d99,true,true
61de794e-bc18-47b0-8d85-e37a5cd0fb1c,c6edb902-40ab-4c9b-aec5-2607779bb090,0bd6aee5-32dd-453c-8ed5-76bd9788465a,true,true
d311d12c-a75f-4e66-b485-d19fb3e0f3ba,1d06af58-226e-45d1-b7db-aa4ca095ba86,ea967b68-c8a9-478e-b8f3-a6ab3ae23d99,true,true
a1d61d99-d534-4a39-bcef-1a47de8104d6,adbd6063-ff68-4d76-b403-c9cf3e3a8d2c,0bd6aee5-32dd-453c-8ed5-76bd9788465a,true,true
1276228d-7e89-41db-bd31-03acd468d019,20d58e71-d289-4e9d-a329-93830cf8b80b,0bd6aee5-32dd-453c-8ed5-76bd9788465a,true,true
4e719452-50bf-40cf-8953-ca2f6d4af86c,b3e7736e-4860-45da-b908-9c5229399579,0bd6aee5-32dd-453c-8ed5-76bd9788465a,true,true
be164c44-42ed-4f8f-89ba-a7e4a1aa231c,41055136-0777-47ee-83df-e69745f7892b,0bd6aee5-32dd-453c-8ed5-76bd9788465a,true,true
aa7a5233-6af1-4d21-8001-3b430266b579,4d7b22ae-a827-4a1d-9995-9bd0af1430b9,ea967b68-c8a9-478e-b8f3-a6ab3ae23d99,true,true
e86f7c8d-c3ea-4d61-8cbb-40f6fde32799,91117e5c-6657-48e5-b346-13f3fabe295d,0bd6aee5-32dd-453c-8ed5-76bd9788465a,false,true
d451f2f2-0c69-4804-8f78-f112b7f4ea5e,94221059-f425-4e39-98b7-b704115caf82,0bd6aee5-32dd-453c-8ed5-76bd9788465a,false,true
f617823f-2dca-417d-9b17-d48db194b2c6,d53390df-6873-4eb6-bec9-f6686ebde679,0bd6aee5-32dd-453c-8ed5-76bd9788465a,true,true
6c7982c7-9061-4102-bde6-a8a35cf6398a,d53390df-6873-4eb6-bec9-f6686ebde679,ea967b68-c8a9-478e-b8f3-a6ab3ae23d99,true,true
516b1a58-017d-4beb-8004-699a99251789,c2ccf6e9-1623-48f6-ae24-a6f1fc655306,ea967b68-c8a9-478e-b8f3-a6ab3ae23d99,true,true
1cb427bf-6824-49ce-a622-8519153bc29f,3c10f623-97ce-4daf-9d9b-6b72053b8192,0bd6aee5-32dd-453c-8ed5-76bd9788465a,false,true
2a762bb3-06e9-4703-bc01-fc7f885c3a09,2c793dc5-0282-42f0-88af-47cd7e09db88,67dbf9f7-4898-4b84-86cf-303137a363be,false,true
4cc3011d-6ee9-41ed-a7b5-dc0801b624ea,d60c0a4a-451c-451d-bcbf-2f0a00163272,0bd6aee5-32dd-453c-8ed5-76bd9788465a,true,true
fedcb8d1-2120-4a88-b3e6-38e5f25aef3f,2c793dc5-0282-42f0-88af-47cd7e09db88,0bd6aee5-32dd-453c-8ed5-76bd9788465a,true,true
4693ee10-06b3-42e9-a760-9aaac29fd55c,2c793dc5-0282-42f0-88af-47cd7e09db88,ea967b68-c8a9-478e-b8f3-a6ab3ae23d99,false,true
792feceb-015d-4c3b-9880-15713eab1601,cb1716a0-8749-415c-9ee0-5d6a0b3d0b87,0bd6aee5-32dd-453c-8ed5-76bd9788465a,true,true
e3733579-1035-4046-8f86-f4e8d7f488ed,c6ae6ec2-28ad-4a1f-99f3-c5f24dc1b99d,0bd6aee5-32dd-453c-8ed5-76bd9788465a,true,true
a61a2a49-4dfa-45ec-ae23-5591b7f39586,6b60fd04-3f9a-4593-85b4-dcfafb631ede,0bd6aee5-32dd-453c-8ed5-76bd9788465a,true,true
363acc51-5cb8-4e4c-80c8-cd1eac34949b,6b60fd04-3f9a-4593-85b4-dcfafb631ede,ea967b68-c8a9-478e-b8f3-a6ab3ae23d99,false,true
4362d570-e3a8-4fde-8e35-ed115f5babfa,6b60fd04-3f9a-4593-85b4-dcfafb631ede,67dbf9f7-4898-4b84-86cf-303137a363be,false,true
a7b18cc3-2c78-4a78-bff5-219912f55e64,15f5a39e-a24f-46e6-8e60-29bdfe315c94,0bd6aee5-32dd-453c-8ed5-76bd9788465a,true,true
4f919ee7-8992-4631-ab96-61e992a31071,bf3f677c-a80c-43da-9e4a-6a8674027a45,0bd6aee5-32dd-453c-8ed5-76bd9788465a,false,true
217ca864-b359-4576-9534-f58248399604,4a51dd4b-22ea-4cf4-b5e4-178513031893,ea967b68-c8a9-478e-b8f3-a6ab3ae23d99,false,true
4dd229b9-7984-4d42-b901-01030e289548,4a51dd4b-22ea-4cf4-b5e4-178513031893,67dbf9f7-4898-4b84-86cf-303137a363be,false,true
08c68310-3a8e-40b0-bb6b-fcdf510059b0,4a51dd4b-22ea-4cf4-b5e4-178513031893,0bd6aee5-32dd-453c-8ed5-76bd9788465a,true,true
b2042b43-8d5f-4dfe-b918-37535372e9b2,89af73a0-b460-4c36-bef7-70294eba20e1,0bd6aee5-32dd-453c-8ed5-76bd9788465a,true,true
000d2de8-5cbd-4a58-9dfc-7c537509f845,e1c3308e-3e75-4967-9acb-a86186c7121f,0bd6aee5-32dd-453c-8ed5-76bd9788465a,true,true
07990cc2-2e26-45c3-9e74-b321863032dc,e1c3308e-3e75-4967-9acb-a86186c7121f,ea967b68-c8a9-478e-b8f3-a6ab3ae23d99,true,true
6188edc7-4c4c-494c-96ab-da0dcd866ef0,475e5970-36ec-4a15-80b5-49c2e03706a1,ea967b68-c8a9-478e-b8f3-a6ab3ae23d99,true,true
ed61404e-ca31-46d5-bb93-d6eae1b5118a,475e5970-36ec-4a15-80b5-49c2e03706a1,0bd6aee5-32dd-453c-8ed5-76bd9788465a,true,true
16bef685-ebf1-4b0e-82a8-2b159a5843c5,74bcc4d1-74ed-4575-9e08-363ba0deaebb,0bd6aee5-32dd-453c-8ed5-76bd9788465a,true,true
54c616f8-a4d1-4b98-97dc-922f59b83a4b,713f4d61-05ef-4c99-b5df-d0dc52512c8d,0bd6aee5-32dd-453c-8ed5-76bd9788465a,true,true
37e1350c-36fd-4442-b9de-98c652016a07,91e273f6-3312-4036-b9bd-b0e0ed6d2719,0bd6aee5-32dd-453c-8ed5-76bd9788465a,true,true
0c9a6ece-6456-420b-b1f9-4683994a1714,7bf31dba-9332-43c8-97c3-c7a3b1b7762c,ea967b68-c8a9-478e-b8f3-a6ab3ae23d99,true,true
a04790b7-e2eb-437b-85c1-7fb2f3b4b151,7bf31dba-9332-43c8-97c3-c7a3b1b7762c,0bd6aee5-32dd-453c-8ed5-76bd9788465a,true,true
3244aae0-d28a-4ec4-8ed6-c2ddba0da7a0,91e273f6-3312-4036-b9bd-b0e0ed6d2719,ea967b68-c8a9-478e-b8f3-a6ab3ae23d99,true,true
fd266148-d85b-4a3c-9044-e345498a5a87,21ec155b-f540-40a6-87a0-fb19a07ff7c7,67dbf9f7-4898-4b84-86cf-303137a363be,true,true
2d79a5ed-6cd4-45a8-bb4b-5a1f2875ca1e,21ec155b-f540-40a6-87a0-fb19a07ff7c7,0bd6aee5-32dd-453c-8ed5-76bd9788465a,true,true
d9d46136-35d7-4e55-ac6a-74798943108f,21ec155b-f540-40a6-87a0-fb19a07ff7c7,ea967b68-c8a9-478e-b8f3-a6ab3ae23d99,true,true
844034a3-603f-4be2-a81d-7dae15255216,a0792e7e-4c1b-43f8-bbd6-e78e9d9adc74,67dbf9f7-4898-4b84-86cf-303137a363be,true,true
213dc8c2-3306-4f1c-9abf-ad2033bd6ba8,0ef7c6a9-5ee9-44f8-a86c-ab6161ebc858,0bd6aee5-32dd-453c-8ed5-76bd9788465a,true,true
5969607b-fe6c-4dc0-911c-4f7f7dce6b38,a576f10f-1a24-4a00-999f-57b46730ce12,0bd6aee5-32dd-453c-8ed5-76bd9788465a,true,true
811d9896-fb1b-496d-bfae-9bf507219ac4,a576f10f-1a24-4a00-999f-57b46730ce12,ea967b68-c8a9-478e-b8f3-a6ab3ae23d99,true,true
53db9280-dad7-498b-b42a-b734dad504a7,26d59844-571d-4029-9b71-e3c267d13ff7,ea967b68-c8a9-478e-b8f3-a6ab3ae23d99,true,true
0dfc27b8-6b4f-40d1-be49-61a1c57c5328,26d59844-571d-4029-9b71-e3c267d13ff7,67dbf9f7-4898-4b84-86cf-303137a363be,true,true
c49801d3-02e5-4c3e-955f-f99883ab78b2,26d59844-571d-4029-9b71-e3c267d13ff7,0bd6aee5-32dd-453c-8ed5-76bd9788465a,true,true
a9d9a00e-aabc-400d-a352-13e973a66b51,dc0f0a61-0078-4db4-be39-91c0ef5878e5,ea967b68-c8a9-478e-b8f3-a6ab3ae23d99,true,true
216e744c-f85f-4316-a10b-5a180f292a4c,81f652d7-ed93-47af-bbee-97ae1ae208c2,0bd6aee5-32dd-453c-8ed5-76bd9788465a,true,true
4803a886-b0c3-4067-b425-16bf5bccf506,fa707728-e270-4555-b535-b40a7bd1d323,ea967b68-c8a9-478e-b8f3-a6ab3ae23d99,true,true
737278fd-6be2-4f69-b8dc-ac4cc0bb86c1,5a112db8-cf4a-489d-8beb-f9c0a119aff5,0bd6aee5-32dd-453c-8ed5-76bd9788465a,true,true
2cfa6858-845f-4cff-989f-871f87669113,37d8708f-ade3-4f9a-a995-51aa70e1b9f9,0bd6aee5-32dd-453c-8ed5-76bd9788465a,true,true
f0f7caf4-cb9a-4bdd-a009-b50d08f0ca7e,0df681e0-505a-44c7-b5d8-2e22bcaa478d,0bd6aee5-32dd-453c-8ed5-76bd9788465a,true,true
9debfa50-125a-442b-8091-067e28dc29e5,0df681e0-505a-44c7-b5d8-2e22bcaa478d,ea967b68-c8a9-478e-b8f3-a6ab3ae23d99,true,true
632eb057-3871-4ab4-96c3-56ef8ba228f1,37d8708f-ade3-4f9a-a995-51aa70e1b9f9,ea967b68-c8a9-478e-b8f3-a6ab3ae23d99,true,true
3ce76ecb-83e5-4438-8742-7ed45c514364,828e2533-542b-4164-b124-64d43afc6b99,ea967b68-c8a9-478e-b8f3-a6ab3ae23d99,true,true
91d22b07-85dd-4392-85bd-34704c3eb8c9,224d189e-f0b8-4bb0-be14-21e262e4a7fb,0bd6aee5-32dd-453c-8ed5-76bd9788465a,true,true
4ef5c02f-6f5b-44cb-9ce1-62db8fc49815,224d189e-f0b8-4bb0-be14-21e262e4a7fb,ea967b68-c8a9-478e-b8f3-a6ab3ae23d99,true,true
5b8ac02f-16db-4080-8627-2137436ba63b,828e2533-542b-4164-b124-64d43afc6b99,0bd6aee5-32dd-453c-8ed5-76bd9788465a,true,true
606470c5-c02b-4b17-bf6f-b34eccbf9611,477d6edb-6b20-4838-adee-b51f39c1b14b,ea967b68-c8a9-478e-b8f3-a6ab3ae23d99,true,true
52926ea6-f277-4628-963b-4eb5b066f549,477d6edb-6b20-4838-adee-b51f39c1b14b,0bd6aee5-32dd-453c-8ed5-76bd9788465a,true,true
4e884381-a5da-44bc-aad8-4b798ead3165,41cf3309-2b98-407f-b416-ad62970c1c5f,67dbf9f7-4898-4b84-86cf-303137a363be,true,true
3d8ed3d5-4133-48ce-81f7-6f630309432e,41cf3309-2b98-407f-b416-ad62970c1c5f,0bd6aee5-32dd-453c-8ed5-76bd9788465a,true,true
84ed5342-5605-4578-8717-d66c6b2fe0ed,f096dac4-12bc-4e64-a29e-27caecb0bc1a,0bd6aee5-32dd-453c-8ed5-76bd9788465a,true,true
3f9b583e-2dee-4246-85d2-48aeb5b063cf,ab331a33-437a-4e9c-a11a-dccd18f3ef5d,ea967b68-c8a9-478e-b8f3-a6ab3ae23d99,true,true
0011ebd4-70b4-4566-adac-13ad63f0cc44,95a9e2ba-d9c9-446b-afab-aba0547b4ee2,ea967b68-c8a9-478e-b8f3-a6ab3ae23d99,false,true
b1965484-0a2f-4dd1-8007-3bb1410893b1,ab331a33-437a-4e9c-a11a-dccd18f3ef5d,0bd6aee5-32dd-453c-8ed5-76bd9788465a,true,true
fb0ef6a5-0120-404b-bcfe-7f2be0eee0e5,702db3c6-6dc3-4806-84ae-6800b187dfc6,0bd6aee5-32dd-453c-8ed5-76bd9788465a,true,true
66a415a3-1c39-4a55-86af-3430c74d7029,25fa3995-f86a-49ed-818c-6ee27bd49101,0bd6aee5-32dd-453c-8ed5-76bd9788465a,true,true
dd52bb0d-568d-42a2-bf6e-b0e5ef56abe3,09beb0eb-3acb-41f2-8ce4-e7be80555741,0bd6aee5-32dd-453c-8ed5-76bd9788465a,true,true
190b63f9-e99d-4af6-9ecb-0dcacfdd4d1b,2f07edfc-e476-4faa-bec6-ba84d43e0728,0bd6aee5-32dd-453c-8ed5-76bd9788465a,true,true
695727e0-efd0-443b-a895-3cd4a31d3e09,1bd73dbf-2050-4151-a5d8-98b295aa22f6,ea967b68-c8a9-478e-b8f3-a6ab3ae23d99,true,true
77d51ce5-c5d1-46e5-bf5d-75670a3a6ca0,1bd73dbf-2050-4151-a5d8-98b295aa22f6,0bd6aee5-32dd-453c-8ed5-76bd9788465a,true,true
d054be41-0d53-455c-b33d-9c7de526c105,28a790c6-ca8e-427b-9cf9-b5729c85bb4c,0bd6aee5-32dd-453c-8ed5-76bd9788465a,true,true
07540200-9690-4524-99b3-9f1426e005e8,28a790c6-ca8e-427b-9cf9-b5729c85bb4c,ea967b68-c8a9-478e-b8f3-a6ab3ae23d99,true,true
b81a4627-e68b-4bbd-99eb-545d6f3a1069,75b2b251-758e-4dc0-b973-6e3191b34e16,0bd6aee5-32dd-453c-8ed5-76bd9788465a,true,true
215ab6d7-8861-4ad0-80a4-abf97ff6e3aa,75b2b251-758e-4dc0-b973-6e3191b34e16,ea967b68-c8a9-478e-b8f3-a6ab3ae23d99,true,true
468fb9e5-aaae-4e09-8bda-3f982db0b3fa,cd505bdc-8448-40c4-8b72-b45f7eedf698,ea967b68-c8a9-478e-b8f3-a6ab3ae23d99,true,true
049c5ada-ea6b-4784-b809-192b0aa5e60c,cd505bdc-8448-40c4-8b72-b45f7eedf698,0bd6aee5-32dd-453c-8ed5-76bd9788465a,true,true
e777fb0f-e8e6-4b4f-af39-9494496cb0a4,90a29ba2-5593-4579-891b-f12ccefcc18b,ea967b68-c8a9-478e-b8f3-a6ab3ae23d99,true,true
9c2d7a2a-c10e-4631-a477-a936b4431885,90a29ba2-5593-4579-891b-f12ccefcc18b,0bd6aee5-32dd-453c-8ed5-76bd9788465a,true,true
971468f7-40f6-4b5b-8f5f-88f2d6c62516,dab272a0-1c48-4edc-acda-7ba0dd87b86e,0bd6aee5-32dd-453c-8ed5-76bd9788465a,true,true
4aba3ff7-326d-464f-92d4-5ffe2ff1dcf1,ba4ce571-89a2-4691-b17a-09dcc197655e,0bd6aee5-32dd-453c-8ed5-76bd9788465a,false,true
be71c17d-b88f-4e1e-b913-77c17a08848c,ba4ce571-89a2-4691-b17a-09dcc197655e,ea967b68-c8a9-478e-b8f3-a6ab3ae23d99,true,true
5811e161-eaa8-465a-bad0-c5de16213c64,4ee06532-d3a3-4c43-9182-28a3459da4d6,ea967b68-c8a9-478e-b8f3-a6ab3ae23d99,true,true
9148f491-d72e-4eff-82e4-8541a249ecac,4ee06532-d3a3-4c43-9182-28a3459da4d6,0bd6aee5-32dd-453c-8ed5-76bd9788465a,true,true
3dd942cb-a39e-4187-8703-ca6ca042dee6,53aba39b-cf4f-4924-b5d5-0cb77bfceda1,ea967b68-c8a9-478e-b8f3-a6ab3ae23d99,true,true
88973cbe-67e2-4daa-8ac2-f00cdd7141c3,0ac8ec7d-87df-4713-81df-ab12d67a690d,0bd6aee5-32dd-453c-8ed5-76bd9788465a,true,true
ce5a7972-1c7e-4aca-a191-141f6a214ad3,0ac8ec7d-87df-4713-81df-ab12d67a690d,ea967b68-c8a9-478e-b8f3-a6ab3ae23d99,true,true
8c00563d-9804-47eb-adc2-3f5d5a0d2732,aebbe385-fa08-448e-930e-1298ea7135d8,0bd6aee5-32dd-453c-8ed5-76bd9788465a,true,true
060262bf-b036-4e9e-bf49-0b8f342d18e0,190f07dc-01d0-4b51-9c5f-4a1b5fc70c0d,0bd6aee5-32dd-453c-8ed5-76bd9788465a,true,true
7844e1ec-10c4-4934-8d52-c17545bc43f3,852be0f0-2e51-4205-bfd1-afa6def07303,0bd6aee5-32dd-453c-8ed5-76bd9788465a,true,true
107ea8ec-e58c-4f45-a197-98c0510f7f67,9df1b058-49cf-4e91-b579-3042db641f2c,ea967b68-c8a9-478e-b8f3-a6ab3ae23d99,true,true
51c7899c-498d-4400-a95b-1c04ee8b059e,9df1b058-49cf-4e91-b579-3042db641f2c,0bd6aee5-32dd-453c-8ed5-76bd9788465a,true,true
0e634a14-fd3d-4844-a6b0-e2c210c71ed4,7bceea9a-d329-4ac5-9afe-45160dafd8ae,0bd6aee5-32dd-453c-8ed5-76bd9788465a,false,true
1725fd1b-653a-4aab-a078-20ea801b4ea9,c027aa04-cd3c-4bcc-9433-022d56d5a2ad,0bd6aee5-32dd-453c-8ed5-76bd9788465a,true,true
c2320574-3d83-492e-9c31-3c92edb9017c,09f9d346-e298-4841-aa2e-e0bf3c147e7a,ea967b68-c8a9-478e-b8f3-a6ab3ae23d99,true,true
e3d16050-a5c1-404d-a154-624d3392908e,b039931d-8e26-4e33-af23-53efb87bf94b,0bd6aee5-32dd-453c-8ed5-76bd9788465a,true,true
18efb7b5-d5e3-4ed4-be76-4e2ca3f3558f,f9b3e90a-250a-4a8a-b975-d40494792cc0,0bd6aee5-32dd-453c-8ed5-76bd9788465a,true,true
147ba14a-8626-4a81-9d99-dde8641aa422,d3c94d2c-769c-4b5c-8c55-f96f6ca917a7,0bd6aee5-32dd-453c-8ed5-76bd9788465a,true,true
ed036003-71a5-4620-860e-584517ba821f,48eb5401-0f03-4596-b2f3-77a046bf626b,0bd6aee5-32dd-453c-8ed5-76bd9788465a,true,true
bed4dbbe-ff55-4e47-bf36-35dfb7d4e4eb,ec1ef40a-f156-431c-9b3e-130ee661c8df,0bd6aee5-32dd-453c-8ed5-76bd9788465a,true,true
fe86e224-89f5-48d7-98c1-8828da5d2ec0,80c1dc32-4c38-4929-9368-e22b63305134,0bd6aee5-32dd-453c-8ed5-76bd9788465a,true,true
fb00aba8-07dd-4d45-90d3-d6ffbc83054a,f41cd693-0741-46e3-9db3-b668f1a2f1fb,0bd6aee5-32dd-453c-8ed5-76bd9788465a,true,true
3b4fa381-165c-42ba-a279-e603ae460ba6,d42fe879-bd19-495c-8f37-5f405cf01479,0bd6aee5-32dd-453c-8ed5-76bd9788465a,true,true
4e9c514c-92b4-4d1f-b977-b830338f3460,ae01fc9d-3ddf-43ca-8357-c8f3363c5c05,0bd6aee5-32dd-453c-8ed5-76bd9788465a,true,true
b13e7780-e512-407c-8862-0bcb4c0c951b,ae01fc9d-3ddf-43ca-8357-c8f3363c5c05,ea967b68-c8a9-478e-b8f3-a6ab3ae23d99,true,true
af8ef35c-16ee-4855-8b7d-834d990f1b63,a711a542-f032-47fe-a4cb-dfc15013a759,0bd6aee5-32dd-453c-8ed5-76bd9788465a,false,true
c5774ac8-ecb4-4b1c-af41-0212f46d2c6d,81f15ea8-305f-4495-a850-ca3dad2f379c,ea967b68-c8a9-478e-b8f3-a6ab3ae23d99,true,true
97699372-5df9-4014-9aa2-af5a76afb9d8,81f15ea8-305f-4495-a850-ca3dad2f379c,0bd6aee5-32dd-453c-8ed5-76bd9788465a,true,true
0a9d9528-16b2-4f63-8383-333a12133368,9aff9d74-ca5e-4108-ae4d-21427678ac9c,ea967b68-c8a9-478e-b8f3-a6ab3ae23d99,true,true
49a31794-fdd5-4fda-bd8d-881668f73924,9aff9d74-ca5e-4108-ae4d-21427678ac9c,0bd6aee5-32dd-453c-8ed5-76bd9788465a,true,true
bc95a2fd-c00e-46e6-8ea8-6ac810e2ead9,fe5919bf-2832-488a-814c-93c9b8966d86,0bd6aee5-32dd-453c-8ed5-76bd9788465a,true,true
acf79693-a257-4bf1-9bda-f0c5bb079ec5,df0aff87-0cba-4676-9bd5-854a85022d25,0bd6aee5-32dd-453c-8ed5-76bd9788465a,true,true
49cad8b2-ee55-4eff-9f38-60cb754e1d80,4efd9b3a-cfeb-4bbd-8dd2-ca93e369a2ad,0bd6aee5-32dd-453c-8ed5-76bd9788465a,true,true
3188c8ff-1ebc-4fda-baed-91e53cedeb6d,4fe02710-7314-46ce-bf93-f7fcbcb506f4,ea967b68-c8a9-478e-b8f3-a6ab3ae23d99,true,true
ce082d91-7d28-4b7e-8315-ce8b5dbc75f6,4fe02710-7314-46ce-bf93-f7fcbcb506f4,0bd6aee5-32dd-453c-8ed5-76bd9788465a,true,true
c3159a6c-e763-4f91-9bc8-19e77cac3b8a,25ccc58b-cbdb-4b38-b065-978dc8b78ddf,0bd6aee5-32dd-453c-8ed5-76bd9788465a,true,true
aa90a7d2-337a-4168-8c08-fe777af4d3a1,6d0bddd6-a097-4d3b-b779-e3fbf1a67337,0bd6aee5-32dd-453c-8ed5-76bd9788465a,true,true
36a00cdd-a937-4f5f-bf26-869c26630cf1,32a42004-cf09-4e5d-ac01-9cf46d7a19c5,ea967b68-c8a9-478e-b8f3-a6ab3ae23d99,true,true
302791f1-e97f-4e9d-93ed-53f3801ac70d,32a42004-cf09-4e5d-ac01-9cf46d7a19c5,0bd6aee5-32dd-453c-8ed5-76bd9788465a,true,true
88084c92-f956-4132-8c9a-9d888e2b9920,d7aac387-508e-4bf6-965f-d96be9a6abea,ea967b68-c8a9-478e-b8f3-a6ab3ae23d99,true,true
2ecfdf27-8ba7-4840-b7db-053e3452db81,d7aac387-508e-4bf6-965f-d96be9a6abea,0bd6aee5-32dd-453c-8ed5-76bd9788465a,true,true
abb4bbbc-346e-455f-ac3e-e4fa2e0bd194,461cac90-cf55-42c6-9602-1cccb0c90efe,0bd6aee5-32dd-453c-8ed5-76bd9788465a,true,true
eca5b0ad-53a6-44cf-ad2c-b505eabd6238,461cac90-cf55-42c6-9602-1cccb0c90efe,ea967b68-c8a9-478e-b8f3-a6ab3ae23d99,true,true
b557941a-9c96-4a81-83fe-1b9672bdb740,f56e9b18-d8eb-44df-b0bf-1f990c5100a3,0bd6aee5-32dd-453c-8ed5-76bd9788465a,true,true
012ad4a3-939b-49cd-8e12-82eea3907fff,eb5a1693-f046-4aa3-a930-cc0ecfe46a9b,0bd6aee5-32dd-453c-8ed5-76bd9788465a,true,true
a9ffe5c4-383b-4509-8de5-78a7f2c965c8,78968b87-dc67-48cd-91b7-54cc53625fec,0bd6aee5-32dd-453c-8ed5-76bd9788465a,true,true
8decc45e-11cc-49cf-b6dc-2b8c8ff78d5d,78968b87-dc67-48cd-91b7-54cc53625fec,ea967b68-c8a9-478e-b8f3-a6ab3ae23d99,true,true
c15993e5-46da-4c2a-91eb-d037827779a1,570ab748-4608-456f-ab58-3be6d94673be,0bd6aee5-32dd-453c-8ed5-76bd9788465a,true,true
8e2cbced-c63a-4015-b952-0e7773a08b32,8896b02f-265e-4cbe-82ff-0ee1d196d3e2,ea967b68-c8a9-478e-b8f3-a6ab3ae23d99,true,true
c5a21c8b-3310-4a6a-981e-b6e4874c44e8,8896b02f-265e-4cbe-82ff-0ee1d196d3e2,0bd6aee5-32dd-453c-8ed5-76bd9788465a,true,true
6f380a13-7e78-45a7-a929-342d2b39aba0,3cbff459-2f54-4f7e-a1fa-b10fab9e7cc6,ea967b68-c8a9-478e-b8f3-a6ab3ae23d99,true,true
f704f498-37e7-4f26-a832-219c6dba91ab,3cbff459-2f54-4f7e-a1fa-b10fab9e7cc6,0bd6aee5-32dd-453c-8ed5-76bd9788465a,true,true
237477c3-f4ab-4224-850e-3c0c27728df2,5463c84a-f852-4182-bfac-6d443c030706,0bd6aee5-32dd-453c-8ed5-76bd9788465a,true,true
db88207d-e965-49e8-a002-5535c23b2fcc,7d477dcd-0836-4d98-883e-49e646b18e87,0bd6aee5-32dd-453c-8ed5-76bd9788465a,true,true
6d9a32a8-ef29-444a-aa52-aaf329636f5c,a5f62eae-9536-4651-a228-139c87b8141c,ea967b68-c8a9-478e-b8f3-a6ab3ae23d99,true,true
2afad76e-650f-4081-9bb6-4d6534c6e3ca,a5f62eae-9536-4651-a228-139c87b8141c,0bd6aee5-32dd-453c-8ed5-76bd9788465a,true,true
37f49540-541a-45d7-936b-a92b2d943722,3374efc8-660d-4f85-b06d-5b0cdc1a2c92,67dbf9f7-4898-4b84-86cf-303137a363be,true,true
47d8dba8-a1da-452b-9519-e6b514ea099f,3374efc8-660d-4f85-b06d-5b0cdc1a2c92,0bd6aee5-32dd-453c-8ed5-76bd9788465a,true,true
5898b20a-8a46-4c52-9838-3f5ca30a694c,3374efc8-660d-4f85-b06d-5b0cdc1a2c92,ea967b68-c8a9-478e-b8f3-a6ab3ae23d99,true,true
38bc2280-f389-4c7f-aeed-6c4c424cd747,08a18847-2640-469f-93db-5c7967d7161a,0bd6aee5-32dd-453c-8ed5-76bd9788465a,true,true
6f63a3ab-35b2-493c-83fe-0e2b36189b46,2fc19911-25fd-4161-8bb6-8819e591ba66,0bd6aee5-32dd-453c-8ed5-76bd9788465a,true,true
0015b84d-983b-4022-8dbe-27007616e327,df079c49-3c11-4b31-ba0d-68a717ad1a90,0bd6aee5-32dd-453c-8ed5-76bd9788465a,true,true
2286ad10-7586-4430-a182-b6265d02427c,df079c49-3c11-4b31-ba0d-68a717ad1a90,ea967b68-c8a9-478e-b8f3-a6ab3ae23d99,true,true
adaffabf-2fed-4873-8568-1f402e4eae71,859b91df-3fd0-4ee9-a262-39183b901530,0bd6aee5-32dd-453c-8ed5-76bd9788465a,true,true
192b50f3-f5a0-4f0b-90ac-cf67e37ee719,859b91df-3fd0-4ee9-a262-39183b901530,ea967b68-c8a9-478e-b8f3-a6ab3ae23d99,true,true
75f465ec-8562-47da-a25c-fe56e8d44285,2d3dc108-1283-4776-b756-c3ce759f78bc,0bd6aee5-32dd-453c-8ed5-76bd9788465a,true,true
493c908b-ae18-4ab7-8c5d-f2dcdb814e89,92f6edc6-ccc8-4b94-affe-3cae93a3530b,0bd6aee5-32dd-453c-8ed5-76bd9788465a,true,true
d34f269e-b71b-446b-a73d-676d3de2921b,92f6edc6-ccc8-4b94-affe-3cae93a3530b,ea967b68-c8a9-478e-b8f3-a6ab3ae23d99,true,true
6d8a8f79-c25d-4651-9730-84f42ce70bb4,f91dc7bd-436d-478c-be9a-52c6f8f21edc,0bd6aee5-32dd-453c-8ed5-76bd9788465a,true,true
77a9678b-20cb-4663-83a5-0e07e5fb005f,f91dc7bd-436d-478c-be9a-52c6f8f21edc,ea967b68-c8a9-478e-b8f3-a6ab3ae23d99,true,true
fc9eb350-c7bb-4398-92e0-f06d07c2ff97,1d461a17-ef9c-48fe-87f6-01ab37d14d2e,0bd6aee5-32dd-453c-8ed5-76bd9788465a,true,true
1ae8473d-0a34-49cb-8c85-292ec0986337,4cbeb1e7-746d-46b8-bbe5-2c9f04ab1c07,0bd6aee5-32dd-453c-8ed5-76bd9788465a,true,true
8dea40cc-886c-4708-b3dd-9c5c48ee0349,99637534-231e-4ed1-b787-a7bbd8aa96c8,0bd6aee5-32dd-453c-8ed5-76bd9788465a,true,true
ecea05fc-d471-49b6-a4c2-7ea919af0bf8,99637534-231e-4ed1-b787-a7bbd8aa96c8,ea967b68-c8a9-478e-b8f3-a6ab3ae23d99,true,true
52335b2e-9db2-4981-9788-6ca32e9d81e4,39d0d18c-65bf-4154-a23a-7d61906831cf,ea967b68-c8a9-478e-b8f3-a6ab3ae23d99,true,true
bda77364-ddac-4683-a740-50ec82a356c9,39d0d18c-65bf-4154-a23a-7d61906831cf,0bd6aee5-32dd-453c-8ed5-76bd9788465a,true,true
739ef253-5e20-4b04-b9e0-0c54669194d5,2a20cae8-19de-4e33-90a6-9344523c571b,0bd6aee5-32dd-453c-8ed5-76bd9788465a,true,true
6614e309-1eeb-4a10-b549-e9153dc8fa7e,11ffe780-be5d-4761-9151-9471411a466b,0bd6aee5-32dd-453c-8ed5-76bd9788465a,true,true
81e15455-90a2-4be6-8186-3957c874dab0,7e924489-0fa1-4da9-899e-60d349b3063e,0bd6aee5-32dd-453c-8ed5-76bd9788465a,true,true
f6464bc2-ee09-49b7-8f2f-76f2fafbbf31,7e924489-0fa1-4da9-899e-60d349b3063e,ea967b68-c8a9-478e-b8f3-a6ab3ae23d99,true,true
a0860d5e-9cd9-42ba-856d-d207ee25f829,5fac4db4-05eb-46a0-ba1b-eed0d27ce4a8,0bd6aee5-32dd-453c-8ed5-76bd9788465a,true,true
6b6e1231-4f3e-47ac-841c-30733e2c44ae,5fac4db4-05eb-46a0-ba1b-eed0d27ce4a8,ea967b68-c8a9-478e-b8f3-a6ab3ae23d99,true,true
5845b5f3-03d3-49be-94b1-1f6bce0791e4,e1a9db46-eec0-4689-832b-bb18000f7b6a,0bd6aee5-32dd-453c-8ed5-76bd9788465a,true,true
5417a746-9335-420c-8709-0aba2ce2511b,e1a9db46-eec0-4689-832b-bb18000f7b6a,ea967b68-c8a9-478e-b8f3-a6ab3ae23d99,true,true
9f6c8d0d-17e1-45ad-8daa-f4028a6709a7,356ece5c-117f-429f-82c8-6ae6214bff88,0bd6aee5-32dd-453c-8ed5-76bd9788465a,true,true
b0d3076a-59a4-48c4-87d2-5c2140e9fa0a,356ece5c-117f-429f-82c8-6ae6214bff88,ea967b68-c8a9-478e-b8f3-a6ab3ae23d99,true,true
9b10b20e-a001-493f-8cac-82f514764e06,c007ab4f-44ab-4d7c-8fd7-b878109b47a1,ea967b68-c8a9-478e-b8f3-a6ab3ae23d99,true,true
108c984c-b3f0-4268-83dc-cd269df8c065,0303932c-c22c-40bc-b067-8de8f22069c1,0bd6aee5-32dd-453c-8ed5-76bd9788465a,true,true
a9316148-a68e-411f-9b2f-f4816d32cda2,0303932c-c22c-40bc-b067-8de8f22069c1,ea967b68-c8a9-478e-b8f3-a6ab3ae23d99,true,true
00fd202b-5562-42c0-8e23-6780831d1980,1eff0ad9-28f0-4e5b-a43d-7353e71fb8e7,0bd6aee5-32dd-453c-8ed5-76bd9788465a,true,true
9fdde9a6-4f9a-413e-ac54-469b8e091a5a,1eff0ad9-28f0-4e5b-a43d-7353e71fb8e7,ea967b68-c8a9-478e-b8f3-a6ab3ae23d99,true,true
769d8b1f-1c74-4013-b562-f8189d0f32a2,6380b7c2-a9f5-4c47-8459-8ce3cc80e7c3,0bd6aee5-32dd-453c-8ed5-76bd9788465a,true,true
01c0bbbc-116d-46db-bee6-f966c92f24dd,02be5bb7-31d4-4e73-97dd-928dbff13156,0bd6aee5-32dd-453c-8ed5-76bd9788465a,true,true
92acd5a7-c386-4927-8d3d-679c352e30b1,782bd369-b174-4fa0-a37f-f1c9ecdd3a7d,0bd6aee5-32dd-453c-8ed5-76bd9788465a,true,true
f804199a-0be0-45da-adca-f14bfb6df1d7,90cb0c36-5309-4169-bc18-cd83e8d24c7b,0bd6aee5-32dd-453c-8ed5-76bd9788465a,true,true
34ef8e50-2025-4d47-aa51-bce1cc4fa8e3,8d09fa74-5e44-44a5-9e9d-da382bbd26f4,0bd6aee5-32dd-453c-8ed5-76bd9788465a,true,true
f9a0e129-15c5-44fb-8095-705f942a4182,2a650e77-fa94-4220-9d86-79f67aaf65ed,0bd6aee5-32dd-453c-8ed5-76bd9788465a,true,true
07b0cc75-30fa-4b13-aa22-3cd5d43c76bd,5220fc19-632a-4085-b174-7a5e5f55cea0,67dbf9f7-4898-4b84-86cf-303137a363be,true,true
986df930-eb41-4d3a-adec-d349a7fa24ea,f2ab4fbd-f921-4d40-8737-1fb1a153394e,ea967b68-c8a9-478e-b8f3-a6ab3ae23d99,true,true
4f2e0862-50f4-44a5-835f-14f891d436df,aa8cb879-fb9b-40ee-83df-15f297b7c1a3,0bd6aee5-32dd-453c-8ed5-76bd9788465a,false,true
3e8a7c95-19bf-4407-a13d-65e21453b50c,571ecff1-1908-4af2-a8a1-2ed9565ca1bf,0bd6aee5-32dd-453c-8ed5-76bd9788465a,true,true
3ae019a2-fe62-44d5-9e49-4c2cabf41667,5220fc19-632a-4085-b174-7a5e5f55cea0,ea967b68-c8a9-478e-b8f3-a6ab3ae23d99,true,true
20ad093d-1bba-4faf-8f72-846020bda0f2,2804bd76-9b13-49a9-b0c8-379610f83305,ea967b68-c8a9-478e-b8f3-a6ab3ae23d99,true,true
523a39b1-7d19-4551-be0a-2c9de85a2487,5220fc19-632a-4085-b174-7a5e5f55cea0,0bd6aee5-32dd-453c-8ed5-76bd9788465a,true,true
92a46a96-957c-4d60-b4f0-bba43cda19e0,32a24648-70c1-4787-ab7c-232af2a74d7f,0bd6aee5-32dd-453c-8ed5-76bd9788465a,true,true
38739de6-bf0e-45a1-96c3-8bfe10b5d9f4,32a24648-70c1-4787-ab7c-232af2a74d7f,ea967b68-c8a9-478e-b8f3-a6ab3ae23d99,true,true
ebbe27b8-2c09-4209-9825-a35a21cb6cec,ee7308b4-477b-4b9e-8fc0-31d7c8b36e95,ea967b68-c8a9-478e-b8f3-a6ab3ae23d99,true,true
ddbbb411-7630-4144-8397-50abebc1b9db,58d7df84-c969-4a95-bd14-8459aed939e9,0bd6aee5-32dd-453c-8ed5-76bd9788465a,true,true
0681fb45-764f-4d94-9d74-78cb7d704e94,d6c39550-3e11-4f0c-abef-3f5328d127d1,0bd6aee5-32dd-453c-8ed5-76bd9788465a,true,true
9ae6cb8a-fdbd-4b31-9880-cb1a9cb4b9ad,f43aa4fa-d2e0-48ab-b194-3eb570b94ee0,0bd6aee5-32dd-453c-8ed5-76bd9788465a,true,true
0bbb6cf3-d32c-48bb-a728-e31bd8b8bc22,d6ff3574-6a62-4d58-a61f-81322bced751,0bd6aee5-32dd-453c-8ed5-76bd9788465a,true,true
e2b3eb6e-7369-4dd8-b10c-4ebc406df6b3,3123d585-9695-4ee9-a55c-43e2f9360a9a,67dbf9f7-4898-4b84-86cf-303137a363be,true,true
2f340e7b-6909-4346-a51e-6b3a4410442d,3123d585-9695-4ee9-a55c-43e2f9360a9a,ea967b68-c8a9-478e-b8f3-a6ab3ae23d99,true,true
64371f9e-0897-48d3-a91d-6fb7653793c3,3123d585-9695-4ee9-a55c-43e2f9360a9a,0bd6aee5-32dd-453c-8ed5-76bd9788465a,true,true
8076a66d-a977-40b3-88c3-b307738245db,0b8d6b4d-278d-47ac-949b-e60d6545caf8,0bd6aee5-32dd-453c-8ed5-76bd9788465a,true,true
b70b251d-b5fe-4d2e-9a44-baec6411ff5a,0c18bddc-c99c-4c97-9299-35ee5ce2d60a,ea967b68-c8a9-478e-b8f3-a6ab3ae23d99,true,true
90d167fa-e724-4bdc-98a4-1699e1df68ec,a48abf22-aa64-4a85-a709-babe4068c07a,0bd6aee5-32dd-453c-8ed5-76bd9788465a,true,true
2208653e-4ea0-4c17-b15c-b60808b256b7,5694ff34-4b89-439f-8205-1a395a4c2ab7,0bd6aee5-32dd-453c-8ed5-76bd9788465a,true,true
11ffdb4d-c5ee-4a66-b860-d7d736199a14,5694ff34-4b89-439f-8205-1a395a4c2ab7,ea967b68-c8a9-478e-b8f3-a6ab3ae23d99,true,true
4b1ff630-9e82-41d8-818b-f4689109229d,773306ac-a880-48c0-a59e-be098deb3151,0bd6aee5-32dd-453c-8ed5-76bd9788465a,true,true
4f7bc8ca-d6d2-4390-8ce8-ddf28b7043e5,70c97f2f-b00e-42bc-8313-f6019385ec17,0bd6aee5-32dd-453c-8ed5-76bd9788465a,true,true
cdb2d80e-1bab-4af7-b389-1d6b72ebfd3d,884a7ca6-c5d7-404a-808f-7ff3a66350a8,0bd6aee5-32dd-453c-8ed5-76bd9788465a,true,true
06d9d767-e3ee-456d-8f57-33002b81cb9e,64eb95f6-7d07-4041-9739-40dfc4950b86,0bd6aee5-32dd-453c-8ed5-76bd9788465a,true,true
e5c8596e-21b8-4669-9ea0-a7793106e171,229c76ab-17be-4691-af6b-486ae559539f,0bd6aee5-32dd-453c-8ed5-76bd9788465a,true,true
a6e6271a-d105-4f8e-9ea9-472af89b717b,eb8fbd82-70d8-4408-a0b9-00605b4c0f43,0bd6aee5-32dd-453c-8ed5-76bd9788465a,true,true
d49c53d9-8548-4cae-94f1-b79b23486c37,3ecd1364-1300-4d40-b7a3-f13f57235736,0bd6aee5-32dd-453c-8ed5-76bd9788465a,true,true
f53cc7d3-16cf-406e-8032-ddf9007ae4c5,9c02551d-e513-4f80-81b3-689f1eea61cf,0bd6aee5-32dd-453c-8ed5-76bd9788465a,true,true
cc2dccb9-2d03-45aa-b185-323b84a8caca,9c02551d-e513-4f80-81b3-689f1eea61cf,ea967b68-c8a9-478e-b8f3-a6ab3ae23d99,false,true
5eadb349-5743-4e4f-8d5c-08024ea8c039,8471945a-bcc2-4617-a0bb-f713646981e0,0bd6aee5-32dd-453c-8ed5-76bd9788465a,true,true
e0920e27-8433-460a-aa84-021344cc2d17,a3f2cb4c-b37f-4c23-9a30-39d43740df14,0bd6aee5-32dd-453c-8ed5-76bd9788465a,true,true
c57635d7-533b-4a39-9d12-4e403aa81172,1fcbd6da-137d-4d7a-b723-6fab67f5b1ae,0bd6aee5-32dd-453c-8ed5-76bd9788465a,true,true
948c99d3-1a7e-43af-8034-f2a36a0998a6,8327e573-023e-4825-8fab-997dbf507e93,ea967b68-c8a9-478e-b8f3-a6ab3ae23d99,true,true
36777ec5-ffea-49b5-9caa-1a262cc8f535,8327e573-023e-4825-8fab-997dbf507e93,0bd6aee5-32dd-453c-8ed5-76bd9788465a,true,true
3891dac9-0853-4c25-a800-e31a60d6ffea,93a7a1d9-a368-42dc-b5bc-14f101b10c33,0bd6aee5-32dd-453c-8ed5-76bd9788465a,true,true
a4103d3d-0e31-4fe1-883a-846f91a4e748,74c0f7b2-0a27-4b8f-919e-d61af724a1d3,67dbf9f7-4898-4b84-86cf-303137a363be,true,true
ee215d6d-7157-4d5d-b28c-f51a6f8bd700,519edfd2-fb3a-43d6-ad62-7515c17829b3,0bd6aee5-32dd-453c-8ed5-76bd9788465a,true,true
d9bae30e-3808-4db2-91eb-7eac2e8de064,9dc36de9-f21b-4736-9cd7-cd6cb43b2be8,0bd6aee5-32dd-453c-8ed5-76bd9788465a,true,true
b74e1906-6c09-46a9-b227-2017d5463ad9,2f44f200-fcf0-49d5-a939-ad54f3b70cc7,0bd6aee5-32dd-453c-8ed5-76bd9788465a,true,true
1c4cba76-d318-41e9-9468-5e783ff7657c,c3a72d35-c650-4e7b-a4ed-2e4b7d471db1,ea967b68-c8a9-478e-b8f3-a6ab3ae23d99,true,true
8e252603-d69f-446a-a3b3-d16f0fe25c1e,c3a72d35-c650-4e7b-a4ed-2e4b7d471db1,0bd6aee5-32dd-453c-8ed5-76bd9788465a,true,true
1f5b1e48-c1eb-4105-90e5-a4cb0988c7db,25237947-1242-4194-8449-5e4912cf6f14,0bd6aee5-32dd-453c-8ed5-76bd9788465a,true,true
163f36ae-176d-4c7c-bf2a-6fa791003b6b,fe738fbf-d5bb-4997-a8e8-b4f0416d47e8,ea967b68-c8a9-478e-b8f3-a6ab3ae23d99,true,true
c4aa983b-abcf-4e2f-871a-6493eca4dd74,fe738fbf-d5bb-4997-a8e8-b4f0416d47e8,0bd6aee5-32dd-453c-8ed5-76bd9788465a,true,true
14c79e88-1582-44ab-8d43-0ad8cb319816,abe1b1fe-6fd0-4389-a661-fd0c867654ef,ea967b68-c8a9-478e-b8f3-a6ab3ae23d99,true,true
16025af9-3998-4df3-bfa7-30aa035f1b27,abe1b1fe-6fd0-4389-a661-fd0c867654ef,0bd6aee5-32dd-453c-8ed5-76bd9788465a,true,true
3a9a5396-dea4-4f0e-a01a-474e6f72459c,137ad155-79f7-4334-9a08-a2f41cfe08b8,ea967b68-c8a9-478e-b8f3-a6ab3ae23d99,true,true
a773055b-4813-44ff-832a-0adeca2c4f25,137ad155-79f7-4334-9a08-a2f41cfe08b8,0bd6aee5-32dd-453c-8ed5-76bd9788465a,true,true
59874642-3207-4324-9941-17030a5ad340,68c75165-114a-4c9f-8cdf-9d5d47777ff0,67dbf9f7-4898-4b84-86cf-303137a363be,true,true
80186675-a726-4cea-a9f2-90d2d6db5366,6772b43b-eb06-4263-83c6-6030eb22dafe,67dbf9f7-4898-4b84-86cf-303137a363be,true,true
82270bf2-4904-4dd9-b452-6c3636b1373a,6772b43b-eb06-4263-83c6-6030eb22dafe,ea967b68-c8a9-478e-b8f3-a6ab3ae23d99,true,true
80d0fca7-22a3-4162-8908-45dd837ef1a1,fe36e91d-3ad3-48a6-ba5d-063b671ad92e,0bd6aee5-32dd-453c-8ed5-76bd9788465a,true,true
4cedb297-46eb-4695-ab6f-e8a96f6a359b,dfa445b6-b13f-4c2b-bc29-c40851d2b93d,0bd6aee5-32dd-453c-8ed5-76bd9788465a,true,true
7d2cea68-4847-492e-808a-1bd993c7a7a4,072e1b07-6851-4a1f-bc2e-140e46079d4a,0bd6aee5-32dd-453c-8ed5-76bd9788465a,true,true
3b18a1c9-fb98-45fb-914e-eb6e900e37e0,efadd35c-4128-424f-9aa3-4fd3be683895,0bd6aee5-32dd-453c-8ed5-76bd9788465a,false,true
89450049-340d-4b32-a743-bee5d33ac084,2d88b89f-67cd-4e41-a37b-4bf2f1c1a73d,0bd6aee5-32dd-453c-8ed5-76bd9788465a,true,true
1b1fc936-07bc-4c67-ba96-9562b8637e33,2d88b89f-67cd-4e41-a37b-4bf2f1c1a73d,ea967b68-c8a9-478e-b8f3-a6ab3ae23d99,true,true
036ad307-3295-4f2a-b63c-0c06129a81de,20da1182-d87c-4760-8b84-8c899615b0c4,ea967b68-c8a9-478e-b8f3-a6ab3ae23d99,true,true
5c24ffcb-a62b-4e21-afce-f50ac88fbf81,20da1182-d87c-4760-8b84-8c899615b0c4,0bd6aee5-32dd-453c-8ed5-76bd9788465a,true,true
d376a17b-4a81-4a9c-a2ef-973ed4d53660,d4164201-dde2-4e58-a46c-63b9fceeafc6,0bd6aee5-32dd-453c-8ed5-76bd9788465a,false,true
30f462ff-d4ea-43eb-bc6a-ecc7d1f7eb47,9a394c45-3b1f-4b65-ae54-7cd36f61c7ef,0bd6aee5-32dd-453c-8ed5-76bd9788465a,false,true
f21bf1ad-bee2-4519-afe9-39e2c863d76e,ed55ec1e-c3fb-4a8a-8d45-a1155e2efc71,0bd6aee5-32dd-453c-8ed5-76bd9788465a,true,true
de809fd0-8000-4dea-a5b1-3195abf77331,5c4fb9af-9c5f-433b-b314-1523a357e3fe,0bd6aee5-32dd-453c-8ed5-76bd9788465a,true,true
0655dd1a-1c5f-4194-b072-57d718c6d09e,4988ec6e-6ad8-4b6e-b37e-acd02892158e,0bd6aee5-32dd-453c-8ed5-76bd9788465a,true,true
f8886771-f527-4f5c-9ee5-1368aff22c4e,4988ec6e-6ad8-4b6e-b37e-acd02892158e,ea967b68-c8a9-478e-b8f3-a6ab3ae23d99,true,true
ea551415-6f31-47fa-8498-deb01198862f,a46b0026-c0cd-4c4c-9ad1-6a507b858ba8,0bd6aee5-32dd-453c-8ed5-76bd9788465a,true,true
2594bf96-f2a4-4150-9780-731459d5b4a7,62403585-5d74-4aac-9c48-7daa3edefaa0,0bd6aee5-32dd-453c-8ed5-76bd9788465a,true,true
bf6fcc31-6532-4ce8-9ed8-0d8177bc9eb3,caa2e994-70a1-49fd-bec9-c5a41fac4f7a,0bd6aee5-32dd-453c-8ed5-76bd9788465a,true,true
7df17e27-b5a1-4f65-89f1-dc1e97edbc01,caa2e994-70a1-49fd-bec9-c5a41fac4f7a,ea967b68-c8a9-478e-b8f3-a6ab3ae23d99,false,true
21c5b62a-89a0-4fd7-9fc1-c6a40528d8c9,f37ab9dd-b8ee-401c-adca-a42730f069e0,0bd6aee5-32dd-453c-8ed5-76bd9788465a,true,true
5de38409-dd06-41de-a45a-4fad2e631610,aa53e70b-1728-4663-b775-f37324472b98,0bd6aee5-32dd-453c-8ed5-76bd9788465a,true,true
540c3c52-7dc1-46f3-b29d-4a3d2535f388,aa53e70b-1728-4663-b775-f37324472b98,ea967b68-c8a9-478e-b8f3-a6ab3ae23d99,true,true
74d25264-9125-441e-98df-8c8410691162,517a3e20-1a0e-48e9-86b4-810b33b8b2bb,0bd6aee5-32dd-453c-8ed5-76bd9788465a,false,true
167625cd-42ef-422b-a0b2-daeba9143386,869397a2-a5b1-4ab3-aed8-5d06b6b2599a,ea967b68-c8a9-478e-b8f3-a6ab3ae23d99,false,true
48efcf90-b327-4edb-b80d-6245db8514de,869397a2-a5b1-4ab3-aed8-5d06b6b2599a,0bd6aee5-32dd-453c-8ed5-76bd9788465a,true,true
9a1adcf7-7414-4201-97bc-8012e98b816e,8fa62265-2618-4b02-9676-167abb7ecb25,0bd6aee5-32dd-453c-8ed5-76bd9788465a,true,true
ce2fab63-339c-4ef3-a7a4-d1b0d7506c6f,8fa62265-2618-4b02-9676-167abb7ecb25,ea967b68-c8a9-478e-b8f3-a6ab3ae23d99,true,true
8ffcbb61-12d6-4d8d-a00e-68f5e4259e09,1dbb6a7f-7d80-4ff0-b81d-b569a25b3818,0bd6aee5-32dd-453c-8ed5-76bd9788465a,true,true
40579df5-9cea-44ea-a487-43aeeb81a77a,53aba39b-cf4f-4924-b5d5-0cb77bfceda1,0bd6aee5-32dd-453c-8ed5-76bd9788465a,true,true
ecd373cd-656a-41f2-be10-1caeebf4d9a4,6cdcf6d8-63a9-4b06-ad11-76593c835b4f,0bd6aee5-32dd-453c-8ed5-76bd9788465a,true,true
33e47217-9a59-4816-9533-28acd170623c,08a86d63-b502-4f14-8695-1b9b674ca4d3,0bd6aee5-32dd-453c-8ed5-76bd9788465a,true,true
1c0e006b-e0eb-4082-9b31-71ac84ee7585,d6200c11-2217-4078-8f94-059ab44403aa,0bd6aee5-32dd-453c-8ed5-76bd9788465a,true,true
5e3526f5-98c1-46b8-bf7a-5b8909714958,48eb5401-0f03-4596-b2f3-77a046bf626b,ea967b68-c8a9-478e-b8f3-a6ab3ae23d99,true,true
be9452b5-d482-43c1-84c6-7214c6fc4d2d,ac7c7380-996d-4dd3-84dc-6b7b3f37d3ee,0bd6aee5-32dd-453c-8ed5-76bd9788465a,true,true
1a0b1023-c6ee-4f4a-9e08-05a5c3db31e4,c26a4c30-e330-4323-b2d8-b7792305b440,ea967b68-c8a9-478e-b8f3-a6ab3ae23d99,true,true
3a360988-6e75-4be4-854a-90d630527ace,c26a4c30-e330-4323-b2d8-b7792305b440,0bd6aee5-32dd-453c-8ed5-76bd9788465a,true,true
28db8ee4-89ca-46a2-bdeb-f240206ee3be,e680735d-e249-4208-8c3f-530a891a8521,0bd6aee5-32dd-453c-8ed5-76bd9788465a,true,true
c2be20e3-725e-43d4-a8be-d99b3156c4d7,e680735d-e249-4208-8c3f-530a891a8521,ea967b68-c8a9-478e-b8f3-a6ab3ae23d99,true,true
ad5dda70-45ff-4966-9ca5-c2f7b7dc2c7c,c19b8186-28fd-4c8a-86a3-fa91bb108831,0bd6aee5-32dd-453c-8ed5-76bd9788465a,true,true
7802cfef-29cd-4a14-b51f-9e276a615f8b,a64cf105-f40c-4bf8-a7bb-00fdfe94f5ba,0bd6aee5-32dd-453c-8ed5-76bd9788465a,true,true
2d3bdf99-5c10-4484-8263-ef25d0dc9637,2aa555dc-fc69-4abe-bbe2-dd7292266936,0bd6aee5-32dd-453c-8ed5-76bd9788465a,true,true
0a027646-33d0-48af-a381-fb39fb1541c7,abe05efc-4350-4600-b123-46bfe7b4d079,0bd6aee5-32dd-453c-8ed5-76bd9788465a,true,true
0e0e733b-91a5-489b-a7c7-93128e6df464,8b2fb259-1b4c-413a-b730-57eb39d08e3f,0bd6aee5-32dd-453c-8ed5-76bd9788465a,true,true
317c2915-bc0d-46fe-8ec4-e3887c45c741,7ac02dfb-d8c5-485e-9605-ba0b6e747ebc,0bd6aee5-32dd-453c-8ed5-76bd9788465a,true,true
cdfdaf52-6997-4837-93f0-25b1fbda9b18,3112d243-1ca5-4809-bd59-3f2ba8b9b377,0bd6aee5-32dd-453c-8ed5-76bd9788465a,true,true
695953f5-0f89-4fb5-8d68-7823522874a6,b9f1d0dc-879b-4e56-b90d-73563c466492,67dbf9f7-4898-4b84-86cf-303137a363be,true,true
5d23da0b-02e2-4fa1-8ba3-8268d323f861,b9f1d0dc-879b-4e56-b90d-73563c466492,ea967b68-c8a9-478e-b8f3-a6ab3ae23d99,true,true
31bf2716-9eae-4f96-94e5-7c38b314fb53,3112d243-1ca5-4809-bd59-3f2ba8b9b377,ea967b68-c8a9-478e-b8f3-a6ab3ae23d99,true,true
85dbb49c-68d2-4c81-aa07-2a291673fe92,1a1c4385-14bd-4350-9418-a633784c6ed3,0bd6aee5-32dd-453c-8ed5-76bd9788465a,true,true
2f8a624e-acba-4589-8862-1ffd47851cb0,e7a1f451-c27f-41a1-a284-f960fb623aad,ea967b68-c8a9-478e-b8f3-a6ab3ae23d99,true,true
0ee6e385-6644-4800-97d6-afb272efe0c8,2f34d5d6-96f6-4cda-877d-1e6149483d02,ea967b68-c8a9-478e-b8f3-a6ab3ae23d99,false,true
ab69bd62-5051-44e1-a13b-5d079e7c75d1,c44d3880-ac89-47a6-bb7b-f1b632bc33d6,0bd6aee5-32dd-453c-8ed5-76bd9788465a,true,true
b72ecb7f-b628-4283-b9a1-9b249801c3c0,e7a1f451-c27f-41a1-a284-f960fb623aad,0bd6aee5-32dd-453c-8ed5-76bd9788465a,true,true
60391127-547f-48fd-b817-b8735d8508ef,868a0463-fe06-4951-8a29-7e8c33e17d7c,0bd6aee5-32dd-453c-8ed5-76bd9788465a,true,true
de26397c-0dac-473a-97af-014c47b954ab,868a0463-fe06-4951-8a29-7e8c33e17d7c,ea967b68-c8a9-478e-b8f3-a6ab3ae23d99,true,true
f281f82b-6ab0-4457-9f60-278af62148b6,83864d88-45e6-4c59-af1e-b805f6ac5381,0bd6aee5-32dd-453c-8ed5-76bd9788465a,true,true
b8040853-b620-4f7c-9479-31c67097b9b2,2c867998-79db-4e3b-82cd-7ef7f560d94b,0bd6aee5-32dd-453c-8ed5-76bd9788465a,true,true
aa24869a-c033-4a31-bf00-119004e8ff52,69121535-8e5f-4c75-a2f4-c5ca5c205f1c,ea967b68-c8a9-478e-b8f3-a6ab3ae23d99,true,true
2fc3b82e-2738-4318-902c-a58063e4cd75,69121535-8e5f-4c75-a2f4-c5ca5c205f1c,0bd6aee5-32dd-453c-8ed5-76bd9788465a,true,true
990eba98-c5c9-4431-b565-d03e1307f489,904677d2-e47a-46b1-ac9c-c349b377f9cf,0bd6aee5-32dd-453c-8ed5-76bd9788465a,true,true
73cde707-5973-459e-80c0-a419755c945b,672f8770-b180-4c27-995c-0e7b63457837,0bd6aee5-32dd-453c-8ed5-76bd9788465a,true,true
032af50c-94d4-427d-b6e9-94016a53fbb6,672f8770-b180-4c27-995c-0e7b63457837,ea967b68-c8a9-478e-b8f3-a6ab3ae23d99,true,true
1536a376-1930-4e4d-a5c2-96430a5d37f2,346017cd-448e-4af2-9746-84e5ed5dcad3,0bd6aee5-32dd-453c-8ed5-76bd9788465a,false,true
6a2b610b-4e86-4da9-a8bd-2ea90e9658b4,cc778300-b3ea-4f42-8e9e-e44f21af4c30,0bd6aee5-32dd-453c-8ed5-76bd9788465a,true,true
4344f3b7-2c92-49f9-bdb9-43ae5a7bb0eb,cc778300-b3ea-4f42-8e9e-e44f21af4c30,ea967b68-c8a9-478e-b8f3-a6ab3ae23d99,true,true
2f7e3254-095e-4f0b-9ec8-0b0b3d474275,ff91bdeb-df48-4f18-b1fa-2b085624b0a9,ea967b68-c8a9-478e-b8f3-a6ab3ae23d99,true,true
dab4dad1-1d63-4b42-bccf-fd27e7e56778,ff91bdeb-df48-4f18-b1fa-2b085624b0a9,0bd6aee5-32dd-453c-8ed5-76bd9788465a,true,true
24db092f-4f8e-4020-9267-8dce6306b76d,55eab602-77fc-482a-9306-b3768c7b3130,0bd6aee5-32dd-453c-8ed5-76bd9788465a,true,true
b0faa09c-c8fa-4cec-8a01-9e06e679885c,55eab602-77fc-482a-9306-b3768c7b3130,ea967b68-c8a9-478e-b8f3-a6ab3ae23d99,true,true
d34d92d8-39e7-416a-8d54-4bbc9d6a1ca1,10efcb56-b207-4f7e-9884-0826d11cbe0f,0bd6aee5-32dd-453c-8ed5-76bd9788465a,true,true
be6efdab-df43-42ab-81bf-a290c6010c91,1c3a6874-a51f-40da-82c1-5d2d6e763d81,ba54fb99-cd67-484d-b68f-34aea2d83af6,true,true
49d9c0f6-a761-4126-847d-204e9d69d03d,1c3a6874-a51f-40da-82c1-5d2d6e763d81,0bd6aee5-32dd-453c-8ed5-76bd9788465a,true,true
ca306afc-e8d0-4c5b-8c50-0dd0218f5940,242209d5-1567-4dc3-836a-a9f3aeea286c,0bd6aee5-32dd-453c-8ed5-76bd9788465a,true,true
3aa732b0-2520-41cc-a07d-9696038944b8,9e4c8b91-e16f-4e5f-b340-25c268ec60b7,ea967b68-c8a9-478e-b8f3-a6ab3ae23d99,true,true
108cd8ad-899e-4f0f-b56d-532e938d1ef0,9e4c8b91-e16f-4e5f-b340-25c268ec60b7,0bd6aee5-32dd-453c-8ed5-76bd9788465a,true,true
e4d92559-46b9-462e-bd5f-483ab6622cfd,04694682-1f96-41dd-8332-b58818401c97,ea967b68-c8a9-478e-b8f3-a6ab3ae23d99,true,true
6434b233-4aef-4d36-b3a6-6282ffea7913,04694682-1f96-41dd-8332-b58818401c97,0bd6aee5-32dd-453c-8ed5-76bd9788465a,true,true
e498b62a-a78a-41ee-9af5-1c4a3783a865,08fb5c43-874d-4951-a75d-ad089d131846,0bd6aee5-32dd-453c-8ed5-76bd9788465a,true,true
29fecfb0-f348-47d0-8b38-c43ee3885568,203d9380-0f16-46a8-adde-4f6ca15d6b62,0bd6aee5-32dd-453c-8ed5-76bd9788465a,false,true
bde867d6-2e34-4f67-b082-35939997d114,78a3d06e-036e-4abb-9dd6-147a9b22b4f1,0bd6aee5-32dd-453c-8ed5-76bd9788465a,true,true
c2365681-0241-4599-85d2-7a06e1ee2d5a,d98651db-1202-4071-bb1a-5799b38ff763,ea967b68-c8a9-478e-b8f3-a6ab3ae23d99,false,true
bc813945-ab47-498a-82a7-70114e92a2fa,31f87ae9-8538-4a6d-90dc-e84216756f93,0bd6aee5-32dd-453c-8ed5-76bd9788465a,true,true
dbafd2a1-3e41-4446-ae76-77b807ae17db,d549425e-6b30-4b34-be6a-8ffe6ed3abe3,0bd6aee5-32dd-453c-8ed5-76bd9788465a,true,true
842a25a7-0c84-49e3-8274-7948d80e473f,d549425e-6b30-4b34-be6a-8ffe6ed3abe3,ea967b68-c8a9-478e-b8f3-a6ab3ae23d99,true,true
e7f6506b-15ae-4982-933e-558e75c6fc86,2f47069b-0e2a-467f-9d7e-2ef118b620ab,ea967b68-c8a9-478e-b8f3-a6ab3ae23d99,false,true
6f8aec52-c23b-4640-9227-721f85a09ec5,2f47069b-0e2a-467f-9d7e-2ef118b620ab,0bd6aee5-32dd-453c-8ed5-76bd9788465a,false,true
d6f046b1-3958-42ed-9f6f-5091fb254526,04dd2414-fc93-42ef-bd27-f3e51c1fbf89,0bd6aee5-32dd-453c-8ed5-76bd9788465a,true,true
6e93ca25-f8d1-4a8c-9241-aa19377726ae,87eb6943-1a0b-4492-b598-f570a667096f,0bd6aee5-32dd-453c-8ed5-76bd9788465a,true,true
f02874d3-a377-4236-ae4e-ff468550ca98,ba990c23-5937-4a9b-890b-8aca7e52b95b,0bd6aee5-32dd-453c-8ed5-76bd9788465a,true,true
d96c34e8-e391-4735-861a-771fece4bae6,2c087001-3767-406f-bd07-c37431d1b89e,ea967b68-c8a9-478e-b8f3-a6ab3ae23d99,true,true
d5c2fe56-e88b-4e50-9e58-f56901f4ea4a,2c087001-3767-406f-bd07-c37431d1b89e,0bd6aee5-32dd-453c-8ed5-76bd9788465a,true,true
b25e8291-1202-404f-805c-1f02f7b13394,6187b31b-1748-41da-b119-fa8d519123e8,67dbf9f7-4898-4b84-86cf-303137a363be,true,true
2db581e2-4125-458d-a22a-d78fff41849b,0ca8e089-9d52-45f3-90a0-a7e79c6cb353,0bd6aee5-32dd-453c-8ed5-76bd9788465a,true,true
97423a36-6f6b-453a-bda4-6f25ca355621,39daf432-723d-4320-98d0-a0a00b680da0,ea967b68-c8a9-478e-b8f3-a6ab3ae23d99,true,true
92143222-8213-4705-9a00-e29abc5b6064,39daf432-723d-4320-98d0-a0a00b680da0,0bd6aee5-32dd-453c-8ed5-76bd9788465a,true,true
0baeaed6-9e00-4d55-a1a9-5262d988572d,6f91258e-eded-456a-9491-611df8403708,0bd6aee5-32dd-453c-8ed5-76bd9788465a,true,true
ad30e8ad-03f6-4a48-bb3f-89a0b979245a,f3663f71-218d-48ec-b3f0-9430c4b53ac0,0bd6aee5-32dd-453c-8ed5-76bd9788465a,true,true
4ddb1335-83c9-4563-8cd4-813a2b1fe684,b877f1c4-f07f-4b35-b492-637dc437f98e,ea967b68-c8a9-478e-b8f3-a6ab3ae23d99,true,true
fd075635-1833-463e-b951-1f6dd37daea4,b877f1c4-f07f-4b35-b492-637dc437f98e,0bd6aee5-32dd-453c-8ed5-76bd9788465a,true,true
f8961ffe-2f7f-488f-b725-99483590fe36,a7c87d6f-a6e6-4e82-b28e-ee8c97c8b1d5,ea967b68-c8a9-478e-b8f3-a6ab3ae23d99,true,true
68c3c0d2-c882-4e63-a5f9-926939a891e2,a7c87d6f-a6e6-4e82-b28e-ee8c97c8b1d5,0bd6aee5-32dd-453c-8ed5-76bd9788465a,true,true
4cf0d62b-c484-4c0f-8fa2-c07857226cf3,cd9239e7-b2c9-4503-9cbb-6c4b0d19f281,67dbf9f7-4898-4b84-86cf-303137a363be,true,true
19efbc1c-1ba5-43af-b015-c7f698b1a3e4,cd9239e7-b2c9-4503-9cbb-6c4b0d19f281,0bd6aee5-32dd-453c-8ed5-76bd9788465a,true,true
764aaa1f-da85-422f-b551-d9d6f118b3b4,cd9239e7-b2c9-4503-9cbb-6c4b0d19f281,ea967b68-c8a9-478e-b8f3-a6ab3ae23d99,true,true
7ab3e46d-ac30-472a-b70b-155701d9a4b5,26ee2f2c-b116-4fae-bb65-c37f2dcfbb54,0bd6aee5-32dd-453c-8ed5-76bd9788465a,true,true
425096f6-1594-4df0-81f7-c242bbb37de1,8409cda4-e90c-4b0d-a8c2-920375fec03a,0bd6aee5-32dd-453c-8ed5-76bd9788465a,true,true
8ab1e3e0-cc9c-4b9e-9825-970efa816e03,9311cffb-0aaa-4829-ba1a-b968dbcf8d01,0bd6aee5-32dd-453c-8ed5-76bd9788465a,true,true
6008b8b3-80cd-428f-871e-9b062145d415,9311cffb-0aaa-4829-ba1a-b968dbcf8d01,ea967b68-c8a9-478e-b8f3-a6ab3ae23d99,true,true
520ea324-0f00-4ccc-a6d0-2bca42f07173,8ca359f7-fcaa-4782-ad2f-942b4dafe61c,0bd6aee5-32dd-453c-8ed5-76bd9788465a,true,true
0eaf7f57-7bbf-4448-a985-1032d5dc3111,8ca359f7-fcaa-4782-ad2f-942b4dafe61c,ea967b68-c8a9-478e-b8f3-a6ab3ae23d99,false,true
1c5e8fc1-4251-4951-9c32-4d969ce7b4d3,2d9463fc-cecc-48d4-aad0-020ecf33e814,0bd6aee5-32dd-453c-8ed5-76bd9788465a,true,true
08e1b583-db55-40f6-8c58-f1076f7eb8f1,2d9463fc-cecc-48d4-aad0-020ecf33e814,ea967b68-c8a9-478e-b8f3-a6ab3ae23d99,true,true
50557d73-c479-4ba0-abcc-003447479da5,e5e64bf4-8b5c-4608-8ed0-83a4de7d4668,ea967b68-c8a9-478e-b8f3-a6ab3ae23d99,true,true
8f8371a5-e29e-4f84-bfcd-37df616a9b52,e5e64bf4-8b5c-4608-8ed0-83a4de7d4668,0bd6aee5-32dd-453c-8ed5-76bd9788465a,true,true
ff2b2590-9606-4f2f-ab50-7f6995d4f976,11c69323-f9b5-4b03-bcfb-c1211bbee2a8,ea967b68-c8a9-478e-b8f3-a6ab3ae23d99,true,true
30b88ac4-e9b2-4749-8379-a61a09497439,11c69323-f9b5-4b03-bcfb-c1211bbee2a8,0bd6aee5-32dd-453c-8ed5-76bd9788465a,true,true
45923b58-806a-4be3-a473-138e06b9f6f2,a25caf1e-48cb-400c-bfa1-f621c5358b48,ea967b68-c8a9-478e-b8f3-a6ab3ae23d99,false,true
8b360fda-fa0a-4f3e-8406-e8c4f5bc8350,a25caf1e-48cb-400c-bfa1-f621c5358b48,0bd6aee5-32dd-453c-8ed5-76bd9788465a,true,true
f6fc2fa0-e285-472e-ac67-a9a088ce7cb1,a25caf1e-48cb-400c-bfa1-f621c5358b48,67dbf9f7-4898-4b84-86cf-303137a363be,false,true
adf0bbfc-866a-4a9e-b828-a79334dc22a2,23a7bcdf-f286-4111-85fe-555baff9a5e0,ea967b68-c8a9-478e-b8f3-a6ab3ae23d99,true,true
a24a4b74-6fda-406c-9035-c416d911ce81,fa85023b-040b-4eff-81f3-a5b8cb7cd8dd,0bd6aee5-32dd-453c-8ed5-76bd9788465a,true,true
a61b78f7-8ca0-4fc3-8f57-a1dcf81e9e75,0c774e0b-ee01-4554-ad59-53b50e8148c7,0bd6aee5-32dd-453c-8ed5-76bd9788465a,true,true
89a255f4-988c-42bf-b3b7-223a52c40719,0c774e0b-ee01-4554-ad59-53b50e8148c7,ea967b68-c8a9-478e-b8f3-a6ab3ae23d99,true,true
8af5c589-4159-4cd2-9bb8-21999865c366,cb5d0da6-56b3-4399-99c4-23aedfe379ea,0bd6aee5-32dd-453c-8ed5-76bd9788465a,true,true
ba03f4e1-8f47-4151-9132-29f8b561b7c3,b70df011-3625-45ec-924a-801dbe3e9d7b,0bd6aee5-32dd-453c-8ed5-76bd9788465a,true,true
775634a7-ddeb-4c75-bb85-1afb616ed2c8,06bb3b91-d97f-498d-8989-28fd40a0adbf,ea967b68-c8a9-478e-b8f3-a6ab3ae23d99,false,true
4f4392d6-c5ae-444b-98b6-9fd89d62026e,6f8f97d5-2bdb-4754-80cd-1a6eddd85a53,0bd6aee5-32dd-453c-8ed5-76bd9788465a,true,true
14ba8ac3-bde2-4cf1-9a00-7a4c865dbceb,6f8f97d5-2bdb-4754-80cd-1a6eddd85a53,ea967b68-c8a9-478e-b8f3-a6ab3ae23d99,true,true
4f5d7e62-49fe-4c5f-b59c-f1f82675cb35,5b851477-a7ec-40e6-8c9d-a409c22c6d89,0bd6aee5-32dd-453c-8ed5-76bd9788465a,true,true
99cf1cee-d7f5-4925-a7af-c172c959fea4,8e0c7325-4960-44e7-b930-4a37ddc87392,0bd6aee5-32dd-453c-8ed5-76bd9788465a,true,true
366ac627-3a66-4937-ad27-76b9ff04deb6,403c05da-bd3f-4ec2-a52d-c66ad89ab256,ea967b68-c8a9-478e-b8f3-a6ab3ae23d99,true,true
9991cd1b-3f4d-40b6-bacd-9fd991b24f72,5b851477-a7ec-40e6-8c9d-a409c22c6d89,ea967b68-c8a9-478e-b8f3-a6ab3ae23d99,true,true
b3a531e7-fe1d-453f-b996-7f657076bcc8,5167cc7d-4ac9-43de-8fbd-3645251712e7,ea967b68-c8a9-478e-b8f3-a6ab3ae23d99,true,true
196cd89a-aab4-4766-aafb-0b8e47dfef8b,5167cc7d-4ac9-43de-8fbd-3645251712e7,0bd6aee5-32dd-453c-8ed5-76bd9788465a,true,true
2ebab1d3-4919-4fd9-bb86-a6f8fa44df14,06bb3b91-d97f-498d-8989-28fd40a0adbf,0bd6aee5-32dd-453c-8ed5-76bd9788465a,true,true
94daa0bc-9105-4c13-8bfb-adde8872ab30,a5b75274-4550-44bf-acec-582ba4f183a7,0bd6aee5-32dd-453c-8ed5-76bd9788465a,true,true
f89466eb-0b03-407b-bc46-c4a9df3a0ae8,e09b42a7-f56b-40f2-a27d-145724e51807,0bd6aee5-32dd-453c-8ed5-76bd9788465a,true,true
95ea4905-48d6-47d3-b240-c291249ee4f6,c3180a5b-4aa8-42f2-841e-b4f817e9f6b3,0bd6aee5-32dd-453c-8ed5-76bd9788465a,true,true
ec18d7f9-f9fb-4e43-a90d-07dcc306b1e5,6f55375d-189e-49cf-960b-8108e23ee03f,0bd6aee5-32dd-453c-8ed5-76bd9788465a,true,true
7e86769c-992d-4d74-b673-65a24d3f25ca,0c2b9879-14ae-4d98-a9c3-6167ed10ee85,ea967b68-c8a9-478e-b8f3-a6ab3ae23d99,true,true
b244b049-9ae7-40dc-95a8-2d01f3a74147,ed767961-a9eb-4d41-8c80-e02f374cfe17,ea967b68-c8a9-478e-b8f3-a6ab3ae23d99,true,true
5a5ae7a2-cd85-49ad-b5f9-8c2e0e3e2d20,b3267978-8fd2-40e0-91d3-9c421ebb4d9d,ea967b68-c8a9-478e-b8f3-a6ab3ae23d99,true,true
377c7f18-0119-4cbf-b946-295dc1017d25,ed767961-a9eb-4d41-8c80-e02f374cfe17,0bd6aee5-32dd-453c-8ed5-76bd9788465a,true,true
1cf7074f-35cf-4f34-8aa9-285439ce47d4,b1b889f6-fdec-4a03-9f8f-1770a22551e0,ea967b68-c8a9-478e-b8f3-a6ab3ae23d99,true,true
8f289005-9bdb-482b-9883-b3128da85d49,c93b61aa-6332-4847-b003-9597cdb3d76c,0bd6aee5-32dd-453c-8ed5-76bd9788465a,true,true
9af581e8-47ea-4549-bbb0-7f1fc952910f,cc5ec5c8-d735-4d5e-aed9-9bec6e6026ab,0bd6aee5-32dd-453c-8ed5-76bd9788465a,true,true
042750b8-16aa-4ffc-881c-a9e17c6d34a0,efd5e473-3756-4223-ae8e-2ed343219f15,0bd6aee5-32dd-453c-8ed5-76bd9788465a,true,true
4b04a808-0e23-47c3-aad3-75772b7f6221,70294bdc-162b-4a4e-8b78-c0ab025363e3,0bd6aee5-32dd-453c-8ed5-76bd9788465a,true,true
69f5d55c-847c-4cb1-ad87-a40339468547,d65dd145-0426-4542-99ef-405350f72768,67dbf9f7-4898-4b84-86cf-303137a363be,true,true
a4129a3e-4ad6-4e3d-8bd8-f304f56a4f93,d6c3abcd-1350-49ee-a4b4-41c3788a4df2,ea967b68-c8a9-478e-b8f3-a6ab3ae23d99,true,true
4814219a-7118-4dd8-95e6-9af548eb4c3d,d6c3abcd-1350-49ee-a4b4-41c3788a4df2,0bd6aee5-32dd-453c-8ed5-76bd9788465a,true,true
2618b8e1-6e9e-49be-acf4-b06e4ee91c87,ba1c17e1-883c-4da7-931e-94fe6efd260c,0bd6aee5-32dd-453c-8ed5-76bd9788465a,true,true
4cee45f6-7429-4b68-8573-5023547468d9,bca815b4-932a-49cc-af05-a6851a461edf,ea967b68-c8a9-478e-b8f3-a6ab3ae23d99,true,true
92006cd4-4a31-4db0-a797-0c0b1c94b53c,bca815b4-932a-49cc-af05-a6851a461edf,0bd6aee5-32dd-453c-8ed5-76bd9788465a,true,true
8d72d978-db52-4946-aeaa-46710f0aef89,feedece4-604d-422c-af99-3b62239ca6b6,ea967b68-c8a9-478e-b8f3-a6ab3ae23d99,true,true
f2f474b0-64ab-4c4d-b33b-b541ba9a11ab,feedece4-604d-422c-af99-3b62239ca6b6,0bd6aee5-32dd-453c-8ed5-76bd9788465a,true,true
47c3442c-70a4-483b-af62-bbf2b01b4a12,1bb792ba-c7f7-4763-af38-13fecc276bc9,0bd6aee5-32dd-453c-8ed5-76bd9788465a,true,true
58d93e28-c0d5-48eb-afa9-4fc25613f41a,0f03cb80-4984-49f4-9b70-e2679999390a,67dbf9f7-4898-4b84-86cf-303137a363be,false,true
827fce47-a4bb-41ea-864c-b7255f80e238,75b49184-02ae-464c-8874-a1c049f357c1,0bd6aee5-32dd-453c-8ed5-76bd9788465a,true,true
588b5127-8885-4ca7-afda-8c23c554fb43,c15d35a6-aaf7-4b33-9cd5-18936f4558e4,0bd6aee5-32dd-453c-8ed5-76bd9788465a,true,true
919a1383-0ebd-49ac-ad09-6f05c32e057d,c15d35a6-aaf7-4b33-9cd5-18936f4558e4,ea967b68-c8a9-478e-b8f3-a6ab3ae23d99,true,true
910c3b30-39de-409c-a169-67b7dc43b83e,2899d5d9-bbcd-4d7a-bfae-3cebc995ab49,0bd6aee5-32dd-453c-8ed5-76bd9788465a,true,true
132999d2-1b8a-4971-a0ed-caf3ecafc9c8,f0d2fa52-3bcd-46aa-b2ff-6b9e26f93b68,0bd6aee5-32dd-453c-8ed5-76bd9788465a,true,true
8e9d9536-bfe7-431e-bc25-c3befd25e0b3,e647a9be-42a1-4b02-ad76-691c8b514f00,0bd6aee5-32dd-453c-8ed5-76bd9788465a,true,true
4a40c675-280f-42b2-a2ff-3b8744d9f310,15e443e3-06e8-4686-b74a-6b61f37d81a0,ea967b68-c8a9-478e-b8f3-a6ab3ae23d99,false,true
983e75ca-98f6-4b26-8047-0f8fb4dfc79e,15e443e3-06e8-4686-b74a-6b61f37d81a0,0bd6aee5-32dd-453c-8ed5-76bd9788465a,true,true
fac8847d-74b8-42d3-b449-58716159ae1b,571af5c0-f7d2-406a-9be6-f15e735ca2b7,0bd6aee5-32dd-453c-8ed5-76bd9788465a,true,true
fdbe5959-56c7-4565-bb15-9085bf74704a,92374bf9-f61e-483b-b920-3d14c65f7ae0,0bd6aee5-32dd-453c-8ed5-76bd9788465a,true,true
f478c40d-3c4f-4ebd-bce7-5d3b2c52ea5a,a77e033d-fafc-4e1a-b3be-4dab4739a77a,0bd6aee5-32dd-453c-8ed5-76bd9788465a,true,true
d661f73f-25a7-4540-9a0d-58f4af4bc449,67d5712b-c297-4939-926b-c2af9245ac26,0bd6aee5-32dd-453c-8ed5-76bd9788465a,true,true
89c46db7-c357-4412-a2f3-98fd2b81ce9b,3df02786-8f99-4ddc-b06f-36f00cd88c8a,0bd6aee5-32dd-453c-8ed5-76bd9788465a,true,true
82cd028b-0994-44fb-9a0a-07e6416c5563,3df02786-8f99-4ddc-b06f-36f00cd88c8a,ea967b68-c8a9-478e-b8f3-a6ab3ae23d99,true,true
a44dfc6f-2f33-48d7-920e-21928851b57b,013e1814-5010-4f30-b1ba-5e1eadc84736,0bd6aee5-32dd-453c-8ed5-76bd9788465a,true,true
10b9c5cd-7ffd-49f8-bc45-4e983eb3c4b2,b9e14c30-acf1-44b4-b5d7-4e9be30a1503,0bd6aee5-32dd-453c-8ed5-76bd9788465a,true,true
f008dc0c-853d-4fdc-9174-51d1044f861f,b9e14c30-acf1-44b4-b5d7-4e9be30a1503,ea967b68-c8a9-478e-b8f3-a6ab3ae23d99,true,true
42c03d57-2417-40f2-8806-a4ecf7855611,de2f44c5-93ef-464b-948e-7db961a007d3,ea967b68-c8a9-478e-b8f3-a6ab3ae23d99,true,true
40539712-6cfe-4e0a-92bb-203dc058b2cd,de2f44c5-93ef-464b-948e-7db961a007d3,0bd6aee5-32dd-453c-8ed5-76bd9788465a,true,true
4defe16a-7eb8-429c-b9cb-3e5e9f0b765d,be58eb95-bb63-4d6c-a78b-b9863959a55f,ea967b68-c8a9-478e-b8f3-a6ab3ae23d99,true,true
94d49685-8248-4bf3-8e1d-59685f0b02fe,e3754f73-a8cf-4f31-ac5d-2dd0f6c8d0d3,0bd6aee5-32dd-453c-8ed5-76bd9788465a,true,true
c3b90a13-bb69-4289-8532-c95973b45860,e3754f73-a8cf-4f31-ac5d-2dd0f6c8d0d3,ea967b68-c8a9-478e-b8f3-a6ab3ae23d99,true,true
018c1032-81cb-4756-8588-ee605da9ed3e,28fd81b9-d56e-41e9-97c5-b4574f7eaf06,ea967b68-c8a9-478e-b8f3-a6ab3ae23d99,true,true
915f5daf-49ae-4749-a4ae-5cfcdaa6c637,bc8d85bd-c1e5-465a-a54f-52ee1ccda778,0bd6aee5-32dd-453c-8ed5-76bd9788465a,true,true
248ce94b-9cfb-4ccd-bff0-8b7ec280dc5e,048aba1c-1091-4676-98cd-9827abb18045,0bd6aee5-32dd-453c-8ed5-76bd9788465a,true,true
cdd7d935-be9d-42b4-a40a-f693a914d697,d18e700e-66ae-4233-a1d7-d56134aa1e41,ea967b68-c8a9-478e-b8f3-a6ab3ae23d99,true,true
a03169d4-bff7-4395-b6cd-5bd8dc08df4d,d18e700e-66ae-4233-a1d7-d56134aa1e41,0bd6aee5-32dd-453c-8ed5-76bd9788465a,true,true
0b199f8e-5c12-4092-8362-ab0f7cb21e6e,970d521c-3093-4591-b356-039308308916,0bd6aee5-32dd-453c-8ed5-76bd9788465a,false,true
84e5bf9e-4fb0-4ba4-9cb4-6ee957d55fd4,0eedea85-c4d8-4375-aa57-8a4ac0a4a31a,ea967b68-c8a9-478e-b8f3-a6ab3ae23d99,true,true
0444a170-f2c8-4b9a-8ba9-a0f94fea08a5,0eedea85-c4d8-4375-aa57-8a4ac0a4a31a,0bd6aee5-32dd-453c-8ed5-76bd9788465a,true,true
534860e3-dae3-461a-9cf8-fa56402d9697,47e60e52-350b-4cb2-85a1-ceb372971bd1,ea967b68-c8a9-478e-b8f3-a6ab3ae23d99,false,true
20bdbfdc-94b0-40c5-9dd0-8de197090913,47e60e52-350b-4cb2-85a1-ceb372971bd1,0bd6aee5-32dd-453c-8ed5-76bd9788465a,true,true
d8b28731-1045-4c6a-b9f2-70ff4880a63d,2e540efc-6dbb-409a-a158-798406dca613,ea967b68-c8a9-478e-b8f3-a6ab3ae23d99,true,true
c139d75a-0b7f-49bc-b294-385f2e30c695,2e540efc-6dbb-409a-a158-798406dca613,0bd6aee5-32dd-453c-8ed5-76bd9788465a,true,true
062d68c7-d4ef-4ca2-81df-7a43fd1983fb,f6f00202-f45a-4d18-968d-66541975a6a0,0bd6aee5-32dd-453c-8ed5-76bd9788465a,true,true
fcf9a0c8-0371-4d78-bd08-090316acb81a,f6f00202-f45a-4d18-968d-66541975a6a0,ea967b68-c8a9-478e-b8f3-a6ab3ae23d99,true,true
b876e6d1-b1db-4c9c-ab07-c1c2c583097d,c43e1151-47ed-47dc-b92e-7e41ee6856c6,0bd6aee5-32dd-453c-8ed5-76bd9788465a,true,true
ec3378d2-353b-4bc7-bec7-a465b2367c15,8b92559f-3604-41fa-9abe-b491f6986841,0bd6aee5-32dd-453c-8ed5-76bd9788465a,true,true
0f026276-50dd-474f-a62c-311e330ac403,bdd95fe0-e85c-4d2a-a9ec-f494211424b4,0bd6aee5-32dd-453c-8ed5-76bd9788465a,true,true
efbae924-14a9-49a8-853d-d1ff6e14d675,5963184d-5007-4124-851c-37ecbede25b7,0bd6aee5-32dd-453c-8ed5-76bd9788465a,true,true
bc023339-734f-4dca-814f-c43eea7628fd,08fff3d8-3cd6-41bd-baf6-504ac1086f07,ea967b68-c8a9-478e-b8f3-a6ab3ae23d99,true,true
e36e914c-5788-485f-9324-087406f7e01e,fab12020-a00b-49d6-94b2-62262297f3b6,0bd6aee5-32dd-453c-8ed5-76bd9788465a,true,true
c2042761-443f-4e27-a88a-9ea1a8ad9e03,8bdf8597-7566-4622-9178-034fe85c7dba,0bd6aee5-32dd-453c-8ed5-76bd9788465a,true,true
3c21e3a3-7fbb-4f30-9e41-647a92c53d9a,ad0600ad-d61a-452a-b261-8209ac82564b,ea967b68-c8a9-478e-b8f3-a6ab3ae23d99,true,true
65a02504-8a56-43e7-9b9c-787ebdce1f82,be723b3e-1dc0-4644-ade8-ce593496021c,0bd6aee5-32dd-453c-8ed5-76bd9788465a,false,true
f9408903-10bf-4eef-b2e9-923d5160ba0c,60c9dda0-756b-4451-9e6a-f98fbcd938bc,ea967b68-c8a9-478e-b8f3-a6ab3ae23d99,false,true
1936c544-ae7e-4b03-a502-71f3b42e7cbb,91855e17-1708-4e1d-ab3b-e0f4c8293da8,0bd6aee5-32dd-453c-8ed5-76bd9788465a,true,true
19b7e838-10a3-4cc9-acc3-afce68d2e258,60c9dda0-756b-4451-9e6a-f98fbcd938bc,0bd6aee5-32dd-453c-8ed5-76bd9788465a,true,true
5bddd1bf-d587-4e7f-a1dc-ce35bcf3436e,2cfb109a-1a85-49b3-bae3-a471780aa4dc,0bd6aee5-32dd-453c-8ed5-76bd9788465a,true,true
85e61e5a-ea34-4a3c-a5cb-1d804c4c68c1,3dab81a8-c2fa-4057-95f9-2f0335fdadb4,ea967b68-c8a9-478e-b8f3-a6ab3ae23d99,true,true
b820e459-5b45-40e2-af4f-ebad5af45ab7,3ec7545c-e5eb-4d91-95b9-32821b50038b,0bd6aee5-32dd-453c-8ed5-76bd9788465a,true,true
04e4d9a1-b4ad-493d-a4e4-6b554b9f2d27,72752e4b-f2a3-4f2b-857a-9ce10c801f0d,0bd6aee5-32dd-453c-8ed5-76bd9788465a,true,true
cdc8baf7-c6fa-4acd-a586-8b5bb09489ea,23a7bcdf-f286-4111-85fe-555baff9a5e0,0bd6aee5-32dd-453c-8ed5-76bd9788465a,true,true
1d16779f-c0c3-4869-ab6b-b19fae763f5e,2dbfa839-027c-4434-9979-32aeb13a4967,0bd6aee5-32dd-453c-8ed5-76bd9788465a,true,true
6f29853e-9f26-4283-9133-ca094ecdd12d,b90ef4fd-4447-4fef-9eee-04482545d282,0bd6aee5-32dd-453c-8ed5-76bd9788465a,true,true
7259586b-0a5e-4cfc-9b8c-a0c5ee84d5d4,8e3b5bdc-b785-41a8-aa0b-69e8191a1598,ea967b68-c8a9-478e-b8f3-a6ab3ae23d99,true,true
07127172-299d-4a8c-96a5-23bb4667bf83,0c2c5db3-9706-4192-a33e-bee92addd994,0bd6aee5-32dd-453c-8ed5-76bd9788465a,true,true
bd54fa1d-557a-4580-b1a9-6b38d96a5720,8e3b5bdc-b785-41a8-aa0b-69e8191a1598,0bd6aee5-32dd-453c-8ed5-76bd9788465a,true,true
b9b1174f-2c25-4b84-bcf4-c9c564ea8e0f,1405e248-b121-4536-85ae-99cdbcb3bbca,0bd6aee5-32dd-453c-8ed5-76bd9788465a,true,true
df902deb-d7ce-463d-a4ae-3341ade610cc,ff317f41-fc68-4286-a6fe-d1c2b8d1504d,0bd6aee5-32dd-453c-8ed5-76bd9788465a,true,true
5a62785d-117a-47f3-8dce-c4a082e5ae40,5ac5d552-6958-453d-aed6-befb12a04fb6,ea967b68-c8a9-478e-b8f3-a6ab3ae23d99,true,true
03b141f5-b96f-413d-9d4e-1ec771273ac7,b1ab8852-518b-414f-9722-76ccb7037ce5,0bd6aee5-32dd-453c-8ed5-76bd9788465a,true,true
7f66e90c-89ad-4570-b1df-43e8078f718d,7df11c37-a4fb-47ad-b9f6-2e7d0e72fe2a,0bd6aee5-32dd-453c-8ed5-76bd9788465a,true,true
cf1214ab-dbce-419a-b404-89f20060478b,ce467f94-bc2f-459d-9a85-b6dbd2782f8f,ba54fb99-cd67-484d-b68f-34aea2d83af6,true,true
5bfd20e5-b7a9-4353-95bc-34329179b664,ce467f94-bc2f-459d-9a85-b6dbd2782f8f,0bd6aee5-32dd-453c-8ed5-76bd9788465a,true,true
480673e5-5e05-4324-87f7-8566bedc9998,b1ab8852-518b-414f-9722-76ccb7037ce5,ea967b68-c8a9-478e-b8f3-a6ab3ae23d99,true,true
b525e6e2-968f-4790-8f61-edf4c5ec3fb2,4005f42f-24bb-48ea-890c-ae3041e67872,0bd6aee5-32dd-453c-8ed5-76bd9788465a,true,true
16657fc8-736a-49d0-9bb6-20d7c7ee2ffa,54ccb6aa-1ec7-4f37-b685-329d455c768a,ea967b68-c8a9-478e-b8f3-a6ab3ae23d99,true,true
0ebca208-8a3b-4f44-8232-72fb6047d26a,54ccb6aa-1ec7-4f37-b685-329d455c768a,0bd6aee5-32dd-453c-8ed5-76bd9788465a,true,true
27695d6d-0007-49a5-b59c-20fab885c244,3c8e648b-1eb9-40c5-bc49-278130e05cb7,ea967b68-c8a9-478e-b8f3-a6ab3ae23d99,true,true
dc55ad37-a4bd-4ab0-8eab-5f8a21d94669,6594d238-f3f5-488f-ad7e-a302fff8e9b0,ea967b68-c8a9-478e-b8f3-a6ab3ae23d99,true,true
2619e6d0-5308-4eb7-99e3-a56984ccdc84,6594d238-f3f5-488f-ad7e-a302fff8e9b0,0bd6aee5-32dd-453c-8ed5-76bd9788465a,true,true
30d4334c-7461-4667-9118-e878cafe79bb,3c8e648b-1eb9-40c5-bc49-278130e05cb7,0bd6aee5-32dd-453c-8ed5-76bd9788465a,true,true
5cd383d5-92a2-4307-ac75-604dc4c157a6,48750868-73b5-4649-aa39-5c5e6d7fa4db,ea967b68-c8a9-478e-b8f3-a6ab3ae23d99,true,true
bc187ca5-b9b6-47dc-bb8a-3e232c82909c,48750868-73b5-4649-aa39-5c5e6d7fa4db,0bd6aee5-32dd-453c-8ed5-76bd9788465a,true,true
d6f33c1c-4ecb-4198-9514-54aa3ba9ce18,7cf0000a-87c5-4a3c-a10d-633729e7b1c8,0bd6aee5-32dd-453c-8ed5-76bd9788465a,true,true
7ef586da-4dde-4b17-947a-de4ba77685ff,7cf0000a-87c5-4a3c-a10d-633729e7b1c8,ea967b68-c8a9-478e-b8f3-a6ab3ae23d99,true,true
eaf72f97-eb53-4b35-9851-8cf8583dca69,4ea49f2e-07e9-450b-ba2e-b03356aa7fdc,ea967b68-c8a9-478e-b8f3-a6ab3ae23d99,true,true
b0d378f5-9206-407e-86a4-13549745f976,4ea49f2e-07e9-450b-ba2e-b03356aa7fdc,0bd6aee5-32dd-453c-8ed5-76bd9788465a,true,true
1f20db3a-b77e-4203-a963-6a8e66e52358,f0c94713-3175-46fa-89cf-5a18a1efde2f,67dbf9f7-4898-4b84-86cf-303137a363be,false,true
d0caef4f-b393-4aab-a2a6-e3d5024c51ea,f0c94713-3175-46fa-89cf-5a18a1efde2f,ea967b68-c8a9-478e-b8f3-a6ab3ae23d99,false,true
767fd82a-ac5c-440f-a4d3-02b7e0114220,f0c94713-3175-46fa-89cf-5a18a1efde2f,0bd6aee5-32dd-453c-8ed5-76bd9788465a,true,true
87eabb15-015a-458e-b757-10aa00919548,0429ec15-06e1-4246-aa88-a1bf57e68709,ea967b68-c8a9-478e-b8f3-a6ab3ae23d99,true,true
9f5a1fd4-776f-483a-a2b5-eb12ca085504,0429ec15-06e1-4246-aa88-a1bf57e68709,0bd6aee5-32dd-453c-8ed5-76bd9788465a,true,true
fe094bdc-77d5-488c-a93d-383aa832b0cf,53a12699-bda1-4e88-bf98-0572501bae4b,0bd6aee5-32dd-453c-8ed5-76bd9788465a,true,true
aaa850fe-7f3c-4591-8606-35b78382428f,61a1ef1d-e0e9-45b3-93b4-b790732467d6,0bd6aee5-32dd-453c-8ed5-76bd9788465a,true,true
9a7a126c-2703-43a2-9202-ec5a5d4e56a5,6fb6e244-d601-4355-ac93-f69fb5ef5280,0bd6aee5-32dd-453c-8ed5-76bd9788465a,true,true
37c2c631-15a7-4ae1-ac4d-e0cb934ad529,5b07746c-1065-4812-b403-f2d7f9615106,ea967b68-c8a9-478e-b8f3-a6ab3ae23d99,true,true
f174f6c3-1237-4692-adce-894a082ec385,3d487cb0-a81a-4f47-8462-7a7b5d0a7ea1,ea967b68-c8a9-478e-b8f3-a6ab3ae23d99,true,true
d762b639-1068-4300-b984-4547eb018388,3d487cb0-a81a-4f47-8462-7a7b5d0a7ea1,0bd6aee5-32dd-453c-8ed5-76bd9788465a,true,true
fda6fa10-31ef-4a8d-9390-d9c2a5a2e1a8,6e815f32-0504-4071-8ecb-a47faf04522a,0bd6aee5-32dd-453c-8ed5-76bd9788465a,true,true
def83d40-64a6-44f4-9f5b-a623e3b6bb99,addb34f0-7624-4519-b516-c728c2c7db51,0bd6aee5-32dd-453c-8ed5-76bd9788465a,true,true
c10d98e6-a723-41f1-87bd-6da6481fc7a6,aa1dc964-a69e-4513-a9d3-cebf21cdbb27,ea967b68-c8a9-478e-b8f3-a6ab3ae23d99,true,true
b80cfc1c-d30d-4e1e-9c0f-c4726f0ffcff,aa1dc964-a69e-4513-a9d3-cebf21cdbb27,0bd6aee5-32dd-453c-8ed5-76bd9788465a,true,true
0a326ff8-3e04-4833-999b-60d3cc5bd484,8b1e4548-46db-4645-a6c0-bc876490a208,0bd6aee5-32dd-453c-8ed5-76bd9788465a,true,true
35f9ece6-b5c8-486d-a149-9260f2998193,2c2d056f-c24a-4121-a4a2-9bd0167bfefb,0bd6aee5-32dd-453c-8ed5-76bd9788465a,true,true
5b40ba8f-a7b9-4c52-a20f-1130ea5c3930,c0936587-e5aa-47a9-98ea-51c52844bcf9,0bd6aee5-32dd-453c-8ed5-76bd9788465a,true,true
bde3b0c4-5015-40c9-a600-8ee3508e78ff,c0936587-e5aa-47a9-98ea-51c52844bcf9,ea967b68-c8a9-478e-b8f3-a6ab3ae23d99,true,true
3ffddbb0-d54f-4f00-8999-bfdaf26d1b3e,02a371bf-3162-4c34-8dc6-e89882659eb1,0bd6aee5-32dd-453c-8ed5-76bd9788465a,true,true
e9fbcb21-fb58-408a-91c6-009267148c1e,9330abcd-1fd4-4ed9-9b8d-c093310605c4,ea967b68-c8a9-478e-b8f3-a6ab3ae23d99,true,true
a172e388-e92a-4b98-a3af-f8d44d081cad,9330abcd-1fd4-4ed9-9b8d-c093310605c4,0bd6aee5-32dd-453c-8ed5-76bd9788465a,true,true
b54c17ae-b03f-48ab-a0ce-7df18b04ea4b,5580e7b0-3e1a-48d7-8dd5-f1a9d603f647,0bd6aee5-32dd-453c-8ed5-76bd9788465a,true,true
8a3f850e-79e7-4d1f-a31f-ba53f8ee010f,d484c88b-7485-41b8-8f19-75782bb38625,0bd6aee5-32dd-453c-8ed5-76bd9788465a,true,true
20129f7e-6ada-4635-b932-2faece3e972c,bd6e3c93-4707-4f3f-9481-c0827b627ec2,0bd6aee5-32dd-453c-8ed5-76bd9788465a,true,true
61c715ef-cb5f-4877-8143-52a9462517fc,5b036607-04ec-41f3-bfec-09d7728a2524,ea967b68-c8a9-478e-b8f3-a6ab3ae23d99,true,true
84a330f8-ad75-4e99-9503-09ecfab9659a,5b036607-04ec-41f3-bfec-09d7728a2524,0bd6aee5-32dd-453c-8ed5-76bd9788465a,true,true
392a544c-0452-412e-9c4f-2a9051073da1,1a708598-e0bc-4a13-bce5-d40048cc90e2,0bd6aee5-32dd-453c-8ed5-76bd9788465a,true,true
838cd754-4f8d-4743-9add-2ec2d9af531a,2d28e044-8b25-4e17-844c-48b3c06fb68e,ea967b68-c8a9-478e-b8f3-a6ab3ae23d99,true,true
3581e99c-6824-48cf-8a96-4a34021a153f,2d28e044-8b25-4e17-844c-48b3c06fb68e,0bd6aee5-32dd-453c-8ed5-76bd9788465a,true,true
a2708cd0-c02d-4f4d-a2cc-c25571beb52f,2d28e044-8b25-4e17-844c-48b3c06fb68e,67dbf9f7-4898-4b84-86cf-303137a363be,true,true
3a45f2e1-ca05-4566-87fb-d434a0ca0461,392b8cdb-8ca3-46d4-9b11-f98b17274702,ea967b68-c8a9-478e-b8f3-a6ab3ae23d99,true,true
447fdc3d-f38d-449e-8cd4-91fbddfbfd85,392b8cdb-8ca3-46d4-9b11-f98b17274702,0bd6aee5-32dd-453c-8ed5-76bd9788465a,true,true
0ba3a4dc-d5df-434e-9baf-f1be5f66c23b,2769eb68-5a73-4582-8735-6c946605fed5,0bd6aee5-32dd-453c-8ed5-76bd9788465a,true,true
7162dcc5-8320-44ff-a759-31cac4cd12e4,16c16f7c-cca6-450e-bfcc-6c452c0455f8,ea967b68-c8a9-478e-b8f3-a6ab3ae23d99,true,true
eb105936-b477-4db7-8d96-7d075c769ef1,16c16f7c-cca6-450e-bfcc-6c452c0455f8,0bd6aee5-32dd-453c-8ed5-76bd9788465a,true,true
6b95c24d-04c5-4109-a139-388fcef04364,48a0ce97-2377-43a4-a141-0d910ec8d20a,ea967b68-c8a9-478e-b8f3-a6ab3ae23d99,true,true
d82f578e-c9b4-4d6c-9f04-a95dd4c45394,48a0ce97-2377-43a4-a141-0d910ec8d20a,0bd6aee5-32dd-453c-8ed5-76bd9788465a,true,true
7b452ea1-ba1e-4df9-a606-27467adbf8e8,4edb7a9d-282b-4a8d-8489-29a2f5dbfa19,0bd6aee5-32dd-453c-8ed5-76bd9788465a,true,true
23f1cdbf-9ee8-49a0-807f-0f0ba0e467e7,4edb7a9d-282b-4a8d-8489-29a2f5dbfa19,ea967b68-c8a9-478e-b8f3-a6ab3ae23d99,true,true
af6a9876-2b3a-499a-8fc0-780f220451c4,5d1fb2e9-6fcc-417f-a6b0-21ff7789a852,0bd6aee5-32dd-453c-8ed5-76bd9788465a,true,true
5af79847-a86b-4999-af3e-a7efa9e6ac62,13ea4b11-616b-4b74-9ea8-0681ced3a40f,ea967b68-c8a9-478e-b8f3-a6ab3ae23d99,true,true
542f1e99-51da-4d3d-8032-9ca5b60617ee,44fb2ee1-1bbf-482b-bb69-5aa4f1114db0,0bd6aee5-32dd-453c-8ed5-76bd9788465a,true,true
7db9814a-4962-47ac-8f83-5820ce65238e,13ea4b11-616b-4b74-9ea8-0681ced3a40f,0bd6aee5-32dd-453c-8ed5-76bd9788465a,true,true
fa109595-f3bc-4d18-a509-e1085e1094d9,bddea04e-f83f-45dd-aad5-2ffb6cd1f54e,0bd6aee5-32dd-453c-8ed5-76bd9788465a,true,true
54fbe564-95a2-43b8-887a-d40651d4fbb5,7a89ba6d-f372-423c-bd71-cb65732f10fd,0bd6aee5-32dd-453c-8ed5-76bd9788465a,true,true
26dc92b2-6d1d-4057-ae48-184b8273fc84,7a89ba6d-f372-423c-bd71-cb65732f10fd,ea967b68-c8a9-478e-b8f3-a6ab3ae23d99,true,true
80e95b5d-ae30-4fd7-a69a-c4850ecfb55b,6b202d54-3369-403e-9bcf-c1e8e93bf6eb,0bd6aee5-32dd-453c-8ed5-76bd9788465a,true,true
b0d9e992-1341-49ab-917a-36a5eb7bc67d,e18a1462-9699-48f7-a4a2-ef584ffb3494,ea967b68-c8a9-478e-b8f3-a6ab3ae23d99,true,true
176ca1b4-cba5-49d2-bdf2-85d179e436f2,7a654bea-6596-41ef-88ea-0d6ee70de7c1,0bd6aee5-32dd-453c-8ed5-76bd9788465a,true,true
20199710-7dd9-4f26-85ed-c5f49482e267,7a654bea-6596-41ef-88ea-0d6ee70de7c1,ea967b68-c8a9-478e-b8f3-a6ab3ae23d99,true,true
38f504b7-79b6-4894-8df7-b002af0fbe9f,7a654bea-6596-41ef-88ea-0d6ee70de7c1,67dbf9f7-4898-4b84-86cf-303137a363be,true,true
7d66964c-5ef6-403c-9034-6fbad7750924,2e90961b-1e14-4e46-894e-efb0e8b8d3c6,0bd6aee5-32dd-453c-8ed5-76bd9788465a,true,true
d366a8e4-4288-4791-9b2a-608a72b0ddb5,75816bc5-6a39-4718-90f0-cbaf627ba1bd,ea967b68-c8a9-478e-b8f3-a6ab3ae23d99,true,true
cf000ef8-73fd-40d8-b50b-af5db99fef48,332938ad-12ab-430f-857b-c49e50dac086,0bd6aee5-32dd-453c-8ed5-76bd9788465a,true,true
34b884d4-5a6b-4d4c-9e48-b0a8506ca0a0,263c652f-ad01-4cdd-a2b5-84e0c1984d5f,0bd6aee5-32dd-453c-8ed5-76bd9788465a,true,true
ab0c852a-c09f-408f-bedd-be143eed0eb0,263c652f-ad01-4cdd-a2b5-84e0c1984d5f,ea967b68-c8a9-478e-b8f3-a6ab3ae23d99,true,true
8c607e34-23a4-4ddf-bfc8-50eec709965d,54d08ce0-514b-453d-8d1c-38ba62957132,0bd6aee5-32dd-453c-8ed5-76bd9788465a,true,true
e070ed8c-9063-4cb0-b82c-4bfef278f2a7,5bc28324-45ee-4259-8e6d-492516b62d6e,0bd6aee5-32dd-453c-8ed5-76bd9788465a,true,true
214979de-ac8f-4ed1-911d-77aea5fb2ee2,5be38263-d679-4839-80e1-c8689b958f1f,0bd6aee5-32dd-453c-8ed5-76bd9788465a,true,true
901ac031-a5c8-429b-bd7e-1effc5a71a99,cc38dd1e-73f9-4fa4-a1b7-e297148a3c35,0bd6aee5-32dd-453c-8ed5-76bd9788465a,true,true
78ce4000-3d4d-4fe1-ab7d-99ee0c70da9f,5bc28324-45ee-4259-8e6d-492516b62d6e,ea967b68-c8a9-478e-b8f3-a6ab3ae23d99,true,true
7a2c2a5d-d308-498a-8881-b89a4c4cda9b,8f259624-b4b7-4f57-a125-cbd796c66623,0bd6aee5-32dd-453c-8ed5-76bd9788465a,true,true
7fe85fff-b822-4ab3-a99d-510ec13af350,b97ae838-1a96-4f00-ab42-00d6229aae02,0bd6aee5-32dd-453c-8ed5-76bd9788465a,true,true
b12797b7-691c-491f-bbb0-64c27725f3a8,6dbef29b-fe7f-4e8c-a3cf-5b44ccde0c8b,0bd6aee5-32dd-453c-8ed5-76bd9788465a,true,true
e8c6c6d4-eb7f-461f-a398-d6c1b366b385,ce9c68d8-acd3-477b-8abc-3bb54660d6e5,0bd6aee5-32dd-453c-8ed5-76bd9788465a,true,true
382298b2-f263-4468-8226-72b9aab24653,cf65cd02-cc03-4de2-8641-247e18b29fa1,0bd6aee5-32dd-453c-8ed5-76bd9788465a,true,true
d4fd7dd7-eba2-4cfd-a6be-d5c548e0b4a1,df37a191-9347-4586-8c44-e7a3f257d09f,ea967b68-c8a9-478e-b8f3-a6ab3ae23d99,true,true
0b73db49-41f7-473a-94a9-96e0710534f1,cfb63907-80fb-4b11-a59b-ca266053c32a,ea967b68-c8a9-478e-b8f3-a6ab3ae23d99,true,true
3fdd1db6-defc-4cad-bfec-6122fe26a4f3,cfb63907-80fb-4b11-a59b-ca266053c32a,0bd6aee5-32dd-453c-8ed5-76bd9788465a,true,true
4f393175-6220-4ce0-92c4-6c1c2d728230,5aea6f29-54e9-403c-97d4-2e239ce51512,0bd6aee5-32dd-453c-8ed5-76bd9788465a,true,true
06c9de81-b9e2-4075-bedf-215f50ee8265,df37a191-9347-4586-8c44-e7a3f257d09f,0bd6aee5-32dd-453c-8ed5-76bd9788465a,true,true
d7ff65f8-fea2-4f77-a66a-d99aa1d2005e,9bc1d2fa-9b99-4525-bc32-303dab28e363,0bd6aee5-32dd-453c-8ed5-76bd9788465a,true,true
b3345c43-935a-44c6-b035-30bec711ecc1,6a906ce5-ac41-438c-b350-a9b31dfcb8eb,0bd6aee5-32dd-453c-8ed5-76bd9788465a,true,true
000f8b21-9e3b-4ff5-b5e0-207ca6c4ec03,0f5f8795-71c6-45ce-976a-4d164f9b6351,0bd6aee5-32dd-453c-8ed5-76bd9788465a,true,true
8daaa018-1a92-4ccf-89e8-384b9cab6a0e,af5b116f-ca5d-443c-98c3-af47f68b998b,0bd6aee5-32dd-453c-8ed5-76bd9788465a,true,true
13ba4105-fe9b-4fa7-8f51-13842fc5396d,2003672e-7ae7-4084-a08a-2fb1a83d86e3,ea967b68-c8a9-478e-b8f3-a6ab3ae23d99,true,true
ed19bf86-8976-4cab-95d5-e1b41d469ba1,2003672e-7ae7-4084-a08a-2fb1a83d86e3,0bd6aee5-32dd-453c-8ed5-76bd9788465a,true,true
905d3ec6-0896-46a2-8e3c-b35feae1ed2b,324a21a8-e329-47ec-a827-0dac076ace1c,0bd6aee5-32dd-453c-8ed5-76bd9788465a,false,true
ebf6b813-6dd5-40f1-b49b-f3f901199631,a938cd42-580d-4076-9885-cbba9989c32c,ea967b68-c8a9-478e-b8f3-a6ab3ae23d99,true,true
af0c221b-6ebf-41dd-906c-d6acc396f599,715a174e-4f2d-49fb-8bb5-fe628d3a199b,0bd6aee5-32dd-453c-8ed5-76bd9788465a,true,true
2295f93b-61d6-4563-aee4-229c0f9a9198,715a174e-4f2d-49fb-8bb5-fe628d3a199b,ea967b68-c8a9-478e-b8f3-a6ab3ae23d99,true,true
cc88e03b-98d7-466e-9423-504f5b753744,a938cd42-580d-4076-9885-cbba9989c32c,0bd6aee5-32dd-453c-8ed5-76bd9788465a,true,true
df70ed85-9fed-47c1-9311-75282ac14f0e,d62cce3c-dabe-4eea-a0b0-eaa8bccd34c6,0bd6aee5-32dd-453c-8ed5-76bd9788465a,true,true
7c04aef2-a984-4067-9709-6fcc806ded2f,c10a9cc0-8779-4c82-bc6e-c58118f40bdc,0bd6aee5-32dd-453c-8ed5-76bd9788465a,false,true
e11c2889-e5c5-4040-9fac-8ce286a35fab,6578c169-6c44-4f33-a854-76e85ecd2f57,ea967b68-c8a9-478e-b8f3-a6ab3ae23d99,true,true
16b74674-0b80-4b08-87ca-08555ac4cfff,76638143-4929-4690-9db0-386a6e339bfc,0bd6aee5-32dd-453c-8ed5-76bd9788465a,true,true
492e5a5d-f722-4367-8b31-f0ad8bafd7e0,203165a3-b857-4f4a-99c2-afcde435d12b,ea967b68-c8a9-478e-b8f3-a6ab3ae23d99,false,true
2733d24b-6f0a-4b53-a82c-b39d144132df,c10a9cc0-8779-4c82-bc6e-c58118f40bdc,ea967b68-c8a9-478e-b8f3-a6ab3ae23d99,true,true
b54735fd-1228-48bd-9312-79b2dc8ef19c,b9e7ae33-d890-4cb3-8832-953a3b9e2e19,ea967b68-c8a9-478e-b8f3-a6ab3ae23d99,true,true
de19a641-0b71-4fe2-aeff-e453fbac4cfc,b9e7ae33-d890-4cb3-8832-953a3b9e2e19,0bd6aee5-32dd-453c-8ed5-76bd9788465a,true,true
39dcf4bc-25b9-40e6-b68d-8523fb48e011,18800362-8ac1-4a9d-b6d6-14580182f336,ea967b68-c8a9-478e-b8f3-a6ab3ae23d99,true,true
0052138a-e7a8-41ed-8f54-352880501156,0ada5d03-807e-44a0-8701-83e1ea5d6729,0bd6aee5-32dd-453c-8ed5-76bd9788465a,true,true
94e86d4c-5de8-4e0d-b7bc-665f4b449f26,abb790fa-464a-409f-a1d6-6229e746194d,0bd6aee5-32dd-453c-8ed5-76bd9788465a,true,true
56aea89b-a3f9-4000-98e8-e7a5484d5fac,2610e113-02b1-4b7e-819c-027b5ceca8cb,0bd6aee5-32dd-453c-8ed5-76bd9788465a,true,true
a79529c8-184f-4406-895b-9694704f5aef,efaed84f-86b5-4956-bbc8-0e502defab19,ea967b68-c8a9-478e-b8f3-a6ab3ae23d99,false,true
3547e29e-813f-41a9-aaa2-74a722790a5f,1875476c-70b5-48f1-87f5-289b81f0562d,ea967b68-c8a9-478e-b8f3-a6ab3ae23d99,true,true
37e90cc7-4568-48b4-a714-91e601dabf07,1875476c-70b5-48f1-87f5-289b81f0562d,67dbf9f7-4898-4b84-86cf-303137a363be,true,true
8381c221-c798-4c51-b051-f6ad9b4f98e0,1875476c-70b5-48f1-87f5-289b81f0562d,0bd6aee5-32dd-453c-8ed5-76bd9788465a,true,true
15aa8809-5bf6-460e-87ae-5f2fa81b2592,30a5adb2-708b-4ede-91ca-9f8f9b28bf6d,0bd6aee5-32dd-453c-8ed5-76bd9788465a,true,true
5978191f-7238-4e70-b844-d1035417b904,30a5adb2-708b-4ede-91ca-9f8f9b28bf6d,ea967b68-c8a9-478e-b8f3-a6ab3ae23d99,true,true
8947ca5f-0742-4860-b108-f5672a68beb0,4b5ec69f-705f-4e4c-ba96-eac58a359b8b,0bd6aee5-32dd-453c-8ed5-76bd9788465a,true,true
e1e45a8d-c859-41d3-b20e-85210a9850cb,4b5ec69f-705f-4e4c-ba96-eac58a359b8b,ea967b68-c8a9-478e-b8f3-a6ab3ae23d99,true,true
3ed5aa87-1656-4563-8139-ea1bc9ed98d5,57c96dac-ebfb-4c56-bf4c-abc169b1522d,0bd6aee5-32dd-453c-8ed5-76bd9788465a,true,true
40f3df74-48e8-4587-adae-7862cfc9b88f,2a393518-49d8-45ab-8d58-a8b6a5629139,0bd6aee5-32dd-453c-8ed5-76bd9788465a,true,true
a81af5db-7c6a-43a7-8190-29c02ccdd454,af45dd4e-e602-42c0-ac66-c2dfe557ba9e,0bd6aee5-32dd-453c-8ed5-76bd9788465a,true,true
4551b19d-e9dd-4a2b-a68a-78681ded01cf,7b3791d6-1e83-47f4-9758-dae89c6cbc05,0bd6aee5-32dd-453c-8ed5-76bd9788465a,false,true
79b7f010-ba94-4201-bef5-93ea3043d764,73ed75e6-72f1-4912-ba71-becbc235971d,0bd6aee5-32dd-453c-8ed5-76bd9788465a,true,true
d4f59c77-559b-4a08-94e3-c1177bf5fba1,73ed75e6-72f1-4912-ba71-becbc235971d,ea967b68-c8a9-478e-b8f3-a6ab3ae23d99,true,true
40896dcd-6b65-4a2f-aed3-b97209f26bb9,af45dd4e-e602-42c0-ac66-c2dfe557ba9e,ea967b68-c8a9-478e-b8f3-a6ab3ae23d99,true,true
1105fdd4-a9b6-410d-9035-c815424fab07,7b3791d6-1e83-47f4-9758-dae89c6cbc05,ea967b68-c8a9-478e-b8f3-a6ab3ae23d99,true,true
16b51c4a-4157-445e-ba6e-93396ceb595f,db08ef4f-7386-4c5d-821e-be81ad130cf6,0bd6aee5-32dd-453c-8ed5-76bd9788465a,true,true
84f8e174-aee9-4642-9643-789f7317547e,3ea87cab-8bc4-4adb-adc6-be398f5cd042,ea967b68-c8a9-478e-b8f3-a6ab3ae23d99,true,true
107bf4e8-886d-43d9-8d99-bd276a896102,3ea87cab-8bc4-4adb-adc6-be398f5cd042,0bd6aee5-32dd-453c-8ed5-76bd9788465a,true,true
b39d5c82-7b58-4f81-a97e-fb10aac0afd8,db08ef4f-7386-4c5d-821e-be81ad130cf6,ea967b68-c8a9-478e-b8f3-a6ab3ae23d99,true,true
89da5799-5e76-4218-80d2-9b01ed0e3567,a85050f9-c2e1-47f3-89e7-f44d1788a6d0,0bd6aee5-32dd-453c-8ed5-76bd9788465a,true,true
9b540183-f742-4458-9d3e-6c7f9d996fe9,0582c013-1ea9-428f-ba29-7b8321589cfa,0bd6aee5-32dd-453c-8ed5-76bd9788465a,true,true
afa4b9af-7752-4c1f-9210-defd70e06fd5,52f95138-a1aa-411e-bf8c-40d6acbb5394,0bd6aee5-32dd-453c-8ed5-76bd9788465a,true,true
986c32e6-36aa-410e-a77a-5d512acc9380,a08decce-a626-4200-a36a-e4c8201655dd,0bd6aee5-32dd-453c-8ed5-76bd9788465a,true,true
efefb2e6-0d5b-4a4f-b4be-deb791c8d9ec,e19718b2-4efe-4324-b693-524dd105392c,0bd6aee5-32dd-453c-8ed5-76bd9788465a,false,true
61cc5264-e2c5-43f4-91dd-61c6f84cb1c2,d396adeb-aab5-40d7-bc66-bb97e69f6950,67dbf9f7-4898-4b84-86cf-303137a363be,true,true
21f4c195-316a-4110-aa2c-04fc4dd353b8,d396adeb-aab5-40d7-bc66-bb97e69f6950,ea967b68-c8a9-478e-b8f3-a6ab3ae23d99,true,true
58007e13-1fbe-4be8-8a43-9633f773f6cd,0e9bc26a-45ee-4d10-9f1b-12fac7f50a6b,ea967b68-c8a9-478e-b8f3-a6ab3ae23d99,true,true
4725d98e-77cc-4ac9-a3a3-0732a65cca4b,0e9bc26a-45ee-4d10-9f1b-12fac7f50a6b,0bd6aee5-32dd-453c-8ed5-76bd9788465a,true,true
a998c694-3c27-48f8-8ce2-d03a865f1d1d,d396adeb-aab5-40d7-bc66-bb97e69f6950,0bd6aee5-32dd-453c-8ed5-76bd9788465a,true,true
59fb5b95-bd62-402e-b2b1-64105496c813,9cd8b8d5-b401-4fea-a85a-c3a5d37c7f1a,0bd6aee5-32dd-453c-8ed5-76bd9788465a,true,true
1bc5b0a8-af89-44bf-9058-26c0869c27bb,32157d7c-b5ce-42fe-8a47-87c69f6e52bd,0bd6aee5-32dd-453c-8ed5-76bd9788465a,true,true
cc8a25e0-5de6-405d-8cc6-af7707c7de0a,254f5d93-ee87-4f69-a772-79887928e249,0bd6aee5-32dd-453c-8ed5-76bd9788465a,true,true
b768a40f-9561-4118-bc09-fd3a5a86a3f8,3cfc0485-139d-4c1d-ab54-caa215d5c221,67dbf9f7-4898-4b84-86cf-303137a363be,false,true
bba58ff7-ed81-4a7c-97e8-905362e3ddba,3cfc0485-139d-4c1d-ab54-caa215d5c221,ea967b68-c8a9-478e-b8f3-a6ab3ae23d99,false,true
45a25a64-f266-47f1-b162-36cb47d71859,3cfc0485-139d-4c1d-ab54-caa215d5c221,0bd6aee5-32dd-453c-8ed5-76bd9788465a,true,true
6a0aba5c-20f8-4110-b207-51d8151e93a9,35bc1d2b-61a2-4727-bf79-88b352bc9b6e,0bd6aee5-32dd-453c-8ed5-76bd9788465a,true,true
744c43bc-8997-4811-94c6-b7f1c07aa400,ea23c132-fbbd-47bc-8d97-49941eab3c93,0bd6aee5-32dd-453c-8ed5-76bd9788465a,true,true
1f6c1778-4cf6-4cb2-9d9a-42ac216e546c,5ca888ae-f56f-4d7b-9a49-10978f3839c7,0bd6aee5-32dd-453c-8ed5-76bd9788465a,true,true
ea1f889a-239e-42ed-99b5-ed1bc79314e7,7feb0618-f0b9-44e9-96fc-b8e1dcd7f658,0bd6aee5-32dd-453c-8ed5-76bd9788465a,true,true
d251768b-4b3c-4d2d-a2f3-bc0c96cf6897,7cbfd579-2463-45a5-b124-518b0951264a,0bd6aee5-32dd-453c-8ed5-76bd9788465a,true,true
c96e2794-ee27-48da-8dfd-512e576781ba,5781b6a3-de61-4a88-9678-c0414cafab85,0bd6aee5-32dd-453c-8ed5-76bd9788465a,true,true
3a7382e6-e2f2-420e-a79f-637335437939,8a7db761-a3b2-4f76-9e0b-39b7faf4ea3f,0bd6aee5-32dd-453c-8ed5-76bd9788465a,true,true
6f86e2b7-e9cf-40e0-8e3e-83a03737bd56,8a7db761-a3b2-4f76-9e0b-39b7faf4ea3f,ea967b68-c8a9-478e-b8f3-a6ab3ae23d99,true,true
bbb83b3c-b365-4de2-bf02-2d7c1af2f61d,90da2df7-c00a-46b5-8cd0-be99b2079450,0bd6aee5-32dd-453c-8ed5-76bd9788465a,true,true
cdcbc5ef-5e96-47a6-b3fa-7630b44874ab,0138a11b-3112-4782-8270-8df450678217,0bd6aee5-32dd-453c-8ed5-76bd9788465a,true,true
ff116fb6-1eeb-4bab-882d-94c7e945dc69,f15fe3b8-37f9-428a-a831-a0c7b40bbad6,0bd6aee5-32dd-453c-8ed5-76bd9788465a,true,true
6b34c87a-302f-41d5-88a7-1e1366627897,0fd8592d-d0a5-4a5c-bf4b-9c21c7694d61,0bd6aee5-32dd-453c-8ed5-76bd9788465a,true,true
23533963-b684-444a-8786-a19470815dd7,0fd8592d-d0a5-4a5c-bf4b-9c21c7694d61,ea967b68-c8a9-478e-b8f3-a6ab3ae23d99,true,true
db2a8eae-f7d9-4e0d-bbf3-8601c70a01ee,91114079-df5c-4f05-9788-c4e2a7fbc9b6,0bd6aee5-32dd-453c-8ed5-76bd9788465a,true,true
8c54d10c-51c6-4b03-a02d-71f3f31f67b3,91114079-df5c-4f05-9788-c4e2a7fbc9b6,ea967b68-c8a9-478e-b8f3-a6ab3ae23d99,true,true
986d32dc-a1ce-41fb-8be1-cbe57b7c9810,4822bf32-9fb2-439a-9f57-f6b98837901b,0bd6aee5-32dd-453c-8ed5-76bd9788465a,true,true
0903a48e-f4f2-4719-a13a-207e36fdc560,4822bf32-9fb2-439a-9f57-f6b98837901b,ea967b68-c8a9-478e-b8f3-a6ab3ae23d99,true,true
78258660-697c-47c8-b5a3-e6efc912b8c9,be75ec3f-944e-4db5-be10-4012fc7826e9,0bd6aee5-32dd-453c-8ed5-76bd9788465a,true,true
60332924-8c65-4423-ad77-175e073e32d7,d511a3e3-199d-4080-8171-a8429ae1be60,0bd6aee5-32dd-453c-8ed5-76bd9788465a,true,true
d5659fd7-36fe-44ea-a210-f161b69385fb,98698539-24f3-4099-a21d-735e5e4db2d9,ea967b68-c8a9-478e-b8f3-a6ab3ae23d99,true,true
124317f5-182e-4fd8-828b-1e51f1b6a80b,1d8a8483-2830-4d4a-af7b-1cff141deb62,ea967b68-c8a9-478e-b8f3-a6ab3ae23d99,true,true
0e2c89ab-b364-4792-bfb7-2ceaeec90661,1d8a8483-2830-4d4a-af7b-1cff141deb62,0bd6aee5-32dd-453c-8ed5-76bd9788465a,true,true
3d43b347-1ac7-420c-9417-aff0e744079a,b5b229ab-0719-4ac6-b160-cad570dbda4e,ea967b68-c8a9-478e-b8f3-a6ab3ae23d99,true,true
3263659b-8c2c-4429-93b8-0dac479362ef,374bbffe-2496-4fbc-b9af-e81e24e4457f,ea967b68-c8a9-478e-b8f3-a6ab3ae23d99,true,true
7964756f-679c-4317-85bf-1dd9f9b59aba,374bbffe-2496-4fbc-b9af-e81e24e4457f,67dbf9f7-4898-4b84-86cf-303137a363be,true,true
c86a40e7-48dc-4e99-a2e7-aa05251c0066,374bbffe-2496-4fbc-b9af-e81e24e4457f,0bd6aee5-32dd-453c-8ed5-76bd9788465a,true,true
5faa194b-348d-44bb-83a9-bcc74fd2be68,a5abbfe5-5ab5-44fc-af09-84ea47beda05,0bd6aee5-32dd-453c-8ed5-76bd9788465a,false,true
dcd069cc-c50e-43a5-9441-7874f1555719,b5b229ab-0719-4ac6-b160-cad570dbda4e,0bd6aee5-32dd-453c-8ed5-76bd9788465a,true,true
4b3ce87f-1840-43c3-9a0c-f749b39773e0,a6a1dbbd-8720-4674-8eea-bc8075a654b6,0bd6aee5-32dd-453c-8ed5-76bd9788465a,true,true
06b7c7e8-0f2a-4c15-a1d3-5619586588b7,4e642873-6f92-426b-9d6f-d73194f613db,0bd6aee5-32dd-453c-8ed5-76bd9788465a,true,true
0e002c7f-f6d7-4912-9963-111485992fd6,4e642873-6f92-426b-9d6f-d73194f613db,ea967b68-c8a9-478e-b8f3-a6ab3ae23d99,true,true
5d0a9764-51dd-4b8f-a6ea-805c13beac9d,480f376d-a46f-4d2b-b080-bfc9d69752c7,ea967b68-c8a9-478e-b8f3-a6ab3ae23d99,true,true
265845dc-b785-4cc9-af5f-5be177f39b64,480f376d-a46f-4d2b-b080-bfc9d69752c7,0bd6aee5-32dd-453c-8ed5-76bd9788465a,true,true
9e475537-0025-403b-85ff-ab725fc26fd0,02c466d2-9e00-4fd9-aa1a-4e6ec8d5dded,0bd6aee5-32dd-453c-8ed5-76bd9788465a,true,true
e41d7ba1-3426-46d6-80f3-f25176fea6d3,5ac5d552-6958-453d-aed6-befb12a04fb6,0bd6aee5-32dd-453c-8ed5-76bd9788465a,true,true
58dd7003-6dbd-497a-912a-4c0012cdc47a,efaed84f-86b5-4956-bbc8-0e502defab19,0bd6aee5-32dd-453c-8ed5-76bd9788465a,true,true
4eeb0366-3c02-4f36-8dbf-967e4a2baedb,efaed84f-86b5-4956-bbc8-0e502defab19,67dbf9f7-4898-4b84-86cf-303137a363be,false,true
fc0b744c-d70e-4b38-997c-71e378a7d30c,2ec2ff76-7335-4da6-883f-c66d7be4c1f2,0bd6aee5-32dd-453c-8ed5-76bd9788465a,true,true
7295b623-802e-4767-a5d9-ca005a0a968a,1a843c37-220f-4a30-9b43-875cbe21067e,ea967b68-c8a9-478e-b8f3-a6ab3ae23d99,true,true
1cf759cc-7b8e-4b1b-af40-aa61e2414a85,1a843c37-220f-4a30-9b43-875cbe21067e,0bd6aee5-32dd-453c-8ed5-76bd9788465a,true,true
247e5c11-0909-4d1e-be83-df314ecde99b,66f018ca-ec57-4a55-b89d-a8630d020d0f,0bd6aee5-32dd-453c-8ed5-76bd9788465a,true,true
6f127933-9f9f-47dd-9df9-7e098a43d67c,cbbb567d-f47b-4337-b27e-a23c22022439,0bd6aee5-32dd-453c-8ed5-76bd9788465a,true,true
d21dde6f-d718-4f10-acb8-93aaa782442b,14b273c6-3004-41f7-8005-dc96ba961930,0bd6aee5-32dd-453c-8ed5-76bd9788465a,true,true
d160955c-fc00-4014-aa60-3ff2104b0711,65b26d44-faad-4628-abac-13d17b1791cc,0bd6aee5-32dd-453c-8ed5-76bd9788465a,true,true
ce1e9d5b-5eb5-44e2-892f-1276b3388792,6d11cec2-24b0-4e5f-84a9-c0e864994034,0bd6aee5-32dd-453c-8ed5-76bd9788465a,true,true
69b9b36e-fc25-4066-9c26-7eb3ea79de93,ad2a80df-48fc-45b7-a6d2-bc6afc9a01ee,ea967b68-c8a9-478e-b8f3-a6ab3ae23d99,true,true
461045b4-e6b4-43ab-9bdd-1c24bbf7a491,25e75ea6-d722-4510-a7c9-f189b8be98f2,0bd6aee5-32dd-453c-8ed5-76bd9788465a,true,true
096dcfdb-c637-4cd2-a255-f6dba5150868,c4848c4c-9ddb-423c-bfb9-a6350c3ddcb0,0bd6aee5-32dd-453c-8ed5-76bd9788465a,true,true
a5cd82ad-b12b-4070-9f97-9778acfab80e,c4848c4c-9ddb-423c-bfb9-a6350c3ddcb0,ea967b68-c8a9-478e-b8f3-a6ab3ae23d99,true,true
e818128a-2216-48fb-bfe9-2b66bd9da237,7e669ed1-ef12-4842-80fd-2d3ae6966ee3,0bd6aee5-32dd-453c-8ed5-76bd9788465a,true,true
0404ff59-c084-44f3-879d-f82ef147d498,f564b808-e2e6-433b-942d-4d640ca1a7f0,ea967b68-c8a9-478e-b8f3-a6ab3ae23d99,true,true
40c23a3c-b6cf-4f7d-8e4e-bc2f12199771,f564b808-e2e6-433b-942d-4d640ca1a7f0,0bd6aee5-32dd-453c-8ed5-76bd9788465a,true,true
eafcdd47-2818-49b5-b04b-8871cb7b137d,ca721943-922c-4594-a102-23836f9ace71,ea967b68-c8a9-478e-b8f3-a6ab3ae23d99,true,true
fa4db7bd-22fb-4d38-825d-945f59522bd1,97ae1179-c3d2-4a65-b986-23312534daa1,0bd6aee5-32dd-453c-8ed5-76bd9788465a,true,true
256425fb-084d-42c2-a41c-3af9125f1c78,97ae1179-c3d2-4a65-b986-23312534daa1,ea967b68-c8a9-478e-b8f3-a6ab3ae23d99,true,true
0191e917-d31d-48d4-953c-7cbca6e8536e,234d3a9a-db86-4fd8-889f-4a49b9549cf3,0bd6aee5-32dd-453c-8ed5-76bd9788465a,true,true
192eea70-2438-421a-8b1a-9d4167f19435,234d3a9a-db86-4fd8-889f-4a49b9549cf3,ea967b68-c8a9-478e-b8f3-a6ab3ae23d99,true,true
6a688d07-3e51-4570-8e9b-9481750ed439,a81744eb-3c05-4eef-a0fb-6927a47247b2,ea967b68-c8a9-478e-b8f3-a6ab3ae23d99,false,true
e850577a-ce27-44ca-bc0b-62b73c62d109,a81744eb-3c05-4eef-a0fb-6927a47247b2,0bd6aee5-32dd-453c-8ed5-76bd9788465a,true,true
01c7f9c8-ddea-4d31-9c79-71994a72aa5c,a81744eb-3c05-4eef-a0fb-6927a47247b2,67dbf9f7-4898-4b84-86cf-303137a363be,false,true
83e53ca1-6d99-4bf3-a462-428ee8696f38,c387c69b-590d-4cc7-b9fc-7ab933cccabb,0bd6aee5-32dd-453c-8ed5-76bd9788465a,true,true
d2811bdb-7750-4144-be6a-54c089bb23ef,c387c69b-590d-4cc7-b9fc-7ab933cccabb,ea967b68-c8a9-478e-b8f3-a6ab3ae23d99,true,true
ece98612-1c42-4584-8776-cd61c334f9f0,5af09fc7-ec66-44fc-a80a-8fbd01342a39,ea967b68-c8a9-478e-b8f3-a6ab3ae23d99,true,true
bb6b8572-7ca7-4fae-be9f-12cfca46bdf2,fc791098-df01-43e4-b5e1-2ffc1f74c937,0bd6aee5-32dd-453c-8ed5-76bd9788465a,true,true
984d1884-adb6-41cd-afef-2d7b59ad4c9a,fc791098-df01-43e4-b5e1-2ffc1f74c937,ea967b68-c8a9-478e-b8f3-a6ab3ae23d99,true,true
ad2cd8ae-9aa4-4057-b4fe-4cc721a5ba11,08160232-2ff3-47c9-82ed-2160486a6817,0bd6aee5-32dd-453c-8ed5-76bd9788465a,true,true
37558c4a-2446-474c-af95-217a99f18140,e3242dd1-fadb-4c04-b7a9-413606d82b78,0bd6aee5-32dd-453c-8ed5-76bd9788465a,true,true
f8df9daa-6ae2-48e4-a0ff-23e2bcc3e235,1c48fac9-b6b9-4cad-b705-c98d3665d361,0bd6aee5-32dd-453c-8ed5-76bd9788465a,true,true
40abaf9b-6f25-49bc-843a-fd18d2d24992,8d7f80d3-e7c5-40a4-adcb-e7e0fed48f8a,0bd6aee5-32dd-453c-8ed5-76bd9788465a,true,true
cdfc56e3-3be6-48d3-896b-0118f6cdeef6,ba7b4686-774e-41d2-90c0-45ce90dea48c,0bd6aee5-32dd-453c-8ed5-76bd9788465a,true,true
7471af21-a3da-421c-bd81-08acc29f6cd8,ba7b4686-774e-41d2-90c0-45ce90dea48c,ea967b68-c8a9-478e-b8f3-a6ab3ae23d99,true,true
41588207-50ab-4c81-9fe0-77527dd32ad3,fac2d100-66c3-442f-8d47-989100d5bbc4,0bd6aee5-32dd-453c-8ed5-76bd9788465a,true,true
906abb13-7401-4d8b-b98d-e419f92b6599,6b46f30a-52ea-4b6b-a0f8-3a538345f645,ea967b68-c8a9-478e-b8f3-a6ab3ae23d99,true,true
ed99d544-9f7d-478f-8757-d66c30d9c3c1,6b46f30a-52ea-4b6b-a0f8-3a538345f645,0bd6aee5-32dd-453c-8ed5-76bd9788465a,true,true
16e7f026-b834-4961-8427-522eabe61aef,6b46f30a-52ea-4b6b-a0f8-3a538345f645,67dbf9f7-4898-4b84-86cf-303137a363be,true,true
7b752cea-a135-41d1-bbbf-337feab91ce7,2a0f7401-82e7-4d2f-bff3-13235151c930,0bd6aee5-32dd-453c-8ed5-76bd9788465a,true,true
dc40c40b-eda8-40a4-a2e0-3d5522fba4b3,721aa36b-7075-42e7-93e9-e221da9614a8,0bd6aee5-32dd-453c-8ed5-76bd9788465a,true,true
5235c4db-d97f-4e79-b37e-562405237ea8,7e81c9cd-e07a-4dc9-886b-05a3998cedd3,ba54fb99-cd67-484d-b68f-34aea2d83af6,true,true
a074049e-7105-49c2-a203-62eb882d3da6,7e81c9cd-e07a-4dc9-886b-05a3998cedd3,0bd6aee5-32dd-453c-8ed5-76bd9788465a,true,true
b2b9c433-7ddd-4fc5-9975-df72bf219f73,63dd4d5e-523d-4b78-ba3c-4b7b50742a75,ea967b68-c8a9-478e-b8f3-a6ab3ae23d99,true,true
4d583f5a-8f63-4115-954c-c041406dd98f,63dd4d5e-523d-4b78-ba3c-4b7b50742a75,0bd6aee5-32dd-453c-8ed5-76bd9788465a,true,true
a1e7dbd8-86e1-4d9c-b6a2-84c401ef87ce,4ee6e187-590f-4bd2-b4f0-f4ddc1582e78,67dbf9f7-4898-4b84-86cf-303137a363be,true,true
d69c5bd7-a012-4cbf-9ed9-5c5431807f07,4ee6e187-590f-4bd2-b4f0-f4ddc1582e78,ea967b68-c8a9-478e-b8f3-a6ab3ae23d99,true,true
a6447c84-0bd4-437e-b53d-f4aa377ca6e2,4ee6e187-590f-4bd2-b4f0-f4ddc1582e78,0bd6aee5-32dd-453c-8ed5-76bd9788465a,true,true
4c5143e0-a9ef-45d5-8cba-654d4d45b836,da16ec90-0d69-4191-93c8-289315227f59,0bd6aee5-32dd-453c-8ed5-76bd9788465a,true,true
f8e70584-9b36-4347-a701-bd42159ed82f,793da0f3-d6d7-482c-b023-1c94002fad36,0bd6aee5-32dd-453c-8ed5-76bd9788465a,true,true
3139de67-ad6c-4862-97d0-7152b9ad8ed1,4c9a6a46-9b81-4c98-861e-2c766db933f5,0bd6aee5-32dd-453c-8ed5-76bd9788465a,true,true
a4e8fdab-e54a-49a3-a43e-e4f8eed9ab24,f4f1df6a-7194-4aeb-b4d8-531573fcc26f,0bd6aee5-32dd-453c-8ed5-76bd9788465a,true,true
dd9fbc70-ff93-477e-b826-8d292fd53c67,5c7ce8d8-7589-4360-a246-6c23568576ee,0bd6aee5-32dd-453c-8ed5-76bd9788465a,true,true
d3a490f5-38ad-45ab-83ad-862474de6f96,5c7ce8d8-7589-4360-a246-6c23568576ee,ea967b68-c8a9-478e-b8f3-a6ab3ae23d99,true,true
fede8524-db90-4330-83ba-153716724bac,bebf2891-27ed-4978-a322-157f61e62c8e,0bd6aee5-32dd-453c-8ed5-76bd9788465a,true,true
b726150a-0412-4f28-b689-796922088ea0,601d940d-3d57-4ad1-97f5-de5c80bf0638,ea967b68-c8a9-478e-b8f3-a6ab3ae23d99,true,true
846b1873-bfae-4134-9119-c2e3ea8b939c,601d940d-3d57-4ad1-97f5-de5c80bf0638,0bd6aee5-32dd-453c-8ed5-76bd9788465a,true,true
127745e5-28e1-410a-887e-8b31770e33b4,0461ba46-e81e-4649-af1c-595ffcb822fc,0bd6aee5-32dd-453c-8ed5-76bd9788465a,true,true
40ebf604-fe1a-40e6-b59a-7541572c85bb,5c705839-50d6-4e6a-affb-d3dbd00da300,ea967b68-c8a9-478e-b8f3-a6ab3ae23d99,true,true
31a0f390-f43c-48dd-9fce-6ad167151762,5c705839-50d6-4e6a-affb-d3dbd00da300,0bd6aee5-32dd-453c-8ed5-76bd9788465a,true,true
233c8ce3-66ea-47d9-b139-f69d83084526,5c705839-50d6-4e6a-affb-d3dbd00da300,67dbf9f7-4898-4b84-86cf-303137a363be,true,true
3513d13e-16a3-433e-ac19-6c10ff186096,66656af6-d08b-4605-a890-e8a1b9f05371,ea967b68-c8a9-478e-b8f3-a6ab3ae23d99,true,true
8321d95b-e3e3-49e7-a2ff-a308b52e5802,66656af6-d08b-4605-a890-e8a1b9f05371,0bd6aee5-32dd-453c-8ed5-76bd9788465a,true,true
7e050670-8736-4eb8-b21d-0f4dcdd85c4a,97e49998-39d3-4a08-950f-e1bf9c003bbb,ea967b68-c8a9-478e-b8f3-a6ab3ae23d99,true,true
07162430-e56e-48d7-b678-aef317ad2f31,97e49998-39d3-4a08-950f-e1bf9c003bbb,0bd6aee5-32dd-453c-8ed5-76bd9788465a,true,true
da9d99e2-c482-4abb-bcfa-62321e150543,bd62204d-d3ae-4af0-96b3-c39c341f2e53,0bd6aee5-32dd-453c-8ed5-76bd9788465a,true,true
c1f82745-4b2d-4cd5-ae43-2bef0fc32cd7,794822da-3ca7-45dc-94b8-a99d4dfe03fb,ea967b68-c8a9-478e-b8f3-a6ab3ae23d99,true,true
d903fd38-99df-4ca9-b97a-c8784c3febef,1770cbd7-36d9-4e30-9591-df83a36294e4,0bd6aee5-32dd-453c-8ed5-76bd9788465a,true,true
c4e953b1-43db-4764-af55-babefb0f84fc,9fbe1718-9615-4ce2-9263-7cca4df92126,67dbf9f7-4898-4b84-86cf-303137a363be,true,true
427bf1fa-625f-41bc-a079-00aaa731d604,9fbe1718-9615-4ce2-9263-7cca4df92126,ea967b68-c8a9-478e-b8f3-a6ab3ae23d99,true,true
8db5522a-9ac6-42b4-bac1-99c2a4937edf,a94e24e6-cce5-48a1-82e1-9660c3dca969,0bd6aee5-32dd-453c-8ed5-76bd9788465a,true,true
a20f9ad2-7e46-4cee-8209-13acb1984bcc,a94e24e6-cce5-48a1-82e1-9660c3dca969,ba54fb99-cd67-484d-b68f-34aea2d83af6,true,true
af4e4ce9-621b-4908-8a32-22fa1d4e73fe,7b172858-8dcb-4223-83b6-a794f802a039,ea967b68-c8a9-478e-b8f3-a6ab3ae23d99,true,true
128ba7e9-1444-40f4-a868-b6c74185d9b6,d001cf89-2f8c-4603-a7c1-3e5d6fced7e8,ea967b68-c8a9-478e-b8f3-a6ab3ae23d99,false,true
a5ad4cd5-7cb4-4c07-8036-95f47dc7c755,d001cf89-2f8c-4603-a7c1-3e5d6fced7e8,67dbf9f7-4898-4b84-86cf-303137a363be,false,true
7774b3df-853c-4967-83ad-b8ecfabeb99f,d001cf89-2f8c-4603-a7c1-3e5d6fced7e8,0bd6aee5-32dd-453c-8ed5-76bd9788465a,true,true
4ed92c02-d161-4cc0-ac1f-e154b2d902ca,e4eaae0e-ea41-4611-8392-ba0c5431f605,0bd6aee5-32dd-453c-8ed5-76bd9788465a,true,true
f18bcfe3-f996-4313-bec1-9dacf878bfcc,9825b004-e1af-42f9-a859-49bc9b0ea722,0bd6aee5-32dd-453c-8ed5-76bd9788465a,true,true
53ec19bc-58de-4fb4-91e7-a9d271e72d5e,7a675e9b-81d5-498a-8f84-41872a1515f1,0bd6aee5-32dd-453c-8ed5-76bd9788465a,true,true
3e40dcdf-60be-4839-af81-f0817ee70441,b0e28f28-e50a-4dd5-b51d-f46ff1a48c6e,0bd6aee5-32dd-453c-8ed5-76bd9788465a,true,true
6e095dee-6542-45b2-a62d-7fd84f6aa73d,7514a459-81fa-465a-a3ee-403a84e9cf0c,0bd6aee5-32dd-453c-8ed5-76bd9788465a,true,true
e34abaa7-2bd1-4e3c-a42d-0d44862d3a35,68189990-43df-4ae2-be36-d7fc43b4a253,0bd6aee5-32dd-453c-8ed5-76bd9788465a,true,true
cdd8793e-f21d-4ed6-a8f2-ce70ad28c7ae,90ce4c64-d302-4496-9700-2a53d805eca0,0bd6aee5-32dd-453c-8ed5-76bd9788465a,true,true
8f52f61b-0856-4446-bd5e-4476b2931de0,d8ee90d9-46c2-4251-bd0c-6c0db73e521d,0bd6aee5-32dd-453c-8ed5-76bd9788465a,false,true
e9a94904-aa8d-4377-a628-0c3adc97af87,04147864-2435-4c2f-82cb-631279e037bb,ea967b68-c8a9-478e-b8f3-a6ab3ae23d99,true,true
663bf97b-c646-49af-b39f-310b9cf325dd,04147864-2435-4c2f-82cb-631279e037bb,0bd6aee5-32dd-453c-8ed5-76bd9788465a,true,true
a8631312-81c7-4288-a980-9448424bb207,05d1ab5c-87aa-4dbf-9989-3ebe0267661d,0bd6aee5-32dd-453c-8ed5-76bd9788465a,true,true
74228e84-83ff-4c31-80c9-5ede2f9df3bf,1064f0e2-0297-48b3-8ee0-ca66a1d1f36d,ea967b68-c8a9-478e-b8f3-a6ab3ae23d99,true,true
b58b0aab-aa14-4ecc-b838-17332356657d,17ab82ec-9790-4445-94a1-9068db93a5af,0bd6aee5-32dd-453c-8ed5-76bd9788465a,true,true
a31183b7-66c1-495f-8195-4c373ed7de9e,e215f694-3c4b-4bdd-9e16-048e0a73a25e,0bd6aee5-32dd-453c-8ed5-76bd9788465a,true,true
768fbd80-6fd1-426d-adad-a367bf3f079e,9db02f5b-89af-450e-9d83-4a481523a2e3,ea967b68-c8a9-478e-b8f3-a6ab3ae23d99,true,true
7d1aea45-1d29-4539-84e6-b0c9229febd5,2a5f3d39-0b0e-428a-8b20-aac812f4b423,0bd6aee5-32dd-453c-8ed5-76bd9788465a,true,true
06bbe18f-25d4-4d09-acd3-8cd0c4c45f8d,9db02f5b-89af-450e-9d83-4a481523a2e3,0bd6aee5-32dd-453c-8ed5-76bd9788465a,true,true
6ab8b375-d4fd-4e4f-9253-dbd0cb4edcb7,455d183f-946c-43c6-b1b4-c3d59af5afde,0bd6aee5-32dd-453c-8ed5-76bd9788465a,false,true
0000b4a7-9e83-46df-acb9-6851e4b817d3,1ecba790-323d-440c-904c-71cfa5202c3e,0bd6aee5-32dd-453c-8ed5-76bd9788465a,true,true
4d2d7a43-7413-4cac-98b1-fb80f481b3aa,455d183f-946c-43c6-b1b4-c3d59af5afde,ea967b68-c8a9-478e-b8f3-a6ab3ae23d99,true,true
79dda574-004d-4ea9-bf8d-8bd6689f6c8e,c22f5bb2-1fb0-4e8d-9c5a-0f525379f71b,0bd6aee5-32dd-453c-8ed5-76bd9788465a,false,true
09c236ad-3a46-46cc-9387-62b2e2ff61fa,8288344d-7b1c-43de-8690-6ce668827e12,0bd6aee5-32dd-453c-8ed5-76bd9788465a,true,true
90b6760e-6267-4629-ad18-43a73a081d6e,8288344d-7b1c-43de-8690-6ce668827e12,ea967b68-c8a9-478e-b8f3-a6ab3ae23d99,true,true
501b03b7-8671-4fbc-8a6d-38698914e8ea,fc226b6d-a75e-4c17-b162-5859b2083840,0bd6aee5-32dd-453c-8ed5-76bd9788465a,true,true
3ba5c130-3bc2-4383-b6a4-2c29137b24a9,306086dc-46e9-4fce-b6ee-8d4caf2b2b52,0bd6aee5-32dd-453c-8ed5-76bd9788465a,true,true
9b4d1366-f11c-47f0-b574-d7299b03ccf6,306086dc-46e9-4fce-b6ee-8d4caf2b2b52,67dbf9f7-4898-4b84-86cf-303137a363be,false,true
c60888d3-029c-4373-a4f5-458dae8d7e5f,306086dc-46e9-4fce-b6ee-8d4caf2b2b52,ea967b68-c8a9-478e-b8f3-a6ab3ae23d99,false,true
2e8d906a-10fa-439b-b6bb-dd064896d3c4,fc226b6d-a75e-4c17-b162-5859b2083840,ea967b68-c8a9-478e-b8f3-a6ab3ae23d99,true,true
d3a61e3f-d574-46bf-a34c-ebe419d98b5d,5a18a0d9-b9da-462f-b0da-628d861e9137,ea967b68-c8a9-478e-b8f3-a6ab3ae23d99,true,true
718234ce-8d7a-4f4e-add4-8b32f1a97dbf,5a18a0d9-b9da-462f-b0da-628d861e9137,0bd6aee5-32dd-453c-8ed5-76bd9788465a,true,true
ffe06d7c-cbe2-4d6f-966d-96e9e683bc0c,af570419-0bd4-4f8f-899e-18c911bb8ebd,ea967b68-c8a9-478e-b8f3-a6ab3ae23d99,true,true
ab0960c3-bc99-4b19-baef-298124efde25,af570419-0bd4-4f8f-899e-18c911bb8ebd,0bd6aee5-32dd-453c-8ed5-76bd9788465a,true,true
3acc5c4d-3720-4762-bc02-425679cd1849,71a980d7-6061-4f84-a617-08cd79891d41,0bd6aee5-32dd-453c-8ed5-76bd9788465a,true,true
2a55c4bf-d57f-4038-8884-4368e755f3e7,2dc44b8b-d162-4b53-93dc-721b0cae5517,ea967b68-c8a9-478e-b8f3-a6ab3ae23d99,true,true
fef96316-2c28-43bc-9350-9aa7db495f8a,2dc44b8b-d162-4b53-93dc-721b0cae5517,0bd6aee5-32dd-453c-8ed5-76bd9788465a,true,true
e560021d-1226-49df-a1ca-7e0af058a094,12bf91e4-3eee-46b7-bf44-231d8e0c0f6c,ea967b68-c8a9-478e-b8f3-a6ab3ae23d99,true,true
ac28aa5d-7cbe-4f78-a6f4-d80d1b98742b,1b973ea5-38f4-473a-be79-f0d33d815971,0bd6aee5-32dd-453c-8ed5-76bd9788465a,true,true
0bbab1da-27d2-46ac-a40e-0565823a7304,9f8e3c89-9af8-463d-a684-355bf3d6b343,0bd6aee5-32dd-453c-8ed5-76bd9788465a,true,true
c84befdc-2eaa-4bc0-a4c5-2fdda248a013,9f8e3c89-9af8-463d-a684-355bf3d6b343,ea967b68-c8a9-478e-b8f3-a6ab3ae23d99,true,true
1565b52a-2c15-4edf-b9fc-28affe9c8e04,c050977f-023a-4f70-b129-4cc52624df11,0bd6aee5-32dd-453c-8ed5-76bd9788465a,true,true
084c465f-796b-4755-a6ee-a322a6184baf,e78812a1-fe10-40e7-95e7-b5bc482b7c74,0bd6aee5-32dd-453c-8ed5-76bd9788465a,true,true
7e1577e2-3c5d-467a-8c00-8a57ba0c7351,b9b41e3c-1b96-4190-a537-91513b3e6d9f,0bd6aee5-32dd-453c-8ed5-76bd9788465a,true,true
54544c5d-1274-4c8b-b6cc-417055af4f8d,780cc583-0fc3-4d55-bb01-7bc359aa028d,0bd6aee5-32dd-453c-8ed5-76bd9788465a,true,true
e1a1ac79-834c-4534-95d5-690aeb45ae53,98a73af5-f7a4-44b0-b3bc-be63b07847d4,0bd6aee5-32dd-453c-8ed5-76bd9788465a,true,true
a503f675-395b-470a-b325-98028b6655d1,e03d31d4-1f4c-40cd-9087-11693fb79aa1,0bd6aee5-32dd-453c-8ed5-76bd9788465a,true,true
22207266-62d7-4bdf-ab07-ca6029776c43,92c338f0-31f8-408b-b3e7-d16049684919,0bd6aee5-32dd-453c-8ed5-76bd9788465a,true,true
4687b655-ead8-4a6f-a6be-63135ada7f34,205b4c72-8788-406d-9184-a114b3d73211,0bd6aee5-32dd-453c-8ed5-76bd9788465a,true,true
67c08094-94af-42db-b60d-8a3bc77562e7,a8de5be2-de11-45f1-8270-601d3ff2bb24,0bd6aee5-32dd-453c-8ed5-76bd9788465a,true,true
5f68011b-2119-4632-953e-a88f253c0862,da1c8925-3569-459f-8a3d-3241ccce2d94,0bd6aee5-32dd-453c-8ed5-76bd9788465a,true,true
d9edf291-a0b4-4c8f-b3c0-83e6c7dd7219,da1c8925-3569-459f-8a3d-3241ccce2d94,ea967b68-c8a9-478e-b8f3-a6ab3ae23d99,false,true
9fe4485a-99eb-4f31-bb2d-882b7995d67d,648da597-e1a3-4c4c-a5ad-15acce5ddf31,0bd6aee5-32dd-453c-8ed5-76bd9788465a,true,true
9e60990a-75d2-41a9-96b4-21e2e96b51f2,7d6d544e-43cf-4d92-8e73-c68f661b605d,0bd6aee5-32dd-453c-8ed5-76bd9788465a,true,true
cde39dc3-b50b-4478-88b7-728903ee7d0e,a07ac3b0-eb69-414f-a014-b4515ff652a9,0bd6aee5-32dd-453c-8ed5-76bd9788465a,true,true
5f4e3c6b-52fe-4ef9-b8a4-2251d3f1cc3f,b08d0280-e987-461a-817a-a044b0ffc791,ea967b68-c8a9-478e-b8f3-a6ab3ae23d99,true,true
82741ee5-0644-4242-ae03-964c5d39bf59,b08d0280-e987-461a-817a-a044b0ffc791,0bd6aee5-32dd-453c-8ed5-76bd9788465a,true,true
32865f39-27cd-4668-b937-d8b9d1a4d8ee,76bc14a8-e8bc-4b49-b929-da64f33285b5,ea967b68-c8a9-478e-b8f3-a6ab3ae23d99,true,true
e652de7f-db6b-4544-ab00-eb6e9ec9f68f,76bc14a8-e8bc-4b49-b929-da64f33285b5,0bd6aee5-32dd-453c-8ed5-76bd9788465a,true,true
0e689c3c-77bb-4718-82e4-e5a6e46c1852,0e2b4079-1057-4b4b-b7a5-0a957a3353b0,0bd6aee5-32dd-453c-8ed5-76bd9788465a,true,true
34378422-1b28-4328-98ea-553709e4ffe9,5ce70a65-e8c8-42d4-bfcd-117822c40cf4,67dbf9f7-4898-4b84-86cf-303137a363be,true,true
1dd8484d-352f-455e-906a-be88084d404e,5ce70a65-e8c8-42d4-bfcd-117822c40cf4,0bd6aee5-32dd-453c-8ed5-76bd9788465a,true,true
2bf887d0-7216-402e-b469-937532157082,5ce70a65-e8c8-42d4-bfcd-117822c40cf4,ea967b68-c8a9-478e-b8f3-a6ab3ae23d99,true,true
77faa7c5-c865-4e5d-bd32-34c274fafb2f,7b36ea10-6fc4-4580-b8b8-fb303987cea1,67dbf9f7-4898-4b84-86cf-303137a363be,false,true
e60db782-d592-489d-b7b1-e1d1974f4822,7b36ea10-6fc4-4580-b8b8-fb303987cea1,0bd6aee5-32dd-453c-8ed5-76bd9788465a,true,true
d264c7ad-d109-4c08-a2ce-f6e34ffb28a4,7b36ea10-6fc4-4580-b8b8-fb303987cea1,ea967b68-c8a9-478e-b8f3-a6ab3ae23d99,true,true
1b43b08c-0d3d-46af-a8fe-49b803730dd5,43c342de-cd83-4654-ad4e-b4640ca330b7,0bd6aee5-32dd-453c-8ed5-76bd9788465a,true,true
15eaab43-ba5d-47c6-8f40-b564c7b97955,d675ee77-396f-4522-894f-cfcb0175db26,0bd6aee5-32dd-453c-8ed5-76bd9788465a,true,true
18475b08-1330-4e71-b8d9-80e72155f77e,d675ee77-396f-4522-894f-cfcb0175db26,ea967b68-c8a9-478e-b8f3-a6ab3ae23d99,true,true
743ea344-344c-4173-8758-2dad83632a32,77fc96e5-28f8-4b33-94b0-ec4b1597f039,0bd6aee5-32dd-453c-8ed5-76bd9788465a,true,true
6bf63bb6-cf1c-4dcc-84d7-498a6cdfdb29,77fc96e5-28f8-4b33-94b0-ec4b1597f039,ea967b68-c8a9-478e-b8f3-a6ab3ae23d99,true,true
6e5122f5-2348-4fb7-a46d-ca776dbf601d,edbdcf21-f596-4814-93e3-aef45789620a,ea967b68-c8a9-478e-b8f3-a6ab3ae23d99,true,true
d58fee4f-3164-4540-8c31-8aafc18be125,edbdcf21-f596-4814-93e3-aef45789620a,0bd6aee5-32dd-453c-8ed5-76bd9788465a,true,true
e963030a-c635-4f71-9b5b-28d223883640,e3331c15-e4cb-4fcd-ad81-d466ed8645ca,ea967b68-c8a9-478e-b8f3-a6ab3ae23d99,false,true
84129bb8-dfb9-4644-880e-211225e0ac52,e3331c15-e4cb-4fcd-ad81-d466ed8645ca,0bd6aee5-32dd-453c-8ed5-76bd9788465a,true,true
2c2eaf6d-7780-48e6-bccd-2b34ede21cb6,444066ff-8660-4137-a38a-25303bdacdf5,ea967b68-c8a9-478e-b8f3-a6ab3ae23d99,true,true
5a67a2e0-2d48-4431-8ed1-f928ab1ab3e3,444066ff-8660-4137-a38a-25303bdacdf5,0bd6aee5-32dd-453c-8ed5-76bd9788465a,true,true
65455bb6-9efa-42d4-aef2-a60d6a387002,f7b865d5-8792-4911-9665-986a69adfee9,0bd6aee5-32dd-453c-8ed5-76bd9788465a,true,true
f29c8088-bf15-464f-93a4-79b73cf1cf04,b3915ac7-b02b-4c99-ab03-ffd51fa3e36d,ea967b68-c8a9-478e-b8f3-a6ab3ae23d99,true,true
98b85900-9664-4cea-ae62-02eb8c49c5dc,7ec79080-1b4e-4aa6-858c-c55207c11433,0bd6aee5-32dd-453c-8ed5-76bd9788465a,true,true
39e053f1-c1b5-4bc7-b541-063da0fc4b89,ecf3d494-8651-46f4-bcec-6f4a66feaabd,0bd6aee5-32dd-453c-8ed5-76bd9788465a,true,true
5d7e7832-50b8-49b2-8ab2-9d4e96dc8a6d,55730823-a785-46bc-bbef-b546b9b6690b,0bd6aee5-32dd-453c-8ed5-76bd9788465a,true,true
56d1e833-de1a-4a18-bde9-7df2efa62d2e,e04f860e-0e01-44d5-9329-cb33f66c1acc,ea967b68-c8a9-478e-b8f3-a6ab3ae23d99,true,true
b86dee78-52b8-4cc4-a351-432fcd3f5b9e,9dbefded-d618-4583-b433-c0156ba5c3a0,0bd6aee5-32dd-453c-8ed5-76bd9788465a,true,true
9df56e57-10d1-4047-a164-dc8b188cce4c,86ac6173-06b6-4b7f-966f-503181c4485c,0bd6aee5-32dd-453c-8ed5-76bd9788465a,true,true
df3404c7-2658-4982-bf72-d8759cf0d017,868e8dec-9590-461f-a5be-b68530142309,0bd6aee5-32dd-453c-8ed5-76bd9788465a,true,true
4d06011a-77fb-4000-b442-e07c8eb1ecc8,b35112ea-15ac-4b38-b95e-fad2b4416ee4,0bd6aee5-32dd-453c-8ed5-76bd9788465a,true,true
4fba407e-d6ef-4060-b13b-67e938b5dfb0,c0ccad95-8207-4dab-8c61-9dd405e35ed4,ea967b68-c8a9-478e-b8f3-a6ab3ae23d99,true,true
32115194-c364-4f14-b034-54697fe0add9,8539a9bd-6b9c-4395-a2af-6a1f4231f77f,ea967b68-c8a9-478e-b8f3-a6ab3ae23d99,true,true
351fd4e3-a48b-4b58-a609-04eaeeaedb9c,8539a9bd-6b9c-4395-a2af-6a1f4231f77f,0bd6aee5-32dd-453c-8ed5-76bd9788465a,true,true
2a4ba84c-0378-4c68-8f7f-35c58f14863c,0e0d9ede-79d4-493c-a3c1-86c3776d4117,0bd6aee5-32dd-453c-8ed5-76bd9788465a,true,true
decc6df1-71df-4db7-bc7a-59555e048dc5,ee73f29a-1182-48df-be29-92df0c9cdb3c,ea967b68-c8a9-478e-b8f3-a6ab3ae23d99,true,true
00bb71b2-0223-41d0-8827-dfe8bce5da6a,ee73f29a-1182-48df-be29-92df0c9cdb3c,0bd6aee5-32dd-453c-8ed5-76bd9788465a,true,true
555f7ede-df39-4235-bffa-72d1cfc39c77,ee73f29a-1182-48df-be29-92df0c9cdb3c,67dbf9f7-4898-4b84-86cf-303137a363be,true,true
caeb9513-1747-4cda-af2d-7328a5e9cbbc,c50cefb4-aefd-4ca9-a2cd-0f3f68483e21,ea967b68-c8a9-478e-b8f3-a6ab3ae23d99,true,true
8aeaf7c4-278a-4d00-be32-e6750ac671b4,6961d1fb-aede-406d-806c-06d52d5c2aff,0bd6aee5-32dd-453c-8ed5-76bd9788465a,true,true
df584b0f-0522-495c-8532-e793bb3b76ad,640a40e0-4fcd-4322-bf58-b6953238c64a,0bd6aee5-32dd-453c-8ed5-76bd9788465a,true,true
8fe46f68-db19-4d0c-a161-5ae92fdbc029,e5e54d91-38f9-4329-9b3a-8d156f47d6fa,0bd6aee5-32dd-453c-8ed5-76bd9788465a,true,true
d9fe68bf-501e-41a7-a228-790d7007caf2,964bc960-f796-4385-b703-aff40509e995,0bd6aee5-32dd-453c-8ed5-76bd9788465a,true,true
72c4fc6c-017c-4b60-90ec-6a9b6a5be1bc,859bbf35-1679-40af-97d1-9ba05fe3c9bc,0bd6aee5-32dd-453c-8ed5-76bd9788465a,true,true
20967168-0f03-4eca-b38a-e256567b9e04,11514b11-381d-4861-b286-a25db24b2ddf,ea967b68-c8a9-478e-b8f3-a6ab3ae23d99,true,true
613c44ee-3edc-47bb-ab66-953220b7a550,11514b11-381d-4861-b286-a25db24b2ddf,0bd6aee5-32dd-453c-8ed5-76bd9788465a,true,true
72746496-df1e-48d8-9c47-0cf08709a427,8163d858-43a1-4a6b-ab4b-3c3a6167836a,ea967b68-c8a9-478e-b8f3-a6ab3ae23d99,true,true
3c77a933-7a02-41b6-927c-68272003b1aa,70c94f62-7856-468a-955f-c048470c0481,0bd6aee5-32dd-453c-8ed5-76bd9788465a,true,true
b47b13e5-ea5a-4424-9327-0e59132f685c,0ee326f0-7d1a-4b4a-bd89-f4287e305a06,0bd6aee5-32dd-453c-8ed5-76bd9788465a,true,true
c2adb9c3-43f1-4d35-93c6-b7703195fd5d,54da87f5-2c8a-4846-b7e5-237c79919712,ea967b68-c8a9-478e-b8f3-a6ab3ae23d99,true,true
1fde82cb-35b1-4bcf-a3ac-4da8460d7354,73b63a52-ff40-44c7-a133-bf2fcd5ede33,0bd6aee5-32dd-453c-8ed5-76bd9788465a,true,true
ec777e51-8d8d-48ee-a205-1ca82d59233d,26d77f0f-6810-4408-adf7-6a8ec4eb729a,0bd6aee5-32dd-453c-8ed5-76bd9788465a,false,true
8a175327-4ec3-4393-8810-d09e618ee90c,d83ed29f-d5db-4c43-b0f3-aef9bac5541a,0bd6aee5-32dd-453c-8ed5-76bd9788465a,true,true
52ab5aef-51f2-4d3f-994a-cde5f1afe811,eac8757f-3e0e-48c9-9cdf-ee297010e359,0bd6aee5-32dd-453c-8ed5-76bd9788465a,true,true
ca5432de-b278-456d-be16-3af8d97972be,eac8757f-3e0e-48c9-9cdf-ee297010e359,ea967b68-c8a9-478e-b8f3-a6ab3ae23d99,true,true
df01bf26-af45-44a3-bef5-4ffc7a30d8b1,23d5a064-b0a7-4b46-a75f-7fa3d9e8a05b,0bd6aee5-32dd-453c-8ed5-76bd9788465a,true,true
603f5307-7362-48c8-a19d-476d7a487381,23d5a064-b0a7-4b46-a75f-7fa3d9e8a05b,ea967b68-c8a9-478e-b8f3-a6ab3ae23d99,false,true
32815ad1-dd5e-44f1-a589-d1ab281d8da0,23d5a064-b0a7-4b46-a75f-7fa3d9e8a05b,67dbf9f7-4898-4b84-86cf-303137a363be,false,true
dfa2f325-b3f9-4026-ac99-9dec7d3d75ab,998c63d9-353f-4c46-98e9-3f12ccc4db10,0bd6aee5-32dd-453c-8ed5-76bd9788465a,true,true
e1cbe794-3d9f-4960-82f6-a7d25bac95e5,998c63d9-353f-4c46-98e9-3f12ccc4db10,ea967b68-c8a9-478e-b8f3-a6ab3ae23d99,true,true
33e0d1d9-f3eb-4ddf-8137-559c861b1a9e,1dd51fbc-8c21-4b51-85cf-56b05b9f4093,0bd6aee5-32dd-453c-8ed5-76bd9788465a,true,true
cc983e51-ef5a-4395-8f5b-9f24c4c58f99,6353099b-cbce-43a0-8e2f-501d9812e23b,0bd6aee5-32dd-453c-8ed5-76bd9788465a,true,true
53086973-2830-4ace-9b88-ff6acfbace13,0b229e75-6525-4772-9d40-28c3b527a909,0bd6aee5-32dd-453c-8ed5-76bd9788465a,true,true
aa0bead7-f358-4328-bf49-341de5394355,d050b3cd-cb26-4bf0-baeb-4cd3f471679f,0bd6aee5-32dd-453c-8ed5-76bd9788465a,true,true
523a3aa6-dcc8-48d9-bfcd-af79e1beceaf,0b9dd7ea-fd25-4bf8-9484-1ec5885fee58,ea967b68-c8a9-478e-b8f3-a6ab3ae23d99,true,true
0bcb74e0-bf87-41db-8821-6cb25162c742,0b9dd7ea-fd25-4bf8-9484-1ec5885fee58,0bd6aee5-32dd-453c-8ed5-76bd9788465a,true,true
6ec943e2-a3c2-4af1-9d4a-95b5fd7d6222,18b3993a-1aef-467d-bd68-0a2a7d57c292,0bd6aee5-32dd-453c-8ed5-76bd9788465a,true,true
86592252-3d01-40d4-9096-27668a660509,ca39c6b2-5833-4818-9497-354a5b892282,ea967b68-c8a9-478e-b8f3-a6ab3ae23d99,true,true
498cf02d-34ed-4ed6-bdd6-22755df33e72,ca39c6b2-5833-4818-9497-354a5b892282,0bd6aee5-32dd-453c-8ed5-76bd9788465a,true,true
c22cea59-0e16-4f5c-a6f7-2a6591bb9d88,79213596-5965-4306-b879-c4348c8c6437,ea967b68-c8a9-478e-b8f3-a6ab3ae23d99,true,true
e3e59f64-676f-4260-8bb4-77f461586e76,79213596-5965-4306-b879-c4348c8c6437,0bd6aee5-32dd-453c-8ed5-76bd9788465a,true,true
9ef549b0-2f84-4a94-924d-f8e697326e6f,36b9e585-41be-4f2f-b0d4-f6c4db9c0f7a,ea967b68-c8a9-478e-b8f3-a6ab3ae23d99,true,true
74035750-ba4f-4819-bde8-5d7e21c387e8,36b9e585-41be-4f2f-b0d4-f6c4db9c0f7a,0bd6aee5-32dd-453c-8ed5-76bd9788465a,true,true
321a1b51-90d4-4990-afe9-6b666a5c473c,0a48dc07-6a71-4039-a605-e59b471a0386,ea967b68-c8a9-478e-b8f3-a6ab3ae23d99,true,true
a8f6a09f-904a-4a69-8c2d-6c8b9bc838bf,0a48dc07-6a71-4039-a605-e59b471a0386,0bd6aee5-32dd-453c-8ed5-76bd9788465a,true,true
2e6e29da-2505-4316-8c73-d8eb03b79492,53bd987a-7c6f-4a6a-8680-f9b16a42c8ee,67dbf9f7-4898-4b84-86cf-303137a363be,true,true
376b26f8-58ba-4c15-a7ca-be9a9cd15dce,53bd987a-7c6f-4a6a-8680-f9b16a42c8ee,ea967b68-c8a9-478e-b8f3-a6ab3ae23d99,true,true
07aea7bb-9444-4e3a-a304-06998bb6318e,53bd987a-7c6f-4a6a-8680-f9b16a42c8ee,0bd6aee5-32dd-453c-8ed5-76bd9788465a,true,true
934b6012-8487-4c9c-8415-1cc99f15f24a,23095660-b007-4eb5-a716-a5cc3caa9ca8,0bd6aee5-32dd-453c-8ed5-76bd9788465a,true,true
65eb6731-7eca-4143-8df8-fe36f459e06e,23095660-b007-4eb5-a716-a5cc3caa9ca8,ea967b68-c8a9-478e-b8f3-a6ab3ae23d99,true,true
e8e42edd-9beb-4ee4-ab89-0cc1af402ae2,c016f200-d582-4130-a95d-88f4d46a897f,0bd6aee5-32dd-453c-8ed5-76bd9788465a,true,true
4be58d63-a212-40f8-89d2-a4ad5ace7c52,c016f200-d582-4130-a95d-88f4d46a897f,ea967b68-c8a9-478e-b8f3-a6ab3ae23d99,true,true
e56a65e6-2060-46a1-88fa-ad007db418c3,07d64e2e-7ba0-4621-9054-e136cb3a1b78,0bd6aee5-32dd-453c-8ed5-76bd9788465a,true,true
a5380beb-8b2a-44de-a8a8-a8ba2fca78d5,06505f8b-f15f-46e6-8b4a-0b59f2e01e3a,0bd6aee5-32dd-453c-8ed5-76bd9788465a,true,true
e42df47e-407e-415d-b542-533dc4c80e88,3783f358-a6e4-47d0-a9ae-64f9bcee2eef,0bd6aee5-32dd-453c-8ed5-76bd9788465a,true,true
b8357f93-134a-4d3f-9fb6-f12ff0916dbe,58d56619-14c5-4e24-95b3-4649c04ebd04,0bd6aee5-32dd-453c-8ed5-76bd9788465a,false,true
d16c417a-79fc-4a3c-9643-dc431e34dc90,dce369bf-d9e9-4468-8b8c-d5438cf44940,0bd6aee5-32dd-453c-8ed5-76bd9788465a,true,true
52e2c0c8-5fdc-41e8-a69e-733199bb7b2d,dce369bf-d9e9-4468-8b8c-d5438cf44940,ea967b68-c8a9-478e-b8f3-a6ab3ae23d99,true,true
f6621dcd-1f94-409b-9115-0cbbe196da91,13fea6e0-bc28-4716-9de2-85ca1e41fefe,0bd6aee5-32dd-453c-8ed5-76bd9788465a,true,true
c5369916-1ff8-4c74-8c29-9753869d49ed,3f736f23-530d-4265-92f6-d3650511755c,0bd6aee5-32dd-453c-8ed5-76bd9788465a,true,true
be45669c-c273-4b3c-ae1b-7e6023742e89,3f736f23-530d-4265-92f6-d3650511755c,ea967b68-c8a9-478e-b8f3-a6ab3ae23d99,true,true
1201c8fe-927a-47ee-8a47-ee90a6ef9d6d,1b11a02c-ece6-46ad-8303-43e53c932190,ea967b68-c8a9-478e-b8f3-a6ab3ae23d99,false,true
3fb6d5e3-8459-43e7-9510-ee0f26ab4861,1b11a02c-ece6-46ad-8303-43e53c932190,0bd6aee5-32dd-453c-8ed5-76bd9788465a,true,true
1dabdf38-b89e-4b28-9d33-361c85f0fb5a,1b11a02c-ece6-46ad-8303-43e53c932190,67dbf9f7-4898-4b84-86cf-303137a363be,false,true
6e1bc618-be87-40d5-9992-fc686c5c55a3,2edc9854-9d6c-4427-aa69-5ba605e2e7c3,0bd6aee5-32dd-453c-8ed5-76bd9788465a,true,true
6d7504d3-c1cc-4771-9500-328635d609ba,bcb08211-cc42-4a1a-a732-5f11eb77ecea,0bd6aee5-32dd-453c-8ed5-76bd9788465a,true,true
61a5ddca-f6a1-49b8-98ff-1a2dd9a91638,bcb08211-cc42-4a1a-a732-5f11eb77ecea,ea967b68-c8a9-478e-b8f3-a6ab3ae23d99,false,true
3560fdcc-9457-4f20-96d6-0e7e6bfd4032,0e83a879-2c65-4f38-8ac4-af80e6381f5e,0bd6aee5-32dd-453c-8ed5-76bd9788465a,true,true
d6f00832-c4a8-47fc-99ba-bb749849e6ee,0e83a879-2c65-4f38-8ac4-af80e6381f5e,ea967b68-c8a9-478e-b8f3-a6ab3ae23d99,true,true
ab2c4b01-3828-4dbc-96b1-61190ea8e7f4,0a17e7a3-3a17-4048-81d6-2c76d17cfeaf,ea967b68-c8a9-478e-b8f3-a6ab3ae23d99,false,true
c7dddbe0-1ca0-492e-9d51-6299543289ec,0a17e7a3-3a17-4048-81d6-2c76d17cfeaf,0bd6aee5-32dd-453c-8ed5-76bd9788465a,true,true
cac35202-0e1f-406b-9c8d-5eae104daad7,0a17e7a3-3a17-4048-81d6-2c76d17cfeaf,67dbf9f7-4898-4b84-86cf-303137a363be,false,true
cdf46034-ece9-45fb-aceb-a50fdf6c2975,cf6a4649-fb15-439a-b6cc-3df14fc978d5,0bd6aee5-32dd-453c-8ed5-76bd9788465a,true,true
1d815b48-adde-48e7-8390-a224eebf010f,27bbc69d-5f33-4010-b05d-5704e7b5416b,0bd6aee5-32dd-453c-8ed5-76bd9788465a,true,true
64c8e26b-86b5-4735-a22e-2935ae937dd8,27bbc69d-5f33-4010-b05d-5704e7b5416b,ea967b68-c8a9-478e-b8f3-a6ab3ae23d99,true,true
3bf16d01-e0b4-4064-9a02-4c9e195a4cf5,9c235478-f0ac-483c-8366-3dc00562e85a,0bd6aee5-32dd-453c-8ed5-76bd9788465a,true,true
d8876a23-f3f0-42f7-bdd8-51b034c7dc8c,dd4701b2-afd5-4c5a-b56b-c4d846af6804,0bd6aee5-32dd-453c-8ed5-76bd9788465a,true,true
f50b797d-e57e-45c3-b5c8-943c6b00e023,47e82bfd-8311-4f30-ab75-66c569d682e1,0bd6aee5-32dd-453c-8ed5-76bd9788465a,true,true
02af59ae-6ccb-4edf-8803-aa3a3bdfc8b7,df5daf35-3fe0-471a-aa98-ee84df5e76af,0bd6aee5-32dd-453c-8ed5-76bd9788465a,true,true
bd4d5691-bdb9-423b-a912-2f5a943be7f2,285e2041-6b20-481c-b44c-6e45d5e91a6b,ea967b68-c8a9-478e-b8f3-a6ab3ae23d99,true,true
6074d5fb-fbc8-4c89-8fe5-9b3861af7b53,0fad4c56-8a0c-4b29-9c59-6fcc902a0ff1,0bd6aee5-32dd-453c-8ed5-76bd9788465a,true,true
17f282b4-539c-4303-bcc3-2c43b40f4090,0fad4c56-8a0c-4b29-9c59-6fcc902a0ff1,ea967b68-c8a9-478e-b8f3-a6ab3ae23d99,true,true
b4ca79c6-eb86-44c9-9309-6d60c7c54b23,79e4c7bb-3bc7-4eb7-8e67-d83e7b136ad1,0bd6aee5-32dd-453c-8ed5-76bd9788465a,true,true
8c84c2b9-e2c2-4b7e-b8c2-b3ac9aad53d9,5ef0ffc1-5e4c-4a7a-963a-000e698266e1,0bd6aee5-32dd-453c-8ed5-76bd9788465a,true,true
cf384e35-9bf5-4651-9924-23e0bade0eff,7ec79080-1b4e-4aa6-858c-c55207c11433,ea967b68-c8a9-478e-b8f3-a6ab3ae23d99,false,true
70c8d7c2-6434-4b8c-a5dd-084bbcabc09a,6336b30d-1068-4051-88cc-6e6fd4cfad77,ea967b68-c8a9-478e-b8f3-a6ab3ae23d99,true,true
e1a620a3-216e-478d-aad0-989884960c8e,6336b30d-1068-4051-88cc-6e6fd4cfad77,0bd6aee5-32dd-453c-8ed5-76bd9788465a,true,true
f1d09678-d3cd-44ae-9a7b-5602fe08c6a8,62656632-89d5-442b-8414-846a45036e1c,ea967b68-c8a9-478e-b8f3-a6ab3ae23d99,true,true
bb84f47d-e8f7-43ac-8290-dd0db4de8eb8,8d6c279f-3b84-4512-8634-85892b4df44a,0bd6aee5-32dd-453c-8ed5-76bd9788465a,true,true
c82853d0-41f2-4778-9987-7169ab749582,8d6c279f-3b84-4512-8634-85892b4df44a,ea967b68-c8a9-478e-b8f3-a6ab3ae23d99,false,true
e99545a4-2e28-4a65-b6d0-4751bd732763,8d6c279f-3b84-4512-8634-85892b4df44a,67dbf9f7-4898-4b84-86cf-303137a363be,false,true
e5bb7e16-b813-471f-a6f7-31ba3d43ec85,62656632-89d5-442b-8414-846a45036e1c,0bd6aee5-32dd-453c-8ed5-76bd9788465a,true,true
454c9e62-8d30-4a8c-b40c-b9d9f9061a20,ad147c39-0793-47e7-8ecd-4417bb5e5564,0bd6aee5-32dd-453c-8ed5-76bd9788465a,true,true
c20f737d-2b94-4bac-a0fa-f55aaed9ea93,e04f860e-0e01-44d5-9329-cb33f66c1acc,0bd6aee5-32dd-453c-8ed5-76bd9788465a,true,true
f12fe659-8293-4788-bda7-c84ad23063ae,a669c69c-13bb-4638-a2a8-dec5a1ae92e7,ea967b68-c8a9-478e-b8f3-a6ab3ae23d99,true,true
56af62ab-300e-44c8-942f-55ac0ad84917,612da5ac-6316-4834-957f-c5b12267de4e,0bd6aee5-32dd-453c-8ed5-76bd9788465a,true,true
1ba6776c-634c-409f-84fa-48168b8f7f63,af136fd2-b724-4fa4-9a33-f43cee6683ec,ea967b68-c8a9-478e-b8f3-a6ab3ae23d99,true,true
e23c360d-239f-4d87-866d-66e6ba3606e7,7e399b9e-194d-4859-9632-42176827cbd5,ea967b68-c8a9-478e-b8f3-a6ab3ae23d99,true,true
2aecd9fa-2793-40d0-ad4b-fcf4b3b12ab5,06390a4f-e4a4-4e85-8026-65f7aed819c6,0bd6aee5-32dd-453c-8ed5-76bd9788465a,true,true
6e560ec5-0797-4ee8-a866-c93e20a6167a,8e8898c4-693f-4292-bb7d-bd0ac53a4dfb,0bd6aee5-32dd-453c-8ed5-76bd9788465a,true,true
2efbadcf-19a0-4303-9306-738042203ab3,1eb919d8-19d2-4254-b07e-905fe54c397f,ea967b68-c8a9-478e-b8f3-a6ab3ae23d99,true,true
2c5a2a86-087e-4225-8d10-fc90c6dac67b,1eb919d8-19d2-4254-b07e-905fe54c397f,0bd6aee5-32dd-453c-8ed5-76bd9788465a,true,true
e2c9c444-1f0b-4d16-adfa-1f94b2e9905d,1ffb62c1-cde8-4a9e-8950-607362dced23,0bd6aee5-32dd-453c-8ed5-76bd9788465a,true,true
2a0eb3cc-e26f-4cdf-adfe-161c2c5efd10,d6f6f0ee-de3a-4c5e-9f90-d6363fef92e5,ea967b68-c8a9-478e-b8f3-a6ab3ae23d99,true,true
c5136566-519b-4298-8de5-096d73b3fc90,d6f6f0ee-de3a-4c5e-9f90-d6363fef92e5,0bd6aee5-32dd-453c-8ed5-76bd9788465a,true,true
67e24097-71cd-4a60-84fc-24a01c787d9a,f188798f-ee84-4a28-ab35-534baed7ff3f,ea967b68-c8a9-478e-b8f3-a6ab3ae23d99,true,true
bebbfadd-d4ad-40d0-9cc8-38a367bcfbf3,ea6ca7da-f01a-4ae2-a659-c980c0456cb9,0bd6aee5-32dd-453c-8ed5-76bd9788465a,true,true
3a67a54e-8f82-4475-8299-5b3e93a94310,f188798f-ee84-4a28-ab35-534baed7ff3f,0bd6aee5-32dd-453c-8ed5-76bd9788465a,true,true
65ef7777-c189-48a1-bd09-b5fc302a1032,53cb6f0f-7967-417a-b47c-d79aa135f437,0bd6aee5-32dd-453c-8ed5-76bd9788465a,true,true
860e1a8f-319d-4877-9a09-cb02561d2376,a277e35d-fe09-456c-ab38-fff5f6588470,0bd6aee5-32dd-453c-8ed5-76bd9788465a,true,true
dab3e550-38e6-44a2-9095-da38c6146558,a277e35d-fe09-456c-ab38-fff5f6588470,ea967b68-c8a9-478e-b8f3-a6ab3ae23d99,false,true
caca16eb-8410-494f-8bca-b92799cf769e,53cb6f0f-7967-417a-b47c-d79aa135f437,ea967b68-c8a9-478e-b8f3-a6ab3ae23d99,true,true
3a9606fe-f686-4d0d-be15-b67df4a988e2,92513834-db67-4f0e-afd3-92256156afca,0bd6aee5-32dd-453c-8ed5-76bd9788465a,true,true
1faa9d62-5572-484e-84df-86c57c954cfb,dbdd6567-0213-4f36-880b-29e090a0c430,0bd6aee5-32dd-453c-8ed5-76bd9788465a,true,true
fadf7488-20e9-48c1-b9cd-dc780ca779dc,5ec82e7a-2ad8-4bb8-875b-cf9ddffdc559,ea967b68-c8a9-478e-b8f3-a6ab3ae23d99,false,true
f50db010-0d07-48a8-b520-4c6eec81376c,5ec82e7a-2ad8-4bb8-875b-cf9ddffdc559,0bd6aee5-32dd-453c-8ed5-76bd9788465a,true,true
76124dca-29cf-494c-9b8d-4e647a50a9e8,9e8492ab-4605-4037-9bce-61319b236d75,0bd6aee5-32dd-453c-8ed5-76bd9788465a,true,true
df4bdf07-f4f9-4eaa-b609-7eb1aca08b61,1f3a50c4-6fad-4245-bc5c-fe7835e9ae20,0bd6aee5-32dd-453c-8ed5-76bd9788465a,true,true
3ad83afe-147c-490e-9e82-d430a99d57c9,f1b1ed63-d09b-465b-bebe-b793dcf343bb,0bd6aee5-32dd-453c-8ed5-76bd9788465a,true,true
19441166-251b-43db-a674-cafed6ff97ba,5d9cc155-6966-41ed-b871-6638883b03f4,0bd6aee5-32dd-453c-8ed5-76bd9788465a,true,true
1303511d-6eea-46e2-b80d-9a08dc4e1dd4,9ea0bd14-53cc-4dd4-b913-a96ad9b0cc57,0bd6aee5-32dd-453c-8ed5-76bd9788465a,true,true
b3ecfd6f-9177-4619-9f30-c48c27c0b1f9,0ce3bad4-aadb-4fe6-a66f-128edd38c7a1,ea967b68-c8a9-478e-b8f3-a6ab3ae23d99,false,true
1da4ba96-78f5-4346-bbec-0eb65d7b9404,0ce3bad4-aadb-4fe6-a66f-128edd38c7a1,0bd6aee5-32dd-453c-8ed5-76bd9788465a,true,true
5c55f12b-315c-4380-8519-5cb82a93e1da,0ce3bad4-aadb-4fe6-a66f-128edd38c7a1,67dbf9f7-4898-4b84-86cf-303137a363be,false,true
8a8194e7-4cf4-4a2e-bd1e-2c515e021b6c,fe696078-da1b-442f-a82e-2efdb19b286a,0bd6aee5-32dd-453c-8ed5-76bd9788465a,true,true
be7220d4-ae38-4842-99e5-3bd944065f3f,b975012e-62cc-4f2a-90f1-79ca73f36a0f,ea967b68-c8a9-478e-b8f3-a6ab3ae23d99,true,true
6d11eda1-9aca-44e3-84c6-f6371fda849d,b975012e-62cc-4f2a-90f1-79ca73f36a0f,0bd6aee5-32dd-453c-8ed5-76bd9788465a,true,true
b66bc6fc-c891-41ae-85ae-496d4b5bebf2,57b1a566-0bef-4180-adb8-3bcb521d95be,0bd6aee5-32dd-453c-8ed5-76bd9788465a,true,true
12fc1029-ad9f-449d-9c57-24f688b6b95b,6dafe282-c16a-4899-8f62-304f925070c2,0bd6aee5-32dd-453c-8ed5-76bd9788465a,true,true
22fc72d6-4307-4c69-8879-9e59adf60f15,fb19d6a6-55e4-412d-b6cb-7a4671f22142,0bd6aee5-32dd-453c-8ed5-76bd9788465a,false,true
e12517ba-1517-4aae-b831-472b3ff7f785,82b3afb8-3076-48b8-aaf9-64023fae952d,ea967b68-c8a9-478e-b8f3-a6ab3ae23d99,true,true
e2051822-3476-43d6-a682-de075533f656,82b3afb8-3076-48b8-aaf9-64023fae952d,0bd6aee5-32dd-453c-8ed5-76bd9788465a,true,true
489035eb-1c21-4664-8a48-48629950f14b,16e44386-3693-453f-a1fe-aff4ad693788,ea967b68-c8a9-478e-b8f3-a6ab3ae23d99,true,true
7091e1f0-cdc8-4a2e-954d-f7a7785dfe0b,16e44386-3693-453f-a1fe-aff4ad693788,0bd6aee5-32dd-453c-8ed5-76bd9788465a,true,true
f3419c9a-f086-4c96-8ecc-c0dd83d2cc3d,fad4a72c-0f05-4c46-902c-ef25300adbdc,0bd6aee5-32dd-453c-8ed5-76bd9788465a,true,true
3bc40bbd-2412-44a6-aff4-6b68314237c6,fad4a72c-0f05-4c46-902c-ef25300adbdc,ea967b68-c8a9-478e-b8f3-a6ab3ae23d99,false,true
52682ce6-08b5-430c-83c6-d69ac278e5a1,1109d3ac-5d1a-4ee6-8c81-9cb5c10bf83c,0bd6aee5-32dd-453c-8ed5-76bd9788465a,true,true
fc3a325d-8045-40ec-b448-917d83f91155,853abe65-ec75-481e-98a1-bcb6d547e424,0bd6aee5-32dd-453c-8ed5-76bd9788465a,true,true
c54dd1a9-2ff6-495d-9689-52224cac09e2,a8a83ec0-68cd-46be-a4b2-57f1725f9190,0bd6aee5-32dd-453c-8ed5-76bd9788465a,true,true
3234e1bd-35d8-4fc1-a328-be2810ccc336,5965bfb0-1e21-4088-b00f-52abf5556318,0bd6aee5-32dd-453c-8ed5-76bd9788465a,true,true
c5c4ec22-e3bc-40b1-a6ea-b47073375265,5965bfb0-1e21-4088-b00f-52abf5556318,ea967b68-c8a9-478e-b8f3-a6ab3ae23d99,true,true
4565fa63-a022-46e5-aea1-0d9ea5e3ae85,c81ac700-db3b-4e63-a277-e3fd889e8883,0bd6aee5-32dd-453c-8ed5-76bd9788465a,false,true
faa210ae-fb75-4124-8f43-ff2b7703541b,8e6514b9-e8d3-4249-bea1-26bb1e2dc091,ea967b68-c8a9-478e-b8f3-a6ab3ae23d99,true,true
5816ee01-5da9-4d9d-bce4-3fa92c98ce1e,8e6514b9-e8d3-4249-bea1-26bb1e2dc091,0bd6aee5-32dd-453c-8ed5-76bd9788465a,true,true
5c51132b-2bd3-44b2-bed7-1be52b20a403,b73a187f-a1fe-466c-a793-19e23c27d2bc,0bd6aee5-32dd-453c-8ed5-76bd9788465a,true,true
d15a9b5b-c910-4c72-8012-75765ed7d5bd,35d62ecf-3e44-4cf7-a203-b9f6af80596a,0bd6aee5-32dd-453c-8ed5-76bd9788465a,true,true
f07e7c7f-ece1-4261-ba29-56ef0ef17efd,e9601ee5-a1f3-46d6-9f3c-72540e9e5ea2,0bd6aee5-32dd-453c-8ed5-76bd9788465a,true,true
984fdcec-a511-44ed-88a3-22e874525bce,ec554377-2038-4b9d-8533-dcac99e5c5c6,ea967b68-c8a9-478e-b8f3-a6ab3ae23d99,true,true
4efdafca-c6f2-43b7-8dbf-7a93c29d9c51,2c79b5ff-6546-4585-acea-bc3db90a588c,0bd6aee5-32dd-453c-8ed5-76bd9788465a,true,true
d75b8d03-a53b-4614-89f3-6c89f1cdc31f,2c79b5ff-6546-4585-acea-bc3db90a588c,ea967b68-c8a9-478e-b8f3-a6ab3ae23d99,true,true
77ea3625-8b0c-4661-902e-f0daa640e9ec,54db276e-630f-40bc-80c1-d86853134977,0bd6aee5-32dd-453c-8ed5-76bd9788465a,true,true
f8e5db91-66f5-49e5-ad07-70040471e8e2,54db276e-630f-40bc-80c1-d86853134977,ea967b68-c8a9-478e-b8f3-a6ab3ae23d99,true,true
7458a89e-3145-4cd1-8170-5c99210563d2,b328f149-7ab8-4bb7-8902-2d935c9d0fed,ea967b68-c8a9-478e-b8f3-a6ab3ae23d99,true,true
d6154dc9-2f0e-4e08-94c9-4c2ae6006ed0,187a7415-3ed3-4d5b-92e8-2f7db12ec7b7,0bd6aee5-32dd-453c-8ed5-76bd9788465a,true,true
b1f019ad-9ef3-42e6-aada-b89f5f184e7c,4a36818e-cef3-4673-9fc9-dc9153dc5f8a,0bd6aee5-32dd-453c-8ed5-76bd9788465a,true,true
7588f724-1aaa-4dae-819b-1e875178e938,bab19bc2-d378-402f-8aca-c94dd3b1ebf8,ea967b68-c8a9-478e-b8f3-a6ab3ae23d99,false,true
7a325b96-8855-47b1-809e-aac6b7359292,bab19bc2-d378-402f-8aca-c94dd3b1ebf8,0bd6aee5-32dd-453c-8ed5-76bd9788465a,true,true
1cdd7e72-263e-4009-b5c6-3248d527eca6,42d4ce37-1b18-4683-8b90-5482c0a4ab38,0bd6aee5-32dd-453c-8ed5-76bd9788465a,true,true
b8d361ab-35ed-4aa5-9da6-73b786e7781b,003e4300-52a0-42cf-8746-0fcebb71f89f,67dbf9f7-4898-4b84-86cf-303137a363be,true,true
b8d61a13-0d8b-49cc-b532-9292e4d25801,003e4300-52a0-42cf-8746-0fcebb71f89f,0bd6aee5-32dd-453c-8ed5-76bd9788465a,true,true
fd2df7cb-89b3-4823-a3aa-8c0e54beca66,cc0a032e-6714-4b2e-aa7b-82635b7da8da,0bd6aee5-32dd-453c-8ed5-76bd9788465a,true,true
83320d3f-ccf2-4e65-a9db-46f5a703f8a1,7151d5d7-dc9d-4560-9db0-5188f94b5a2f,ea967b68-c8a9-478e-b8f3-a6ab3ae23d99,true,true
f5ba95b1-c6ab-47ce-96b6-a2ce8d7cedc8,7151d5d7-dc9d-4560-9db0-5188f94b5a2f,0bd6aee5-32dd-453c-8ed5-76bd9788465a,true,true
ebbf3da3-c0bd-46d8-8f54-fbddea30534f,fb26fdb8-27a6-4f21-8691-a1398adeb5cc,ea967b68-c8a9-478e-b8f3-a6ab3ae23d99,true,true
99abab68-c033-4e30-b7db-02ff67d46cbb,fb26fdb8-27a6-4f21-8691-a1398adeb5cc,0bd6aee5-32dd-453c-8ed5-76bd9788465a,true,true
57d0ed0e-f46a-4369-a1a3-88b337e1e9a5,c2afdc40-2d0f-42cf-aada-d6a0dc4a1c54,0bd6aee5-32dd-453c-8ed5-76bd9788465a,true,true
f0be4a5d-b4ec-47d3-b357-4d4d472bfeb5,c0ccad95-8207-4dab-8c61-9dd405e35ed4,0bd6aee5-32dd-453c-8ed5-76bd9788465a,true,true
b638fb77-1cf2-4d8b-89dc-289498c874be,caf26c44-7db6-4d63-b549-24e05e82c47b,0bd6aee5-32dd-453c-8ed5-76bd9788465a,true,true
ae8ede4a-487d-4e4f-9e0a-04b2b0d08e2d,adba4a0a-da43-4a4d-8463-c6f79dff894b,ea967b68-c8a9-478e-b8f3-a6ab3ae23d99,false,true
4c46afb8-eb02-4f27-aa56-61352a7913a4,adba4a0a-da43-4a4d-8463-c6f79dff894b,0bd6aee5-32dd-453c-8ed5-76bd9788465a,true,true
8d6b4c72-ed02-4b80-8ac8-5ad960b12d01,5a034f9c-cefd-4ada-9136-f005aa404985,0bd6aee5-32dd-453c-8ed5-76bd9788465a,true,true
8225f7f0-5cac-4d77-84cb-961fbb916733,adba4a0a-da43-4a4d-8463-c6f79dff894b,67dbf9f7-4898-4b84-86cf-303137a363be,false,true
dcde723f-2bca-461f-bfbb-d952c7f17397,e5a3d318-ae0b-4c54-9e7f-7a1d70409099,0bd6aee5-32dd-453c-8ed5-76bd9788465a,true,true
2fcfe00d-3d59-43e1-b95e-fd745b705733,c639d4cd-78a8-4f9a-b5f6-a07aa6a2533c,0bd6aee5-32dd-453c-8ed5-76bd9788465a,false,true
1fb2d121-244a-4c2c-804a-a432f4ec40bc,435c44a3-dbb3-462f-a657-7650a05e87f9,0bd6aee5-32dd-453c-8ed5-76bd9788465a,true,true
e18b36e0-e339-4486-9a70-89baecbde72c,60c91a83-0e8d-4343-8136-2ffbac2c9bed,0bd6aee5-32dd-453c-8ed5-76bd9788465a,true,true
f34071ce-b964-4aae-9696-8231ed602fa2,e05b0aed-2063-43e4-ba98-b5ef23d15acc,0bd6aee5-32dd-453c-8ed5-76bd9788465a,true,true
3ec2535b-aa22-4ca6-ba75-9f440bed4351,638d1629-a902-42db-8ff2-66728d1c76e3,ea967b68-c8a9-478e-b8f3-a6ab3ae23d99,true,true
784a8cbd-d9a9-45a9-8e57-6e4b485508f0,f3683d25-6cc5-4725-a474-c77530554eba,0bd6aee5-32dd-453c-8ed5-76bd9788465a,true,true
46d61920-a0f6-41cd-9802-6e53f3a75048,638d1629-a902-42db-8ff2-66728d1c76e3,0bd6aee5-32dd-453c-8ed5-76bd9788465a,true,true
64c5e7ac-7ade-431d-bc4f-a1dc8813841d,1343f984-d0de-4633-93ca-1b1dcf453730,0bd6aee5-32dd-453c-8ed5-76bd9788465a,true,true
64ad3571-b4d5-47be-80a0-c0b06a032426,e307a481-77ae-414e-b957-bb35b026433c,ea967b68-c8a9-478e-b8f3-a6ab3ae23d99,true,true
b950e2ee-b97f-4937-ac36-2900ee028865,e745eaae-1a32-4bfd-908a-fa3a5b7e3ff9,0bd6aee5-32dd-453c-8ed5-76bd9788465a,true,true
5ba9b8d1-84f9-4e44-b74d-a10ca8e46496,e745eaae-1a32-4bfd-908a-fa3a5b7e3ff9,ea967b68-c8a9-478e-b8f3-a6ab3ae23d99,true,true
960ed481-401e-4326-9d28-d90d813bd255,2be49953-149c-45f7-ab2b-98e35888ee4c,0bd6aee5-32dd-453c-8ed5-76bd9788465a,true,true
d80ea596-acd1-4505-ba21-8545d120d971,a0d0d365-1f78-406d-98d9-1e8cffb092c5,0bd6aee5-32dd-453c-8ed5-76bd9788465a,true,true
da162f9b-2d1d-4079-b07d-602403396717,318946dc-23a5-4beb-9352-3b9c286fdba6,0bd6aee5-32dd-453c-8ed5-76bd9788465a,true,true
0194a1e9-ef7b-47e0-a62c-b736b936312a,f9fc9857-1bb1-4073-ad38-1cc611b0ffa8,ea967b68-c8a9-478e-b8f3-a6ab3ae23d99,true,true
1231a921-6233-4ea7-83ab-6efa365add0b,f9fc9857-1bb1-4073-ad38-1cc611b0ffa8,0bd6aee5-32dd-453c-8ed5-76bd9788465a,true,true
9e1afa17-2074-45c8-9c1d-e210f805ab86,d01f2745-3f56-4506-aba9-ec81da73f1aa,0bd6aee5-32dd-453c-8ed5-76bd9788465a,true,true
5291cd6b-5b38-45b2-9659-1092299c0216,318946dc-23a5-4beb-9352-3b9c286fdba6,ea967b68-c8a9-478e-b8f3-a6ab3ae23d99,true,true
da173e22-84e8-48fc-8884-38eca26da778,ee7308b4-477b-4b9e-8fc0-31d7c8b36e95,0bd6aee5-32dd-453c-8ed5-76bd9788465a,true,true
533649de-a1d1-48a6-a082-284e11751b41,bf66804b-e338-4ce9-8341-3a5611df842a,0bd6aee5-32dd-453c-8ed5-76bd9788465a,false,true
84d7db40-db39-49a2-84e3-24e26979ff8a,cfea73f8-d0a5-4ef2-b085-6aa879270007,0bd6aee5-32dd-453c-8ed5-76bd9788465a,true,true
7726b34b-92f2-4242-91cb-bed9329b00be,cfea73f8-d0a5-4ef2-b085-6aa879270007,ea967b68-c8a9-478e-b8f3-a6ab3ae23d99,true,true
0fd672ce-4c6c-4193-a386-2615024beec2,db33e3db-b782-4511-998d-c65592d7fdbc,ea967b68-c8a9-478e-b8f3-a6ab3ae23d99,true,true
ee933ad3-663e-45f6-b0bc-9d0f2003f18a,db33e3db-b782-4511-998d-c65592d7fdbc,0bd6aee5-32dd-453c-8ed5-76bd9788465a,true,true
03bb8862-17ed-47cc-a521-117904c6a48f,17906ce0-b542-40c5-a6d4-6f20fd485fe0,0bd6aee5-32dd-453c-8ed5-76bd9788465a,true,true
2fbe837a-4333-44c6-ae66-f4edeeec0922,61fe068a-a935-4e63-aecc-10e460929af0,0bd6aee5-32dd-453c-8ed5-76bd9788465a,true,true
e751e587-c8fd-4d8f-b7be-78b836d016ea,61fe068a-a935-4e63-aecc-10e460929af0,ea967b68-c8a9-478e-b8f3-a6ab3ae23d99,true,true
b1392b62-0adb-4e26-80aa-e5d9f7413e7f,a3bba81d-d801-48d4-8da1-04763e22ced9,0bd6aee5-32dd-453c-8ed5-76bd9788465a,true,true
b54f7fa6-ce0a-4d52-8aa8-7f69db7c38c9,342626ba-4a75-441c-ba31-e78fd927b840,0bd6aee5-32dd-453c-8ed5-76bd9788465a,true,true
624dde7d-e5eb-458d-959d-0a584c69d137,84e2af8f-914b-4e70-9d15-65fc92858876,0bd6aee5-32dd-453c-8ed5-76bd9788465a,true,true
adbb2a7b-be24-464d-abe8-54fda5943125,db6f56eb-bdd6-447b-a7ee-dec7d14aa6e6,0bd6aee5-32dd-453c-8ed5-76bd9788465a,true,true
c86d0aae-cfea-447d-b7fe-6065e92504e2,0fe6e86d-3053-4e6e-8bed-4135ef9d532d,ea967b68-c8a9-478e-b8f3-a6ab3ae23d99,false,true
0c586396-67fb-46f4-8850-72529a9acf36,df3dbbb7-4de4-43ea-b46f-552bae9b31e8,0bd6aee5-32dd-453c-8ed5-76bd9788465a,true,true
dcbc482c-54d3-4eac-a3ec-8835bfc69832,b62332b7-6a62-4eae-b4f9-646761799f83,ea967b68-c8a9-478e-b8f3-a6ab3ae23d99,true,true
37629f4c-7f66-4ef6-9cbb-6cb554d6ce89,b62332b7-6a62-4eae-b4f9-646761799f83,0bd6aee5-32dd-453c-8ed5-76bd9788465a,true,true
3e55320f-bd07-4679-a023-ed73d977d855,64b91435-b0ff-4874-9002-1cb72187f950,0bd6aee5-32dd-453c-8ed5-76bd9788465a,true,true
f23db2b5-848e-4503-a728-b75dbee6b071,54b7c2b5-0752-4aed-be0b-52b8a95404fb,0bd6aee5-32dd-453c-8ed5-76bd9788465a,true,true
febf1a1f-044f-4c52-8c6c-d2b4233986ca,04a49931-e3b5-47ef-8f68-d4f5a6e0f7aa,ea967b68-c8a9-478e-b8f3-a6ab3ae23d99,true,true
150ea75a-1641-4520-a663-7327337542f5,04a49931-e3b5-47ef-8f68-d4f5a6e0f7aa,0bd6aee5-32dd-453c-8ed5-76bd9788465a,true,true
79cf126b-f22d-4196-bc1e-5f37f9802d29,5bc8a59e-749f-4d81-b7c8-ba4a47627d02,0bd6aee5-32dd-453c-8ed5-76bd9788465a,true,true
5be4b122-97e5-4714-bdea-f78003f5e807,fa7aa036-9f51-46ef-97b8-d27230693fb8,ea967b68-c8a9-478e-b8f3-a6ab3ae23d99,true,true
f1cd34dc-c833-4fae-8387-3de0b900d38f,fa7aa036-9f51-46ef-97b8-d27230693fb8,0bd6aee5-32dd-453c-8ed5-76bd9788465a,true,true
72197b7f-77c8-4eb6-84e7-5fab447354bd,82bcff49-38d1-44fb-badb-e6f69634c0c3,ea967b68-c8a9-478e-b8f3-a6ab3ae23d99,true,true
5768a2cc-13c4-42e9-9aa7-204e976df9a8,82bcff49-38d1-44fb-badb-e6f69634c0c3,0bd6aee5-32dd-453c-8ed5-76bd9788465a,true,true
1b13ed5a-391e-4771-9f24-14ff5d4cc7d2,017ef30b-0941-4bc0-a036-f950b75b2bc8,ea967b68-c8a9-478e-b8f3-a6ab3ae23d99,true,true
87f39967-7921-483c-b303-16d650e7d38a,cc346154-4b1e-4947-bc4b-515bee90d442,0bd6aee5-32dd-453c-8ed5-76bd9788465a,true,true
b2eb2629-e83c-4976-99c5-dc7ff8ffcd95,cc346154-4b1e-4947-bc4b-515bee90d442,ea967b68-c8a9-478e-b8f3-a6ab3ae23d99,true,true
163f8082-9e58-4152-be43-b9f9b8cd7af0,be0d25d3-f82b-4202-9960-e5c8a3dea835,0bd6aee5-32dd-453c-8ed5-76bd9788465a,true,true
4461e2c4-5bb6-4ce9-8c93-b804c046b756,12cc8dc0-16fc-4b38-bed9-1d4d6dd39b6a,ea967b68-c8a9-478e-b8f3-a6ab3ae23d99,true,true
6d20e92b-a203-4e67-bb61-a60f5852b4a9,12cc8dc0-16fc-4b38-bed9-1d4d6dd39b6a,0bd6aee5-32dd-453c-8ed5-76bd9788465a,true,true
1857eaf4-4918-4d6d-81a9-d17a000a7ef8,5e7e2a18-7610-4e67-b4ae-cd75916abc5c,0bd6aee5-32dd-453c-8ed5-76bd9788465a,true,true
2b4552be-991e-4a45-b46a-2a32dc5c3eea,3be98c28-99f3-4956-bc3b-f573dde98e1b,0bd6aee5-32dd-453c-8ed5-76bd9788465a,true,true
2fb5f836-5b0a-492f-be52-3756736d5f7b,e04a06ab-432e-4a5d-aba2-37698e6dcd59,0bd6aee5-32dd-453c-8ed5-76bd9788465a,true,true
f41a39b8-d7a6-46ad-b129-89038ed3b319,85263a03-9bff-409d-a34c-117239b8e205,0bd6aee5-32dd-453c-8ed5-76bd9788465a,true,true
5eaa1ad7-eb00-4047-be12-13adcb7839c8,39970281-ec9c-46aa-9a52-b802fa208e6a,ea967b68-c8a9-478e-b8f3-a6ab3ae23d99,true,true
94d936c3-64ff-40ce-be95-584e3cee9340,1a92fc2c-a735-442b-8704-52dfa3604b4b,ea967b68-c8a9-478e-b8f3-a6ab3ae23d99,true,true
4ee80812-3133-461b-941d-5e9c171740bd,1a92fc2c-a735-442b-8704-52dfa3604b4b,0bd6aee5-32dd-453c-8ed5-76bd9788465a,true,true
1ed4ae23-ca83-4934-be55-522a67c5d9a4,044ad6e7-763a-4053-862d-dc3c802a7a20,0bd6aee5-32dd-453c-8ed5-76bd9788465a,false,true
9e671dc5-f542-4eae-b86b-11b1a0f1a221,0039a91b-de35-46b4-8a4e-9520220216de,0bd6aee5-32dd-453c-8ed5-76bd9788465a,true,true
28fc331b-259e-41c2-af0c-c164eff96457,0039a91b-de35-46b4-8a4e-9520220216de,ea967b68-c8a9-478e-b8f3-a6ab3ae23d99,true,true
11bb21d4-a27e-4105-ac89-a49b9b3e289d,8938c153-fe08-4b8f-91eb-5c5ea95898e2,0bd6aee5-32dd-453c-8ed5-76bd9788465a,true,true
c2fb6f2a-569e-4b03-b588-e713cb36f67d,b138948e-9956-4a86-a99f-e7c93faaf6bd,0bd6aee5-32dd-453c-8ed5-76bd9788465a,true,true
5d95efd7-ff93-4b40-a296-b87a884cde99,b138948e-9956-4a86-a99f-e7c93faaf6bd,ea967b68-c8a9-478e-b8f3-a6ab3ae23d99,true,true
a9034c2c-3393-4134-8519-4dd0d2550691,9e31bee3-a4fe-43e1-855f-1e7972853faf,0bd6aee5-32dd-453c-8ed5-76bd9788465a,true,true
77760495-6621-4b54-8204-7fd09040faf9,d9cea6ca-2246-462d-a6a1-87f13f6dfc3b,ea967b68-c8a9-478e-b8f3-a6ab3ae23d99,true,true
7fc6c459-f750-44b7-a942-ed8e0ab9a5b4,d9cea6ca-2246-462d-a6a1-87f13f6dfc3b,0bd6aee5-32dd-453c-8ed5-76bd9788465a,true,true
4f2095b8-863c-450e-a845-54feaf600b99,9ecdb7a3-8260-48d5-9134-0e1034143af3,0bd6aee5-32dd-453c-8ed5-76bd9788465a,true,true
175d1a05-348b-42a3-88e9-c384531b1457,81451894-dd67-4ec8-971d-f6898f793b87,0bd6aee5-32dd-453c-8ed5-76bd9788465a,true,true
71f39308-a792-4882-9537-663af9d7c325,4c34222d-fade-4171-8cf9-329babde6024,0bd6aee5-32dd-453c-8ed5-76bd9788465a,true,true
5454bfbc-ac0f-480c-a577-c885a00b336f,aefb949b-75a7-4799-a8f1-84d8ce8fc7b8,0bd6aee5-32dd-453c-8ed5-76bd9788465a,true,true
14207562-2d9c-4e01-92e0-d43adb4e2798,6a6b3aea-0997-4060-aea6-5c8a18688855,ea967b68-c8a9-478e-b8f3-a6ab3ae23d99,true,true
4bfe704e-6ed9-45ff-ad83-b936b99a6931,6a6b3aea-0997-4060-aea6-5c8a18688855,0bd6aee5-32dd-453c-8ed5-76bd9788465a,false,true
28e88615-5b4b-4c3f-a3df-49fa5e03fc60,88e49d80-0619-4393-8cae-03362336ae20,ea967b68-c8a9-478e-b8f3-a6ab3ae23d99,true,true
54d87df1-b0ff-41ae-b27c-111d062626ba,88e49d80-0619-4393-8cae-03362336ae20,0bd6aee5-32dd-453c-8ed5-76bd9788465a,true,true
11aaf0ea-bb4d-4f5f-8e4d-44ec3d86cdfd,d08db1fc-d6a4-48bc-a1d9-a52e0463a99a,0bd6aee5-32dd-453c-8ed5-76bd9788465a,true,true
64be009f-e5d0-47ad-a95c-ddf24c4c3e64,d08db1fc-d6a4-48bc-a1d9-a52e0463a99a,ea967b68-c8a9-478e-b8f3-a6ab3ae23d99,true,true
80b46371-ea3c-4633-bae2-61f2052d694b,8cf7a737-362d-46ca-bb45-cf481a6a6d5b,0bd6aee5-32dd-453c-8ed5-76bd9788465a,true,true
f2cc4b02-b40f-4784-9bbb-8560de19b7d8,8cf7a737-362d-46ca-bb45-cf481a6a6d5b,ea967b68-c8a9-478e-b8f3-a6ab3ae23d99,true,true
69809bac-66bd-429b-8d9e-44994326ee43,e68bbdaa-4bfd-4848-b44b-e491dadf6c48,ea967b68-c8a9-478e-b8f3-a6ab3ae23d99,true,true
15f1b1f9-8e6b-4c92-89a5-673bb69c2233,e68bbdaa-4bfd-4848-b44b-e491dadf6c48,0bd6aee5-32dd-453c-8ed5-76bd9788465a,true,true
18efb30e-b323-4ad9-8ced-2616391482a6,eb57d001-4c90-4ab9-8087-af1648fc270a,67dbf9f7-4898-4b84-86cf-303137a363be,false,true
9fe38ecc-e1b1-4be2-802a-3c5978dc68e5,1e5fa1d6-9f20-49e1-865a-bee51e69191e,0bd6aee5-32dd-453c-8ed5-76bd9788465a,true,true
db9503d6-8a46-4fa1-8820-62770e3dcbcd,65ce45db-d052-4579-9325-33e1332924d0,0bd6aee5-32dd-453c-8ed5-76bd9788465a,true,true
c026ff91-b6fb-4bbc-926f-2d501797d814,eb57d001-4c90-4ab9-8087-af1648fc270a,ea967b68-c8a9-478e-b8f3-a6ab3ae23d99,false,true
d0a5d038-2d41-45b9-aeee-9daf83aaee62,6e93bbb0-1c16-4122-9dc0-a284de8cdf06,0bd6aee5-32dd-453c-8ed5-76bd9788465a,true,true
353e19ef-1525-4c33-8cff-015b451b8b16,583f4f2b-7814-4098-a892-2e8c08b4ebca,0bd6aee5-32dd-453c-8ed5-76bd9788465a,true,true
c3dec935-c487-4817-befb-77c2d3b28c3a,6e93bbb0-1c16-4122-9dc0-a284de8cdf06,ea967b68-c8a9-478e-b8f3-a6ab3ae23d99,true,true
b7f43dcb-f8ab-4fea-b89b-e09cec72690b,f3590f32-8d86-4b74-860c-9718262736e5,ea967b68-c8a9-478e-b8f3-a6ab3ae23d99,true,true
d8249de5-6d3f-496a-be88-4e6424865766,f0eeba33-c49c-4d3b-be2b-8c2838f6e835,0bd6aee5-32dd-453c-8ed5-76bd9788465a,true,true
23aeb2cf-7d53-4a27-9e50-96ae8769e4c3,e98e11ad-1b04-4331-b91a-e0ddd28c7d0a,0bd6aee5-32dd-453c-8ed5-76bd9788465a,true,true
3360efd4-5f0b-4d66-9fa1-49a79b1f1123,d040ab63-8b72-45c8-96f6-cb0d917b63fb,0bd6aee5-32dd-453c-8ed5-76bd9788465a,true,true
16a16f1e-3720-4a58-8e65-7e13727c9863,88301768-3663-4b18-bb50-ba7dd553e30f,ea967b68-c8a9-478e-b8f3-a6ab3ae23d99,true,true
89df02cc-0b4a-479a-9ef0-3234c46f5e6d,1ae0ce1a-b290-4bcb-9f77-5ea6b57b797d,0bd6aee5-32dd-453c-8ed5-76bd9788465a,true,true
d0105fd2-b030-4e97-9c5d-a6a9d83c8ae5,fdda4762-d6eb-41e8-ba14-9d1fb12c6f22,0bd6aee5-32dd-453c-8ed5-76bd9788465a,true,true
cc09b2a5-1729-4308-b438-ae329d533f78,94e5fe88-4d14-4518-ba0f-ea647e090593,0bd6aee5-32dd-453c-8ed5-76bd9788465a,true,true
0667ece5-d5ba-47df-a318-f73db807df96,78537155-f240-45e8-90ae-b2fb73052562,0bd6aee5-32dd-453c-8ed5-76bd9788465a,true,true
1d89a195-f8a7-4331-94a1-5d2b9b966248,af136fd2-b724-4fa4-9a33-f43cee6683ec,0bd6aee5-32dd-453c-8ed5-76bd9788465a,true,true
e3a80851-0115-4d7a-ba05-2424ccb8aa9d,af3fe855-f92a-4c4e-9f83-22cb6a0f7b5f,0bd6aee5-32dd-453c-8ed5-76bd9788465a,true,true
d26d6800-02c8-45c2-933b-1bed680139b5,468883d6-3f5e-4042-93d9-9d3adde8f336,67dbf9f7-4898-4b84-86cf-303137a363be,false,true
e1f025bc-2e86-4f2b-9ae2-248e61077113,a7bd6085-79c4-47c7-96ea-d613feaf2ae2,ea967b68-c8a9-478e-b8f3-a6ab3ae23d99,true,true
0f236fed-4852-4b61-80e2-3140d90c8aa6,a9f86638-3c23-449d-afd1-d1abcb174e20,0bd6aee5-32dd-453c-8ed5-76bd9788465a,true,true
c0249a4d-0d77-4315-a4b3-3a8a695a9b15,2e187e22-2a88-4562-b5f1-6b06260dbfdf,ea967b68-c8a9-478e-b8f3-a6ab3ae23d99,true,true
5409027d-782b-499d-8915-ee5e7a5fffb7,af3fe855-f92a-4c4e-9f83-22cb6a0f7b5f,ea967b68-c8a9-478e-b8f3-a6ab3ae23d99,true,true
103edfc7-bb44-4452-8325-07bf78975c5e,443a932a-3df7-4a70-98cb-f5e33e0a7ae6,0bd6aee5-32dd-453c-8ed5-76bd9788465a,true,true
1155939b-9d93-495a-ac75-66f57ec25a2d,6eb736fb-30a6-417d-8bd6-2256a59b3a8c,0bd6aee5-32dd-453c-8ed5-76bd9788465a,true,true
0176fb7f-c6c7-4b7a-a6d4-9168b8968d33,6eb736fb-30a6-417d-8bd6-2256a59b3a8c,ea967b68-c8a9-478e-b8f3-a6ab3ae23d99,false,true
65ff337f-8207-466e-a6ce-004536ebf9ed,d14f39fd-8a2f-4372-922a-f767370e285f,0bd6aee5-32dd-453c-8ed5-76bd9788465a,true,true
c5e34cbd-79c1-4b2f-99bc-9e7d7d6d119e,b8470f4f-4506-4359-a2a6-2933ad17091f,0bd6aee5-32dd-453c-8ed5-76bd9788465a,true,true
b1b1ea99-18a8-403b-bf78-8667002e76f6,91abe94f-f553-4e0f-b866-5b616ee243d0,0bd6aee5-32dd-453c-8ed5-76bd9788465a,true,true
baf3ce8b-74d6-4425-9d1c-15fa56758a0a,abaeb12f-ac24-4f20-acfc-0d3798149f8e,0bd6aee5-32dd-453c-8ed5-76bd9788465a,true,true
affc8a24-32fc-420c-9920-8c6970fdb751,ae41db41-6d4c-466a-b127-17f34df2b684,0bd6aee5-32dd-453c-8ed5-76bd9788465a,true,true
832bb27b-b1ef-4593-9b61-795eb84538a1,cfa6636d-d8e2-4e6d-8f31-95743d90b3ce,0bd6aee5-32dd-453c-8ed5-76bd9788465a,true,true
9e7bb4eb-9ac8-4cd3-9970-8d0dbc89a3cd,23f238e5-36f2-4f94-97d7-447b3e46caa2,0bd6aee5-32dd-453c-8ed5-76bd9788465a,true,true
45bf3036-f508-4da0-a563-35405b3b5b29,cfa6636d-d8e2-4e6d-8f31-95743d90b3ce,ea967b68-c8a9-478e-b8f3-a6ab3ae23d99,true,true
cbf6e6b4-1ce4-4030-a9a2-6fccb80e1130,161bc836-0c5e-4f44-8256-844875345939,0bd6aee5-32dd-453c-8ed5-76bd9788465a,true,true
2ae8208c-b021-4a3e-a229-4fc2c5b99534,161bc836-0c5e-4f44-8256-844875345939,ea967b68-c8a9-478e-b8f3-a6ab3ae23d99,true,true
30a03c6c-bbe0-4455-b182-794d6794a57d,07ec7ad8-166c-4734-8a39-602251033994,ea967b68-c8a9-478e-b8f3-a6ab3ae23d99,true,true
627f49c5-e705-493a-abad-7373be10a43d,a8266aed-4d75-4528-84db-0b65610aea4d,0bd6aee5-32dd-453c-8ed5-76bd9788465a,true,true
4501cb85-bad4-4d18-8f7a-027dd99a2cf6,b1919de0-3466-4288-8432-902502150af1,0bd6aee5-32dd-453c-8ed5-76bd9788465a,true,true
7b8408a5-5e6d-488f-b072-f1ff1c6f80b8,a8266aed-4d75-4528-84db-0b65610aea4d,ea967b68-c8a9-478e-b8f3-a6ab3ae23d99,true,true
7006747b-10ca-4771-90ca-5ab88a3308e6,fd070e87-45d9-43b5-90d1-315f5393eaf5,0bd6aee5-32dd-453c-8ed5-76bd9788465a,true,true
2e68f7c0-0cde-47e0-9e75-d2aa086af7e7,8391fd5e-a422-42e0-a59d-40dd44e3363e,67dbf9f7-4898-4b84-86cf-303137a363be,true,true
d8eb3343-d482-4f45-a6d5-40e50fa61bf6,64e90e10-c2c9-47f4-8be6-eeed729e87ae,ea967b68-c8a9-478e-b8f3-a6ab3ae23d99,true,true
f4a5d0c7-1110-494c-aaf0-d1f52e2b04c6,17ecb3dd-1dbd-4f6f-a8a1-e267ec87a04a,0bd6aee5-32dd-453c-8ed5-76bd9788465a,true,true
c84e9b7e-a223-432d-9f66-231ba28e884d,17ecb3dd-1dbd-4f6f-a8a1-e267ec87a04a,ea967b68-c8a9-478e-b8f3-a6ab3ae23d99,true,true
9fd7b06c-7a0d-4b32-a8d2-4956d0cc2f4c,64e90e10-c2c9-47f4-8be6-eeed729e87ae,0bd6aee5-32dd-453c-8ed5-76bd9788465a,true,true
e2f71b8c-5180-403e-9623-31813809067e,860c3118-a75c-474b-912e-e8ef5e1d0285,0bd6aee5-32dd-453c-8ed5-76bd9788465a,true,true
eb054e6c-ce83-4af0-b4f3-cbc1d328d356,f46fee20-788a-4ac4-a04d-d92aa1b4fa2f,0bd6aee5-32dd-453c-8ed5-76bd9788465a,false,true
42082666-d703-40f8-8f2d-fa957976cd2a,335691d7-346d-457c-97b8-f26190189af4,0bd6aee5-32dd-453c-8ed5-76bd9788465a,false,true
346b089f-ee50-4ed9-a205-225899215104,9d3a89a9-682c-487b-a335-625a242305b5,0bd6aee5-32dd-453c-8ed5-76bd9788465a,true,true
d94ef72b-d6a0-416e-aa09-57c511a092c0,57d5a727-1beb-4a3b-9d30-066c52fab831,ea967b68-c8a9-478e-b8f3-a6ab3ae23d99,true,true
78d81985-4ad8-4725-b6b3-256b9aa11fab,57d5a727-1beb-4a3b-9d30-066c52fab831,0bd6aee5-32dd-453c-8ed5-76bd9788465a,true,true
acd7e7ae-a605-4e43-ae76-f135185769f1,29784e6e-76c6-42aa-a70b-c06a5746bddb,0bd6aee5-32dd-453c-8ed5-76bd9788465a,true,true
9f2b1be5-dedb-4fb3-b182-e595d1ceea30,ecaf7ea2-94b5-46e1-b318-c5a0363d404e,0bd6aee5-32dd-453c-8ed5-76bd9788465a,false,true
12649821-78e7-4947-8efc-71b8677969e6,baad51fd-b331-4c43-9aca-1e189b8e0993,0bd6aee5-32dd-453c-8ed5-76bd9788465a,true,true
f338a280-cf59-4795-83d5-b7c23652f40f,47282718-ce5b-4452-ad49-4a21a15b0e97,0bd6aee5-32dd-453c-8ed5-76bd9788465a,true,true
56422815-f5ca-41d1-a01b-c0864ba79bdd,4481e3fc-73bd-4fc7-8ea0-cb388ab320c3,ea967b68-c8a9-478e-b8f3-a6ab3ae23d99,true,true
525c9ba2-c2f5-4de7-8618-8d0435c778a4,d81b85c0-6dbf-4906-9b1c-4afeff7663ed,0bd6aee5-32dd-453c-8ed5-76bd9788465a,true,true
85bd6a2e-a997-4cd7-a60f-7ce144586b57,1fbde85f-6c36-4347-9ae4-90e475eac1db,ea967b68-c8a9-478e-b8f3-a6ab3ae23d99,true,true
cd134d00-91b0-4514-96ca-6d1198d133e1,4854a6a4-f319-4676-b287-1b9c17ac452f,0bd6aee5-32dd-453c-8ed5-76bd9788465a,true,true
6ec48db5-79c3-487b-8d97-8262bd68d7f6,9d8263d5-ee1a-4a9c-9101-114c2415fece,0bd6aee5-32dd-453c-8ed5-76bd9788465a,true,true
275535ff-38e7-4f9a-8908-2775683f705b,5add3cce-e829-4c6b-b435-88e4ccad0d33,0bd6aee5-32dd-453c-8ed5-76bd9788465a,true,true
e0d5e593-b081-4daa-8801-71a0fb3d036f,3fe35092-47dc-404c-b8e6-c686fc3566e6,0bd6aee5-32dd-453c-8ed5-76bd9788465a,true,true
3c593013-d620-44a9-bfc6-4b7fd6071b77,5c137157-94bf-4144-9263-462d782fdae3,0bd6aee5-32dd-453c-8ed5-76bd9788465a,true,true
82ee004b-1fbe-4f35-bb72-e16c40b1fc21,8b24fc75-4c56-4907-93df-89a4805bf15c,0bd6aee5-32dd-453c-8ed5-76bd9788465a,true,true
33a810f4-2529-4fb0-b77a-e76b56ff4564,e0c4a2bb-8f01-4359-bd77-7022af86cfd4,ea967b68-c8a9-478e-b8f3-a6ab3ae23d99,true,true
0fd912d3-2baa-40c3-b100-1a2bcda57e23,e0c4a2bb-8f01-4359-bd77-7022af86cfd4,0bd6aee5-32dd-453c-8ed5-76bd9788465a,true,true
6117ea38-9ce6-421f-8b5d-668c1b1c598a,bed6e3cd-930d-4fc1-9d91-4a741b27e838,0bd6aee5-32dd-453c-8ed5-76bd9788465a,true,true
0892a535-a539-429b-b607-428981c22804,824431ca-7bee-4dc9-8d91-35877a99b6f8,0bd6aee5-32dd-453c-8ed5-76bd9788465a,true,true
20f509ac-6546-4d6a-b4f8-90063de99132,824431ca-7bee-4dc9-8d91-35877a99b6f8,ea967b68-c8a9-478e-b8f3-a6ab3ae23d99,true,true
a67e3779-12b6-4383-a865-5a32fb849d07,b2a17937-17e9-406f-8759-d24e98b88833,ea967b68-c8a9-478e-b8f3-a6ab3ae23d99,true,true
fd81ee96-6b5f-42dc-9392-e94630182b69,15b31481-537d-451d-b6b4-0aab6994b51b,ea967b68-c8a9-478e-b8f3-a6ab3ae23d99,true,true
c460d450-800b-472d-b1ac-531c3804cf72,608aeb27-98fc-4c16-afc9-973a71ce7e84,0bd6aee5-32dd-453c-8ed5-76bd9788465a,true,true
1f5c4d88-4392-47b4-a3c8-95e5409f5964,608aeb27-98fc-4c16-afc9-973a71ce7e84,ea967b68-c8a9-478e-b8f3-a6ab3ae23d99,true,true
97cc5a4d-0ac8-4111-8144-f7e7935f3cb6,b1031ec9-1a62-4aa3-a18d-e55053a5e352,0bd6aee5-32dd-453c-8ed5-76bd9788465a,true,true
318c7c0e-31b8-441b-abe2-7a4affd4abbf,59131d8b-13fe-4603-9f24-94b73ce53719,0bd6aee5-32dd-453c-8ed5-76bd9788465a,true,true
b4364489-c541-4e4e-bfb1-b5a7ae1e760b,0bd81626-18c3-4a5f-8452-d83aed2b57cc,0bd6aee5-32dd-453c-8ed5-76bd9788465a,true,true
0af3f8e6-2145-4918-8d29-fba43881bd45,292c382c-49fb-40b6-abff-c60f2d8919e0,0bd6aee5-32dd-453c-8ed5-76bd9788465a,true,true
03f61ed4-fe6f-4bca-b400-ee652712c05b,292c382c-49fb-40b6-abff-c60f2d8919e0,ea967b68-c8a9-478e-b8f3-a6ab3ae23d99,false,true
fd6eb745-9ebf-445f-92e1-25709e6cb70b,273ebd19-eae8-4b65-ae92-5f476921b27d,ea967b68-c8a9-478e-b8f3-a6ab3ae23d99,true,true
aff50c15-388b-4e06-91cd-d819edacf1d1,273ebd19-eae8-4b65-ae92-5f476921b27d,0bd6aee5-32dd-453c-8ed5-76bd9788465a,true,true
0aaa3aa0-63dc-4697-8b94-c3da972d6aa4,899e00e4-e421-4bfb-aec0-958476db06ea,0bd6aee5-32dd-453c-8ed5-76bd9788465a,true,true
c39c6b03-4b30-4fb5-9359-52d8567a2cb3,2baf7d57-0939-4259-9880-5ccb2f44c34c,ea967b68-c8a9-478e-b8f3-a6ab3ae23d99,true,true
c404f8db-be7c-4ff7-ab88-59dff4a2a4f0,2baf7d57-0939-4259-9880-5ccb2f44c34c,0bd6aee5-32dd-453c-8ed5-76bd9788465a,true,true
8668af10-0ed2-48c5-abef-2dcb5b792fd4,50db178f-c38d-4875-a6aa-643b05477761,0bd6aee5-32dd-453c-8ed5-76bd9788465a,true,true
1022f402-c16d-4d2e-a028-8e9a79ab12cb,eb57d001-4c90-4ab9-8087-af1648fc270a,0bd6aee5-32dd-453c-8ed5-76bd9788465a,false,true
82011cef-406c-491d-a47c-6b3c5cf0a7a0,443a932a-3df7-4a70-98cb-f5e33e0a7ae6,ea967b68-c8a9-478e-b8f3-a6ab3ae23d99,false,true
056efeba-cf16-4c3f-89d5-dc820cfe19ff,4cb3d1f7-e930-4ea7-808a-440aa9db193b,0bd6aee5-32dd-453c-8ed5-76bd9788465a,true,true
583fe644-b74d-4d22-8bcd-08e7c2bf73f2,d0a85399-b0da-4cc0-9634-9d48c4820354,0bd6aee5-32dd-453c-8ed5-76bd9788465a,true,true
527323b1-24fb-45cb-8a7d-18f8b69b6e30,4c62e30c-3839-40b0-a475-4d9edc39d65e,0bd6aee5-32dd-453c-8ed5-76bd9788465a,true,true
229a5138-04f1-479b-b978-d15e57c78896,a01d1d69-849d-4d04-af1e-94275389de5b,67dbf9f7-4898-4b84-86cf-303137a363be,true,true
eda0023f-fe27-4ed2-8c06-ecb408b9486d,a01d1d69-849d-4d04-af1e-94275389de5b,0bd6aee5-32dd-453c-8ed5-76bd9788465a,true,true
f18be603-5ce9-43d7-93cb-0f784009a95d,a01d1d69-849d-4d04-af1e-94275389de5b,ea967b68-c8a9-478e-b8f3-a6ab3ae23d99,true,true
da270cab-08dc-4ef3-b6d8-2b43f4b07c37,816caf26-01ea-4cd9-8f2e-24e5c5df8027,0bd6aee5-32dd-453c-8ed5-76bd9788465a,true,true
df3d51f1-c05f-4fc7-ad21-1fd588a73aa7,7abb9d59-6b9b-4f7f-a8ec-420d08451868,0bd6aee5-32dd-453c-8ed5-76bd9788465a,false,true
526c5b45-0c14-4b78-8efe-1da992a77b1d,6123aa25-43c8-4c48-9498-03dd38bc1838,ea967b68-c8a9-478e-b8f3-a6ab3ae23d99,true,true
db5af247-42b8-41e0-b557-3137b1de3ecf,90b68826-76f0-4147-8566-4cb72889f79e,ea967b68-c8a9-478e-b8f3-a6ab3ae23d99,true,true
fa36e257-2f8c-4f41-bee0-6a1e6cffbdc8,afa4c0d1-1942-4000-a43d-9a45ab861ddc,0bd6aee5-32dd-453c-8ed5-76bd9788465a,true,true
f9ffc7be-4f91-4aac-b449-0534faba661a,443a932a-3df7-4a70-98cb-f5e33e0a7ae6,67dbf9f7-4898-4b84-86cf-303137a363be,false,true
77567c49-8c8b-45a9-848a-79dae95ddc00,d96b9372-0451-4219-a62b-b23fc2389d2e,ea967b68-c8a9-478e-b8f3-a6ab3ae23d99,true,true
28e44986-0d55-4e71-8e86-4a53732ff7f0,d96b9372-0451-4219-a62b-b23fc2389d2e,0bd6aee5-32dd-453c-8ed5-76bd9788465a,true,true
1b637701-d958-44c5-9a47-6999556d0569,7278c0c3-ea02-45f9-a79c-908d9fc108e3,0bd6aee5-32dd-453c-8ed5-76bd9788465a,true,true
329fca24-b20d-4b6d-9fdd-6beef5728272,7278c0c3-ea02-45f9-a79c-908d9fc108e3,ea967b68-c8a9-478e-b8f3-a6ab3ae23d99,true,true
461e3a70-5ce8-403c-8e22-7d4565bfa67b,ff0295bc-a5c2-4cb3-a05b-8b039c9ec642,0bd6aee5-32dd-453c-8ed5-76bd9788465a,true,true
f47b425a-e3c2-4df4-ae7a-517f7a5c110c,08d97fa7-cae3-4078-b186-a12c88a2fa9d,0bd6aee5-32dd-453c-8ed5-76bd9788465a,true,true
5278c04a-91e8-415c-b782-e4447453e62a,3c8e1f13-9a6e-4ae5-8109-5e0d7f8155ab,0bd6aee5-32dd-453c-8ed5-76bd9788465a,true,true
b9f6db9e-3240-4238-81ed-05c406305908,3c8e1f13-9a6e-4ae5-8109-5e0d7f8155ab,ea967b68-c8a9-478e-b8f3-a6ab3ae23d99,true,true
97c39f09-7e20-4b34-afd7-3f247e7021d6,29297add-8ae5-459e-b82d-efa9978d615e,0bd6aee5-32dd-453c-8ed5-76bd9788465a,true,true
3c5fade2-0a30-4d3a-b1c3-baaac3ab312a,abaeb12f-ac24-4f20-acfc-0d3798149f8e,ea967b68-c8a9-478e-b8f3-a6ab3ae23d99,true,true
9ffa07e0-c762-4c81-ac20-738be4a8a73e,ece9a7b8-b1eb-4c90-9d47-d8528191498a,0bd6aee5-32dd-453c-8ed5-76bd9788465a,true,true
a809adc6-bade-489c-8413-d0b2560b48c9,ece9a7b8-b1eb-4c90-9d47-d8528191498a,ea967b68-c8a9-478e-b8f3-a6ab3ae23d99,true,true
ed2421be-6139-498a-aa62-5b49dd2b06f8,ece9a7b8-b1eb-4c90-9d47-d8528191498a,67dbf9f7-4898-4b84-86cf-303137a363be,true,true
3ad5bd07-dcbe-4324-911a-600a99692c17,ff0295bc-a5c2-4cb3-a05b-8b039c9ec642,0bd6aee5-32dd-453c-8ed5-76bd9788465a,true,true
a180702f-c1a9-4de0-ac38-c4c3b87983d0,41f1d502-a803-40a0-84d8-c669a3914d7a,0bd6aee5-32dd-453c-8ed5-76bd9788465a,true,true
702b966c-98b5-44fd-9b49-88bff5dc9113,80dc5f03-1e9c-4d75-9c6b-8a30c28bd595,0bd6aee5-32dd-453c-8ed5-76bd9788465a,true,true
eff783be-215b-42c5-b150-61f04c477c06,6f3cbdec-0804-49aa-a46c-234e82511bb5,0bd6aee5-32dd-453c-8ed5-76bd9788465a,true,true
17d23402-fece-44de-bad3-2b3b9165ed06,48be68e0-f09e-4af5-a0f4-e213648c849c,0bd6aee5-32dd-453c-8ed5-76bd9788465a,true,true
1897d5a3-2ed2-421c-a85b-81315280d2d2,8b214d99-d27d-4a05-9224-2693590cc2f0,ea967b68-c8a9-478e-b8f3-a6ab3ae23d99,true,true
6584439a-47cd-438c-9b10-fddbae6072c1,88035328-df35-48ae-bf9e-e90cce50ba36,0bd6aee5-32dd-453c-8ed5-76bd9788465a,true,true
5c9b7b04-e256-4387-a067-a4808a287e77,88035328-df35-48ae-bf9e-e90cce50ba36,ea967b68-c8a9-478e-b8f3-a6ab3ae23d99,true,true
93264a35-4a51-4331-ba15-92b24c3c797b,8b214d99-d27d-4a05-9224-2693590cc2f0,0bd6aee5-32dd-453c-8ed5-76bd9788465a,true,true
9f05d5a6-b727-42cf-99d5-edad7b8df4e4,37ebef7f-e222-466c-abf2-17172db1a50e,0bd6aee5-32dd-453c-8ed5-76bd9788465a,true,true
0d2573cd-9270-4358-82f6-52bd7426ffa8,8663cca3-9fbb-415f-a1b0-1b558f6ae450,0bd6aee5-32dd-453c-8ed5-76bd9788465a,true,true
293102a2-6f45-4c21-b3c6-e884023fd286,bc71ccd7-fd7e-4b54-a8f2-42c0570f4564,ea967b68-c8a9-478e-b8f3-a6ab3ae23d99,true,true
814330eb-d6b2-4e80-8f8d-e36a6bc26ef3,d257600a-a7c6-4c57-8c9e-3291215eb7ff,0bd6aee5-32dd-453c-8ed5-76bd9788465a,true,true
1c77f218-5fe0-48a4-abb4-f029567db9a4,07b90d69-22ac-4b6d-986e-a9e446d5c3f0,ea967b68-c8a9-478e-b8f3-a6ab3ae23d99,true,true
d9f8bfc7-2dad-4812-925c-bf7a848c3d12,07b90d69-22ac-4b6d-986e-a9e446d5c3f0,0bd6aee5-32dd-453c-8ed5-76bd9788465a,true,true
0e2b399b-14d6-40c6-9f04-535930b5fb1d,f4f013bc-dae3-4daa-b15b-0c692496dc44,0bd6aee5-32dd-453c-8ed5-76bd9788465a,true,true
4798aa63-fa4b-4d45-ae34-e021a1e4a1f2,1726735a-e571-4d58-a8b3-08e6e40493ab,0bd6aee5-32dd-453c-8ed5-76bd9788465a,true,true
35a1a1ef-8637-4e07-a4cf-c0a16442ea2e,25f47346-9364-4e23-9a0d-3982dd6812c7,ea967b68-c8a9-478e-b8f3-a6ab3ae23d99,true,true
e89e2378-06ae-4afb-92e7-a2f5a411f01b,25f47346-9364-4e23-9a0d-3982dd6812c7,0bd6aee5-32dd-453c-8ed5-76bd9788465a,true,true
834ff0cc-2cf0-4e3f-ba72-658c61b27df2,9fcf7cf8-6c5b-467a-a034-e851cacac059,0bd6aee5-32dd-453c-8ed5-76bd9788465a,true,true
bc13b652-4ae7-49e1-902d-6a71cdecb53f,cc5ca162-6f32-410d-a673-760b1ba6b559,0bd6aee5-32dd-453c-8ed5-76bd9788465a,true,true
a1df6e87-2660-4f9d-8f81-1b2d9fcc82ef,1b92d09d-c416-4c1f-8194-27a388830946,0bd6aee5-32dd-453c-8ed5-76bd9788465a,true,true
d075902a-8639-45c8-a85e-60d78eaed185,ebcfdb46-eb4c-42e9-aa32-0ea94e04a549,0bd6aee5-32dd-453c-8ed5-76bd9788465a,true,true
f1539f37-fcf0-4e73-ae6b-972a9b53e423,12ae8168-1c63-424d-bd1e-282e1ceff574,67dbf9f7-4898-4b84-86cf-303137a363be,true,true
294035f1-4cee-4cf8-b9bf-40fa12a16970,12ae8168-1c63-424d-bd1e-282e1ceff574,0bd6aee5-32dd-453c-8ed5-76bd9788465a,true,true
7e30a418-0f10-4eab-bac5-848e3edfb595,12ae8168-1c63-424d-bd1e-282e1ceff574,ea967b68-c8a9-478e-b8f3-a6ab3ae23d99,true,true
5bf0bc53-992a-48d3-826d-a93b2b585b85,423c7642-4705-4008-b1db-ecc8c4902a23,0bd6aee5-32dd-453c-8ed5-76bd9788465a,true,true
abaf2e87-eb99-44e3-b892-afdab6950e31,8c6d24fe-266d-4123-9304-a3dfb55c04ed,0bd6aee5-32dd-453c-8ed5-76bd9788465a,true,true
2596360a-0c84-4ab7-909b-3202b0268e90,f1f1adb1-fef1-4d96-a0f7-961c81367a91,0bd6aee5-32dd-453c-8ed5-76bd9788465a,true,true
9efa453d-5907-4c05-8120-eae8ab3ea60d,b3c48b09-2108-4318-8dcb-4c190dc4c9ea,0bd6aee5-32dd-453c-8ed5-76bd9788465a,true,true
47058342-975c-4b05-b44d-7586699e45c0,d7587b02-5d59-4a01-830b-1578075e057d,ea967b68-c8a9-478e-b8f3-a6ab3ae23d99,false,true
7a2aa51a-3d36-4eb5-80dd-ee8b70fef704,d7587b02-5d59-4a01-830b-1578075e057d,0bd6aee5-32dd-453c-8ed5-76bd9788465a,true,true
2352cf46-f30c-44f5-a635-5a1d27cda583,5ae7a688-6f8b-4fed-a8f5-8e4c1ae8870a,0bd6aee5-32dd-453c-8ed5-76bd9788465a,true,true
b9f341f5-92e3-4be8-b356-07d7359cad4d,5ae7a688-6f8b-4fed-a8f5-8e4c1ae8870a,ea967b68-c8a9-478e-b8f3-a6ab3ae23d99,true,true
26ace271-36f8-435a-9af1-6e70b3e0c376,255ea33e-07e0-4155-87dc-4e7c0cf252c5,ea967b68-c8a9-478e-b8f3-a6ab3ae23d99,true,true
fca51a9b-43ff-4382-9639-67f515c92de7,275f4f11-8b6a-411d-8994-b8ce6bc22209,0bd6aee5-32dd-453c-8ed5-76bd9788465a,false,true
d9449726-aadc-4f04-a08b-a47d9bbbde0a,5530bc85-55ef-47f6-9a06-13b4a97b876a,0bd6aee5-32dd-453c-8ed5-76bd9788465a,true,true
12cac7e7-c820-4f33-b404-beeacfba7518,0905f402-d035-44e3-ae61-5ae5450fcfb5,ea967b68-c8a9-478e-b8f3-a6ab3ae23d99,true,true
c1399f25-b834-4d8a-b10c-90347c3ecb50,0905f402-d035-44e3-ae61-5ae5450fcfb5,0bd6aee5-32dd-453c-8ed5-76bd9788465a,true,true
dfe2fadf-b1e8-4927-821a-13dd48c73991,aa03c8f8-4618-4035-9a4f-9b5a00996a93,0bd6aee5-32dd-453c-8ed5-76bd9788465a,true,true
a8adf378-59a9-405f-ac90-abb3e2e7cbe8,602777eb-003a-4528-ad66-c21411405db2,0bd6aee5-32dd-453c-8ed5-76bd9788465a,true,true
bea0a63f-30a0-4299-8b56-511bf5c10c38,128360a6-37d7-45bf-9654-6391b8688e86,0bd6aee5-32dd-453c-8ed5-76bd9788465a,true,true
02fa6363-a2fe-40f4-9569-71fe9325f8d9,52169981-769c-404f-82ec-af730c56e36b,0bd6aee5-32dd-453c-8ed5-76bd9788465a,true,true
83af5894-2da8-407b-aa2e-611adb3fc212,8d73b26f-5298-4386-bfe0-204ef56e1f05,0bd6aee5-32dd-453c-8ed5-76bd9788465a,true,true
c2ac4173-caf4-4331-b1eb-b085f21b1823,ccbfb498-7949-41cc-90de-eeb927d56b14,0bd6aee5-32dd-453c-8ed5-76bd9788465a,true,true
7a8a9b04-7755-45ed-bdec-85a9e05e2098,7d3621e0-6f26-4d52-8dc0-374f42917de4,0bd6aee5-32dd-453c-8ed5-76bd9788465a,true,true
f057f2df-5b85-49b1-b609-c992a1e79c1d,ba6f2610-429b-46c3-be84-cb419cc32fb1,0bd6aee5-32dd-453c-8ed5-76bd9788465a,true,true
0544955d-58e2-4e2b-8800-91ed90d92a86,b5ca0e80-0449-4625-8aa4-d2b1effbcefe,0bd6aee5-32dd-453c-8ed5-76bd9788465a,true,true
2749e318-06b7-41bd-b9ba-f96a91094ef6,6a7a02e7-100e-4ddc-806a-bddaa78a801c,0bd6aee5-32dd-453c-8ed5-76bd9788465a,true,true
0913fed1-2c08-400a-a58d-c89135711a36,b2aa7e53-80ad-4689-8be2-d6edb51e2f98,0bd6aee5-32dd-453c-8ed5-76bd9788465a,true,true
d204a15b-b714-44d8-ba00-da986be05f39,e788132e-f101-4728-ae2b-1ba002462220,0bd6aee5-32dd-453c-8ed5-76bd9788465a,true,true
5325abb9-3e24-4e0b-9881-bc7fbcc2280a,dce56cf0-b413-4a02-9a87-2623e0e50291,0bd6aee5-32dd-453c-8ed5-76bd9788465a,true,true
5ff20184-6ce4-4520-b88a-7edaa87824df,391b048f-9ce3-4064-b9cc-4633f675f46f,0bd6aee5-32dd-453c-8ed5-76bd9788465a,true,true
223ff58f-52d3-4677-bee8-9246e998c704,85d199c7-8011-4b02-8a1a-b9bc92372d55,ea967b68-c8a9-478e-b8f3-a6ab3ae23d99,true,true
eeb61f20-e863-4d53-9a85-18342844b513,85d199c7-8011-4b02-8a1a-b9bc92372d55,0bd6aee5-32dd-453c-8ed5-76bd9788465a,true,true
15478e92-caf3-40bf-8c9a-f0cf30feb25e,9fedf108-216d-41b7-a55c-bfa40bfc33a9,0bd6aee5-32dd-453c-8ed5-76bd9788465a,true,true
87dc567d-3e30-49ce-aa54-394b9039427a,0669262c-3990-4e13-a7b9-89b1645dc86e,0bd6aee5-32dd-453c-8ed5-76bd9788465a,true,true
ab526c83-a448-4efd-b686-7cf3bbf26e3e,aea05bd4-01c9-42fe-95bb-4f5da9dfac1c,0bd6aee5-32dd-453c-8ed5-76bd9788465a,true,true
f4e05bca-b992-4080-97de-d97df012a280,57126e4f-fa1d-4ba5-bd30-765cdb8626e7,0bd6aee5-32dd-453c-8ed5-76bd9788465a,true,true
81ad7110-ce92-47be-9f16-bdd3105ffd39,57126e4f-fa1d-4ba5-bd30-765cdb8626e7,ea967b68-c8a9-478e-b8f3-a6ab3ae23d99,true,true
581f66d7-af1f-4e57-bcb4-80bfe7fdb0aa,ab93ec8f-3a4d-4820-98be-192a7548e6e8,0bd6aee5-32dd-453c-8ed5-76bd9788465a,true,true
52e29fb6-bf88-4675-b1a1-78caa678f64b,79ea4d1a-1e38-45ba-b344-558119ea312c,0bd6aee5-32dd-453c-8ed5-76bd9788465a,true,true
06f78498-7c3c-40cc-aea2-a9eb471ac87c,f9683c35-a4ec-4d6b-af55-8c4d7b378f17,0bd6aee5-32dd-453c-8ed5-76bd9788465a,true,true
2229be0f-4ce0-4fdc-b93f-afc429ddca59,77a3ad39-8cc4-4bfb-b2d0-9b4c1b9312c7,0bd6aee5-32dd-453c-8ed5-76bd9788465a,true,true
cbc29123-3d79-4348-9488-868162ad0535,2d2f18fc-a264-42f2-a4b4-213a8e8f9898,0bd6aee5-32dd-453c-8ed5-76bd9788465a,true,true
dd753981-2081-4ce2-896f-acc234d3e28a,21936bff-d7b3-4b6b-823e-759a9eff840b,0bd6aee5-32dd-453c-8ed5-76bd9788465a,true,true
3e668002-6464-44b1-845d-8abd3740c760,d7404cb6-e572-434b-820a-e4dc83bf05ea,0bd6aee5-32dd-453c-8ed5-76bd9788465a,true,true
e7997254-8a42-4ca0-8058-02b8deb8d397,62e557e8-b4ca-45fc-a102-de0ea65814e0,0bd6aee5-32dd-453c-8ed5-76bd9788465a,true,true
b0183bca-6d11-4b4c-bc7e-4c97f26b7acd,58c33a8d-ce61-4804-8786-c42ec17a6367,0bd6aee5-32dd-453c-8ed5-76bd9788465a,true,true
aa6880ea-977a-482a-b424-3711b9ab0997,59b90ba3-1044-4888-a33b-230af86196fb,0bd6aee5-32dd-453c-8ed5-76bd9788465a,true,true
1d94c8c3-8918-4c9e-9220-f30a9292e08d,90a8889e-a59e-4105-a20a-a8741b2e402d,0bd6aee5-32dd-453c-8ed5-76bd9788465a,true,true
80b7e08f-76ca-47b1-bbbe-b9faf4d230f0,6149c9a0-8a77-484c-aaa3-9388eebf46f9,0bd6aee5-32dd-453c-8ed5-76bd9788465a,false,true
5c76a873-547b-4c6b-8ca0-e64b7dfd4a1d,41f1d502-a803-40a0-84d8-c669a3914d7a,ea967b68-c8a9-478e-b8f3-a6ab3ae23d99,true,true
dede3fa2-ccf6-4b34-bbd7-d64757623939,376ba9e2-c1ae-4b3a-995c-c75bd2500dc9,0bd6aee5-32dd-453c-8ed5-76bd9788465a,true,true
dc73b74f-6ffd-4c70-806c-82925170b442,376ba9e2-c1ae-4b3a-995c-c75bd2500dc9,ea967b68-c8a9-478e-b8f3-a6ab3ae23d99,true,true
2a24f2c1-4d02-4314-aa86-c65269a1927a,18d1659a-7686-4f56-84a2-7ff18b903766,0bd6aee5-32dd-453c-8ed5-76bd9788465a,true,true
7778e454-6c35-44ea-87d8-ac5896355436,a051dcd9-d69d-4b09-908b-1a8fe958a7c2,0bd6aee5-32dd-453c-8ed5-76bd9788465a,true,true
9009d57e-0b2b-426f-ab44-7cea0a8175f0,18e33264-ed12-4c06-a470-b12044c809e6,0bd6aee5-32dd-453c-8ed5-76bd9788465a,false,true
bab73a20-346d-44e2-9850-63c0e672edbf,bc71ccd7-fd7e-4b54-a8f2-42c0570f4564,0bd6aee5-32dd-453c-8ed5-76bd9788465a,true,true
5af95819-824e-4fac-9b3c-87e8aff79158,d8d8167f-698e-437e-ba4b-f0f601fb6c8c,ea967b68-c8a9-478e-b8f3-a6ab3ae23d99,true,true
cc32c9de-ce5e-414d-a0b7-375b624c193c,d8d8167f-698e-437e-ba4b-f0f601fb6c8c,0bd6aee5-32dd-453c-8ed5-76bd9788465a,true,true
99bea2a4-b4ba-4850-acf4-e64d8acfd0f8,0bcb356e-e039-4ad3-a72f-bbffabb2ad17,0bd6aee5-32dd-453c-8ed5-76bd9788465a,true,true
a5a83bbb-344e-486f-bf00-b284093352e1,0bcb356e-e039-4ad3-a72f-bbffabb2ad17,ea967b68-c8a9-478e-b8f3-a6ab3ae23d99,true,true
36ff2382-40ef-4415-8549-ed22f7539135,6b0288a4-460a-4250-85fd-5eecf6389b55,0bd6aee5-32dd-453c-8ed5-76bd9788465a,true,true
0e32e540-4e05-4164-8d2d-04b2a598cdf8,e1281016-3763-406a-970e-c9c42449a55f,0bd6aee5-32dd-453c-8ed5-76bd9788465a,true,true
f4cb7f5d-9192-4b2f-9c85-777d3c4c8244,a2c921d3-6ff7-4bde-a2d9-0c8a786cf9ad,0bd6aee5-32dd-453c-8ed5-76bd9788465a,false,true
a3ee9ab7-30d7-44a3-85fb-7471af5b4a12,b75f2ecb-89a0-463c-bdce-2049d541d36f,0bd6aee5-32dd-453c-8ed5-76bd9788465a,true,true
5f9e2830-80b1-490a-b90b-872296c0a9cf,80b376bc-1d6d-47d2-bb86-7b2549105957,0bd6aee5-32dd-453c-8ed5-76bd9788465a,true,true
89c84405-5350-401d-9639-71383fdecb2b,0d26ee5a-a3cb-4e1c-ace0-36af33bd5be9,0bd6aee5-32dd-453c-8ed5-76bd9788465a,true,true
46f3aa5b-57e3-4a45-a7d6-ce166ad5a700,80b376bc-1d6d-47d2-bb86-7b2549105957,ea967b68-c8a9-478e-b8f3-a6ab3ae23d99,true,true
5e8f7f95-ec3d-4acc-a35b-ca33844f602b,14b881e4-9847-4400-b082-ea0be6c9280e,0bd6aee5-32dd-453c-8ed5-76bd9788465a,true,true
e5068a8c-289c-4e21-bdab-cbf4c31cde67,14b881e4-9847-4400-b082-ea0be6c9280e,ea967b68-c8a9-478e-b8f3-a6ab3ae23d99,true,true
39371ae4-5d6a-40e5-aff4-4eb4efb0be68,1f62b485-7585-47b1-942d-a94317c2a925,0bd6aee5-32dd-453c-8ed5-76bd9788465a,true,true
9a7c91e3-ac9f-48fe-abac-44af027e4cfb,e7533e28-9e33-48a1-b3db-b3b516033902,0bd6aee5-32dd-453c-8ed5-76bd9788465a,true,true
b17aa530-aa53-4540-ae0d-bddb25a668f0,e7533e28-9e33-48a1-b3db-b3b516033902,ea967b68-c8a9-478e-b8f3-a6ab3ae23d99,true,true
7970d820-a106-48c1-bbbe-1c3da250e55c,b1e8e198-33c4-4448-9f47-c2938d963d3f,ea967b68-c8a9-478e-b8f3-a6ab3ae23d99,true,true
9aa1602d-55be-4f8a-8d45-5c39e848fa7b,b1e8e198-33c4-4448-9f47-c2938d963d3f,0bd6aee5-32dd-453c-8ed5-76bd9788465a,true,true
87927949-5df2-43b4-bbeb-1e466ac7e834,81c64f36-840d-45b3-a255-4ff45253ad65,ea967b68-c8a9-478e-b8f3-a6ab3ae23d99,true,true
78cd532c-7278-4a8f-9276-ab1b61ade5f0,81c64f36-840d-45b3-a255-4ff45253ad65,0bd6aee5-32dd-453c-8ed5-76bd9788465a,true,true
7f9056f9-b18f-4afd-88b1-b11b506939a6,f18fcd5f-838b-40b2-aa71-f7ede7de0ae2,0bd6aee5-32dd-453c-8ed5-76bd9788465a,true,true
4aed89ef-a4d8-43f6-816b-4291f4972ed9,5645fdf1-97e5-41d4-86e2-66d53d9e69bc,ea967b68-c8a9-478e-b8f3-a6ab3ae23d99,true,true
a143a996-dba8-4233-8874-f07f1a9cee57,5645fdf1-97e5-41d4-86e2-66d53d9e69bc,0bd6aee5-32dd-453c-8ed5-76bd9788465a,true,true
4433becf-dea0-4af5-a11f-b0b7a0ba097b,c5c87ea2-c29a-4758-afe0-06ae9e35faee,ea967b68-c8a9-478e-b8f3-a6ab3ae23d99,false,true
8e12f27e-73f5-41d7-86aa-e424d76eb268,c5c87ea2-c29a-4758-afe0-06ae9e35faee,0bd6aee5-32dd-453c-8ed5-76bd9788465a,true,true
c63e2046-5073-4ea0-b741-db0fb4022b3f,812cedfe-8a70-4bdf-bcc4-11a06d527c2d,ea967b68-c8a9-478e-b8f3-a6ab3ae23d99,true,true
5753a052-00c7-4fc9-9b23-e3c1442edcad,4888deb5-bd03-4959-89d7-05aaeb8aa24a,0bd6aee5-32dd-453c-8ed5-76bd9788465a,true,true
8746f574-d169-40e3-8633-458509630cb7,640bbd40-cf9a-4a8a-aa22-07202617cb4f,0bd6aee5-32dd-453c-8ed5-76bd9788465a,true,true
a50fc289-4358-4e5b-9eb4-0ca751a0ab55,18819631-5044-4c08-8970-16962add04d2,0bd6aee5-32dd-453c-8ed5-76bd9788465a,true,true
4f631d66-ccdc-4446-b62d-426d1d6dc6d7,0c5bdb52-f100-4b3c-9596-9d46e8a82a08,ea967b68-c8a9-478e-b8f3-a6ab3ae23d99,true,true
b27c1d29-64ac-4a5d-b56f-4c2eb732167c,0c5bdb52-f100-4b3c-9596-9d46e8a82a08,0bd6aee5-32dd-453c-8ed5-76bd9788465a,true,true
ae84232d-c2b4-46fe-acfc-98087df572d7,e43c4ca6-0870-405b-a82f-5f5d39dfe2e6,0bd6aee5-32dd-453c-8ed5-76bd9788465a,true,true
ad4e6810-8def-48f3-a4ad-4cd69cc54f35,41537792-20a8-4bce-869a-1e92ea4bd8e7,0bd6aee5-32dd-453c-8ed5-76bd9788465a,true,true
e02d7d7f-ceca-411a-abaa-e9a0fe4e311e,4e70812c-a125-4b7d-846a-c1d45a782e3d,0bd6aee5-32dd-453c-8ed5-76bd9788465a,true,true
22e7f9f0-8bba-4b00-bd4b-6858d9c13b86,6731a04b-0ae6-40b7-8ebc-a70b059a89d8,ba54fb99-cd67-484d-b68f-34aea2d83af6,true,true
9beadae8-a1ac-48da-ae3c-541848f01cca,eaca7fb0-2ff5-47dc-b8fc-78a34085fe58,ea967b68-c8a9-478e-b8f3-a6ab3ae23d99,true,true
03a187c2-8f7a-4e25-85de-50353b5882d5,6731a04b-0ae6-40b7-8ebc-a70b059a89d8,0bd6aee5-32dd-453c-8ed5-76bd9788465a,true,true
576e43e6-9c74-4d15-b0d6-bb41316f2497,932ece98-391a-4b52-b951-ec9b582a64bc,0bd6aee5-32dd-453c-8ed5-76bd9788465a,true,true
718fe1f3-e94a-4a2a-94c2-ace585ed3d91,e0330c78-7a54-43c7-86d1-0cc579b9d559,0bd6aee5-32dd-453c-8ed5-76bd9788465a,true,true
9f9c0b53-8faa-4ae6-a237-c9f0fb2d08a9,23f631ad-c50d-4281-82b6-c910b432f7a5,0bd6aee5-32dd-453c-8ed5-76bd9788465a,true,true
90ad8c4a-e77a-457e-a14d-40b1ae951ec5,d36a013c-1556-4182-bc10-09a08ea750a0,ba54fb99-cd67-484d-b68f-34aea2d83af6,true,true
d0453a5e-144d-4a53-8ce7-c51a0d480901,d36a013c-1556-4182-bc10-09a08ea750a0,0bd6aee5-32dd-453c-8ed5-76bd9788465a,true,true
d6d8febb-ee0c-403f-a311-9cea877dfc3c,b27f54e9-4cad-44db-8dd8-2b535c5e2b46,0bd6aee5-32dd-453c-8ed5-76bd9788465a,true,true
4ba77896-e01b-4d77-978a-dd71996a1f0d,b27f54e9-4cad-44db-8dd8-2b535c5e2b46,ea967b68-c8a9-478e-b8f3-a6ab3ae23d99,true,true
11524684-6523-42b6-9edf-55406225fe27,6248295f-76f1-41ac-ad8c-19be6203fee8,0bd6aee5-32dd-453c-8ed5-76bd9788465a,true,true
853036c2-c0fe-440d-90f9-13a1e01faab4,3aa3c5df-c98b-4f79-9f18-3eec445a1492,ea967b68-c8a9-478e-b8f3-a6ab3ae23d99,true,true
9ca5096e-731b-45fa-b566-97e5439d9787,3aa3c5df-c98b-4f79-9f18-3eec445a1492,0bd6aee5-32dd-453c-8ed5-76bd9788465a,true,true
265c4e19-3cb8-4b71-831f-f118436fe1ae,7d927ef2-d775-4a37-9c31-9ca9c5766fc5,0bd6aee5-32dd-453c-8ed5-76bd9788465a,true,true
d8751722-db3b-4053-8e91-12b8bc4dc2c6,b7f5665a-063c-4064-aa41-9417ef9649bc,0bd6aee5-32dd-453c-8ed5-76bd9788465a,true,true
02720c3e-23d7-4422-b1fb-2cc6ee77f633,650ba564-3358-4cff-8bfc-695a2df8796d,ea967b68-c8a9-478e-b8f3-a6ab3ae23d99,true,true
8498da75-c9bb-481a-b16e-092db45b92bc,650ba564-3358-4cff-8bfc-695a2df8796d,67dbf9f7-4898-4b84-86cf-303137a363be,true,true
dfc88928-556d-4f92-a4c5-fb8fe6d45b31,650ba564-3358-4cff-8bfc-695a2df8796d,0bd6aee5-32dd-453c-8ed5-76bd9788465a,true,true
1bbc8590-95d0-4a95-8895-09dc6e72efa4,f4aea117-4736-4975-a3a9-ae7db9449e70,0bd6aee5-32dd-453c-8ed5-76bd9788465a,true,true
e833fb0b-d884-4510-b841-9e3d699d34fa,8cbb4c9a-95a9-4373-aa6e-3f4901cec2d9,0bd6aee5-32dd-453c-8ed5-76bd9788465a,true,true
39abb95b-5003-4e53-b104-8790498e5d3c,8cbb4c9a-95a9-4373-aa6e-3f4901cec2d9,ea967b68-c8a9-478e-b8f3-a6ab3ae23d99,true,true
b2eff60e-3637-4a31-8a74-b2af5300c783,6a162979-a270-45e3-b206-a54057c91f9c,ea967b68-c8a9-478e-b8f3-a6ab3ae23d99,true,true
60d5ac7d-ab82-4e5c-9e17-145527033ff4,6a162979-a270-45e3-b206-a54057c91f9c,0bd6aee5-32dd-453c-8ed5-76bd9788465a,true,true
61b3dedf-9ece-4bcf-8711-9873ed6ceb42,2b627002-fa87-46c4-822d-11edf6dff704,0bd6aee5-32dd-453c-8ed5-76bd9788465a,true,true
d0bbe634-9677-4105-aaee-875e8c450170,2b627002-fa87-46c4-822d-11edf6dff704,ea967b68-c8a9-478e-b8f3-a6ab3ae23d99,true,true
3a2fb2d1-a65b-4652-81d4-1f18976f4bdc,3513994c-0ed2-4fd5-83b2-b82c0e8fd96c,0bd6aee5-32dd-453c-8ed5-76bd9788465a,true,true
d15b7e6d-5c81-465d-bab0-00dd8b7cb8a8,3513994c-0ed2-4fd5-83b2-b82c0e8fd96c,ea967b68-c8a9-478e-b8f3-a6ab3ae23d99,true,true
15601c91-d983-4085-9f62-8bdc5ead3db3,ea21af18-e7a6-4835-86e8-e8b04f4e31b3,0bd6aee5-32dd-453c-8ed5-76bd9788465a,true,true
3eab9875-eb40-4082-a741-e93944c83837,04de971b-3253-4a07-836a-a52191c8d293,ea967b68-c8a9-478e-b8f3-a6ab3ae23d99,false,true
5a304a6e-173f-457c-9997-0b2e2ecda77e,04de971b-3253-4a07-836a-a52191c8d293,67dbf9f7-4898-4b84-86cf-303137a363be,true,true
a92a5bfa-11e5-4f74-a27f-8224caca896d,cfb9e9a6-4315-4073-aaca-6c032cc8de1d,0bd6aee5-32dd-453c-8ed5-76bd9788465a,true,true
793e8a29-33c4-494b-b330-a84eebfabc8c,cfb9e9a6-4315-4073-aaca-6c032cc8de1d,ea967b68-c8a9-478e-b8f3-a6ab3ae23d99,true,true
1b8bfa3e-03b9-4355-9e96-e1c84f95f3a2,068022a8-8f1e-4fd1-9660-0220d4117d59,0bd6aee5-32dd-453c-8ed5-76bd9788465a,true,true
ff48c293-2832-48f2-9456-9ba3f6f31df9,b88c84cb-1a02-410e-a6e8-3572ecb31913,ea967b68-c8a9-478e-b8f3-a6ab3ae23d99,true,true
6d622d84-c3b6-4825-83a2-19c42a9be2d3,ece317e1-d427-4cca-a3cf-3572608666fb,0bd6aee5-32dd-453c-8ed5-76bd9788465a,true,true
293305d9-44b3-4aa6-883e-b7e657edb370,cbb1efcf-b0ee-42f4-90a3-1104d6ee01eb,67dbf9f7-4898-4b84-86cf-303137a363be,true,true
3aa10d83-4992-4df2-b69d-bf654e31ea51,cbb1efcf-b0ee-42f4-90a3-1104d6ee01eb,0bd6aee5-32dd-453c-8ed5-76bd9788465a,true,true
f0c4aa75-6c4b-4a1c-9e99-9239dee3f26d,cbb1efcf-b0ee-42f4-90a3-1104d6ee01eb,ea967b68-c8a9-478e-b8f3-a6ab3ae23d99,true,true
0672fb1f-1c00-4750-b51d-2b86e327f499,ee762358-4b2a-4de0-9cb1-7845e0888720,0bd6aee5-32dd-453c-8ed5-76bd9788465a,true,true
8fb9ddab-9090-4623-8959-41414f32a619,ee762358-4b2a-4de0-9cb1-7845e0888720,ea967b68-c8a9-478e-b8f3-a6ab3ae23d99,true,true
76ead896-310b-43bf-bad1-aa58a6522d06,dcbb7417-e932-47f2-acfb-802cb66aa3de,ea967b68-c8a9-478e-b8f3-a6ab3ae23d99,true,true
5760a6c6-4792-424e-b693-700d0118f318,b99aba21-b036-44dc-92e3-7ba6e74c659e,0bd6aee5-32dd-453c-8ed5-76bd9788465a,true,true
b7ee524b-22bf-47d4-855b-cdc462bdce84,163257cf-5156-49cd-9f7d-4a3fcd10d40c,0bd6aee5-32dd-453c-8ed5-76bd9788465a,true,true
0b036e0e-2612-4de2-9fe9-bc6f74e69088,abee7211-882f-443a-92f8-f9fdbe023cc0,0bd6aee5-32dd-453c-8ed5-76bd9788465a,true,true
751c5e42-ce9b-4894-a11b-e0cf64787813,904da4c3-25ab-46c2-ae0b-ee1aceba0c23,0bd6aee5-32dd-453c-8ed5-76bd9788465a,true,true
a7d6ec6d-7913-4402-b6e2-21b4238d16f4,abee7211-882f-443a-92f8-f9fdbe023cc0,ea967b68-c8a9-478e-b8f3-a6ab3ae23d99,true,true
9cf69c4e-77c2-481d-8193-399ba571b38f,65d8d275-9723-447a-96f3-46c9d87a263d,0bd6aee5-32dd-453c-8ed5-76bd9788465a,true,true
dabeb84c-050a-430c-b9f7-69970a0fc4a0,a0d244c8-e776-499d-b1ce-b280c89d0b6f,0bd6aee5-32dd-453c-8ed5-76bd9788465a,true,true
5a9b0bb4-ac02-4744-bcd5-a01048e37477,921018b5-4205-44aa-ae53-9ec8668cc75b,0bd6aee5-32dd-453c-8ed5-76bd9788465a,true,true
bc5fd108-9c1f-4c9e-bfe0-c10aa451544b,54d0272a-2d37-4336-aba9-5a7ed845448c,0bd6aee5-32dd-453c-8ed5-76bd9788465a,true,true
7d241a77-af4b-4741-8950-470f0345b85a,54d0272a-2d37-4336-aba9-5a7ed845448c,ea967b68-c8a9-478e-b8f3-a6ab3ae23d99,true,true
d0457f01-fdc1-44e4-bd41-4def89e165e1,5909b7f0-9748-4f4b-91a2-093f8571ed93,ea967b68-c8a9-478e-b8f3-a6ab3ae23d99,false,true
3e19782c-d150-4b79-99dd-b47b6c7cb66e,5909b7f0-9748-4f4b-91a2-093f8571ed93,0bd6aee5-32dd-453c-8ed5-76bd9788465a,true,true
ff36fb29-b576-4bfc-87ba-d8135bc0279c,3baddd3d-b010-455e-a03b-40d9df57b83e,ea967b68-c8a9-478e-b8f3-a6ab3ae23d99,true,true
0ea6c2d7-aca4-4ebe-b8c8-ad7859eb5082,3baddd3d-b010-455e-a03b-40d9df57b83e,0bd6aee5-32dd-453c-8ed5-76bd9788465a,true,true
d6cf9b82-8665-40d9-a906-a4f6f6188e50,5909b7f0-9748-4f4b-91a2-093f8571ed93,67dbf9f7-4898-4b84-86cf-303137a363be,false,true
b2d5e0c4-14cd-4ce6-96fa-c4ee3c37475e,8d685ac0-727b-407e-bdf2-30842c4d5d59,ea967b68-c8a9-478e-b8f3-a6ab3ae23d99,true,true
d46def90-57d1-49d8-b82c-6167100b2f52,bee8a3e0-7cc4-4afb-b710-dac95a67f570,0bd6aee5-32dd-453c-8ed5-76bd9788465a,true,true
36f51098-32a1-4ba0-8d5a-efe266c5a27c,bee8a3e0-7cc4-4afb-b710-dac95a67f570,67dbf9f7-4898-4b84-86cf-303137a363be,false,true
e773644b-2650-4fb5-91bd-e5b5cef63326,bee8a3e0-7cc4-4afb-b710-dac95a67f570,ea967b68-c8a9-478e-b8f3-a6ab3ae23d99,false,true
cb5864f6-df3c-46a9-833d-d8ab5179ee24,8d685ac0-727b-407e-bdf2-30842c4d5d59,0bd6aee5-32dd-453c-8ed5-76bd9788465a,true,true
94d02072-de95-49f4-8363-5cfac08a0acd,495466bb-95e9-4c9c-b524-b4eaa7455a9a,0bd6aee5-32dd-453c-8ed5-76bd9788465a,true,true
a21131ac-fc40-4a0d-ba6f-d2bbf2586951,dfe5d7f1-1a45-4440-a684-fd3d98e8125f,0bd6aee5-32dd-453c-8ed5-76bd9788465a,true,true
5165f13c-4e00-4195-a06d-ff6fdb3d9d0b,9835bb15-031f-4799-ba16-39814c479db6,0bd6aee5-32dd-453c-8ed5-76bd9788465a,true,true
03be4146-29af-407f-ae0b-8cd10b274d6e,a1e38da4-3ca2-4b9e-90d3-f88cfa1d7dea,0bd6aee5-32dd-453c-8ed5-76bd9788465a,true,true
2fa4b623-d493-41d2-a77d-52d49bec141d,a1e38da4-3ca2-4b9e-90d3-f88cfa1d7dea,ea967b68-c8a9-478e-b8f3-a6ab3ae23d99,false,true
166357a8-daaf-48f3-8c2e-aa12ed1d0327,a1e38da4-3ca2-4b9e-90d3-f88cfa1d7dea,67dbf9f7-4898-4b84-86cf-303137a363be,false,true
8313b29a-2ff9-4456-bc04-50c1335bae74,ca04fc52-a6a4-4c67-bc21-896d45077342,0bd6aee5-32dd-453c-8ed5-76bd9788465a,true,true
8c29be69-fae6-450f-970d-d983c75cf97a,ca04fc52-a6a4-4c67-bc21-896d45077342,ea967b68-c8a9-478e-b8f3-a6ab3ae23d99,true,true
4b419c24-6880-4709-a82e-254f64ed0eb4,9e093808-1df9-42b7-ae57-b0134026035e,67dbf9f7-4898-4b84-86cf-303137a363be,false,true
c42d66cf-79de-4254-9b42-b24254895609,9e093808-1df9-42b7-ae57-b0134026035e,0bd6aee5-32dd-453c-8ed5-76bd9788465a,true,true
5d7cdc03-2a21-4470-95af-7268d80260e7,131fe39c-9f1e-4dff-af5a-9541b959712f,0bd6aee5-32dd-453c-8ed5-76bd9788465a,true,true
6d41245c-f948-44ae-a578-69f2f74d4a43,568aa521-7bc5-4380-b8c7-25ce3b58b566,0bd6aee5-32dd-453c-8ed5-76bd9788465a,false,true
0d7c01cf-7ffa-44e5-ab6a-22595d00b024,9b8d4060-4b2e-46d5-87a4-3c8cec14aaee,0bd6aee5-32dd-453c-8ed5-76bd9788465a,true,true
0985d60e-1b1e-4f2d-8264-36b003922bd6,9b8d4060-4b2e-46d5-87a4-3c8cec14aaee,ea967b68-c8a9-478e-b8f3-a6ab3ae23d99,true,true
c5248901-f3e2-4702-b270-850f3777e99a,969d5ab9-e050-4dfa-ba56-e938d1e19896,0bd6aee5-32dd-453c-8ed5-76bd9788465a,true,true
47284866-ae89-4cf9-8d7d-e5f86de076cd,c65ba251-dcad-4362-9482-8182e9fadd0b,ea967b68-c8a9-478e-b8f3-a6ab3ae23d99,true,true
effcde20-5017-4ad4-8dcd-218405ff3446,c65ba251-dcad-4362-9482-8182e9fadd0b,0bd6aee5-32dd-453c-8ed5-76bd9788465a,true,true
5a97915b-51b9-4342-a114-d3f420d5120f,969d5ab9-e050-4dfa-ba56-e938d1e19896,67dbf9f7-4898-4b84-86cf-303137a363be,false,true
9ef50995-9b33-402c-bcd0-c90f7a916403,11104c7f-0dec-49c6-9a8c-bc9a6377faa0,0bd6aee5-32dd-453c-8ed5-76bd9788465a,true,true
2ff3465c-0f8c-4708-a8e5-8aecbc946df8,969d5ab9-e050-4dfa-ba56-e938d1e19896,ea967b68-c8a9-478e-b8f3-a6ab3ae23d99,false,true
23207d3a-d0f2-4ef1-b691-c342e37a2d30,4372d3aa-16ad-48f4-8950-542489314b29,ea967b68-c8a9-478e-b8f3-a6ab3ae23d99,true,true
ad69fcae-1e2e-48cb-8878-e56cf03ccd7d,7aadc4ad-9000-43c0-8a93-264b45028b28,ea967b68-c8a9-478e-b8f3-a6ab3ae23d99,true,true
6802b0ec-4c70-4412-869e-72afe3c329f2,7aadc4ad-9000-43c0-8a93-264b45028b28,0bd6aee5-32dd-453c-8ed5-76bd9788465a,true,true
181a2a06-62e7-48e4-a5c5-dd0bb3e63e9b,4372d3aa-16ad-48f4-8950-542489314b29,0bd6aee5-32dd-453c-8ed5-76bd9788465a,true,true
2bbef6c7-9e71-447d-a266-4fe4f3a1b8c2,99dc6d64-149b-4d41-a406-bda76b4977e4,ea967b68-c8a9-478e-b8f3-a6ab3ae23d99,true,true
b0c43a8b-6450-425b-9236-7731c6f31765,4e9283b9-8df6-4880-bff2-4b2265afff6b,0bd6aee5-32dd-453c-8ed5-76bd9788465a,true,true
5eb6eab5-4dcf-405e-81d7-415ce9452159,99dc6d64-149b-4d41-a406-bda76b4977e4,0bd6aee5-32dd-453c-8ed5-76bd9788465a,true,true
46c360ed-be03-4110-bae6-62951048eafd,a4dd621c-4c5c-474c-a69f-0d44c574b963,0bd6aee5-32dd-453c-8ed5-76bd9788465a,true,true
f4091f2b-5f5a-4176-8fc0-50d2e6da8d08,6c321c32-59f8-4559-b24e-d0f77613ba15,0bd6aee5-32dd-453c-8ed5-76bd9788465a,true,true
2555bf5d-d784-4a85-96ba-5eae47f77b5f,290b4290-c702-4fd7-96b5-8ac5b2735bcc,0bd6aee5-32dd-453c-8ed5-76bd9788465a,true,true
cd3bf2fb-42aa-4349-b7ef-80e817613f34,ced08bd3-8fbb-4e01-8356-3ea8fdfa3832,ea967b68-c8a9-478e-b8f3-a6ab3ae23d99,true,true
70932bf0-a0d1-47aa-bd82-410557cb6e7e,a5947a96-361c-420d-8f82-3db6cb98d71a,67dbf9f7-4898-4b84-86cf-303137a363be,true,true
231ae72c-0971-468c-af27-53e5d9d75960,ced08bd3-8fbb-4e01-8356-3ea8fdfa3832,0bd6aee5-32dd-453c-8ed5-76bd9788465a,true,true
7fd2b33f-b367-4a08-b912-5b81f0c11ae0,18fcd95d-eaa4-40ce-87bf-c5d6ba17ab19,0bd6aee5-32dd-453c-8ed5-76bd9788465a,false,true
27a6f92b-481b-4ae7-a6d2-ee94fc24ccf2,67124b6e-6f36-4e74-8664-d59e7dc88b78,0bd6aee5-32dd-453c-8ed5-76bd9788465a,false,true
5da22910-9b4d-42e0-8e4f-193f625587e1,594564cf-a155-4ec4-9d3d-b26add6468d3,0bd6aee5-32dd-453c-8ed5-76bd9788465a,true,true
e882ca0f-935d-4910-9fb3-69c4dd61ca58,f09c9da8-6861-4ddf-a7e0-705be489338d,0bd6aee5-32dd-453c-8ed5-76bd9788465a,true,true
af23f68f-908a-4175-8063-1a2532e1b62c,aa08fb60-9f51-4c0e-be99-1aa675fae09d,0bd6aee5-32dd-453c-8ed5-76bd9788465a,true,true
62a2ee16-0a80-4a33-8e84-18a85c1b2926,10558fe7-702d-47c8-903f-a7cd39bfe4fd,0bd6aee5-32dd-453c-8ed5-76bd9788465a,true,true
be208b8b-c142-4374-bbdf-304c26b62a78,ee2c7ee8-c134-498d-9238-21749687505e,0bd6aee5-32dd-453c-8ed5-76bd9788465a,true,true
2bd23900-65c5-4d8c-9237-0ddd6f8bf7ee,ee2c7ee8-c134-498d-9238-21749687505e,ea967b68-c8a9-478e-b8f3-a6ab3ae23d99,true,true
902b5408-05c4-4481-9680-0bfe10a0e2dd,7f7efbbd-3364-4aae-9b8d-0b6a7eec1daf,0bd6aee5-32dd-453c-8ed5-76bd9788465a,true,true
a7c334aa-d511-4a05-9d13-b2fe652e8f90,7f7efbbd-3364-4aae-9b8d-0b6a7eec1daf,ea967b68-c8a9-478e-b8f3-a6ab3ae23d99,false,true
ad8dbacd-538a-456a-a355-bce9534377f4,5daa6f16-af75-4daf-8a4c-dfc1b70bd72e,ea967b68-c8a9-478e-b8f3-a6ab3ae23d99,true,true
14e81fdf-0d0d-4140-9816-66162a247292,5daa6f16-af75-4daf-8a4c-dfc1b70bd72e,0bd6aee5-32dd-453c-8ed5-76bd9788465a,true,true
b88de5bd-f6a8-4f43-b8a6-b462beab6aa0,b96bbdbc-d906-40df-8191-aac8d984ab63,0bd6aee5-32dd-453c-8ed5-76bd9788465a,true,true
52905eb4-643a-40e7-8785-59ab0776eab7,b96bbdbc-d906-40df-8191-aac8d984ab63,ba54fb99-cd67-484d-b68f-34aea2d83af6,true,true
ea1d275d-1bd8-4d7a-9d8d-49b7b044d69b,460da9e1-d2a0-409e-85f9-a005a350efcc,0bd6aee5-32dd-453c-8ed5-76bd9788465a,true,true
1ea30d82-1e59-436b-81c3-d9e05e8242be,0c074fce-141b-4b9f-9300-4a48ba91a7b5,0bd6aee5-32dd-453c-8ed5-76bd9788465a,false,true
f35117b4-c413-4a42-b96b-85ed28c7b4be,1b97b85d-d879-4298-9ff8-7d58c1e02b25,0bd6aee5-32dd-453c-8ed5-76bd9788465a,true,true
eb4bae85-7570-4993-9354-293bcd2c7218,7cb652e9-533a-4488-812c-f74ceb59eb46,ea967b68-c8a9-478e-b8f3-a6ab3ae23d99,true,true
276ee047-046e-49f3-9b2a-f50afb54ae2a,7cb652e9-533a-4488-812c-f74ceb59eb46,0bd6aee5-32dd-453c-8ed5-76bd9788465a,true,true
2b66f6df-7e49-4bb7-a0f3-bf0d8ceba478,ea4a7a2a-71b3-471b-b5c1-236acf00ed83,0bd6aee5-32dd-453c-8ed5-76bd9788465a,true,true
ba4be89f-b819-47cb-a684-09952be62f24,3e1ff9ba-9acc-4635-9633-94e3e7bc52be,ea967b68-c8a9-478e-b8f3-a6ab3ae23d99,true,true
bd07df7a-fca0-4fd3-96df-9648d392a7ef,9b4c0aec-1f25-49f7-83bf-4130f732de6e,0bd6aee5-32dd-453c-8ed5-76bd9788465a,true,true
91bc7f2c-d8c3-4248-81b1-475a81d39bb3,a8429b3e-f3c1-4c76-ad90-125f632109b4,0bd6aee5-32dd-453c-8ed5-76bd9788465a,false,true
6a527352-f18f-45d6-80b4-9d5827cc844c,49bb4c63-beee-469f-a7f9-dc44aeedf758,0bd6aee5-32dd-453c-8ed5-76bd9788465a,true,true
03f29352-cc29-48f6-856f-a50dc5c36b87,17a28e08-d436-4287-9e3e-7e229149a235,0bd6aee5-32dd-453c-8ed5-76bd9788465a,true,true
82951b3d-886d-4828-9060-c23a7d8dd635,8009f0d8-bba3-421c-9e68-4732e209cf49,ea967b68-c8a9-478e-b8f3-a6ab3ae23d99,true,true
78e91cd8-c61a-4103-beed-e0e59c039ac3,bd56f56c-14e8-4f38-a1b7-94b4a6813773,0bd6aee5-32dd-453c-8ed5-76bd9788465a,true,true
bd9e0236-e9f6-446b-9d71-09f7fd8af4d1,d8f5ac03-938f-4987-840c-afdb6371d765,0bd6aee5-32dd-453c-8ed5-76bd9788465a,true,true
033cc564-5fcf-4123-a130-db362e33adb3,23e8d74c-3607-470b-80f7-f1fa3263ed3a,0bd6aee5-32dd-453c-8ed5-76bd9788465a,true,true
75731b5b-0919-4f13-88ad-2c67683d5ffe,22813fed-9b2e-468a-b293-617c308b238a,0bd6aee5-32dd-453c-8ed5-76bd9788465a,true,true
31b937a6-f22f-4255-a5f4-b6b766072611,4b379840-36bb-4354-b4e1-0b4410ba440d,0bd6aee5-32dd-453c-8ed5-76bd9788465a,true,true
354fa5ab-9599-4911-8b32-f88d485cc1cd,3ad2d7bf-fd27-4845-8d6a-02360a180858,0bd6aee5-32dd-453c-8ed5-76bd9788465a,true,true
31f15264-24a6-4ebc-bcb6-a739a562a418,befd5b8a-acf8-4610-82e0-01237daf69ce,0bd6aee5-32dd-453c-8ed5-76bd9788465a,true,true
53c32645-4f40-4dbd-8240-04c77427cbee,af90846a-6fdf-4a7d-b315-54e3b8f4c970,ea967b68-c8a9-478e-b8f3-a6ab3ae23d99,true,true
70db9877-504c-4eed-a117-b877d4278eb8,f6e1ba54-a393-45d0-a1cf-3c3d1910a71c,0bd6aee5-32dd-453c-8ed5-76bd9788465a,true,true
15a79dce-96eb-4f46-94a3-070d36446f41,6cd7c3dd-de91-48d3-99d0-ee1571a5d89f,0bd6aee5-32dd-453c-8ed5-76bd9788465a,true,true
e2212530-6128-4b39-8140-90ede5b71773,56ef1b85-a0a3-43c7-ab69-05534c5f8a30,0bd6aee5-32dd-453c-8ed5-76bd9788465a,true,true
c5f0b5d5-7741-4cc5-a922-7275cf8749af,56ef1b85-a0a3-43c7-ab69-05534c5f8a30,67dbf9f7-4898-4b84-86cf-303137a363be,false,true
fa1c2ceb-fe51-4db1-b5ea-3ac35f6e7436,56ef1b85-a0a3-43c7-ab69-05534c5f8a30,ea967b68-c8a9-478e-b8f3-a6ab3ae23d99,false,true
8e95aa02-a2e0-477d-b3e1-ffdbefaa64c8,e84dbc62-507b-44d8-9df8-bbb5f6a6c5f4,0bd6aee5-32dd-453c-8ed5-76bd9788465a,true,true
f4964348-f144-43da-9a78-8882b415d84f,3d2e66b4-cace-4738-9d46-6dcdc4758d7f,ea967b68-c8a9-478e-b8f3-a6ab3ae23d99,true,true
bfb5c254-50ef-45aa-8e3a-d8264584b866,5602c359-7a8f-41a6-8c1b-e61f1fa4fdfd,0bd6aee5-32dd-453c-8ed5-76bd9788465a,true,true
752fe7db-34a1-4f94-8b81-a6a9e4964e00,e9643e2b-d5cd-454d-b091-4ef63037d35f,ea967b68-c8a9-478e-b8f3-a6ab3ae23d99,true,true
1b0e3b48-c2ea-4ed1-ab62-7b5784d7c305,e9643e2b-d5cd-454d-b091-4ef63037d35f,0bd6aee5-32dd-453c-8ed5-76bd9788465a,true,true
e351e5ba-2b1c-4e7c-b414-868862812c21,a7dfd0aa-e404-4576-b5fa-21386bafa41e,0bd6aee5-32dd-453c-8ed5-76bd9788465a,true,true
7acb89d9-6313-4025-bd0e-58e7e509549b,7924bdde-9269-43f1-a820-87bd834bde9e,ea967b68-c8a9-478e-b8f3-a6ab3ae23d99,true,true
b387a475-602c-420e-9957-e30804e5d0e5,6e72de30-1180-41fd-bc21-5daa3e4f46a9,0bd6aee5-32dd-453c-8ed5-76bd9788465a,true,true
88f8dad7-35f2-4e11-801a-5ba13cf15bf8,04e0e023-a4ce-4acb-b6b3-c2681259df8f,0bd6aee5-32dd-453c-8ed5-76bd9788465a,true,true
28919695-c494-4f17-9c4e-69550831a103,7924bdde-9269-43f1-a820-87bd834bde9e,0bd6aee5-32dd-453c-8ed5-76bd9788465a,true,true
9792cdc4-7a85-479c-9162-67dbda60a075,1cf50264-20fb-4488-b40e-96488483acd8,ea967b68-c8a9-478e-b8f3-a6ab3ae23d99,true,true
0a3714f4-0f12-47a2-bc56-e0b5d177bda1,53bc82c1-38f3-4655-933a-a83f2630e399,0bd6aee5-32dd-453c-8ed5-76bd9788465a,true,true
6cffb5bb-9ea8-4126-8dfc-19832178606d,3d2e66b4-cace-4738-9d46-6dcdc4758d7f,0bd6aee5-32dd-453c-8ed5-76bd9788465a,true,true
33913bba-9969-463c-b97f-0aa90b8fccae,9c78fa59-8960-4393-afcc-6627aeb16815,0bd6aee5-32dd-453c-8ed5-76bd9788465a,true,true
c512e717-b651-44e6-a018-6a48e87740b5,078e4e72-18c7-4294-8704-1091c282b69a,0bd6aee5-32dd-453c-8ed5-76bd9788465a,true,true
0f7fb337-0ed3-4a11-b2d7-0a104ecb72e1,9c9cbb88-8e60-4187-956c-d27c9e1463fe,0bd6aee5-32dd-453c-8ed5-76bd9788465a,true,true
b9e055e5-e190-4353-bfc6-47f389aa71af,35ae18b6-428b-42ec-8348-47a48f842eaf,0bd6aee5-32dd-453c-8ed5-76bd9788465a,true,true
15a7dd13-9168-4c93-899e-a39f40359e22,409f98b1-5100-43c1-8df5-3a29fb2305f3,ea967b68-c8a9-478e-b8f3-a6ab3ae23d99,false,true
9129071c-c6e4-4d4e-937b-04aa9c26c2e2,409f98b1-5100-43c1-8df5-3a29fb2305f3,0bd6aee5-32dd-453c-8ed5-76bd9788465a,true,true
4a78bdb1-12f5-4d90-9657-481f2a621947,602124cd-3fba-4523-ae49-7501c1ffbbd3,0bd6aee5-32dd-453c-8ed5-76bd9788465a,true,true
d6dc5892-28ad-4fd6-918a-eefe8c1cd315,602124cd-3fba-4523-ae49-7501c1ffbbd3,ea967b68-c8a9-478e-b8f3-a6ab3ae23d99,true,true
d25e005e-695e-4e98-94f5-815daaf742ba,f2bc4ba9-e8a5-4874-a893-96f9b786fcb9,0bd6aee5-32dd-453c-8ed5-76bd9788465a,true,true
8e8ef13b-56d7-46f1-961d-68562121403c,9f8fcfbf-fa67-4fef-9c42-00bce438e860,0bd6aee5-32dd-453c-8ed5-76bd9788465a,true,true
99cbc4f9-311f-4df4-adf6-203fe562bfb4,f2bc4ba9-e8a5-4874-a893-96f9b786fcb9,ea967b68-c8a9-478e-b8f3-a6ab3ae23d99,true,true
107f7299-be54-4bb2-9aef-0af8a1ed1240,000888fe-7f11-4f7a-97c3-d42e3663024d,0bd6aee5-32dd-453c-8ed5-76bd9788465a,true,true
a3bdcfc6-9ea0-47b2-9ee3-cf4408317ecc,000888fe-7f11-4f7a-97c3-d42e3663024d,ea967b68-c8a9-478e-b8f3-a6ab3ae23d99,true,true
2e370399-9348-4f51-8a4d-dfd336b47b29,bb82ab3d-2249-47b8-bf5b-a37a79468ea7,0bd6aee5-32dd-453c-8ed5-76bd9788465a,true,true
1117292f-a0c2-446d-802e-6d1eef8052bc,bb82ab3d-2249-47b8-bf5b-a37a79468ea7,ea967b68-c8a9-478e-b8f3-a6ab3ae23d99,true,true
239304b5-64a7-4078-bc6b-b0ea122fff83,ec9b1ccc-f191-443a-8898-d5fd3c5b6c6f,0bd6aee5-32dd-453c-8ed5-76bd9788465a,true,true
eb85c13b-3a5b-4b4d-9403-1ca5e00080b7,e1569895-cc0a-4394-b26a-d3750d2d4300,ea967b68-c8a9-478e-b8f3-a6ab3ae23d99,true,true
2bcb0cf4-9359-4e99-9eb4-4d9e6cd4ed40,55d5e319-0933-41f9-91e8-18f93e56f580,ea967b68-c8a9-478e-b8f3-a6ab3ae23d99,false,true
f4bbc4f4-76b0-47cd-b5a0-135cb51a842d,55d5e319-0933-41f9-91e8-18f93e56f580,0bd6aee5-32dd-453c-8ed5-76bd9788465a,true,true
9feb4826-530e-40ba-90f2-1614f6f3c9ef,55d5e319-0933-41f9-91e8-18f93e56f580,67dbf9f7-4898-4b84-86cf-303137a363be,false,true
ac8cc2c2-611d-4c03-afed-d7823fbe6e65,14397f74-ee54-44d0-b3f2-f7b941d1e9ce,ea967b68-c8a9-478e-b8f3-a6ab3ae23d99,true,true
644b1ca5-cf99-4f80-8e19-b191ef2c3a02,e8c72ac6-6918-423e-b908-003cfcaba752,0bd6aee5-32dd-453c-8ed5-76bd9788465a,true,true
7cd80b1a-2be4-4bc2-b636-837cca9b82a1,e8c72ac6-6918-423e-b908-003cfcaba752,ea967b68-c8a9-478e-b8f3-a6ab3ae23d99,true,true
bc9e8c0d-81c6-4234-b4e6-94cffdd85a53,d371ef90-93bd-475a-976d-06edbd546410,0bd6aee5-32dd-453c-8ed5-76bd9788465a,true,true
73bcc7f5-c072-4157-8f37-c0d23c6f5b9b,579f26c3-db2f-4940-8019-40c67af12f2f,ea967b68-c8a9-478e-b8f3-a6ab3ae23d99,true,true
e71c9ddb-e504-4dd4-a519-69e73eb8904b,579f26c3-db2f-4940-8019-40c67af12f2f,0bd6aee5-32dd-453c-8ed5-76bd9788465a,true,true
385fa280-979b-4ec9-adb9-574eb43fb41b,5251d7b3-2a56-4056-98ae-c9ab76c3187c,0bd6aee5-32dd-453c-8ed5-76bd9788465a,true,true
ffa1c182-d13b-4fe6-97be-3b73cc99b560,5251d7b3-2a56-4056-98ae-c9ab76c3187c,ea967b68-c8a9-478e-b8f3-a6ab3ae23d99,true,true
68bf276d-7a10-4593-9e72-c4d8a376aa12,e635952b-53ed-4336-8cab-db715644d1dd,0bd6aee5-32dd-453c-8ed5-76bd9788465a,true,true
ba811d13-41d4-491f-8c56-2a604f6e076f,e635952b-53ed-4336-8cab-db715644d1dd,ea967b68-c8a9-478e-b8f3-a6ab3ae23d99,true,true
e7cfe388-671b-4a06-920a-2566f54dd5f5,c17dd349-9563-42d2-bcb8-8aec4fdde47a,0bd6aee5-32dd-453c-8ed5-76bd9788465a,true,true
71206427-f190-4542-aad0-3b6d58eecca2,7422c240-c4ce-42f8-b80f-b6fafd695ff3,67dbf9f7-4898-4b84-86cf-303137a363be,false,true
854f128a-8ea8-4529-a432-f30e81e0b42d,7422c240-c4ce-42f8-b80f-b6fafd695ff3,ea967b68-c8a9-478e-b8f3-a6ab3ae23d99,false,true
2b8b5306-f842-42a8-a4e1-046df9b4194f,7422c240-c4ce-42f8-b80f-b6fafd695ff3,0bd6aee5-32dd-453c-8ed5-76bd9788465a,true,true
15f78517-0ecc-41c9-a5a9-965f8117cdfd,69373b10-96b2-44dd-9905-a1cdcedc1670,0bd6aee5-32dd-453c-8ed5-76bd9788465a,true,true
319c806e-421d-4e15-8d19-cd7000ab3b2f,d5a50a8a-cb6a-4c12-ac62-743df6331549,0bd6aee5-32dd-453c-8ed5-76bd9788465a,false,true
6063b18e-d7a1-4db3-8468-750e8f6558fa,406bb64a-9ff7-4942-a348-9bb374e3e7c3,0bd6aee5-32dd-453c-8ed5-76bd9788465a,true,true
2679de72-ec2d-4ef5-9ba2-7f5699c071a6,406bb64a-9ff7-4942-a348-9bb374e3e7c3,ea967b68-c8a9-478e-b8f3-a6ab3ae23d99,true,true
0540a894-cdb6-49b8-a044-5fcbbb9a09b7,a82a4ed5-bf39-4567-9e15-4ef512a19caa,0bd6aee5-32dd-453c-8ed5-76bd9788465a,true,true
e46381f3-50fb-4c2c-886a-847e077c34b1,a82a4ed5-bf39-4567-9e15-4ef512a19caa,ea967b68-c8a9-478e-b8f3-a6ab3ae23d99,false,true
1fbb09ca-64b7-4869-a35a-62fd3277c1f5,5fca02d4-cf23-45dc-92d9-f92fdd3ee376,0bd6aee5-32dd-453c-8ed5-76bd9788465a,true,true
d7544d83-ff67-4aeb-a054-2b828ed45e6d,5fca02d4-cf23-45dc-92d9-f92fdd3ee376,ea967b68-c8a9-478e-b8f3-a6ab3ae23d99,true,true
8d8fd9a7-cb8f-4185-ba10-c5c7b38322cf,fed394e7-1808-425e-9766-fa6b563c76cd,0bd6aee5-32dd-453c-8ed5-76bd9788465a,true,true
c88cde2e-7236-40b4-90b5-0804272e6e92,cc9ab7ee-d54d-43d8-ae01-c26d5f81e11a,0bd6aee5-32dd-453c-8ed5-76bd9788465a,true,true
aca3e791-91f6-46fe-8cdf-87bae3d4bab7,af66ec5c-4b9e-422b-b8a7-a4676270b387,0bd6aee5-32dd-453c-8ed5-76bd9788465a,false,true
0c5b59e3-169c-4be4-b4be-0b04d59b39b8,54f2bd8d-d02e-4fcb-82a2-8f004af1bcbf,0bd6aee5-32dd-453c-8ed5-76bd9788465a,true,true
a5fb1e35-01a3-4bfe-a135-14bbe91b1229,0b2b9b35-45ef-4817-a669-0aee7979af75,0bd6aee5-32dd-453c-8ed5-76bd9788465a,true,true
424e785a-d813-4f1e-b73e-345f0f3a8f0d,0b2b9b35-45ef-4817-a669-0aee7979af75,ea967b68-c8a9-478e-b8f3-a6ab3ae23d99,false,true
6e6392eb-7803-4f50-b84c-cee0026384b1,8444e1ad-ba8a-48a7-8649-1581f2834d5c,ea967b68-c8a9-478e-b8f3-a6ab3ae23d99,false,true
772cc5b4-aa2e-4119-bf1b-659402bffe1e,8444e1ad-ba8a-48a7-8649-1581f2834d5c,0bd6aee5-32dd-453c-8ed5-76bd9788465a,true,true
a5af218c-0138-4807-8c5b-672d87280064,614342cb-e13b-4e1c-9c39-d029ccc1b140,0bd6aee5-32dd-453c-8ed5-76bd9788465a,true,true
34dabe7a-c1d3-41d1-b686-4beb5414b5e4,95e689f3-1ac9-4b10-808e-cae6d703be57,67dbf9f7-4898-4b84-86cf-303137a363be,true,true
63d8537c-b54e-490a-9e5c-709b2e1c5b20,95e689f3-1ac9-4b10-808e-cae6d703be57,0bd6aee5-32dd-453c-8ed5-76bd9788465a,true,true
c0182dee-da56-4e4f-a99b-ecd066f884ee,95e689f3-1ac9-4b10-808e-cae6d703be57,ea967b68-c8a9-478e-b8f3-a6ab3ae23d99,true,true
6483a94b-0af0-4f67-a9fb-694374abca3c,2111e513-c0b6-4899-8c4a-e3b7cb3a2eae,ea967b68-c8a9-478e-b8f3-a6ab3ae23d99,true,true
cbfa0dda-07fb-436c-aa8b-992fcb508cb8,2111e513-c0b6-4899-8c4a-e3b7cb3a2eae,67dbf9f7-4898-4b84-86cf-303137a363be,false,true
5d359843-9918-468d-a01c-cb4ab2790871,2111e513-c0b6-4899-8c4a-e3b7cb3a2eae,0bd6aee5-32dd-453c-8ed5-76bd9788465a,false,true
8e434517-3001-4aed-bf41-9b436c47e520,1d6202e1-981b-43c2-9b46-86e5bea01cc8,0bd6aee5-32dd-453c-8ed5-76bd9788465a,true,true
464f86e9-8295-4a3f-97b4-f1d491aecc33,d1dbb9e1-1bd9-4e4f-8c3e-43fd8b212adc,ea967b68-c8a9-478e-b8f3-a6ab3ae23d99,true,true
530b8ffb-30ec-47c6-98dd-b0817f250f87,1d8d1ae8-deaa-4aef-91f2-187cff016a69,ea967b68-c8a9-478e-b8f3-a6ab3ae23d99,true,true
70eae659-458b-41b9-9ac6-bfb0e9f843e2,dcbb7417-e932-47f2-acfb-802cb66aa3de,0bd6aee5-32dd-453c-8ed5-76bd9788465a,true,true
63fb45d5-5a94-4f68-ad9f-d596af04a5a9,a806cb58-f13d-4769-ab09-cc44f1a8daf2,0bd6aee5-32dd-453c-8ed5-76bd9788465a,true,true
a6a82e3f-4d9e-4625-9b6f-5f0cd187eacb,e4e4e07a-df81-4ff0-8a62-ca14ac656b6a,0bd6aee5-32dd-453c-8ed5-76bd9788465a,true,true
5fbc5b2f-4551-4443-a4ea-63cc1cbe2186,a806cb58-f13d-4769-ab09-cc44f1a8daf2,ea967b68-c8a9-478e-b8f3-a6ab3ae23d99,true,true
a21141a5-4a8b-4b1f-b856-25ca99e8d5bb,d1dbb9e1-1bd9-4e4f-8c3e-43fd8b212adc,0bd6aee5-32dd-453c-8ed5-76bd9788465a,true,true
954dac2f-836a-4e6a-8f86-f0ae85b6fc4d,c87ba3e5-2cfa-4684-8e71-3bc7ce2dc55d,0bd6aee5-32dd-453c-8ed5-76bd9788465a,true,true
a669d474-c645-42b7-b4b8-cc1571f460ad,d1dbb9e1-1bd9-4e4f-8c3e-43fd8b212adc,67dbf9f7-4898-4b84-86cf-303137a363be,true,true
508dacf0-5945-4489-b256-3a1f3910d126,0a940157-ea8a-4783-ac00-64e016b54143,0bd6aee5-32dd-453c-8ed5-76bd9788465a,false,true
0b844a6c-bee5-4537-98a5-9082e85ab02f,44357dd9-b071-49d8-9694-a3e3a29b896e,0bd6aee5-32dd-453c-8ed5-76bd9788465a,true,true
bd281378-69a8-4c83-ae51-b91e846e85c2,20b76bb5-d145-4e80-a38d-95093d5978de,ea967b68-c8a9-478e-b8f3-a6ab3ae23d99,true,true
de3ce644-1e2d-418f-b953-82664f1eb552,86044b5e-65be-4232-a8bd-680027f2d7f8,ea967b68-c8a9-478e-b8f3-a6ab3ae23d99,true,true
30204c26-21cc-47d9-840d-8d7e79ed02a7,86044b5e-65be-4232-a8bd-680027f2d7f8,0bd6aee5-32dd-453c-8ed5-76bd9788465a,true,true
cf5dd0bd-d5a0-41d7-9c3b-dfc1078efff6,84453d87-7745-4e2c-a751-620a86121f67,0bd6aee5-32dd-453c-8ed5-76bd9788465a,true,true
b6153129-5c90-458f-b6cb-83af8f626bf9,84453d87-7745-4e2c-a751-620a86121f67,ea967b68-c8a9-478e-b8f3-a6ab3ae23d99,true,true
fec717dd-19b5-479c-a883-e1b0dfd86be5,673e2850-ba65-44b9-b0fe-d55b8d4af01f,0bd6aee5-32dd-453c-8ed5-76bd9788465a,true,true
27fc6da8-0cba-4bb0-86c6-926d551dbd10,504453bd-ac35-4c5a-96f3-90632e289cb6,0bd6aee5-32dd-453c-8ed5-76bd9788465a,true,true
32eedb93-7bb5-445f-8cf7-177f626a84ce,504453bd-ac35-4c5a-96f3-90632e289cb6,ea967b68-c8a9-478e-b8f3-a6ab3ae23d99,false,true
3a5ae79d-3448-4d13-aad3-c6baaf8decac,8221955e-08dd-4f71-9474-fba9c2b7a895,0bd6aee5-32dd-453c-8ed5-76bd9788465a,true,true
6ce0c63d-6038-4efb-bc96-3f12b9ffcec5,d39f84fb-16b2-4323-adf5-cb4f9d1b28cd,0bd6aee5-32dd-453c-8ed5-76bd9788465a,true,true
f79a8131-b865-479c-a8c0-c8434b4654d0,d39f84fb-16b2-4323-adf5-cb4f9d1b28cd,ea967b68-c8a9-478e-b8f3-a6ab3ae23d99,true,true
42c64fb4-d1db-47bd-898d-a8b5796c1991,005b9693-a21a-483b-9dbc-fbef5ebdd622,0bd6aee5-32dd-453c-8ed5-76bd9788465a,true,true
64ade05e-b223-4cdf-ab3f-cf91c7941d7c,f89b58f1-48b3-4d6f-82a5-bd2c209091ed,0bd6aee5-32dd-453c-8ed5-76bd9788465a,true,true
0cedd3fe-addb-4a23-8b7b-2969ba2c4562,4925d7db-4c9a-48a1-8ff8-73727e0cf1e2,0bd6aee5-32dd-453c-8ed5-76bd9788465a,true,true
ad5d6f35-b658-467b-9e3b-8dc2dfffe832,4925d7db-4c9a-48a1-8ff8-73727e0cf1e2,ea967b68-c8a9-478e-b8f3-a6ab3ae23d99,true,true
64bc8e75-65a4-442b-98a0-c1c81c62fee2,92fc1d86-da2e-4492-bf66-06cec0a47966,ea967b68-c8a9-478e-b8f3-a6ab3ae23d99,true,true
3c7e4e7c-06b5-4bd5-990b-e1e4d3cb5ecf,1b7489de-67de-468e-9a3b-ee51ac4fce00,0bd6aee5-32dd-453c-8ed5-76bd9788465a,true,true
536eadb1-2e40-4734-b1bf-0d8b4a663a9f,d45b1853-15c9-49f3-8b0d-97ab95ff955b,0bd6aee5-32dd-453c-8ed5-76bd9788465a,true,true
c3169541-bbda-4817-be8e-7ed440369bb0,d45b1853-15c9-49f3-8b0d-97ab95ff955b,ea967b68-c8a9-478e-b8f3-a6ab3ae23d99,true,true
5a9e88c0-154f-4c9f-96e3-907f9ef005d5,4a8ed1f7-8cb2-458a-ab7b-4edcad665e40,ea967b68-c8a9-478e-b8f3-a6ab3ae23d99,true,true
78928632-3bfa-49ab-af8e-287703d05a87,4104c0bb-ccb3-4b73-a904-c93a84df0662,0bd6aee5-32dd-453c-8ed5-76bd9788465a,true,true
ab005253-f3c3-49ef-939c-800748fc0edb,4a8ed1f7-8cb2-458a-ab7b-4edcad665e40,0bd6aee5-32dd-453c-8ed5-76bd9788465a,true,true
80eebeb1-b3a4-4569-9150-c60f8d16e4ea,aecfa7f0-52fb-45eb-a1c5-af36b1fc2efa,0bd6aee5-32dd-453c-8ed5-76bd9788465a,true,true
8e5052ef-e4a4-4e6e-8f12-a8edac1aec91,1d549ded-a025-4a84-937c-08b432c05260,ea967b68-c8a9-478e-b8f3-a6ab3ae23d99,true,true
9afab6c1-4c34-44a8-b69b-163a9ecd71d1,1d549ded-a025-4a84-937c-08b432c05260,0bd6aee5-32dd-453c-8ed5-76bd9788465a,true,true
974a04be-63f1-41c8-a5b1-39469c321a33,772468df-c05f-4953-ab80-9acc5f308444,67dbf9f7-4898-4b84-86cf-303137a363be,false,true
3ed56460-7935-49f5-a3b1-b88154990d65,f3dff754-b686-4dbb-8cba-6e9a01d28e51,0bd6aee5-32dd-453c-8ed5-76bd9788465a,true,true
8900d657-d78b-4aa6-b1ca-175bf6670475,64670c0c-2840-4a8a-91c3-480339bfa587,0bd6aee5-32dd-453c-8ed5-76bd9788465a,true,true
dff6431c-ba25-498d-812c-c7787f7c437e,64670c0c-2840-4a8a-91c3-480339bfa587,ea967b68-c8a9-478e-b8f3-a6ab3ae23d99,true,true
448b3f69-fe49-458f-812e-5bb336cbe9ca,168f6833-120d-45c8-a227-dd15d35352c2,0bd6aee5-32dd-453c-8ed5-76bd9788465a,true,true
c84d192d-8de5-4d7b-9a29-461d7fc88bb9,383709cd-13bb-4787-b218-34404ac4428b,ea967b68-c8a9-478e-b8f3-a6ab3ae23d99,true,true
b33fb805-7121-458a-b03c-96ef91cdcda3,383709cd-13bb-4787-b218-34404ac4428b,0bd6aee5-32dd-453c-8ed5-76bd9788465a,true,true
83db3e8a-0133-43b9-88f1-0b2ae4a04d53,a3bba81d-d801-48d4-8da1-04763e22ced9,ea967b68-c8a9-478e-b8f3-a6ab3ae23d99,true,true
2c988b65-37eb-4fdc-9fa4-9f80039b066c,8e6bb4dc-676b-41ed-896d-671ff053f098,ea967b68-c8a9-478e-b8f3-a6ab3ae23d99,true,true
43a9a6ee-262c-4e72-822c-6459de46049b,8e6bb4dc-676b-41ed-896d-671ff053f098,0bd6aee5-32dd-453c-8ed5-76bd9788465a,true,true
f9e5f186-fee2-4a06-8de8-e3cc2c90187f,85188ce2-f2b0-4a6f-b436-4005852978da,ea967b68-c8a9-478e-b8f3-a6ab3ae23d99,true,true
91bdfd98-6357-4ce3-81f9-a3f53fa0db88,31b4fb9d-5708-48d7-972c-3ec024737bc6,0bd6aee5-32dd-453c-8ed5-76bd9788465a,true,true
af4f4f73-641f-4698-8556-2deeab296479,31b4fb9d-5708-48d7-972c-3ec024737bc6,ea967b68-c8a9-478e-b8f3-a6ab3ae23d99,true,true
0707b6c7-f18b-4c40-94de-7422c54fe885,fe5732cb-a7d5-4049-b634-ccde805d8534,ea967b68-c8a9-478e-b8f3-a6ab3ae23d99,true,true
156ed564-456c-423c-8d10-ee3994115ddb,fe5732cb-a7d5-4049-b634-ccde805d8534,0bd6aee5-32dd-453c-8ed5-76bd9788465a,true,true
f20648f1-ebd2-41d1-b9c2-cbb86e5cc93f,a5b5177d-afcc-408c-b761-75408e75f91e,0bd6aee5-32dd-453c-8ed5-76bd9788465a,true,true
20581569-b894-495b-ae17-d7664ad4c410,a5b5177d-afcc-408c-b761-75408e75f91e,ea967b68-c8a9-478e-b8f3-a6ab3ae23d99,true,true
c73bc582-40a8-4635-b380-115ceeee2ded,49c064d0-6963-4231-8a7c-4f5faa6e5387,0bd6aee5-32dd-453c-8ed5-76bd9788465a,true,true
5396bbfd-afc1-45ee-a59e-5e701bd850d6,fd70f0e9-2e6c-4885-80f1-4d6606c394d1,0bd6aee5-32dd-453c-8ed5-76bd9788465a,true,true
aa0bd070-75c0-4b53-b956-ce2ca283c48f,2026b37a-c9a2-41d5-a789-427a97e611b8,0bd6aee5-32dd-453c-8ed5-76bd9788465a,true,true
e0870656-8793-4dd9-b6b2-c64371f7f0f5,313d27a4-cbd1-4434-82db-3a2cf10a5ec6,0bd6aee5-32dd-453c-8ed5-76bd9788465a,true,true
40ec0745-b7c6-444b-b49e-60991755a3b2,313d27a4-cbd1-4434-82db-3a2cf10a5ec6,ea967b68-c8a9-478e-b8f3-a6ab3ae23d99,true,true
960266da-2e50-403b-9592-64c48007f7eb,68d9899d-f95d-40a8-91f3-f9a92501f97a,0bd6aee5-32dd-453c-8ed5-76bd9788465a,true,true
6d3e7e75-3791-4b44-8e68-76f84c92db03,1f527228-84f3-40df-ba70-5a572aae929f,0bd6aee5-32dd-453c-8ed5-76bd9788465a,true,true
3198c795-fe88-4db6-94f6-0030b886607c,07b1ea36-474c-41a3-8077-0cba3315946e,0bd6aee5-32dd-453c-8ed5-76bd9788465a,true,true
7ec1010b-278e-4c58-b111-037634a7b24b,4b4170d8-ea87-4611-8634-534401d27818,0bd6aee5-32dd-453c-8ed5-76bd9788465a,true,true
0c2ae6f8-77cb-4c54-8226-55457b595cc3,35f50426-d99f-4f9c-8b41-8cc8432cf4d5,ea967b68-c8a9-478e-b8f3-a6ab3ae23d99,true,true
6c24dc7b-7f10-4437-aa95-444428b9a2b2,4b4170d8-ea87-4611-8634-534401d27818,ea967b68-c8a9-478e-b8f3-a6ab3ae23d99,true,true
2e42c727-02f2-4845-b658-835de31534f6,36a4634b-35dc-4f35-9c35-7e3e5e680cf0,0bd6aee5-32dd-453c-8ed5-76bd9788465a,true,true
f1482395-6f07-43d5-b75c-f19473041885,636f5e76-942e-4cdf-8dec-49fba0bfa393,ea967b68-c8a9-478e-b8f3-a6ab3ae23d99,true,true
946e9c5d-0691-432b-a900-bf4234a4361c,78d96e86-f2dc-4a35-b068-5e07fd93ce40,0bd6aee5-32dd-453c-8ed5-76bd9788465a,true,true
8e27bfb5-45c8-4344-991c-68c166de3510,dff1c9de-637c-4614-9f1d-50b5cdec59cc,0bd6aee5-32dd-453c-8ed5-76bd9788465a,true,true
3fb86ba5-1de5-46d6-82f3-c02039e2c305,31812905-4908-4326-ad27-266a8c96e1aa,ea967b68-c8a9-478e-b8f3-a6ab3ae23d99,true,true
c2060346-b699-4b4b-a5f5-184cb7276acb,31812905-4908-4326-ad27-266a8c96e1aa,0bd6aee5-32dd-453c-8ed5-76bd9788465a,true,true
79e4d292-da78-4d78-a0a5-acc028c27724,90d8a592-795d-4b3d-b646-43b2bad6c3eb,ea967b68-c8a9-478e-b8f3-a6ab3ae23d99,true,true
6ed01778-278d-41eb-86a7-007d960e1930,90d8a592-795d-4b3d-b646-43b2bad6c3eb,0bd6aee5-32dd-453c-8ed5-76bd9788465a,true,true
d3ec523f-59e3-4f06-9362-48c43d5541f9,ecd95024-8198-4184-9cc4-8775bc26525a,0bd6aee5-32dd-453c-8ed5-76bd9788465a,true,true
82ab1dda-eb74-46ed-bdd6-c58720af3d1a,ecd95024-8198-4184-9cc4-8775bc26525a,ea967b68-c8a9-478e-b8f3-a6ab3ae23d99,true,true
0833f647-2816-4885-b4fa-d26a47bc1e1d,52452065-4e38-4017-b61d-77578c39e1c1,0bd6aee5-32dd-453c-8ed5-76bd9788465a,true,true
6fb51d89-9504-4902-a4ab-42efb1da872e,e88a10c8-789c-4a22-b1f8-1cf0eaa39b6c,0bd6aee5-32dd-453c-8ed5-76bd9788465a,true,true
c4f54807-5891-4cda-a6fb-7f23ebe1c986,c7d37074-69d0-4908-ab6d-6540ecf6fdfc,0bd6aee5-32dd-453c-8ed5-76bd9788465a,true,true
084630aa-5256-43cd-9d05-6b1ae15fbc2a,c7d37074-69d0-4908-ab6d-6540ecf6fdfc,ea967b68-c8a9-478e-b8f3-a6ab3ae23d99,true,true
cd41d7de-6070-4cdb-87be-f983bbe61179,462f96b6-be81-4cc9-8475-9bb2281d5f62,0bd6aee5-32dd-453c-8ed5-76bd9788465a,true,true
98c12b60-1eb6-4f99-b8b1-880a221ed721,20be74da-9dec-477b-b2a0-681b5635a0b6,ea967b68-c8a9-478e-b8f3-a6ab3ae23d99,true,true
d830b2b9-a692-4a9b-9349-82d6ab163b63,20be74da-9dec-477b-b2a0-681b5635a0b6,0bd6aee5-32dd-453c-8ed5-76bd9788465a,true,true
1a2d8c1b-8baa-47c3-81a6-39ab56492430,ab040c12-547d-4ab6-a69c-a0b5be09bbc0,0bd6aee5-32dd-453c-8ed5-76bd9788465a,true,true
204b5a9d-3263-4d82-8e6a-f8afb1c79714,ab040c12-547d-4ab6-a69c-a0b5be09bbc0,ea967b68-c8a9-478e-b8f3-a6ab3ae23d99,true,true
ab62fe4f-761e-4fe7-b391-1847a1de4c29,56a47863-b644-468c-82a5-8abdfbb729b0,ea967b68-c8a9-478e-b8f3-a6ab3ae23d99,true,true
32a56e7e-87e1-4598-ae53-5be70c4975d1,56a47863-b644-468c-82a5-8abdfbb729b0,0bd6aee5-32dd-453c-8ed5-76bd9788465a,true,true
804eb382-bdad-4e0f-9a90-2e9904edfda0,31968180-0289-4666-ac93-eb8f070914bb,0bd6aee5-32dd-453c-8ed5-76bd9788465a,true,true
4f81ed47-2d9e-4504-ad19-500a4821defa,7e686c70-3c76-412d-b0d5-2862d097e5f0,ea967b68-c8a9-478e-b8f3-a6ab3ae23d99,true,true
d4696dc7-929e-4d1a-b087-8c349baeb5cd,7e686c70-3c76-412d-b0d5-2862d097e5f0,0bd6aee5-32dd-453c-8ed5-76bd9788465a,true,true
f3a6f701-5037-4bfb-ba91-852ac320e9e0,f04f49ed-32a8-4501-967f-caf24aef6c5d,0bd6aee5-32dd-453c-8ed5-76bd9788465a,true,true
0562ceef-92b0-4f53-95a9-7fb22a63541e,ba544b59-a97e-46fa-9b33-a7ba8c03fa27,ea967b68-c8a9-478e-b8f3-a6ab3ae23d99,true,true
917da976-1cc8-45d4-996b-b75cd046eca3,ba544b59-a97e-46fa-9b33-a7ba8c03fa27,0bd6aee5-32dd-453c-8ed5-76bd9788465a,true,true
d7f665d1-ee6c-4d8f-bed0-cf6d14646d78,7e50f091-ea5c-484a-9191-af6d0eb103d2,0bd6aee5-32dd-453c-8ed5-76bd9788465a,true,true
13609b5a-85c2-4836-9b6c-39d96da5009e,22732cd9-2b35-4fc3-9eba-f7fc29db9e41,0bd6aee5-32dd-453c-8ed5-76bd9788465a,true,true
694c1dce-b5fe-484e-b44b-7c9245a2afcc,cbc35c43-0056-4a54-adf6-a7d8fbf24638,0bd6aee5-32dd-453c-8ed5-76bd9788465a,true,true
21104f7f-b96c-4b34-96e1-824d5ac1f5f1,a04ccd24-9c34-44b6-b793-dca1e631ec10,67dbf9f7-4898-4b84-86cf-303137a363be,true,true
6acae367-481e-49b4-b4e6-f58bb9e853eb,4ab9ecc3-cac7-409f-a985-7621c0ef5823,ea967b68-c8a9-478e-b8f3-a6ab3ae23d99,true,true
95c44354-1eac-46b8-b158-2057332eafe7,6f9c68cd-0e33-44b9-835b-88dba5a96162,0bd6aee5-32dd-453c-8ed5-76bd9788465a,true,true
569eafaf-4b85-4c44-aef7-1569475f248b,6f9c68cd-0e33-44b9-835b-88dba5a96162,ea967b68-c8a9-478e-b8f3-a6ab3ae23d99,true,true
63e45a1f-347c-4405-bae4-0ecd248ce98f,f3908952-58ac-416e-8636-f8188f3e86c4,0bd6aee5-32dd-453c-8ed5-76bd9788465a,true,true
23172642-f7d0-4378-a429-f84162773f6a,4ab9ecc3-cac7-409f-a985-7621c0ef5823,0bd6aee5-32dd-453c-8ed5-76bd9788465a,true,true
6bb25a88-17f9-4fd3-b579-1e9cfeba0b2a,bbb0c48c-9720-4048-a1e4-cd18ac067d01,0bd6aee5-32dd-453c-8ed5-76bd9788465a,true,true
41d529bd-0ae8-4340-824a-e55fc6a4a2b1,0f30de13-34ad-45fb-85dd-1f5de3dfd1e4,67dbf9f7-4898-4b84-86cf-303137a363be,false,true
8c6605a0-c223-4bcd-ad88-2e13f44de73e,4bbb2ac3-5f63-492b-a049-80e0772135bb,0bd6aee5-32dd-453c-8ed5-76bd9788465a,true,true
aeea00c8-f55a-46e7-b0a5-4780e9e04203,4bbb2ac3-5f63-492b-a049-80e0772135bb,ea967b68-c8a9-478e-b8f3-a6ab3ae23d99,true,true
ab3cb39d-9bfc-4a09-b766-a3ddbb21b173,8221955e-08dd-4f71-9474-fba9c2b7a895,ea967b68-c8a9-478e-b8f3-a6ab3ae23d99,true,true
f6772037-2bbb-4919-a443-1061f1dca1ed,0f30de13-34ad-45fb-85dd-1f5de3dfd1e4,0bd6aee5-32dd-453c-8ed5-76bd9788465a,true,true
cf906e2b-513d-4e57-8535-a3e662e90c25,0f30de13-34ad-45fb-85dd-1f5de3dfd1e4,ea967b68-c8a9-478e-b8f3-a6ab3ae23d99,false,true
39df108f-b5a0-42ea-b380-9bd6e2931d2d,f813e7d7-a645-4d02-b1f0-de3eae709b56,ea967b68-c8a9-478e-b8f3-a6ab3ae23d99,true,true
25f32914-1d1f-4f62-950a-924041115e27,31385c5b-340e-454a-bca2-3b3db7e5ca19,0bd6aee5-32dd-453c-8ed5-76bd9788465a,true,true
eaf944e0-01c5-4467-b7a6-6d967b40d3a4,257a5a91-9495-4acd-b86b-200c88e64e5b,0bd6aee5-32dd-453c-8ed5-76bd9788465a,true,true
44de4b30-3833-4a70-9f05-f9ff75f4d830,d2c66232-a89c-45d6-895c-915cb1f1b93b,0bd6aee5-32dd-453c-8ed5-76bd9788465a,true,true
03867228-51a0-45df-a3c7-adca89b49bd8,a8c2a15d-3ab0-42b8-a6cd-54c069d30683,ba54fb99-cd67-484d-b68f-34aea2d83af6,true,true
858640e0-2d83-4bea-8448-ef01bf7dfc73,30cb45a1-1455-426b-beca-0d01a2208e02,0bd6aee5-32dd-453c-8ed5-76bd9788465a,true,true
2ed05b08-2851-4898-8589-e81d9cb1ca0a,131afd99-a0a3-478f-9c53-02238e73d740,ea967b68-c8a9-478e-b8f3-a6ab3ae23d99,true,true
ee4b3782-d5a6-480c-8b22-8521171becdc,131afd99-a0a3-478f-9c53-02238e73d740,0bd6aee5-32dd-453c-8ed5-76bd9788465a,true,true
afda3f00-a622-4821-bcbb-4204c1e19cc0,f7edf19f-7008-4566-9a70-eb2d96984689,0bd6aee5-32dd-453c-8ed5-76bd9788465a,true,true
ee4c21df-ae10-48a5-857d-eb0b2024c059,ae54b4f3-a375-4b88-b6ae-40798a518ea1,ea967b68-c8a9-478e-b8f3-a6ab3ae23d99,true,true
67335cdc-ba2c-46a5-8dde-3f0268eb082c,ae54b4f3-a375-4b88-b6ae-40798a518ea1,0bd6aee5-32dd-453c-8ed5-76bd9788465a,true,true
7061b5d0-5fc6-4388-bf51-ec4258605a7f,b418d259-82b4-4674-af1f-6c0222f31beb,0bd6aee5-32dd-453c-8ed5-76bd9788465a,true,true
db182cd6-bfe8-4b47-832f-ad059b57efaa,131afd99-a0a3-478f-9c53-02238e73d740,67dbf9f7-4898-4b84-86cf-303137a363be,true,true
97f6179a-b7e4-409e-8d6f-85852d6d6390,f7dea7e2-0f4e-43b2-9e91-e6520dce2032,0bd6aee5-32dd-453c-8ed5-76bd9788465a,true,true
b944edd3-8304-4aaa-bf93-44c38939c49c,41120523-4ea5-4909-9123-892d83e07520,ea967b68-c8a9-478e-b8f3-a6ab3ae23d99,true,true
dedf889c-9b3c-46ba-95f4-c59cdc76f789,567d7260-e087-421f-818e-aa7bfffe2cb4,ea967b68-c8a9-478e-b8f3-a6ab3ae23d99,true,true
3875dca9-4a86-43ef-bee0-b525251fbf91,567d7260-e087-421f-818e-aa7bfffe2cb4,0bd6aee5-32dd-453c-8ed5-76bd9788465a,true,true
b6a978a8-487f-4f3d-9284-1f4c47433c42,2f14de24-b6c0-4f79-8b89-b0fcc94d491b,0bd6aee5-32dd-453c-8ed5-76bd9788465a,true,true
d99c3bf0-fbec-4f56-b1ed-535a9f48ce5a,1b72bc72-8b7c-46cb-819c-a727ad05de35,0bd6aee5-32dd-453c-8ed5-76bd9788465a,true,true
db47fd93-e589-4c64-9cec-5203293fb639,4f51a7d2-a914-43c8-9579-10368a1d59d7,ea967b68-c8a9-478e-b8f3-a6ab3ae23d99,true,true
d1214de8-3355-4ac4-bc7f-034e9870e57c,4f51a7d2-a914-43c8-9579-10368a1d59d7,67dbf9f7-4898-4b84-86cf-303137a363be,true,true
b2b13a8a-1b8f-42bb-874a-b8d6e3f66077,5ad4d94c-2fe5-407c-ac5d-7ebb9f16b0ec,0bd6aee5-32dd-453c-8ed5-76bd9788465a,false,true
db9021f4-a5ca-4545-82bb-446306934b10,4f51a7d2-a914-43c8-9579-10368a1d59d7,0bd6aee5-32dd-453c-8ed5-76bd9788465a,true,true
d4e251c3-2d50-4773-90f9-4576d94791af,20e962ed-30b6-4047-9b20-b728475dd35c,0bd6aee5-32dd-453c-8ed5-76bd9788465a,true,true
a5ebef88-d14e-4c3d-9cdc-ebc09b34700d,a9d421d8-5264-4550-bf57-76761c265432,0bd6aee5-32dd-453c-8ed5-76bd9788465a,true,true
0b482ff3-9db6-4b2a-a3bc-d0ec5c52064c,a9d421d8-5264-4550-bf57-76761c265432,ea967b68-c8a9-478e-b8f3-a6ab3ae23d99,true,true
889fb6df-0d15-41fc-a50b-56a52bb34eeb,2cdb9a7c-a810-4515-b4e0-9699cfcd4587,0bd6aee5-32dd-453c-8ed5-76bd9788465a,true,true
793b54bd-69b0-450c-9397-cc7290967397,f12c2aa9-f7e1-4cd2-a5a6-77370a74cd48,ea967b68-c8a9-478e-b8f3-a6ab3ae23d99,true,true
af1b8471-49f7-4572-b073-22b87a45a09c,f12c2aa9-f7e1-4cd2-a5a6-77370a74cd48,0bd6aee5-32dd-453c-8ed5-76bd9788465a,true,true
f8c0c4d2-ec7f-4949-952f-44955f6028b9,249176a0-d268-4cb3-b55b-da21eecbb366,ea967b68-c8a9-478e-b8f3-a6ab3ae23d99,false,true
f0b12a09-4217-47b7-a161-ddfbcb08a73b,86dd0bcd-56cb-4742-949b-7dbba11f7efb,0bd6aee5-32dd-453c-8ed5-76bd9788465a,true,true
d44275cf-80f5-4abc-b673-97e353efb815,7d9d004c-ca2d-4ac2-a404-dc82b06540ac,0bd6aee5-32dd-453c-8ed5-76bd9788465a,true,true
5749dbb6-01e8-491f-8660-083a8214584d,76acf39b-0096-49c8-8c70-7a52d716aec4,0bd6aee5-32dd-453c-8ed5-76bd9788465a,true,true
0270b7db-85e1-4e26-acbb-8033ab93bd0b,76acf39b-0096-49c8-8c70-7a52d716aec4,ea967b68-c8a9-478e-b8f3-a6ab3ae23d99,true,true
5ac1886a-f873-407e-abfa-6edb2fa2fa14,6c7803e5-02b4-4ed1-a08f-2f7114df8a48,0bd6aee5-32dd-453c-8ed5-76bd9788465a,true,true
a7ee0313-6fb4-44ba-8173-56ecfefb0aef,78deaba4-82c9-4b7f-bbed-8ae11971bd24,0bd6aee5-32dd-453c-8ed5-76bd9788465a,true,true
91e0f0fc-5f41-4668-986b-6b6d0a457f2b,2971005b-69d0-4059-b0a4-23cb2d5d7719,0bd6aee5-32dd-453c-8ed5-76bd9788465a,true,true
a590fa67-4196-4b3a-83df-21a6294faa08,b126b76d-5e73-4ecf-8fe5-7b3b38080e5e,0bd6aee5-32dd-453c-8ed5-76bd9788465a,true,true
24b9cdf6-9a71-41f5-b765-aa3e6a6048fe,5bedc9ba-f471-4690-9676-1e971eb8e317,0bd6aee5-32dd-453c-8ed5-76bd9788465a,true,true
e086796e-d8ec-4468-9a02-e76697533d81,27bfd619-761e-456e-ae74-3ad5c065e6ef,ea967b68-c8a9-478e-b8f3-a6ab3ae23d99,true,true
9003a545-9742-449e-955a-ff6780318be9,12b7fe4e-2a34-4471-8564-4c310890159b,0bd6aee5-32dd-453c-8ed5-76bd9788465a,true,true
b35671cd-31bf-4151-8dca-8d7e7046f2e9,12b7fe4e-2a34-4471-8564-4c310890159b,ea967b68-c8a9-478e-b8f3-a6ab3ae23d99,true,true
0f39c7ba-65f7-4fa8-bcd0-608e2fe3f73c,a301e7ac-1ef6-4d38-a9a0-15bb039d5b3c,0bd6aee5-32dd-453c-8ed5-76bd9788465a,false,true
dc68d3f4-0b71-480d-983a-f86ac55faa40,a301e7ac-1ef6-4d38-a9a0-15bb039d5b3c,ea967b68-c8a9-478e-b8f3-a6ab3ae23d99,false,true
c8fa037a-66cd-464d-91ce-fd86c1d38ee5,18894a3b-3132-4421-8fa7-d4b60143fb97,0bd6aee5-32dd-453c-8ed5-76bd9788465a,true,true
b1940fe9-89dc-44b0-ad22-148d613055fb,18894a3b-3132-4421-8fa7-d4b60143fb97,ea967b68-c8a9-478e-b8f3-a6ab3ae23d99,true,true
3394856e-34d0-471b-8c21-aee00d1ac086,2a1538ce-437a-460e-ae84-98cda4b4d0a9,0bd6aee5-32dd-453c-8ed5-76bd9788465a,true,true
392dc22b-7787-4234-871d-5bec8d0745fd,2a1538ce-437a-460e-ae84-98cda4b4d0a9,ea967b68-c8a9-478e-b8f3-a6ab3ae23d99,true,true
1f6c09d0-09a7-413d-9af4-9f9797256ee6,8129340c-04fb-4945-a95a-9fac2f851d14,0bd6aee5-32dd-453c-8ed5-76bd9788465a,true,true
49171748-4223-4c0e-82ae-d41b02024dad,8129340c-04fb-4945-a95a-9fac2f851d14,ea967b68-c8a9-478e-b8f3-a6ab3ae23d99,false,true
466e389b-0109-453a-9de0-e3b163ead986,1e61b489-75f5-45bc-94d6-6d9a55ffb820,0bd6aee5-32dd-453c-8ed5-76bd9788465a,true,true
772472eb-4b73-4b1e-9c4b-6be6bf8f144a,0332a1d5-fa24-4dca-be17-c5055702faef,ba54fb99-cd67-484d-b68f-34aea2d83af6,true,true
455b4b33-3056-4145-874c-821a1d31e7f9,0332a1d5-fa24-4dca-be17-c5055702faef,0bd6aee5-32dd-453c-8ed5-76bd9788465a,true,true
1cc5c8e2-278a-44ea-8d1c-cc37b0438a15,0aabe21e-6721-4b46-9075-20c3306d38c3,0bd6aee5-32dd-453c-8ed5-76bd9788465a,true,true
cd356482-d1df-4cdc-92e1-6fa76a68af1e,fc241f9f-0ca2-4217-8a42-b0299012696f,0bd6aee5-32dd-453c-8ed5-76bd9788465a,true,true
4b524459-7645-4ffc-82e3-419e4b9ca4f2,8c7d76eb-fdb9-44a1-8a12-d7fd957395ce,0bd6aee5-32dd-453c-8ed5-76bd9788465a,true,true
e5ff1080-0d57-406b-a9d2-40446ff5e970,8c7d76eb-fdb9-44a1-8a12-d7fd957395ce,ea967b68-c8a9-478e-b8f3-a6ab3ae23d99,true,true
d5296c7f-8b27-4aa2-bd07-20739cce4233,5e8ed35b-f349-4bd5-9d56-34ca98ba0246,0bd6aee5-32dd-453c-8ed5-76bd9788465a,true,true
c7da75c0-99e4-4a13-9a46-7165cefad563,0e614af6-68ed-41e7-86ed-478e6070cd1e,0bd6aee5-32dd-453c-8ed5-76bd9788465a,true,true
94d3c142-c8fa-468e-ba5f-0420746d6d63,e164a1e9-5e75-452c-b804-018192cfd233,0bd6aee5-32dd-453c-8ed5-76bd9788465a,true,true
8248fb16-7c5f-4b58-91bc-eee5c6a5b67e,ea48bafb-15ed-44dc-b207-8d85c7b267c7,0bd6aee5-32dd-453c-8ed5-76bd9788465a,true,true
55377a04-6596-483c-a6f3-d58233d6de72,ea48bafb-15ed-44dc-b207-8d85c7b267c7,67dbf9f7-4898-4b84-86cf-303137a363be,false,true
d1c7881e-a8bb-43ef-9e08-abbf9e9c1cdb,8bac8b4c-6e61-425f-b444-ea11948efe60,0bd6aee5-32dd-453c-8ed5-76bd9788465a,true,true
faf69534-e7e4-4633-b368-4d213730c8d0,e2db0ee9-6da6-40fd-9881-8dda5ca64b56,0bd6aee5-32dd-453c-8ed5-76bd9788465a,true,true
337cb5bb-1df4-4c26-aeb0-5ab610cd5cec,e2db0ee9-6da6-40fd-9881-8dda5ca64b56,67dbf9f7-4898-4b84-86cf-303137a363be,false,true
c49dae35-3ef1-4471-a15a-3c83fb580487,01cbe5bd-a5ee-442b-b1ff-d866905cdf9c,0bd6aee5-32dd-453c-8ed5-76bd9788465a,true,true
6066f0f2-f572-499f-9811-c113b20f0627,01cbe5bd-a5ee-442b-b1ff-d866905cdf9c,ea967b68-c8a9-478e-b8f3-a6ab3ae23d99,true,true
48f49180-fe2d-42f0-b50d-f0099005fcc2,3c3b7f26-6873-4945-afc2-142a7435d600,67dbf9f7-4898-4b84-86cf-303137a363be,false,true
cfbfc0b4-8288-4b1a-89bb-633939f088f3,3c3b7f26-6873-4945-afc2-142a7435d600,0bd6aee5-32dd-453c-8ed5-76bd9788465a,true,true
a22ea4bc-9128-46c7-a90e-f722a359b0a8,7d38e28d-c298-45d2-bdba-d13daba10563,0bd6aee5-32dd-453c-8ed5-76bd9788465a,true,true
e5a15d79-10cd-4f94-8902-e29e5aa55335,7d38e28d-c298-45d2-bdba-d13daba10563,ea967b68-c8a9-478e-b8f3-a6ab3ae23d99,true,true
01c01d75-9698-458c-af36-e6e42b3fe215,a04ccd24-9c34-44b6-b793-dca1e631ec10,ea967b68-c8a9-478e-b8f3-a6ab3ae23d99,true,true
5b5e1dc1-c08f-4782-9832-e2c1ba22eee8,b221a6ec-3f5c-437e-865b-a40e6d648147,0bd6aee5-32dd-453c-8ed5-76bd9788465a,true,true
44bfd317-a6bb-465b-9bfe-8130a3badfda,76f237b6-a818-43a5-9000-ce41dec50dac,67dbf9f7-4898-4b84-86cf-303137a363be,false,true
d66befa8-1e40-4d92-96ad-62060f33922c,76f237b6-a818-43a5-9000-ce41dec50dac,ea967b68-c8a9-478e-b8f3-a6ab3ae23d99,false,true
eee72593-397e-44ac-98a9-7b6008ca78f4,a84792da-9f73-406e-8b51-1c46e75af3eb,0bd6aee5-32dd-453c-8ed5-76bd9788465a,true,true
69ec7c6a-bc83-41f8-8fdd-38ff43bfc0d0,88301768-3663-4b18-bb50-ba7dd553e30f,0bd6aee5-32dd-453c-8ed5-76bd9788465a,true,true
ddb048f7-ce45-48fe-a7dc-6f0ff475c39a,a84792da-9f73-406e-8b51-1c46e75af3eb,ea967b68-c8a9-478e-b8f3-a6ab3ae23d99,false,true
31a51a4d-7cf4-4f1b-b98e-9caefde11b34,bc1d5d74-adf6-458b-bc37-62339d0f1c9d,0bd6aee5-32dd-453c-8ed5-76bd9788465a,true,true
703f15ca-8580-4598-9580-385b6ee6bca4,76f237b6-a818-43a5-9000-ce41dec50dac,0bd6aee5-32dd-453c-8ed5-76bd9788465a,true,true
b1f49bb3-b652-495b-a8be-d17873905f4e,9ccc6892-1375-4ccc-8089-989396d1e346,0bd6aee5-32dd-453c-8ed5-76bd9788465a,true,true
040ec759-3532-4fdb-af16-acfcab5cd831,4fc1d2f5-f1b1-4916-8a0c-bac46dc8558f,0bd6aee5-32dd-453c-8ed5-76bd9788465a,true,true
8872c47a-25e1-486b-8a35-3b87d33e365e,a84792da-9f73-406e-8b51-1c46e75af3eb,67dbf9f7-4898-4b84-86cf-303137a363be,false,true
c524618c-d1c6-4640-8f4b-c89c40a9d447,8367d07a-aab4-4db5-83aa-2ebe4758a35b,67dbf9f7-4898-4b84-86cf-303137a363be,true,true
9f1be996-f6ff-4943-bd30-9e35030bd72c,7070088c-70e3-421c-bf63-4658948ec2c2,0bd6aee5-32dd-453c-8ed5-76bd9788465a,true,true
58dc28f9-5f12-4e92-ad32-109333fe819d,1499d651-e5b7-4cbe-a968-f59bad00ea00,0bd6aee5-32dd-453c-8ed5-76bd9788465a,true,true
9c005f76-8c8d-4245-9e17-9508c8952b0a,c47a95f8-6376-40c8-a301-fbaf9263a93d,0bd6aee5-32dd-453c-8ed5-76bd9788465a,true,true
59401920-797d-4461-95c8-a1d145610bdc,3bb7fd91-edcf-491c-b347-f9815db11b0b,0bd6aee5-32dd-453c-8ed5-76bd9788465a,true,true
6f11f591-dc7e-4228-97bf-0bc19487cc9a,51ded972-9f4e-400c-a88f-aa65f40c2f52,0bd6aee5-32dd-453c-8ed5-76bd9788465a,true,true
075695a7-f647-44a9-8b5e-af51cbaaa952,1499d651-e5b7-4cbe-a968-f59bad00ea00,ea967b68-c8a9-478e-b8f3-a6ab3ae23d99,true,true
76996d1a-9709-490c-99a4-fb0d69afad14,8367d07a-aab4-4db5-83aa-2ebe4758a35b,0bd6aee5-32dd-453c-8ed5-76bd9788465a,true,true
27e5eab8-12cf-4df4-97f5-3f440ccc374d,c66eeca1-1a47-4497-8ba3-0847f0ac8d7c,ea967b68-c8a9-478e-b8f3-a6ab3ae23d99,true,true
20ff0851-1a3f-4360-880e-22e8d75badab,033f7f6e-77b7-46dd-baba-60b4e72f3af4,0bd6aee5-32dd-453c-8ed5-76bd9788465a,true,true
0c1c7026-ddf9-4c3f-9474-1ce90e4955b2,b39aa12b-a638-46fc-a074-6f0281765a9d,0bd6aee5-32dd-453c-8ed5-76bd9788465a,true,true
816001f0-8842-4e82-83cb-4f70534e93d6,94e86ef3-bbec-49c6-b3ca-d0d3d1dc403a,0bd6aee5-32dd-453c-8ed5-76bd9788465a,true,true
9d35e300-6932-476b-aed1-7671b3012a1a,1cf50264-20fb-4488-b40e-96488483acd8,0bd6aee5-32dd-453c-8ed5-76bd9788465a,true,true
9c5d310c-b56b-47ff-8d04-3cd0a4a17bce,cb8089ad-41f9-4b82-ad54-e8d0c81181da,ea967b68-c8a9-478e-b8f3-a6ab3ae23d99,true,true
92d822c8-e6e1-4f82-9125-6ea7f4edeb4c,cb8089ad-41f9-4b82-ad54-e8d0c81181da,0bd6aee5-32dd-453c-8ed5-76bd9788465a,true,true
cc68378d-8998-4e20-b238-111a01959725,ca04686f-ba60-4406-bf09-db55d08618ad,ea967b68-c8a9-478e-b8f3-a6ab3ae23d99,true,true
8e2ba3cd-d300-4273-9260-7d1d6f379274,95ca71a5-e11f-4043-a37e-f4be9aa3ab53,0bd6aee5-32dd-453c-8ed5-76bd9788465a,true,true
6598e019-296b-439c-918f-ffac40e05a54,19b7a52d-f03f-43ee-86b8-a821c27ac650,0bd6aee5-32dd-453c-8ed5-76bd9788465a,true,true
8992b63c-65fd-4812-8952-ff5acf8b6768,6f8de36e-a26f-4a58-ad3d-59e477d10537,0bd6aee5-32dd-453c-8ed5-76bd9788465a,false,true
2e66c9b5-7d36-49fa-9e9a-002903b613ef,d4e1c11d-2cb5-4f42-ab7e-f0c4bcd0a572,0bd6aee5-32dd-453c-8ed5-76bd9788465a,true,true
7baa0ea4-d5e4-4f9e-bfeb-1412a96165ef,78cb82b5-6a3f-4ff9-8bff-1b66ad96d27a,ea967b68-c8a9-478e-b8f3-a6ab3ae23d99,true,true
d93a82d7-4531-4408-907c-217ba81e4b27,78cb82b5-6a3f-4ff9-8bff-1b66ad96d27a,0bd6aee5-32dd-453c-8ed5-76bd9788465a,true,true
8f0c93c0-27ae-44f3-955f-684848972c61,efd28795-2615-4bd7-860e-3f0ed46acc70,0bd6aee5-32dd-453c-8ed5-76bd9788465a,true,true
53d0e59d-3d2b-4830-89c9-489c278fee4b,2b61cdb7-13d5-4d9e-b9b4-e55f5055cf6d,0bd6aee5-32dd-453c-8ed5-76bd9788465a,true,true
d7e26d4d-fb15-4e6b-be34-52ce5526f903,2b61cdb7-13d5-4d9e-b9b4-e55f5055cf6d,ea967b68-c8a9-478e-b8f3-a6ab3ae23d99,true,true
00617015-d858-4814-81a7-3abb6d13c3b2,8945ee85-b753-4ea3-be17-e38079b4990b,ea967b68-c8a9-478e-b8f3-a6ab3ae23d99,true,true
d108230f-7eb9-4529-8051-4290f6f9b193,8945ee85-b753-4ea3-be17-e38079b4990b,0bd6aee5-32dd-453c-8ed5-76bd9788465a,true,true
deb42957-fe9a-4f89-97a0-53de1bbfcf1b,abe911cf-5c4b-4943-bb0b-bcb0dc478d8d,0bd6aee5-32dd-453c-8ed5-76bd9788465a,true,true
f26e4c4e-eced-4cf0-b4a4-9b5ee0c31200,41c49b19-383e-4315-be1b-38b834614707,0bd6aee5-32dd-453c-8ed5-76bd9788465a,true,true
d90c4d9e-329f-4de0-8cb3-6ceaed782c69,3ba7d2c1-3f22-40cc-9fc5-5efeb4e01c1e,0bd6aee5-32dd-453c-8ed5-76bd9788465a,true,true
2fa0697f-f6df-4866-9600-3e656289190d,3ba7d2c1-3f22-40cc-9fc5-5efeb4e01c1e,ea967b68-c8a9-478e-b8f3-a6ab3ae23d99,true,true
c9948826-750d-4951-9716-7bcd91c3e25b,b0ffb2c7-48e6-4d3b-a4e3-756f2a0f3df3,0bd6aee5-32dd-453c-8ed5-76bd9788465a,true,true
2771588a-6311-46d8-880d-b838ccf1f300,13c4bf98-7593-4b50-8e18-88310c8a2a8e,ea967b68-c8a9-478e-b8f3-a6ab3ae23d99,true,true
b71edb96-1e58-4b0b-8d43-2d3c4e9a2c87,13c4bf98-7593-4b50-8e18-88310c8a2a8e,0bd6aee5-32dd-453c-8ed5-76bd9788465a,true,true
32a5a35d-2ea9-4ea9-9f4e-acfce20cfbf6,db88acca-a1c5-43ed-b534-3f55a440df79,0bd6aee5-32dd-453c-8ed5-76bd9788465a,true,true
6b0a6bbd-ad36-41fa-934c-9791f335e2b4,2a4de4fd-9ad3-4db9-bb7e-0b347db61c70,0bd6aee5-32dd-453c-8ed5-76bd9788465a,true,true
15e18d54-e0cd-425b-bc79-7df70ad55636,e9ac4669-c90b-4f3a-9320-ea1e333bdb50,ea967b68-c8a9-478e-b8f3-a6ab3ae23d99,true,true
d5fe5aeb-6fe5-4037-9ee2-31c397b6740e,5217a47c-642c-42dd-bc98-4526cd28d484,0bd6aee5-32dd-453c-8ed5-76bd9788465a,true,true
8e20c587-300f-4924-8225-154aa1dcedf6,2c1541e7-beab-4463-b37c-35a6294ce7f9,0bd6aee5-32dd-453c-8ed5-76bd9788465a,true,true
6f88ee19-7df1-4993-861c-781b96c276aa,2cef7261-0f19-4a38-b81a-0a8eaf5f1709,0bd6aee5-32dd-453c-8ed5-76bd9788465a,true,true
182d9c5a-7852-4cf3-b991-faee759ab706,02d29cfe-b196-4fae-b03c-8a2256793122,0bd6aee5-32dd-453c-8ed5-76bd9788465a,true,true
9416d0b3-e328-4fb3-967b-423b51994833,114b6594-13b5-48cd-8b7a-ebf0afe3e9c9,ea967b68-c8a9-478e-b8f3-a6ab3ae23d99,true,true
c3e1e4e6-b763-4589-8f04-a177871c551f,97536924-7bdd-4e3b-a55e-45838b2d95fa,0bd6aee5-32dd-453c-8ed5-76bd9788465a,false,true
d2b3348b-0108-4e71-af47-45ed62cf76fc,177a0743-4d87-4065-a913-d210c547e57f,ea967b68-c8a9-478e-b8f3-a6ab3ae23d99,true,true
a1430435-72a1-4f8d-9a25-b1609b6f98d5,177a0743-4d87-4065-a913-d210c547e57f,0bd6aee5-32dd-453c-8ed5-76bd9788465a,true,true
a9db397d-a9b6-41bf-acb8-cea0bc494088,075c598f-3eaa-4111-a9c2-07a6cf660125,67dbf9f7-4898-4b84-86cf-303137a363be,false,true
257c7de6-2e52-40ac-9907-eb5abaacd4cf,075c598f-3eaa-4111-a9c2-07a6cf660125,ea967b68-c8a9-478e-b8f3-a6ab3ae23d99,false,true
973e4d48-341b-46e8-a063-79d51ebb68b2,075c598f-3eaa-4111-a9c2-07a6cf660125,0bd6aee5-32dd-453c-8ed5-76bd9788465a,true,true
10ee12e6-5a75-436e-a51d-e5c941769701,ca0e3636-53c8-43d4-9951-9a6b5262621a,0bd6aee5-32dd-453c-8ed5-76bd9788465a,false,true
84402de4-cf6f-48e0-bb02-5fd5955760d4,bffcfb5e-6125-4a1c-8c75-ce19cf8bcf3f,0bd6aee5-32dd-453c-8ed5-76bd9788465a,false,true
5d1915e4-2fc8-4f7e-9347-73c0261357ed,2370f1b5-f428-4e44-b5c6-b0df5e667156,0bd6aee5-32dd-453c-8ed5-76bd9788465a,true,true
427ea4a4-99e3-4b5b-84dd-17d2535d3704,82cba2f4-daf4-410d-9ad3-bb371e00de61,0bd6aee5-32dd-453c-8ed5-76bd9788465a,true,true
38f60d8c-e597-497d-8fac-f1c42e4ec712,82cba2f4-daf4-410d-9ad3-bb371e00de61,ea967b68-c8a9-478e-b8f3-a6ab3ae23d99,true,true
6f99624c-4b96-45cf-a566-92c6a937af64,740e50fc-26ec-4358-b750-bec408838d73,0bd6aee5-32dd-453c-8ed5-76bd9788465a,true,true
fb886ea1-93f8-4dc7-86ab-aa36700875ab,ec0a897b-449d-4ff9-8c85-c249f4474b34,0bd6aee5-32dd-453c-8ed5-76bd9788465a,true,true
6272a784-6945-4017-8f0a-d53d49aaaaee,ec0a897b-449d-4ff9-8c85-c249f4474b34,67dbf9f7-4898-4b84-86cf-303137a363be,false,true
603318e0-c535-4d9b-a7b9-00c46790163e,46b6ff68-7185-4169-88aa-96362e2b6c22,ea967b68-c8a9-478e-b8f3-a6ab3ae23d99,true,true
ffa33ac3-7be8-4c96-9967-ae37ef0e0d74,46b6ff68-7185-4169-88aa-96362e2b6c22,0bd6aee5-32dd-453c-8ed5-76bd9788465a,true,true
40004bfc-2686-45ca-924b-bb1f412f4bf9,eab45b96-52f7-4f0e-8c87-a901c5b56de4,0bd6aee5-32dd-453c-8ed5-76bd9788465a,true,true
687ebb30-94b0-452f-afb8-1a9b03af969e,669b6d3d-ddf2-4f2a-b1ea-50f81ab97219,0bd6aee5-32dd-453c-8ed5-76bd9788465a,true,true
228d83ba-570e-4d5e-822c-ae71f53d1e04,669b6d3d-ddf2-4f2a-b1ea-50f81ab97219,ea967b68-c8a9-478e-b8f3-a6ab3ae23d99,true,true
2f40da34-b274-480b-8a55-c512475f3c13,92289942-dce4-44b0-a252-c801c0810e62,0bd6aee5-32dd-453c-8ed5-76bd9788465a,true,true
09b04ef8-20c6-4684-87ba-810c75983518,92289942-dce4-44b0-a252-c801c0810e62,ea967b68-c8a9-478e-b8f3-a6ab3ae23d99,true,true
1a1ed0c8-f091-41af-93be-aaf5e7df0126,10338473-99f1-4884-9c0f-7203096eb110,ea967b68-c8a9-478e-b8f3-a6ab3ae23d99,true,true
41ae4157-8b76-44fa-a770-d0ee1cb306b7,10338473-99f1-4884-9c0f-7203096eb110,0bd6aee5-32dd-453c-8ed5-76bd9788465a,true,true
7a013ab1-9c9c-4724-b998-4e102b5d6991,9e6fd39b-f747-494e-b202-8ca56368995e,0bd6aee5-32dd-453c-8ed5-76bd9788465a,true,true
355bf8d5-cb45-481e-8cc2-778fd5389879,a6ce174c-b95b-4c80-b6ad-42d25d54db02,ea967b68-c8a9-478e-b8f3-a6ab3ae23d99,true,true
24651d48-e06a-4135-9967-0f325ebc7031,f08026b2-104f-476b-b8c1-7faae05db5e6,0bd6aee5-32dd-453c-8ed5-76bd9788465a,true,true
18910d1f-4d25-43db-804f-a1bdc60376f6,f08026b2-104f-476b-b8c1-7faae05db5e6,ea967b68-c8a9-478e-b8f3-a6ab3ae23d99,true,true
57a58097-0c9c-4bab-ba95-a567631000b8,3b531acf-d015-4993-8818-575a318d27e3,ea967b68-c8a9-478e-b8f3-a6ab3ae23d99,true,true
f1996b78-f7c9-4e57-b2ae-2091c82704b9,3b531acf-d015-4993-8818-575a318d27e3,0bd6aee5-32dd-453c-8ed5-76bd9788465a,true,true
8fccac85-c021-45cc-b624-7f9087f5e6da,a1af6763-73bb-4982-a5bc-6a378f73a039,0bd6aee5-32dd-453c-8ed5-76bd9788465a,true,true
71326a63-1021-4251-9d0b-87bb16434699,5a323bd3-1810-4560-bd33-1c8bbd417d39,0bd6aee5-32dd-453c-8ed5-76bd9788465a,true,true
320ed760-25e5-4f4d-8c6d-aea8f74b0ecd,a4709186-3aab-4382-80ff-ccb03b13b09a,0bd6aee5-32dd-453c-8ed5-76bd9788465a,true,true
be3c6bcd-102e-40a9-aed6-8c7c8f78d3ef,ff49c6cf-acb8-4e91-90b8-e260e23f5c86,ea967b68-c8a9-478e-b8f3-a6ab3ae23d99,true,true
baa00462-ea81-4bff-a1de-99425d76f22a,033a2a4b-899b-45c7-a7b9-11986d408baa,0bd6aee5-32dd-453c-8ed5-76bd9788465a,true,true
75200a8c-ccd9-42f5-9c6b-44f997bf755e,b664c2b3-5189-4761-83d9-8f8c55a9fcd0,0bd6aee5-32dd-453c-8ed5-76bd9788465a,true,true
707e036f-1a88-45f2-92b7-d6a228bdee44,bbce6528-39bc-4702-867f-184ef4194e75,0bd6aee5-32dd-453c-8ed5-76bd9788465a,true,true
0f5a86a7-8b48-44fa-b314-e66acc48a017,2ec21b97-9245-499d-b6b9-d02849aac29c,0bd6aee5-32dd-453c-8ed5-76bd9788465a,true,true
12af2cd8-41e7-4559-9a7d-76d5bfdc8057,5e187aa1-f0b2-4926-9140-88e4d2d7c2ba,67dbf9f7-4898-4b84-86cf-303137a363be,false,true
bf4294ed-a36b-48e1-a2ad-f50552bca8a2,b69b7c3a-b189-4a0a-ba6a-698d5fa20051,0bd6aee5-32dd-453c-8ed5-76bd9788465a,true,true
4a18ff03-1b21-4ce5-a3e4-224e403ba923,c14ab305-b304-4fe1-9080-e00720ed7ae4,0bd6aee5-32dd-453c-8ed5-76bd9788465a,true,true
93577e1f-745d-45ca-90f9-b6f45de14494,f37856ad-d6c9-4886-bf63-b32f56960640,ea967b68-c8a9-478e-b8f3-a6ab3ae23d99,true,true
46908ef1-9e3e-459f-9f83-170dc2785ed1,f813e7d7-a645-4d02-b1f0-de3eae709b56,0bd6aee5-32dd-453c-8ed5-76bd9788465a,true,true
763f1d08-04d8-4595-ab8d-96b1f1e0e0e8,5cc41401-6fcc-47ac-88c0-330b0a16e223,0bd6aee5-32dd-453c-8ed5-76bd9788465a,true,true
10d18d9f-bfcb-4018-8dc6-1e9962af7252,c4401a54-c93e-4526-9333-50b95ec5ce0f,ea967b68-c8a9-478e-b8f3-a6ab3ae23d99,true,true
e7740b7e-8cb2-46f4-8e21-33c2356f383c,c4401a54-c93e-4526-9333-50b95ec5ce0f,0bd6aee5-32dd-453c-8ed5-76bd9788465a,true,true
7219cc38-2fd6-4082-b862-de4b0c17859b,8b4d4b5c-c952-43c4-9e59-2030936d4c2d,ea967b68-c8a9-478e-b8f3-a6ab3ae23d99,true,true
41ac16df-4ea4-4ba1-9207-55505665a3f3,8b4d4b5c-c952-43c4-9e59-2030936d4c2d,0bd6aee5-32dd-453c-8ed5-76bd9788465a,true,true
daa7d1d2-36c1-463f-a476-d415ffa28cb3,8564ab6d-0438-409a-b731-90f2caddf897,0bd6aee5-32dd-453c-8ed5-76bd9788465a,true,true
ac2c9abf-0287-4b46-a238-28aabf904aba,8354b45d-87cb-488e-a760-277810dc95f8,0bd6aee5-32dd-453c-8ed5-76bd9788465a,true,true
97ce9911-b79c-45d9-8254-575164f26353,8cc00a1f-01d9-400e-9195-78822ba5f8b2,0bd6aee5-32dd-453c-8ed5-76bd9788465a,true,true
3643c73d-a109-4c2d-8e9b-d372b76f59ac,bf3c503c-ebae-4b39-9080-78f2b6a2de3b,0bd6aee5-32dd-453c-8ed5-76bd9788465a,true,true
fab2deff-0e26-459d-aba6-b43b83fb67de,e8fc2f36-e646-4929-a7b1-d8f5567b647f,0bd6aee5-32dd-453c-8ed5-76bd9788465a,true,true
14799c20-24af-4d70-a774-7b6148c52284,5aba1144-009f-446c-a2c1-8c07b4c40816,0bd6aee5-32dd-453c-8ed5-76bd9788465a,true,true
520888fc-9e98-4f47-a8a2-1fb18279a6c9,859bbf35-1679-40af-97d1-9ba05fe3c9bc,ea967b68-c8a9-478e-b8f3-a6ab3ae23d99,true,true
d529b820-6bc2-44af-be27-2ea4ff45dd93,a1fa2c46-f84e-44eb-af61-1f72011cb5af,0bd6aee5-32dd-453c-8ed5-76bd9788465a,true,true
90c994d2-eac4-46d0-8cd5-d24c09b2ff0a,f182303e-0d22-4f97-9b20-376cc1b5ddd2,0bd6aee5-32dd-453c-8ed5-76bd9788465a,true,true
59621d5c-b17a-477f-8afa-af739602c404,4a2d5f75-9575-401c-9ad6-3eb1e1db7b29,0bd6aee5-32dd-453c-8ed5-76bd9788465a,true,true
cdd3f213-d4c9-40d1-85d4-6333fb0bdb3b,d085a763-b1e6-4cb7-975b-69789735838c,0bd6aee5-32dd-453c-8ed5-76bd9788465a,true,true
af81ab52-080c-4dac-9c03-14d83c8ebeff,f182303e-0d22-4f97-9b20-376cc1b5ddd2,ea967b68-c8a9-478e-b8f3-a6ab3ae23d99,true,true
c284fb16-d411-4c15-8cdd-5246c7142e0d,a04b42d3-9efc-463c-be2b-dffeb4bc1fd1,0bd6aee5-32dd-453c-8ed5-76bd9788465a,true,true
714c5c1e-1a94-4d56-95b6-c74344ce19f8,21e68b42-9541-44a1-b4ad-057964dfce5d,0bd6aee5-32dd-453c-8ed5-76bd9788465a,true,true
fbb97343-5fe5-4229-921a-92a9acf60361,06cb077f-40fa-4148-8356-90f6717f808f,0bd6aee5-32dd-453c-8ed5-76bd9788465a,true,true
23b120dc-8b2a-4825-bb2a-26098985237f,b86df55e-5f79-4a36-8a29-6355f279d5a6,ea967b68-c8a9-478e-b8f3-a6ab3ae23d99,false,true
26b16f34-e0b5-465d-ba26-345f8c3a7036,b86df55e-5f79-4a36-8a29-6355f279d5a6,0bd6aee5-32dd-453c-8ed5-76bd9788465a,true,true
d876b273-190e-4c94-acd0-b7bf37662b64,556eabcd-6143-473e-b5f3-8e26e03a15b6,0bd6aee5-32dd-453c-8ed5-76bd9788465a,true,true
e959528d-90ff-423d-b9c8-f99ba7218547,73cd5c68-97d5-494b-b31b-277c8e26a2ac,0bd6aee5-32dd-453c-8ed5-76bd9788465a,true,true
63a2a1ef-da93-4ecb-aad7-707f5f185754,18e8aa43-f7a5-4583-b816-a87eb9f75af7,0bd6aee5-32dd-453c-8ed5-76bd9788465a,true,true
3fb7d67d-760b-47a8-b201-9757a193012b,b5a4ef09-a878-44b6-81cf-7e772458dce8,0bd6aee5-32dd-453c-8ed5-76bd9788465a,true,true
50bd8909-e1ee-4fc1-97b9-b8a65eb369b1,bafae331-9c8a-4123-a564-53e4299724f1,0bd6aee5-32dd-453c-8ed5-76bd9788465a,true,true
d412867d-df8d-424a-a5e5-51c67feb6345,a437fcc5-8dc2-41e8-bdfb-5a353e6f88d1,0bd6aee5-32dd-453c-8ed5-76bd9788465a,true,true
207a57ac-668f-42f8-9388-485165e0152f,a437fcc5-8dc2-41e8-bdfb-5a353e6f88d1,ea967b68-c8a9-478e-b8f3-a6ab3ae23d99,true,true
d16bf85b-feb3-44af-8a88-7027416c4638,03a032f0-0aa9-41e1-8beb-3fa5dd1c9cf8,0bd6aee5-32dd-453c-8ed5-76bd9788465a,true,true
41f06b64-38ad-4e50-bd0a-8d8cb85e6f5b,276c5fc6-2710-4bf0-b0f3-6cabfff6ddf6,0bd6aee5-32dd-453c-8ed5-76bd9788465a,true,true
263ce23f-a7e5-4ac8-ae0d-251623979fa2,71777c84-0ba8-47d6-afcd-088aebf4f044,0bd6aee5-32dd-453c-8ed5-76bd9788465a,true,true
db3a9b5f-f657-43e2-ba39-b7099a8dfdba,276c5fc6-2710-4bf0-b0f3-6cabfff6ddf6,67dbf9f7-4898-4b84-86cf-303137a363be,true,true
ae556551-61ed-40ea-a211-dffdf296f233,a5751d35-de1c-486c-94a7-d1b4b73a6ea3,0bd6aee5-32dd-453c-8ed5-76bd9788465a,false,true
a3f24c70-3119-49bd-a676-8e9fbb68b2a5,d607591c-237a-4ead-b1fc-fe9df21d59cc,ea967b68-c8a9-478e-b8f3-a6ab3ae23d99,true,true
36dd3f4e-9d44-413e-9e33-87ba8b455bbd,e1db1c3b-dc50-459d-9634-b85ba95eb2df,ea967b68-c8a9-478e-b8f3-a6ab3ae23d99,true,true
467430f6-6926-4e11-be65-7217bebb1278,acc0b072-fbb8-4953-a8eb-e6ae2eeb703d,0bd6aee5-32dd-453c-8ed5-76bd9788465a,false,true
d690dcb1-b292-41f6-a5db-ab7ff76b3c84,792574a1-62fe-4d31-bb28-140f70fd83da,0bd6aee5-32dd-453c-8ed5-76bd9788465a,true,true
7e450c99-a5cc-4f74-ad88-3b07e11c6b7a,792574a1-62fe-4d31-bb28-140f70fd83da,ea967b68-c8a9-478e-b8f3-a6ab3ae23d99,true,true
7267e1d8-3f06-4201-bcbe-0b05bb5334e5,6569cbe6-260f-4a14-953a-dc196f100b4e,0bd6aee5-32dd-453c-8ed5-76bd9788465a,false,true
b9a73c68-7e8c-4a54-b30b-29e48c49280e,276c5fc6-2710-4bf0-b0f3-6cabfff6ddf6,ea967b68-c8a9-478e-b8f3-a6ab3ae23d99,true,true
c11f62bd-f260-402c-9b85-40cbb5269bdc,9cb935dc-4020-4d7e-b586-fee1c8e4879e,0bd6aee5-32dd-453c-8ed5-76bd9788465a,true,true
673007e8-a74f-47d4-a69a-55d252ec9410,8f574558-11a7-4066-a1a0-2e142180263b,0bd6aee5-32dd-453c-8ed5-76bd9788465a,true,true
49bfcb86-087f-4b35-b24e-7978cf9738ea,793fe64a-6576-4f8c-ad8f-9bfd79b6aca5,0bd6aee5-32dd-453c-8ed5-76bd9788465a,false,true
eee6746c-29ef-44b1-9b7b-afd01f74ef41,e21e9b65-9d18-4643-b01b-7ab969e54aef,0bd6aee5-32dd-453c-8ed5-76bd9788465a,true,true
79dc6a0b-2361-4fd0-8bd6-a10679b5ffe0,e21e9b65-9d18-4643-b01b-7ab969e54aef,ba54fb99-cd67-484d-b68f-34aea2d83af6,false,true
d441f886-dca1-44a3-90a6-0f2ba9fc0cd3,76511797-758c-45bb-906b-d7b3ad02ebf5,0bd6aee5-32dd-453c-8ed5-76bd9788465a,true,true
f6c3db4b-5322-4110-963a-50b36b8bbaf3,314f4a0f-8419-40d5-8ccc-e49e6033a9a9,ea967b68-c8a9-478e-b8f3-a6ab3ae23d99,true,true
9f276fac-4442-4b96-8cc7-1d6b2da07baa,dcf38dc1-7d98-46a1-9029-045e93e7b431,0bd6aee5-32dd-453c-8ed5-76bd9788465a,true,true
e97e1204-5aaa-49ef-b1d4-50698078930b,314f4a0f-8419-40d5-8ccc-e49e6033a9a9,0bd6aee5-32dd-453c-8ed5-76bd9788465a,true,true
083a37ee-24fc-4307-9c62-a492b151e616,9748f7b1-3dde-46bb-8f6a-2200cc6677cb,0bd6aee5-32dd-453c-8ed5-76bd9788465a,true,true
624e292b-0e33-4cd6-9b31-c7c0d9cf055b,ca193bc5-38b9-49dd-b2d6-aa65a44da372,0bd6aee5-32dd-453c-8ed5-76bd9788465a,true,true
dbb940a9-20d3-49d1-b66d-bd2c26d3d8a3,3076bbdb-a12c-490f-b9c0-7ffbde3ed5ed,ea967b68-c8a9-478e-b8f3-a6ab3ae23d99,true,true
c9c549ba-d77e-4437-ac80-e3be1830c18a,3076bbdb-a12c-490f-b9c0-7ffbde3ed5ed,0bd6aee5-32dd-453c-8ed5-76bd9788465a,true,true
552aab6f-a715-40d1-bca3-38e3251dbf10,83116bdd-5944-4d28-b350-a486429efd8a,0bd6aee5-32dd-453c-8ed5-76bd9788465a,true,true
a8e7fc28-2743-4782-bbcb-fa6e126fd901,fb45e757-2e54-4972-9379-ff407092595b,0bd6aee5-32dd-453c-8ed5-76bd9788465a,true,true
1505d2e6-83c9-4d52-9e03-43afff393fe6,5974faf8-3578-4c01-a753-94c87ec78213,0bd6aee5-32dd-453c-8ed5-76bd9788465a,true,true
ba2bab98-764a-4318-9771-1a208770ed54,0e317bc2-dd96-4a4f-8b2b-651a0a95c835,0bd6aee5-32dd-453c-8ed5-76bd9788465a,true,true
73955af0-bbc2-42e4-99e0-748da223769d,85b3919a-8fd0-45be-aa31-44bfeb69f9f4,0bd6aee5-32dd-453c-8ed5-76bd9788465a,true,true
4f1912b2-4ce9-4e7c-aed1-f34fed6a1432,85b3919a-8fd0-45be-aa31-44bfeb69f9f4,ea967b68-c8a9-478e-b8f3-a6ab3ae23d99,true,true
409fc581-af73-4c51-b80d-c07dffcfd1f0,f772b501-5d1a-4915-9b80-e9f79aa9533b,0bd6aee5-32dd-453c-8ed5-76bd9788465a,true,true
42b1b7a2-2841-4308-90eb-aec1adb7beaa,d1d6b56e-75c1-430c-af57-538659220233,0bd6aee5-32dd-453c-8ed5-76bd9788465a,true,true
4f29df73-dd58-4988-9f93-5de3e442d517,5b232194-798a-4b6d-948c-1165cb9bf558,0bd6aee5-32dd-453c-8ed5-76bd9788465a,true,true
a35ba822-623a-44f2-b5e0-841add1ba0b9,f43f0bc9-95ff-4217-a3d7-0d207e1ba94a,0bd6aee5-32dd-453c-8ed5-76bd9788465a,true,true
034725e6-7bc1-4fc8-8532-d12090c90130,9e313db3-b36b-43e7-afb0-33f7355cae8d,0bd6aee5-32dd-453c-8ed5-76bd9788465a,true,true
9e5eb836-d061-44be-a64f-9b32ed9d834a,e2b2e9f8-fd54-419f-9f05-2f4e928e978c,0bd6aee5-32dd-453c-8ed5-76bd9788465a,true,true
9e7d5c72-65ab-4c91-b1cb-31affed49204,a8ca50ba-0a03-4b6d-80fc-ca3730df8b49,0bd6aee5-32dd-453c-8ed5-76bd9788465a,true,true
ba8a3275-5e84-4a64-b3bd-f29905c3ee23,e43c811d-5d30-4c63-819d-db2565b9bf84,0bd6aee5-32dd-453c-8ed5-76bd9788465a,true,true
0e25fd45-7587-4d69-8e64-cf0a1f1c35cd,30e05084-e7b8-47b7-9804-db2046e014d2,0bd6aee5-32dd-453c-8ed5-76bd9788465a,true,true
e1754c45-8beb-4c33-a044-7947cdf79733,51cb0f2a-4381-46fa-a99f-505ee9477dc7,67dbf9f7-4898-4b84-86cf-303137a363be,true,true
b4d808e5-ac8e-4567-950c-12e796a79a7c,fffeaec2-37a2-424a-859f-1fb58f27de0d,0bd6aee5-32dd-453c-8ed5-76bd9788465a,true,true
090b6c4e-6a15-4fb6-8145-46a4226ab75e,fffeaec2-37a2-424a-859f-1fb58f27de0d,ea967b68-c8a9-478e-b8f3-a6ab3ae23d99,true,true
bd7fc973-cf1d-428a-99b7-5fa230b9b50b,111caa3d-d4d2-4940-b9d5-d94559b52bf2,0bd6aee5-32dd-453c-8ed5-76bd9788465a,true,true
b57fffff-2b98-49c2-a0e5-f21b2fe898b1,ade2ea47-7188-449a-9950-b0a60649b450,0bd6aee5-32dd-453c-8ed5-76bd9788465a,true,true
2c56ad7c-e936-4ec8-b9f5-7069bb488592,4c1beac3-8ca2-4feb-ab6e-190a0d921540,0bd6aee5-32dd-453c-8ed5-76bd9788465a,true,true
51d92faf-b94e-4867-bb07-8b7e47333e0f,68d4f381-aeb1-4ef3-9b09-2f2fd125a416,0bd6aee5-32dd-453c-8ed5-76bd9788465a,true,true
7d9b5a92-8780-44b5-b93b-ea7e924e0061,9af25322-58da-45f7-b31c-0f479089bb0b,ba54fb99-cd67-484d-b68f-34aea2d83af6,true,true
61515b36-6c94-4630-873e-58b3d10e3596,9af25322-58da-45f7-b31c-0f479089bb0b,0bd6aee5-32dd-453c-8ed5-76bd9788465a,true,true
d6a48744-6f99-4e60-a10a-a2d11b243442,8b94d364-9f0c-406a-b2f0-02a7457e8ab2,0bd6aee5-32dd-453c-8ed5-76bd9788465a,false,true
22a5b66f-4342-4d0a-8d63-b5f007d99477,343cc679-c3fe-4c94-8b0f-8f2b5a63c179,0bd6aee5-32dd-453c-8ed5-76bd9788465a,false,true
90866349-caa9-4900-9bac-4cc56cf8e36a,fa240eaf-d563-4d07-ad12-5159d12e9214,0bd6aee5-32dd-453c-8ed5-76bd9788465a,false,true
d1e23b3e-d4f5-4eff-a0ee-bbaace97d9f9,c37c00e9-014c-4351-b240-a7675185acc2,0bd6aee5-32dd-453c-8ed5-76bd9788465a,true,true
52dd70db-d3a0-4820-9e4c-c930d53b484e,5e187aa1-f0b2-4926-9140-88e4d2d7c2ba,ea967b68-c8a9-478e-b8f3-a6ab3ae23d99,false,true
11494f8f-1ebd-47b8-99fd-e53d9d8f402b,4be28892-2cb3-47ea-9d4e-cfb55c25fd8a,0bd6aee5-32dd-453c-8ed5-76bd9788465a,true,true
07df8933-6caf-4720-a0fe-9b1a1a212a32,5e187aa1-f0b2-4926-9140-88e4d2d7c2ba,0bd6aee5-32dd-453c-8ed5-76bd9788465a,true,true
81af42d9-5ca8-43ec-a8d5-b556a6c3b50b,9a9fdef8-3408-4927-874d-8a2875f5578c,0bd6aee5-32dd-453c-8ed5-76bd9788465a,false,true
dc0a0c00-fbf8-401e-b237-e9583148a94d,c2beec3a-4011-472c-b818-0d79b019fbdf,ea967b68-c8a9-478e-b8f3-a6ab3ae23d99,true,true
45c05e37-dc63-45dc-abd0-645701d1708d,71dd450a-a73c-47c8-8526-a5a080f687f0,ea967b68-c8a9-478e-b8f3-a6ab3ae23d99,true,true
b46b8209-853f-4679-a699-fe924397aa51,5c5c5eb1-65ed-41b9-896e-32a5ddb1ecfa,0bd6aee5-32dd-453c-8ed5-76bd9788465a,true,true
039f759c-f3b2-4522-8988-3f6a84392b39,8d299ebf-f4d4-465f-bb9a-b33cc2f1c2e6,0bd6aee5-32dd-453c-8ed5-76bd9788465a,true,true
e7816d90-ac20-4a73-b210-f7a18fca0482,58de1e27-f870-4cc4-bb93-52cfd48409ea,0bd6aee5-32dd-453c-8ed5-76bd9788465a,true,true
beb97196-193c-4cf2-b3e4-ec5bce408bfa,c2beec3a-4011-472c-b818-0d79b019fbdf,0bd6aee5-32dd-453c-8ed5-76bd9788465a,true,true
62689f32-0821-405f-8db4-a63e13bebae8,4b53fc4a-6f11-4d6b-b3df-fa0f41897cf0,0bd6aee5-32dd-453c-8ed5-76bd9788465a,true,true
4f9349c5-4661-4f59-8962-b14b4f8ecb90,e4152e7b-c1e1-4849-8b1a-e23d59f77223,ea967b68-c8a9-478e-b8f3-a6ab3ae23d99,true,true
e72542d2-8c05-42ab-a14a-591084995373,44249a6c-e89f-4197-b2b4-6d21d9188805,ea967b68-c8a9-478e-b8f3-a6ab3ae23d99,true,true
c88b2150-c639-4711-be4c-ece81f9e6a1b,142ebbb9-ae43-464e-b899-35b4f5a382d9,0bd6aee5-32dd-453c-8ed5-76bd9788465a,true,true
00360252-a593-4d0d-93eb-d7be89bb3720,c8783147-27a9-45da-ade3-c68df7d861b3,0bd6aee5-32dd-453c-8ed5-76bd9788465a,true,true
58a1a320-6505-41a0-aeb7-1fcfe01b273b,d148bd1d-a799-42fe-a4fa-453a2a4a2436,0bd6aee5-32dd-453c-8ed5-76bd9788465a,true,true
2ed5e50c-1d29-4d09-9d56-241d7f5b68ca,ca95949b-0e27-4278-834e-2892a426dfb9,0bd6aee5-32dd-453c-8ed5-76bd9788465a,false,true
c68ddfff-e9f1-4e4c-a968-f69c582400d6,f6346c83-ccf4-49f3-be9e-36369c51b3f6,0bd6aee5-32dd-453c-8ed5-76bd9788465a,true,true
93ffe5b5-8485-4392-9b1a-bde053f52657,d8f551f7-471c-490f-9f02-b16cc8d9f62d,ea967b68-c8a9-478e-b8f3-a6ab3ae23d99,true,true
4d975bf8-fc17-4916-98a7-4fe9ba860335,d8f551f7-471c-490f-9f02-b16cc8d9f62d,67dbf9f7-4898-4b84-86cf-303137a363be,true,true
daf29113-932b-4a8f-af4f-e15190624a2f,d8f551f7-471c-490f-9f02-b16cc8d9f62d,0bd6aee5-32dd-453c-8ed5-76bd9788465a,true,true
10f91823-6b2d-4b94-b41d-f19f2ff999e9,aaeadca1-c9e7-47ed-b009-e51cf6542068,0bd6aee5-32dd-453c-8ed5-76bd9788465a,true,true
c1da3cb4-dc30-4e67-be83-1385fd8ef719,2d21aefc-48fe-4cb5-b7de-2d7bcf372ec2,0bd6aee5-32dd-453c-8ed5-76bd9788465a,true,true
cd4d233f-bcd4-4747-9294-4009c96bf121,22458c30-e236-4ae1-ab55-301ede074207,0bd6aee5-32dd-453c-8ed5-76bd9788465a,true,true
0d31b66f-4a69-48f3-80b5-63a12faaaf59,cce62cbc-4fe3-4740-b9d7-6291a8974564,0bd6aee5-32dd-453c-8ed5-76bd9788465a,true,true
8c8d9462-89d5-4d7b-84e0-4bee10f9decc,f401705b-f7e7-4357-8ff3-7a9f17654a3f,0bd6aee5-32dd-453c-8ed5-76bd9788465a,true,true
cce3f307-d377-4cc8-a1fc-82cd5529ea87,f401705b-f7e7-4357-8ff3-7a9f17654a3f,9c991fd3-6a0f-4dda-88c6-4007a987f21d,true,true
d1b0a2bc-2435-49c6-b39d-19a812ebaea2,f6346c83-ccf4-49f3-be9e-36369c51b3f6,ea967b68-c8a9-478e-b8f3-a6ab3ae23d99,true,true
580f82ef-955f-494a-a537-de28226af895,abe3cd04-12d4-49e9-99c1-a13be774d03b,0bd6aee5-32dd-453c-8ed5-76bd9788465a,true,true
a4c2a831-a41f-4891-8327-c72e4f384188,5f5eed19-0f31-4cc3-ac9d-b0fa407fa088,0bd6aee5-32dd-453c-8ed5-76bd9788465a,true,true
8735427e-6715-4ee2-9a82-ecc2109db380,0c3df2ac-b6ad-48df-9ee5-1af23889805b,0bd6aee5-32dd-453c-8ed5-76bd9788465a,true,true
5eecc4ae-ad1b-43ff-8de2-52b110ff11f3,072b6937-6fce-4c3e-97b4-8fa3258c8927,0bd6aee5-32dd-453c-8ed5-76bd9788465a,true,true
253ac087-fb75-4212-b524-bdc412aa1572,aea1a5e8-0de1-4671-8dbb-5a94ebecf2d4,0bd6aee5-32dd-453c-8ed5-76bd9788465a,true,true
33f42b37-369b-4624-8cc3-9f1e9c0255ea,34805bb5-79b2-4b5c-86e6-41f10daf3359,0bd6aee5-32dd-453c-8ed5-76bd9788465a,true,true
754ab8d7-2014-47fc-ae2d-b258805a3054,b4f4e3a1-818f-48f4-b30d-0068d5dc9dd5,0bd6aee5-32dd-453c-8ed5-76bd9788465a,true,true
97a3c8cf-458f-45ad-86b9-160952f186d2,728a4b07-6dd8-47ef-ac1d-020f5fdce705,0bd6aee5-32dd-453c-8ed5-76bd9788465a,false,true
7c75b254-4dbc-4b84-a32a-40c70cc4d044,1ae49895-edaa-4a5e-82f0-850ad2c0b7cf,0bd6aee5-32dd-453c-8ed5-76bd9788465a,true,true
f1a89e3b-0580-49b1-92e2-ec42c19ddf4b,33ac37c4-5610-4aac-8edd-7eda9ef545fd,ea967b68-c8a9-478e-b8f3-a6ab3ae23d99,true,true
33d41474-47a4-451c-acf3-d973d596ca12,4cc1ea63-7880-4db2-9c8f-83708f4c78d3,67dbf9f7-4898-4b84-86cf-303137a363be,false,true
047a0df0-dc72-4b4b-9140-72105039a0b5,16ea2906-c608-47cf-b116-11265ee33af9,0bd6aee5-32dd-453c-8ed5-76bd9788465a,true,true
3a2d79b2-4384-47a5-888d-e2cd66880b07,4cc1ea63-7880-4db2-9c8f-83708f4c78d3,0bd6aee5-32dd-453c-8ed5-76bd9788465a,true,true
0e5cc268-122f-4f79-a9f2-dd2b37eb224b,ecaf7ea2-94b5-46e1-b318-c5a0363d404e,67dbf9f7-4898-4b84-86cf-303137a363be,true,true
7b7df17a-22b6-4b84-8e69-3e8ee8188dc5,66670eb5-4d40-424e-8c9c-e59ba16f31d0,0bd6aee5-32dd-453c-8ed5-76bd9788465a,true,true
af83bb83-bc40-4701-b9b9-29a2cfb40da6,2723acb6-4bd6-4594-ad64-95667e3fbe1e,0bd6aee5-32dd-453c-8ed5-76bd9788465a,true,true
c3fbc358-0b59-48eb-b194-cf7b23b0027c,257bfa4f-640f-44e8-b9c8-10bbd63eef8a,0bd6aee5-32dd-453c-8ed5-76bd9788465a,true,true
3185fad6-b6df-4ea2-8fb2-4829a5b1950e,9a0aadf7-b7bf-4f40-a2be-b22e4ff61450,0bd6aee5-32dd-453c-8ed5-76bd9788465a,true,true
8c55ada4-d9e8-496e-b80c-0a322d6f7cb7,d814a48e-fa33-4ed6-96fa-30b1bc772be7,ea967b68-c8a9-478e-b8f3-a6ab3ae23d99,true,true
ea9fae08-b668-401e-b28d-706b70a7c7d8,0e8fa871-2def-4073-8c07-66516a625432,0bd6aee5-32dd-453c-8ed5-76bd9788465a,true,true
3be917c0-a1d6-4035-91dc-f2d925c7b3fd,0e8fa871-2def-4073-8c07-66516a625432,ea967b68-c8a9-478e-b8f3-a6ab3ae23d99,true,true
a8ea900d-300a-4482-a169-f774703d858a,748b0245-7d25-49e4-813d-4ba554a67115,0bd6aee5-32dd-453c-8ed5-76bd9788465a,true,true
dc5f144c-3b4d-4aab-a612-b5fac000d251,c2d714fa-2c2c-491c-bafd-a36a057571e5,0bd6aee5-32dd-453c-8ed5-76bd9788465a,true,true
b588ebc6-3bac-4d0c-8725-9781e1202746,6dcf9300-cdb6-4f34-aafb-ef0cabf0316e,0bd6aee5-32dd-453c-8ed5-76bd9788465a,true,true
99159d0d-cd03-40ec-8bd4-85c10643facb,0be74629-9ecf-40de-a6df-6e3cd73fbcdb,0bd6aee5-32dd-453c-8ed5-76bd9788465a,true,true
16f8ef6b-92a7-4628-abd9-1c2969f8d629,b5669faa-ee62-452e-955b-3ab4e5cf22ed,0bd6aee5-32dd-453c-8ed5-76bd9788465a,true,true
6ff95a94-70f6-4034-b2ea-354251ae14c0,9be98ed6-21f0-4404-8d89-0db535ed9123,0bd6aee5-32dd-453c-8ed5-76bd9788465a,true,true
31a72b07-8935-4f3c-bf7b-eaf9cfc009e9,8d5869af-ee07-4ee3-9b58-daf9524575f9,0bd6aee5-32dd-453c-8ed5-76bd9788465a,true,true
a3c2c021-c7e7-4f48-938f-1241baba9996,7a22b021-7510-4797-a922-6b844f518e22,0bd6aee5-32dd-453c-8ed5-76bd9788465a,true,true
6a778105-0b1e-42c7-978c-fb51c7be44aa,08549bec-8ad2-47ef-baad-ebc47807e6cf,0bd6aee5-32dd-453c-8ed5-76bd9788465a,true,true
76a70eb4-8cb6-412c-a52d-205ae5376c14,3dce39ec-2b90-4763-ae61-2dfa86246abb,0bd6aee5-32dd-453c-8ed5-76bd9788465a,true,true
b7f7667d-8fe5-44c9-8f01-7944606e1338,859c252e-7888-4ada-bd43-eff7ba631d8b,0bd6aee5-32dd-453c-8ed5-76bd9788465a,true,true
6563c304-fbfa-4bc8-a961-ad1edd252ff4,fa8df07c-d722-4775-8d2c-ad5db0c7b74b,0bd6aee5-32dd-453c-8ed5-76bd9788465a,true,true
fcea1a63-7db7-4553-864a-2acaabdb0648,1e2ac322-95cc-488f-a17b-b69e319b0355,0bd6aee5-32dd-453c-8ed5-76bd9788465a,true,true
03c1dd2a-fcda-4cf7-a0ae-b14377fdd17f,4077f6db-dfe8-45f5-ad38-92e77de5751b,0bd6aee5-32dd-453c-8ed5-76bd9788465a,true,true
60fda3cd-4afb-4d6b-b5be-5c9be849400d,4077f6db-dfe8-45f5-ad38-92e77de5751b,ea967b68-c8a9-478e-b8f3-a6ab3ae23d99,false,true
a40df11e-3342-4f15-9d94-b708338bc5d3,4077f6db-dfe8-45f5-ad38-92e77de5751b,67dbf9f7-4898-4b84-86cf-303137a363be,false,true
de1d8eef-628a-4bd2-a130-9d5deb8ac129,7abe2824-dfab-4850-be60-b8bceac73776,0bd6aee5-32dd-453c-8ed5-76bd9788465a,true,true
e616ace6-1db1-4c2f-bf70-8bae8521d220,b59c516a-64ea-4f7c-b64e-bda20c729e4e,0bd6aee5-32dd-453c-8ed5-76bd9788465a,true,true
2952b2c3-e722-4cd5-b1ab-334244c40485,d127cb80-6ce1-4efc-a0ca-7b2bf77b10e0,0bd6aee5-32dd-453c-8ed5-76bd9788465a,true,true
0b20d027-280a-4c1c-999e-8e530087adea,752c1fca-2d6f-4f69-be28-4f9a6223a665,ea967b68-c8a9-478e-b8f3-a6ab3ae23d99,true,true
beacc492-832a-436d-afc5-90c71c467214,752c1fca-2d6f-4f69-be28-4f9a6223a665,0bd6aee5-32dd-453c-8ed5-76bd9788465a,true,true
bf766b71-0c85-4127-b7cb-1f3c5b98c396,9168211d-d665-43b9-9fc9-d7da3f1d0d9b,0bd6aee5-32dd-453c-8ed5-76bd9788465a,true,true
a8304706-432f-4bc7-b188-042051098074,3e8af75e-33cd-4f44-9f94-36760f99da9a,0bd6aee5-32dd-453c-8ed5-76bd9788465a,true,true
b59490c4-b1b2-4d28-9435-6bf183614200,27b5b496-9b5c-47fc-886d-53d97ca8b4f0,0bd6aee5-32dd-453c-8ed5-76bd9788465a,true,true
b318e787-1f6f-4dd6-832a-af26de8ff177,09c63f2c-78a0-4dbf-83f1-46df878cb973,0bd6aee5-32dd-453c-8ed5-76bd9788465a,true,true
c7702ef7-3666-47ab-828c-f15dc63687be,07553395-c50c-4d36-8abe-43570b3a5726,0bd6aee5-32dd-453c-8ed5-76bd9788465a,true,true
22cb2eee-436a-4d30-a6c4-de110209c068,a2710a71-81c3-4d3c-8e46-870dc7d88ed4,0bd6aee5-32dd-453c-8ed5-76bd9788465a,true,true
8c24a9ea-cb83-4b78-9b32-5309bdfce55a,0acdc1e6-faa6-454c-a9d4-9d9ef55842f4,0bd6aee5-32dd-453c-8ed5-76bd9788465a,true,true
7a218ed7-9719-4bcb-8067-544effdf54b9,a9339062-e5ed-4d97-826c-1624dbb692f6,0bd6aee5-32dd-453c-8ed5-76bd9788465a,true,true
b289b490-2b48-4c35-9cac-41df33312cc6,73df69d2-aa71-4493-82b6-c9e1d3b145fb,0bd6aee5-32dd-453c-8ed5-76bd9788465a,true,true
5edad150-5626-411a-bc2b-2b7102549a01,52054883-bb92-4e31-8258-0f54a56d3821,0bd6aee5-32dd-453c-8ed5-76bd9788465a,true,true
9e64c98e-504d-4bf5-b673-1b19c0a240a5,7baa0cda-c621-45de-a282-2e21ef984c4f,ea967b68-c8a9-478e-b8f3-a6ab3ae23d99,true,true
13a8dc7d-c353-49f2-ab06-906719f5836b,7baa0cda-c621-45de-a282-2e21ef984c4f,0bd6aee5-32dd-453c-8ed5-76bd9788465a,true,true
0692c6f6-c3be-400b-9831-47eddfb33841,4ee43cce-0dfb-4893-ae98-bb95f392c80f,0bd6aee5-32dd-453c-8ed5-76bd9788465a,true,true
abce1761-b2d4-47e4-b4a2-68b8c40d2cc7,2737098d-77db-47e7-919e-a28078c105c3,0bd6aee5-32dd-453c-8ed5-76bd9788465a,true,true
aba0d8c9-9ff5-41a8-bdaa-b4ddbc0a3e4e,26294dce-c40b-4cd5-bfa5-127080a9ed01,0bd6aee5-32dd-453c-8ed5-76bd9788465a,true,true
c44b34c1-637d-4ce2-84ba-ef4766e1a1d4,fddf72d1-efef-42af-8030-a9c8a33e1054,0bd6aee5-32dd-453c-8ed5-76bd9788465a,true,true
16e69190-de3f-490d-8865-7504a121f5c8,383d7e0b-11f8-46b8-829b-279659dc66b1,0bd6aee5-32dd-453c-8ed5-76bd9788465a,true,true
9098a03c-0d5e-4649-96bf-79fe0ae3c277,c2beec3a-4011-472c-b818-0d79b019fbdf,67dbf9f7-4898-4b84-86cf-303137a363be,true,true
a7dcb19f-df19-49d0-86e6-f2c871315371,8f5c8901-4119-4d8a-8230-f0d638673a16,ea967b68-c8a9-478e-b8f3-a6ab3ae23d99,true,true
6e10174b-9a1f-4c51-8e2d-a494e2fb1cb1,f37856ad-d6c9-4886-bf63-b32f56960640,0bd6aee5-32dd-453c-8ed5-76bd9788465a,true,true
99df35e8-26bd-45f5-8c38-c0665feee569,64aae757-5688-4e54-a892-b38a717904d8,0bd6aee5-32dd-453c-8ed5-76bd9788465a,true,true
8f3c8e6f-98a4-49bb-9f13-64bafe261294,8f5c8901-4119-4d8a-8230-f0d638673a16,0bd6aee5-32dd-453c-8ed5-76bd9788465a,true,true
baa23f03-f622-4357-ad95-f4c0134f9b6d,54f2cc6a-770c-4a5e-b81b-647a3fbb51c6,0bd6aee5-32dd-453c-8ed5-76bd9788465a,true,true
76ff0d66-1d87-49d1-811a-94b283a29219,54f2cc6a-770c-4a5e-b81b-647a3fbb51c6,ea967b68-c8a9-478e-b8f3-a6ab3ae23d99,false,true
d912517c-586f-4a74-a012-f701a7355822,ef336223-c847-4d04-b187-83ef02e5c25c,0bd6aee5-32dd-453c-8ed5-76bd9788465a,true,true
ce6c1495-1c7e-41ee-8e9f-ca94e0fcac5e,baa0c934-a9ae-4cfe-a017-b785c56266c9,0bd6aee5-32dd-453c-8ed5-76bd9788465a,true,true
ddf5f850-267f-4d37-9d0f-f86991f1718f,baa0c934-a9ae-4cfe-a017-b785c56266c9,ea967b68-c8a9-478e-b8f3-a6ab3ae23d99,true,true
a74fc25e-8791-42cc-9f14-2e9c74663816,64a148f0-3b4e-43f0-b012-4c8e30e12adf,0bd6aee5-32dd-453c-8ed5-76bd9788465a,true,true
0f343e02-9bd6-4a55-aea2-c40de80817f0,8367d07a-aab4-4db5-83aa-2ebe4758a35b,ea967b68-c8a9-478e-b8f3-a6ab3ae23d99,true,true
e83d2745-70bc-4ada-a1d9-cc19973b06b5,3bce7975-13e5-41bc-b44d-38cc11f7c7cc,0bd6aee5-32dd-453c-8ed5-76bd9788465a,true,true
9e021eba-7a88-4124-8398-a6f001911ba4,8a4fbbc1-63b4-4600-a494-75cd5c91d6b1,0bd6aee5-32dd-453c-8ed5-76bd9788465a,false,true
94174fd2-2f7d-4ccd-a06b-c485e5a74d64,3bce7975-13e5-41bc-b44d-38cc11f7c7cc,ea967b68-c8a9-478e-b8f3-a6ab3ae23d99,true,true
b7741d30-8e06-41bf-b42d-df28a4c20e8a,e4152e7b-c1e1-4849-8b1a-e23d59f77223,0bd6aee5-32dd-453c-8ed5-76bd9788465a,true,true
ade4029e-cf02-46a2-bc49-b337c6bbffee,d07227da-4513-41c3-b0d0-faab0562d734,0bd6aee5-32dd-453c-8ed5-76bd9788465a,true,true
35ea36b8-7274-413c-9f91-d9c1b46ed005,9d4607f9-3bf6-4be8-b6b6-80c2d1554bd2,ea967b68-c8a9-478e-b8f3-a6ab3ae23d99,true,true
4935b774-fda7-4fc2-817d-97df04e7cb00,9d4607f9-3bf6-4be8-b6b6-80c2d1554bd2,0bd6aee5-32dd-453c-8ed5-76bd9788465a,true,true
21ec49ad-4b4a-41f0-817d-db51878bf0c9,c3cac5b8-69f7-4f58-a190-9edfbfd8edef,0bd6aee5-32dd-453c-8ed5-76bd9788465a,true,true
c8989f3d-a2b0-46fb-80fc-718bb453cdda,9d226782-aa1e-4fe0-b314-936d3e812e24,0bd6aee5-32dd-453c-8ed5-76bd9788465a,true,true
67d4a762-aba4-463a-9898-a4c129f619a7,3eb383fd-e6b0-4b81-a6ed-c9a36818d9e5,0bd6aee5-32dd-453c-8ed5-76bd9788465a,true,true
11b131c2-8bb5-4c39-b6f4-37612dc5f863,cac7ce78-55c1-42f4-b7c2-fd109bb86372,0bd6aee5-32dd-453c-8ed5-76bd9788465a,true,true
fcb2ca85-0645-4c15-9297-3158ae7d8933,3ba036fb-d88c-4051-8fcd-7815fea2d6d9,0bd6aee5-32dd-453c-8ed5-76bd9788465a,true,true
3628f3b0-c4a5-44b4-8633-07206e7c1302,68aedc10-3f7d-4f81-9071-59e4138040ef,0bd6aee5-32dd-453c-8ed5-76bd9788465a,true,true
c203c4a4-5dbc-4826-852b-ac23d2c7a345,86956dca-da6b-4ef2-8695-f20283312355,0bd6aee5-32dd-453c-8ed5-76bd9788465a,true,true
3900c269-5c6a-4866-90de-9a5440d68149,b7713543-b4b7-402f-ba30-64b612a1367d,0bd6aee5-32dd-453c-8ed5-76bd9788465a,true,true
3756a657-dbdf-42b6-b330-60b12be0be7b,243b12f6-7de2-4a7c-93d1-cf45522e11ff,ea967b68-c8a9-478e-b8f3-a6ab3ae23d99,true,true
a2974edf-ee4c-4cf1-ab80-4ba41ab976c0,bdf9350c-f43e-41d2-b629-bb7883eedff1,0bd6aee5-32dd-453c-8ed5-76bd9788465a,true,true
37b22429-d111-4545-9acd-af5b67db04e3,786e73bc-5c53-4948-95c4-f970ea7b0b45,0bd6aee5-32dd-453c-8ed5-76bd9788465a,true,true
88e05ca8-3a02-47d9-aed2-fdcd8511f956,4cc1ea63-7880-4db2-9c8f-83708f4c78d3,ea967b68-c8a9-478e-b8f3-a6ab3ae23d99,false,true
bfe4e4a2-de61-4ed7-83b5-5a75fd6fa9ea,dcc28202-020d-4b1a-8a84-89d8506b8151,0bd6aee5-32dd-453c-8ed5-76bd9788465a,true,true
182ffd6b-424b-4018-8739-a3bf8fccd54a,800f8264-534c-4a96-9564-da92b96d4aa2,0bd6aee5-32dd-453c-8ed5-76bd9788465a,true,true
d8cd5ced-b360-475c-bfb9-d57d07b6ea86,ba12cab1-c401-4121-8a78-7d3013d6f499,0bd6aee5-32dd-453c-8ed5-76bd9788465a,true,true
d1af2bdc-4ba8-434a-9ddb-33b076f2387f,bbba6077-6f15-4655-ad40-0c8fd2d68919,0bd6aee5-32dd-453c-8ed5-76bd9788465a,true,true
65b7bfff-41e9-437b-a15a-db57bb936397,edf0a01f-c65f-48ab-b914-efbdfca52f48,0bd6aee5-32dd-453c-8ed5-76bd9788465a,true,true
f6e61a95-04fc-4514-a38e-eafffd923842,6fa70c15-0f60-4108-9563-3becba31a7c1,0bd6aee5-32dd-453c-8ed5-76bd9788465a,true,true
7e8d2b87-780a-49a6-a402-289ce2eb5b31,2e343c02-b644-445d-800f-329e10334208,0bd6aee5-32dd-453c-8ed5-76bd9788465a,true,true
b0def4e6-c928-4add-bc57-5f090cf45472,26d367d5-0a98-4983-95ee-5e99796ff016,0bd6aee5-32dd-453c-8ed5-76bd9788465a,true,true
09e73f5f-d5dc-4e55-8aa1-33f326c27818,2e343c02-b644-445d-800f-329e10334208,ea967b68-c8a9-478e-b8f3-a6ab3ae23d99,true,true
b0a402c8-dd4f-4e33-aa0f-b2bbb0b40e6b,26d367d5-0a98-4983-95ee-5e99796ff016,ea967b68-c8a9-478e-b8f3-a6ab3ae23d99,true,true
131e54b6-9db1-4414-8450-d1587a9d6748,216bcb70-0a23-408d-a5a2-2fb825201fae,0bd6aee5-32dd-453c-8ed5-76bd9788465a,true,true
6487c4e2-638e-4f56-8f2c-b3166b13b73a,9cedc665-6162-4375-ba98-526d8921dbd4,0bd6aee5-32dd-453c-8ed5-76bd9788465a,true,true
156eff3e-3420-4715-8302-6103cc23bcd5,5f2378fc-5a63-4564-89e4-d29d35d5186e,0bd6aee5-32dd-453c-8ed5-76bd9788465a,true,true
631a8052-0ae4-4aa1-ab7e-560a1d89b1b3,5f2378fc-5a63-4564-89e4-d29d35d5186e,ea967b68-c8a9-478e-b8f3-a6ab3ae23d99,true,true
4874906b-2b4c-40f6-8244-26269490a591,be1376f1-e456-476f-8be2-3bd845819bf1,0bd6aee5-32dd-453c-8ed5-76bd9788465a,true,true
cb447191-8869-44fc-994c-65cbabd4dc79,2d3f72a6-c6e2-4563-a5e1-65d7cc1e08a0,0bd6aee5-32dd-453c-8ed5-76bd9788465a,true,true
4804b316-c9f6-4af7-8bc5-c9f5ea53d772,7074dae4-ad8c-4d67-b749-8eae0595cabf,0bd6aee5-32dd-453c-8ed5-76bd9788465a,true,true
fee296ca-fa9e-48d7-baa8-7df8f445422a,cd282c20-b2de-4317-8f1c-c697004fa14c,ea967b68-c8a9-478e-b8f3-a6ab3ae23d99,true,true
754570b6-c089-44a1-a117-c823ae3f724a,cd282c20-b2de-4317-8f1c-c697004fa14c,0bd6aee5-32dd-453c-8ed5-76bd9788465a,true,true
9ed0be97-558b-407f-b500-357ad7650608,0cd9712c-8845-4ab5-9e13-c10f1b858e0a,0bd6aee5-32dd-453c-8ed5-76bd9788465a,true,true
65bb6493-dc76-441d-a2b9-9e4ec1f0597e,c689e76f-d0b9-4075-a490-a8adfa318f8b,0bd6aee5-32dd-453c-8ed5-76bd9788465a,true,true
8da0ce64-8694-47a2-9555-7c2573a76ceb,ba94ae9f-ca10-4321-a55d-075d420e3152,0bd6aee5-32dd-453c-8ed5-76bd9788465a,true,true
88374970-b98e-4f77-a246-38da085a2751,18f674bc-4b94-47ce-b8dc-7fd92b771ae2,0bd6aee5-32dd-453c-8ed5-76bd9788465a,true,true
efb062fe-65f5-42ab-8f14-f950025f2cb8,398fca1c-d830-49a0-9a55-1b8ad284c330,0bd6aee5-32dd-453c-8ed5-76bd9788465a,true,true
76cc5861-3288-4c7e-8e4c-eb9c8db41919,b3883225-b4d7-4e53-96ac-b34041cd5eaf,0bd6aee5-32dd-453c-8ed5-76bd9788465a,true,true
f3bd2a7e-7dff-4180-99ed-4efd8aaf7c81,da2953ae-954b-489a-8e28-55a8b58c56ee,0bd6aee5-32dd-453c-8ed5-76bd9788465a,true,true
6fce9a06-0143-4da4-ac3c-33244376ff01,2feeab86-9d65-4651-9f6b-5088db3263e7,0bd6aee5-32dd-453c-8ed5-76bd9788465a,false,true
1b836b73-22f2-4e2c-ae21-8c70e60a58a3,66cfb25e-42eb-465e-a505-46bb19dfc332,0bd6aee5-32dd-453c-8ed5-76bd9788465a,true,true
687bc580-6592-488d-beae-44a904b67076,ef6593f0-4446-406e-8201-df90a57511ba,0bd6aee5-32dd-453c-8ed5-76bd9788465a,false,true
4bd5797e-1286-4820-b6fa-9db65ee472e3,d9008b3e-90d7-4673-94a0-558b7a95d403,0bd6aee5-32dd-453c-8ed5-76bd9788465a,true,true
e8dcfa28-d90b-4294-8d65-a4ee87da62d2,d9008b3e-90d7-4673-94a0-558b7a95d403,ea967b68-c8a9-478e-b8f3-a6ab3ae23d99,true,true
3680b1ca-407b-4a12-bf6e-baede7a19aef,6e362bc6-adfd-4ed2-a631-3e1a47e29684,0bd6aee5-32dd-453c-8ed5-76bd9788465a,true,true
5217bc59-b7fe-405a-b814-ebec66ad6b8e,204aa9b1-347d-43a3-89ff-55c7dcfdfdd5,0bd6aee5-32dd-453c-8ed5-76bd9788465a,true,true
ee8ea71d-095e-4e6d-b9cf-de1df4bf70dd,5ddcfd49-b9bd-4cda-9b29-7a66b29d6714,ea967b68-c8a9-478e-b8f3-a6ab3ae23d99,true,true
1cf3a1f5-fa54-4320-8bd6-1f883e08907d,5ddcfd49-b9bd-4cda-9b29-7a66b29d6714,0bd6aee5-32dd-453c-8ed5-76bd9788465a,true,true
39aa4034-c6c2-41cf-be4b-40a50d6cde0b,c6169330-b49b-42c6-9cb3-f5ab5891c430,0bd6aee5-32dd-453c-8ed5-76bd9788465a,true,true
b7bd9a50-1393-47c5-8e99-48237310c77b,38aeb8be-dcd4-45a3-98a1-605ed849713a,0bd6aee5-32dd-453c-8ed5-76bd9788465a,true,true
269139a4-ce23-40c4-a353-93f37e803c7e,f2c690cc-247b-446b-99f1-d21d5d67d65b,0bd6aee5-32dd-453c-8ed5-76bd9788465a,true,true
945332f1-8554-44f9-a71c-adc862ae8476,9ea1f6fc-2dd6-4d27-91c9-983cc09eaaba,0bd6aee5-32dd-453c-8ed5-76bd9788465a,true,true
d331d926-a52e-4200-8346-e6f3c5da094a,e458e6aa-3e8d-4b1b-9115-a01b99b76a7e,0bd6aee5-32dd-453c-8ed5-76bd9788465a,true,true
20595b2b-80b7-4128-881a-62a5f99026c8,8abbebc2-29b3-44fb-b1f0-5da438cc8e8c,0bd6aee5-32dd-453c-8ed5-76bd9788465a,true,true
388f9024-c0a8-4322-9e67-5ada8fc62a70,8abbebc2-29b3-44fb-b1f0-5da438cc8e8c,ea967b68-c8a9-478e-b8f3-a6ab3ae23d99,false,true
571a55b2-b1bf-434e-9b86-585be363793b,0e5dfbf2-6517-458f-8392-f2989b831c59,0bd6aee5-32dd-453c-8ed5-76bd9788465a,true,true
b435c2f8-0542-4e62-b19f-7377cf128d7b,04b05406-7b31-4500-8334-c60b01332e1a,0bd6aee5-32dd-453c-8ed5-76bd9788465a,true,true
08dd63e7-b303-4e40-a03a-b9c0ac2c7df9,8c58fc0b-0f99-4314-baad-6e85666e3a55,0bd6aee5-32dd-453c-8ed5-76bd9788465a,true,true
1beb84e4-5dfa-42b0-86f8-fc545fc25c70,e3808da5-ac10-4fbb-8b26-5c3f198f0ce3,0bd6aee5-32dd-453c-8ed5-76bd9788465a,true,true
d20fceb4-9daf-45fa-a239-80036b31d6f0,30f3a464-9928-4a95-97c8-4cfa748236cf,0bd6aee5-32dd-453c-8ed5-76bd9788465a,true,true
2f501059-b6a5-4a6b-8116-021bce66b4b3,b55cfc28-82a8-47ce-b65b-9cc8df20c5f8,0bd6aee5-32dd-453c-8ed5-76bd9788465a,true,true
35d098cc-8d37-4495-82c6-47606ec30dff,9936e973-c85f-4a59-97f6-c2db72d05a01,0bd6aee5-32dd-453c-8ed5-76bd9788465a,true,true
94c40f43-7f0d-44d6-bc74-abf892de4605,5c02b6f4-3dd8-4aec-97dc-bf37f2ca2c1e,0bd6aee5-32dd-453c-8ed5-76bd9788465a,true,true
a6cde26e-2faa-47b6-b6ee-32614f4192e7,6b87cec3-1b93-4048-9510-dd65734d0d93,0bd6aee5-32dd-453c-8ed5-76bd9788465a,true,true
de202923-19d8-4df2-9092-fd64f4ac999b,2214b0ee-9be1-410c-9cd3-592ddbefa637,0bd6aee5-32dd-453c-8ed5-76bd9788465a,true,true
96a30a97-8a49-4d24-ac4b-5bf98ef5f18e,71dd450a-a73c-47c8-8526-a5a080f687f0,0bd6aee5-32dd-453c-8ed5-76bd9788465a,true,true
b377b3df-10f2-45f6-be66-e635c65396b7,6a0f919b-5caf-4c0f-9e17-44e339bd3dbd,ea967b68-c8a9-478e-b8f3-a6ab3ae23d99,true,true
f9fddd46-2fcc-4464-a8ff-420ba9996b08,6a0f919b-5caf-4c0f-9e17-44e339bd3dbd,0bd6aee5-32dd-453c-8ed5-76bd9788465a,true,true
3a89a55b-5781-45e9-93e7-0c0a30535549,f56eca19-d5a9-40f8-a300-8ecbe1f36016,0bd6aee5-32dd-453c-8ed5-76bd9788465a,true,true
22175b17-ef78-458b-8695-00860897c132,04716028-e180-4699-91cf-7425a2a69525,ea967b68-c8a9-478e-b8f3-a6ab3ae23d99,true,true
51e47597-5504-4b34-a023-537d66942122,bf24cdd1-4fd1-473a-8eca-593a0654ff9b,0bd6aee5-32dd-453c-8ed5-76bd9788465a,true,true
442b6e87-a610-4926-ac3f-7c972d442201,f56eca19-d5a9-40f8-a300-8ecbe1f36016,ea967b68-c8a9-478e-b8f3-a6ab3ae23d99,true,true
5f4c316e-8dd3-4312-bae4-19cb5a3306a7,65db75df-323c-4995-9450-bd379e9a6985,0bd6aee5-32dd-453c-8ed5-76bd9788465a,true,true
7cabab9f-0029-447b-b755-76e759bcf040,010d5901-1dac-4285-815a-9377a0b384ae,ea967b68-c8a9-478e-b8f3-a6ab3ae23d99,true,true
d064934a-ed8b-4859-8db2-f2c5226f5d64,d24d2966-a600-43ad-89d0-402a1e4a92a0,0bd6aee5-32dd-453c-8ed5-76bd9788465a,true,true
811005c7-4c70-4913-9072-21dbb67db039,7ee44e40-b71d-4fbf-9eb0-1351d609b519,0bd6aee5-32dd-453c-8ed5-76bd9788465a,true,true
7e12a59a-5e6a-4b80-b893-5375c8713ef3,d6b4384e-1719-45ff-ac28-7becb5cfa9b3,0bd6aee5-32dd-453c-8ed5-76bd9788465a,true,true
377d5fb0-e1fb-48e4-b80a-5c9f687828fd,d6b4384e-1719-45ff-ac28-7becb5cfa9b3,ea967b68-c8a9-478e-b8f3-a6ab3ae23d99,true,true
8e199876-1d13-4713-81c5-ffe1a61d0db2,7c1d8fbd-f961-4532-842e-45b728f64a1f,0bd6aee5-32dd-453c-8ed5-76bd9788465a,true,true
d4f5a7ca-a331-4916-8024-7a5f3018ca43,20b75a5f-0df3-4552-8f32-20533176a47e,ea967b68-c8a9-478e-b8f3-a6ab3ae23d99,true,true
4977d29b-5726-4532-9535-e19347f4ff7b,20b75a5f-0df3-4552-8f32-20533176a47e,0bd6aee5-32dd-453c-8ed5-76bd9788465a,true,true
433571f8-55d6-46b7-acc8-4d16d43e1630,5fcfddf7-4e30-4a62-9474-620e1be0b048,0bd6aee5-32dd-453c-8ed5-76bd9788465a,true,true
8656e1d9-18e3-475f-a6ba-1364a1453958,5fcfddf7-4e30-4a62-9474-620e1be0b048,ea967b68-c8a9-478e-b8f3-a6ab3ae23d99,true,true
9b437c20-0691-4e42-8c23-f41471b7df96,948d318b-255f-4852-8d2d-56b0faf9133c,67dbf9f7-4898-4b84-86cf-303137a363be,true,true
52e0ec6f-3311-4c8b-9133-9878fcb4f364,52ee799c-2a27-4d74-a986-e5644c0c6e6b,0bd6aee5-32dd-453c-8ed5-76bd9788465a,true,true
92b6b5f4-8ee3-4758-83ee-717d6ea96737,ba726e08-08f0-4960-9bef-a921007f12a0,0bd6aee5-32dd-453c-8ed5-76bd9788465a,true,true
99b68b1a-ea1b-4e6f-8422-681deb5beb78,46d5ebb3-af6a-476b-ba37-9b7d702e50bf,0bd6aee5-32dd-453c-8ed5-76bd9788465a,true,true
54305387-4e48-4371-82ed-9477d70fa136,a330b1d4-e877-4c0e-9dcb-e0bcb9f703df,0bd6aee5-32dd-453c-8ed5-76bd9788465a,true,true
139bff38-59c3-4fe4-bc00-c868f4ecc0bc,b607c51e-a182-4abd-b670-3b9b137d4f65,0bd6aee5-32dd-453c-8ed5-76bd9788465a,true,true
b2128196-f148-41d6-89ab-5c67cbf4e3a1,d90324b0-f5b9-46b6-90e5-2e3930809187,0bd6aee5-32dd-453c-8ed5-76bd9788465a,true,true
1dc8a492-5511-46c9-9a2a-12722eaafa82,34bfcbac-091d-47a3-84ad-83089ba28e38,0bd6aee5-32dd-453c-8ed5-76bd9788465a,true,true
1debea44-8834-49c1-a7b1-a88994cb99b3,c674d734-1b48-423d-8c6d-eaa8df49a72e,0bd6aee5-32dd-453c-8ed5-76bd9788465a,true,true
7fa04098-87c1-4d47-98f9-f29fbeff733e,a4f2f2a6-d890-4935-b04b-94d30f72e569,0bd6aee5-32dd-453c-8ed5-76bd9788465a,false,true
57044c22-16b7-4d44-8b7b-b3a209ee30a3,b77b42b7-5bbf-43fc-9522-9825836450b2,ea967b68-c8a9-478e-b8f3-a6ab3ae23d99,true,true
d916a347-46f0-448f-b0b0-f400c7e073ad,db1be14c-1ece-4da3-a0fb-58d9b2e11e8b,0bd6aee5-32dd-453c-8ed5-76bd9788465a,true,true
cf28d547-417d-4dfc-bf18-237ba312e208,db1be14c-1ece-4da3-a0fb-58d9b2e11e8b,ea967b68-c8a9-478e-b8f3-a6ab3ae23d99,true,true
aa1fc155-058e-4315-89c4-198163f9387c,b77b42b7-5bbf-43fc-9522-9825836450b2,0bd6aee5-32dd-453c-8ed5-76bd9788465a,true,true
f43cd8df-1e39-4afb-a672-cbcd46a2a89a,cf309628-1392-466f-83c4-21d524ffa318,ea967b68-c8a9-478e-b8f3-a6ab3ae23d99,true,true
6601cf4f-c7d9-42a8-a660-a1597f027122,cf309628-1392-466f-83c4-21d524ffa318,0bd6aee5-32dd-453c-8ed5-76bd9788465a,true,true
83811b46-0a39-4a1c-96e8-ecac1969dbcd,cf309628-1392-466f-83c4-21d524ffa318,67dbf9f7-4898-4b84-86cf-303137a363be,true,true
38689a5d-5131-4269-b7ab-3188b1ef8934,0743fcce-e654-42be-a2a1-3e2e95845a0e,0bd6aee5-32dd-453c-8ed5-76bd9788465a,true,true
fb149de9-fe5c-4628-a520-0b013bbbaf8a,f26e0a8a-64de-40d5-a15b-d806deccadcf,0bd6aee5-32dd-453c-8ed5-76bd9788465a,true,true
702f43b4-f6c3-41d3-8f67-5f874b625757,3194d0d6-1dea-46f0-a428-bb9e8c83832d,0bd6aee5-32dd-453c-8ed5-76bd9788465a,true,true
80528723-537e-4684-8d83-b7e76e8ed682,4e0340ee-db9f-441c-b537-b58e7ac80ce8,0bd6aee5-32dd-453c-8ed5-76bd9788465a,true,true
8e27c4e2-378b-42c0-90ca-36c8bbb5a844,00982b23-4fc9-4d15-9308-3903f2c1cb30,0bd6aee5-32dd-453c-8ed5-76bd9788465a,true,true
35a4eec5-3de6-41bc-bec6-f8e7c6d7dd87,ccdaf320-1a8c-4ed1-b786-01da0fb24af9,0bd6aee5-32dd-453c-8ed5-76bd9788465a,true,true
e6f20fcc-a6a5-40e4-84c3-69576c1655ad,1f7ecec8-39d5-45fe-9070-a08841127ee1,ea967b68-c8a9-478e-b8f3-a6ab3ae23d99,true,true
9531f79c-130f-47d6-8de4-0597bc71b2f4,1f7ecec8-39d5-45fe-9070-a08841127ee1,0bd6aee5-32dd-453c-8ed5-76bd9788465a,true,true
9c2d496c-0243-47ed-89ba-de64ef9e5aa0,442c6481-7fc0-40f3-a932-c43e7b643fc0,ea967b68-c8a9-478e-b8f3-a6ab3ae23d99,false,true
dad85750-910e-40d0-ba6b-a3319ebf5718,442c6481-7fc0-40f3-a932-c43e7b643fc0,0bd6aee5-32dd-453c-8ed5-76bd9788465a,true,true
ed812042-6146-4500-bf9f-a0c9b83fea74,4e6cbdca-89e5-4ccd-a850-d4824dca8795,ea967b68-c8a9-478e-b8f3-a6ab3ae23d99,true,true
ca21f2f7-b74b-44a0-baab-00a9b63b558d,7fe06edb-02a2-4028-b5f7-3cde0477e46b,0bd6aee5-32dd-453c-8ed5-76bd9788465a,true,true
c746bb4d-dbde-4f1f-bd40-7b94291ce6e8,7fe06edb-02a2-4028-b5f7-3cde0477e46b,ea967b68-c8a9-478e-b8f3-a6ab3ae23d99,true,true
16f77987-949b-4f66-b529-70f1e07a7705,ff31f868-945f-4cb9-81ef-e50c0f381e3a,0bd6aee5-32dd-453c-8ed5-76bd9788465a,true,true
b59c0938-5b1d-42d8-bd7a-7553e1be2bc6,ff31f868-945f-4cb9-81ef-e50c0f381e3a,ea967b68-c8a9-478e-b8f3-a6ab3ae23d99,true,true
ba07617c-f542-421e-919c-45bf9293929e,7a5655e6-8420-42d3-afe5-2b041426686d,ea967b68-c8a9-478e-b8f3-a6ab3ae23d99,true,true
7fb05df3-f0b3-48f8-adb6-779a6f9da6d7,addaba9b-d31d-47eb-a1ef-fc407c25efa8,0bd6aee5-32dd-453c-8ed5-76bd9788465a,true,true
3ee5bfb0-c88f-49b8-a788-441d48dca714,1cfd3f4c-83a7-43a6-8395-0b5e7783c2b5,0bd6aee5-32dd-453c-8ed5-76bd9788465a,true,true
5473cfe8-f435-49da-a55b-843b8eec583e,ae5c9662-aacd-4359-9a98-2e3ded1777e8,0bd6aee5-32dd-453c-8ed5-76bd9788465a,true,true
9a18e0d3-79ff-48ff-84c2-0ce10306ca50,96d7d62d-1b30-43de-a5ab-6ce961e626ef,0bd6aee5-32dd-453c-8ed5-76bd9788465a,false,true
51272638-2056-4452-9dc9-c7164c97fa82,bd955423-e234-4aa4-9310-bcf93d32e90f,0bd6aee5-32dd-453c-8ed5-76bd9788465a,false,true
888783bb-de9e-44d9-93f8-a4c8b232f6c6,cd412489-6c38-416d-be12-9bf2e3e5d857,0bd6aee5-32dd-453c-8ed5-76bd9788465a,true,true
134c68fd-a370-481d-b501-966fa481ff06,cd412489-6c38-416d-be12-9bf2e3e5d857,ea967b68-c8a9-478e-b8f3-a6ab3ae23d99,true,true
c3836557-0681-462d-9922-e0b2331990f3,3afd5d79-eec8-4069-81ec-3bf6d5134bed,ea967b68-c8a9-478e-b8f3-a6ab3ae23d99,false,true
c97f16db-a4b0-43da-a533-0f4bf28c8eec,3afd5d79-eec8-4069-81ec-3bf6d5134bed,0bd6aee5-32dd-453c-8ed5-76bd9788465a,false,true
ca5b46b8-e998-4c27-be60-4f55722ea483,0c816054-7957-450b-b9b8-340fabafa2b1,ba54fb99-cd67-484d-b68f-34aea2d83af6,true,true
5e9fe681-1458-4fec-8ac7-30dee8a081b5,0c816054-7957-450b-b9b8-340fabafa2b1,0bd6aee5-32dd-453c-8ed5-76bd9788465a,false,true
77cf4ee3-2ee4-475d-a5f0-9f563038d466,81467a22-2a54-4862-be8d-0aaf3a232472,0bd6aee5-32dd-453c-8ed5-76bd9788465a,true,true
501b417f-47c7-4a63-9fa8-e2386c7c6c62,905cf50a-0a1e-4b08-bff0-6a7033ec8e5d,0bd6aee5-32dd-453c-8ed5-76bd9788465a,true,true
9b1a27bf-5319-414e-90e5-079d7da1d2cf,905cf50a-0a1e-4b08-bff0-6a7033ec8e5d,ea967b68-c8a9-478e-b8f3-a6ab3ae23d99,false,true
8f661a66-94b8-4853-ac50-f0589439a5dc,13e013fa-519b-4c57-a9e3-414233bc36a9,67dbf9f7-4898-4b84-86cf-303137a363be,true,true
44cb8de2-21ae-4d9c-9dc5-e8e570f7e3fa,13e013fa-519b-4c57-a9e3-414233bc36a9,0bd6aee5-32dd-453c-8ed5-76bd9788465a,false,true
ce884c36-737f-4515-9edb-0b2bf2044024,e05ff898-936d-4365-9be1-2b3d73a5133b,67dbf9f7-4898-4b84-86cf-303137a363be,true,true
86c56dfc-9893-401a-a26e-defb5e1eae9a,e05ff898-936d-4365-9be1-2b3d73a5133b,ea967b68-c8a9-478e-b8f3-a6ab3ae23d99,false,true
a8f0690b-8cea-4760-8869-9040c64da516,e05ff898-936d-4365-9be1-2b3d73a5133b,0bd6aee5-32dd-453c-8ed5-76bd9788465a,true,true
5aa48ad3-9f15-44b6-aac3-136aab9ba38d,6e5dc2e7-a715-4f58-8db0-701c72112417,0bd6aee5-32dd-453c-8ed5-76bd9788465a,true,true
22f96830-6578-44f7-bd89-9ec9154c17c7,826d4a6d-593c-4316-8f8b-00d73b44c0e4,0bd6aee5-32dd-453c-8ed5-76bd9788465a,true,true
353dce36-03e7-473d-89de-0be2e225762b,826d4a6d-593c-4316-8f8b-00d73b44c0e4,ea967b68-c8a9-478e-b8f3-a6ab3ae23d99,true,true
24540826-7e12-4c89-9d7d-5c4b98b89606,f4a587c4-3e1c-4737-ac1e-4d84017f3368,ea967b68-c8a9-478e-b8f3-a6ab3ae23d99,true,true
3db851b2-455e-44d5-87ec-01a67b52c12d,f4a587c4-3e1c-4737-ac1e-4d84017f3368,0bd6aee5-32dd-453c-8ed5-76bd9788465a,true,true
d1f31fb7-dbc1-43da-8bbe-92b196c672b3,f2f713f7-e70b-404f-9776-c2c159923824,0bd6aee5-32dd-453c-8ed5-76bd9788465a,true,true
bdf53639-95e6-46d4-b48d-77de40b1a39c,f2f713f7-e70b-404f-9776-c2c159923824,ea967b68-c8a9-478e-b8f3-a6ab3ae23d99,true,true
f208ba39-5320-436f-b884-5b9bb530ea83,0c28b9b9-24fb-4af1-99ea-4fcd223c7290,67dbf9f7-4898-4b84-86cf-303137a363be,false,true
635d0748-c037-419c-92ce-ef5bd6a3c4db,0c28b9b9-24fb-4af1-99ea-4fcd223c7290,0bd6aee5-32dd-453c-8ed5-76bd9788465a,true,true
4b54ef6b-b9ac-41e8-bc89-8a60fcb47673,0c28b9b9-24fb-4af1-99ea-4fcd223c7290,ea967b68-c8a9-478e-b8f3-a6ab3ae23d99,false,true
1776665c-ce42-4623-a04d-c25373348698,fef6443a-e2c1-4b69-a782-a69f6cf95a4d,ea967b68-c8a9-478e-b8f3-a6ab3ae23d99,true,true
b791eb62-6893-4421-afca-6cd781bfb512,cc1452dc-4569-4858-bb09-2dd1e55d7685,0bd6aee5-32dd-453c-8ed5-76bd9788465a,true,true
d002dcc1-6d5a-4ff9-bfb8-827b3881501a,cc1452dc-4569-4858-bb09-2dd1e55d7685,ea967b68-c8a9-478e-b8f3-a6ab3ae23d99,true,true
863f0cb0-16f2-40fd-b305-b3ba484cb977,4f6f52d2-4d13-4ad5-836e-74f223d10e52,0bd6aee5-32dd-453c-8ed5-76bd9788465a,true,true
126b1be0-43af-4865-afa0-b0871946e1f2,71dd450a-a73c-47c8-8526-a5a080f687f0,67dbf9f7-4898-4b84-86cf-303137a363be,true,true
0841e7dc-c69d-459e-acd2-3b4e92218bee,cd92bd0d-36f3-44a1-a21c-d0dc78c2a611,0bd6aee5-32dd-453c-8ed5-76bd9788465a,true,true
e0ec5fbe-d1ad-438b-9a0c-fe7fdb903042,28b96631-9bf9-422f-9892-23cbd087149b,0bd6aee5-32dd-453c-8ed5-76bd9788465a,false,true
8bdb485a-eaaa-472a-83cc-444987438512,bdd51c89-e61b-4074-84d3-f83dbea052fe,0bd6aee5-32dd-453c-8ed5-76bd9788465a,true,true
c1c4df76-a386-432d-b27c-69095dc5f649,01be86ff-2076-4fec-9d0a-527b6f684e01,0bd6aee5-32dd-453c-8ed5-76bd9788465a,true,true
bf11403b-a7aa-4d39-b9d7-0e78c92f0221,16a60c3a-fff9-4289-9b31-a29df0a2bdfa,0bd6aee5-32dd-453c-8ed5-76bd9788465a,false,true
b9bfd15c-cf13-44af-844d-bf19535bf8b9,5ad8a918-289e-44ef-b76c-18d5435f9d1b,0bd6aee5-32dd-453c-8ed5-76bd9788465a,true,true
47121a68-2216-46b9-b625-6b99c9308b57,39b562cb-d594-429a-8178-b2d4e8205714,0bd6aee5-32dd-453c-8ed5-76bd9788465a,true,true
e2e5e71d-985b-4ac0-972c-0de77544f2bf,df7461fc-a516-4164-af06-939601e8ad80,0bd6aee5-32dd-453c-8ed5-76bd9788465a,true,true
e4113494-b4a9-4160-a3b9-21743690084e,2e5faab6-8db8-4070-97b7-a178f254814d,0bd6aee5-32dd-453c-8ed5-76bd9788465a,true,true
f8833acb-0679-4f86-986d-2287695a642a,52ca1df6-b93e-49a6-9244-2f24d666aa28,0bd6aee5-32dd-453c-8ed5-76bd9788465a,true,true
81de3977-d421-43eb-8721-236135a41b8b,c52cb21e-4c7c-45fd-b17e-f65cd2f7d407,0bd6aee5-32dd-453c-8ed5-76bd9788465a,true,true
1b1b028e-81e8-42fa-b820-c6ce10a84731,eba8c866-c2b0-41e8-ae3a-78998646dede,ea967b68-c8a9-478e-b8f3-a6ab3ae23d99,true,true
674714d9-0d55-413c-b1b9-9d31df78d43d,60aeaddb-c697-4136-8746-1edabc0a80c7,ea967b68-c8a9-478e-b8f3-a6ab3ae23d99,true,true
491e5def-b604-4a22-8b73-572044eab9d8,60aeaddb-c697-4136-8746-1edabc0a80c7,0bd6aee5-32dd-453c-8ed5-76bd9788465a,true,true
f0c15128-b8e2-4086-a60e-a11f946e371a,eba8c866-c2b0-41e8-ae3a-78998646dede,0bd6aee5-32dd-453c-8ed5-76bd9788465a,true,true
8de087fa-4094-401e-8c71-c560a7a59b6f,504ef517-4738-4f8e-8dd1-44c72bdc4344,ea967b68-c8a9-478e-b8f3-a6ab3ae23d99,true,true
0c44c689-f815-4d89-b2b1-5de1fbefefa8,507de957-2083-4242-ba1a-5075e1ba9c98,ea967b68-c8a9-478e-b8f3-a6ab3ae23d99,true,true
673aa8be-95ac-4ac7-890b-ba7a5e61a622,504ef517-4738-4f8e-8dd1-44c72bdc4344,0bd6aee5-32dd-453c-8ed5-76bd9788465a,true,true
e76dbd0e-73be-4f94-b8f5-847af331325a,55727811-5abe-4ae4-aec3-e8394679216f,ea967b68-c8a9-478e-b8f3-a6ab3ae23d99,true,true
83b3018f-0d93-4525-b2fc-8043c631b819,803c0b81-4833-463f-b893-430da8778d99,0bd6aee5-32dd-453c-8ed5-76bd9788465a,true,true
e3e6db67-ea06-4e46-819f-299ae143a979,9ce0e537-242e-4455-b695-6e3287b483f1,0bd6aee5-32dd-453c-8ed5-76bd9788465a,true,true
58f9f17a-e088-4f53-926d-de82213d8cc1,c6998c0e-c201-4232-8b07-09a07527b870,0bd6aee5-32dd-453c-8ed5-76bd9788465a,true,true
3d235b06-1a3a-4abb-9213-794d9a6a3f51,850d9c45-5987-479e-9d57-8a74bbdb51ff,0bd6aee5-32dd-453c-8ed5-76bd9788465a,true,true
ea7cb09e-5e94-49c0-a573-e17bfaa0d511,e3dd937b-c212-47c9-aa28-73fd8615734f,ea967b68-c8a9-478e-b8f3-a6ab3ae23d99,true,true
c8c6558f-c7bb-4c70-b5ce-90d98347894d,f92053c1-7e5c-4275-948e-682ce1b43410,0bd6aee5-32dd-453c-8ed5-76bd9788465a,true,true
578d231b-b99d-4ff4-9628-43b44c45b25c,ba3549fb-c475-44e5-bb2d-4569a097d064,0bd6aee5-32dd-453c-8ed5-76bd9788465a,true,true
e6909541-bedf-4dbe-8906-2ed34a8d0b63,f76a65c7-2176-4e2e-bb8e-66e985a152bf,0bd6aee5-32dd-453c-8ed5-76bd9788465a,true,true
38f1925a-30e0-40dd-924f-df1195cc1f90,dcde3919-bdb3-4eaa-a573-183f793281a0,0bd6aee5-32dd-453c-8ed5-76bd9788465a,true,true
8e5e0b87-28a3-4177-923e-96c19102c9d8,8e685640-6e88-4534-b52c-2aff0a83fc21,0bd6aee5-32dd-453c-8ed5-76bd9788465a,true,true
821413b0-29fc-41e1-9d32-cd9a09bb4350,2ef6ce44-516f-4aa5-9c13-599a877fd3fc,ea967b68-c8a9-478e-b8f3-a6ab3ae23d99,true,true
22d2e50d-8391-4ea1-aa1b-e63184139edb,6e255b4a-45df-4164-bd77-b25d72f52b71,0bd6aee5-32dd-453c-8ed5-76bd9788465a,true,true
f6e2d1ce-7c24-4a81-9253-28333e194c21,57ee84ae-c109-4117-97b7-8acd2d85bcdd,0bd6aee5-32dd-453c-8ed5-76bd9788465a,false,true
33814e11-a37a-418b-9086-2b46a8b7e660,cc269c21-e011-4e07-a1b9-d308484d100c,ea967b68-c8a9-478e-b8f3-a6ab3ae23d99,false,true
77b58c72-1a9d-4fbb-a4cc-c88233d87104,cc269c21-e011-4e07-a1b9-d308484d100c,0bd6aee5-32dd-453c-8ed5-76bd9788465a,true,true
c59c1509-f0c5-42bf-8390-55f249754b7f,2ef6ce44-516f-4aa5-9c13-599a877fd3fc,0bd6aee5-32dd-453c-8ed5-76bd9788465a,true,true
33b2e316-1dff-4897-a093-2ad246ba7970,02628251-fa01-4508-a4a4-99eba92a45b3,67dbf9f7-4898-4b84-86cf-303137a363be,true,true
9195fc1c-8d49-4997-bab8-396e7d861f80,24156789-32f0-4e49-8a23-13736b8c8ef1,0bd6aee5-32dd-453c-8ed5-76bd9788465a,false,true
9854c190-db33-47bd-885f-6c076987d931,8b932537-bf28-4f88-a8d2-282ec26eb6bd,ea967b68-c8a9-478e-b8f3-a6ab3ae23d99,true,true
a1a23927-4ce9-460f-bb37-cb4d0edb34a3,2d52c296-fcb6-49cc-98f9-8f28d29deb16,ea967b68-c8a9-478e-b8f3-a6ab3ae23d99,true,true
a0bae01c-b685-4cbf-8756-e8898c1e7f11,4fc147ca-a967-4d1c-b454-031f1340ce1c,ea967b68-c8a9-478e-b8f3-a6ab3ae23d99,true,true
feb24fce-8385-4f61-bd86-630852195d3b,4fc147ca-a967-4d1c-b454-031f1340ce1c,0bd6aee5-32dd-453c-8ed5-76bd9788465a,true,true
32c2a065-f7e4-4010-84b2-bb77eff89b24,afec673c-b7d2-4417-9c3d-e6de17b794c2,0bd6aee5-32dd-453c-8ed5-76bd9788465a,true,true
c5030cee-0841-4414-a303-1cb95742a84d,6dd057d1-b590-4234-bb15-9e75f5db8a5f,0bd6aee5-32dd-453c-8ed5-76bd9788465a,true,true
fac8cfdd-00de-4aeb-8b9b-621356e388ca,6dd057d1-b590-4234-bb15-9e75f5db8a5f,ea967b68-c8a9-478e-b8f3-a6ab3ae23d99,true,true
5d990e8f-ab97-48f1-952e-957fa8db18a9,2d52c296-fcb6-49cc-98f9-8f28d29deb16,0bd6aee5-32dd-453c-8ed5-76bd9788465a,true,true
285f7a47-0d46-49a7-b253-3631d316a617,01d66a92-9c4d-4193-8092-121a58a9c2f1,ea967b68-c8a9-478e-b8f3-a6ab3ae23d99,false,true
aad149f1-6408-410a-a1c8-a0f3c5fbcf6e,01d66a92-9c4d-4193-8092-121a58a9c2f1,67dbf9f7-4898-4b84-86cf-303137a363be,false,true
5cecddb0-1957-4dc3-b54b-e9dee1703ad0,01d66a92-9c4d-4193-8092-121a58a9c2f1,0bd6aee5-32dd-453c-8ed5-76bd9788465a,true,true
d97b71bc-0dd8-4f13-860a-b2a09f563af4,10b328e8-dd8e-4ad6-8db2-e1f5fbf50053,0bd6aee5-32dd-453c-8ed5-76bd9788465a,true,true
2ee6e83d-94a2-406a-82a1-af171cc886c4,10b328e8-dd8e-4ad6-8db2-e1f5fbf50053,ea967b68-c8a9-478e-b8f3-a6ab3ae23d99,true,true
6a8620f3-f9f1-4153-958a-5add810199e1,6e7351cf-c2d4-48bb-9ff0-eb92fadf6d42,0bd6aee5-32dd-453c-8ed5-76bd9788465a,true,true
e8b96f43-060f-4999-9856-75584bb465ec,8000a463-741e-4f85-8cd2-503611bd8093,0bd6aee5-32dd-453c-8ed5-76bd9788465a,true,true
6343907a-f06b-481c-82e6-2cb8dd9c717c,ffffb51b-40de-46dc-bb6f-4ef4aff37ae0,0bd6aee5-32dd-453c-8ed5-76bd9788465a,true,true
0c80e71e-819d-4458-9916-dd3d48265c97,04aa02c1-1441-4bd9-8b58-54d296b0704f,0bd6aee5-32dd-453c-8ed5-76bd9788465a,true,true
7f1324ce-14f2-4f1b-91f8-6853aecc9ac4,a12fd75d-864b-402c-ae11-04e8c340184e,ea967b68-c8a9-478e-b8f3-a6ab3ae23d99,false,true
403c27dd-5e47-4ef4-9896-99618291bd85,a12fd75d-864b-402c-ae11-04e8c340184e,0bd6aee5-32dd-453c-8ed5-76bd9788465a,true,true
f79296ba-85e9-4e60-b3fc-aa99232697b5,a00e1914-2c92-4645-8d76-475d8e5b5709,0bd6aee5-32dd-453c-8ed5-76bd9788465a,true,true
ebc6d2af-7b2d-40a0-bf8d-fbf9e368c1a4,a8a9b826-0f0a-4059-991e-034371c82425,0bd6aee5-32dd-453c-8ed5-76bd9788465a,true,true
a6653bae-a657-40f2-8749-5814a3c55568,4e37af8b-faa2-49da-afb2-c5e764d850bc,ea967b68-c8a9-478e-b8f3-a6ab3ae23d99,true,true
0ddadab9-8c45-4df8-8971-253712191cb7,4e37af8b-faa2-49da-afb2-c5e764d850bc,0bd6aee5-32dd-453c-8ed5-76bd9788465a,true,true
3857633b-0b94-4b6a-b9f7-16eb741ef86b,d9bd440e-3cb6-4657-b60d-dd667d508d20,ea967b68-c8a9-478e-b8f3-a6ab3ae23d99,true,true
b68b1b40-9a15-4918-8698-b5cf591e26fc,c04dc201-9559-4c4f-8154-b03fcee8ac6c,0bd6aee5-32dd-453c-8ed5-76bd9788465a,true,true
655abba2-07ab-453e-a35c-a92baab95608,3236951b-6e8e-44b3-972b-97ff83f87b2f,0bd6aee5-32dd-453c-8ed5-76bd9788465a,true,true
fd09c01c-7111-4e25-bb07-8afa13ae3de1,a1868bd6-be64-4ddf-94ee-6641ed2f11cf,0bd6aee5-32dd-453c-8ed5-76bd9788465a,true,true
55a8a6a6-490d-4e15-a404-dc94e600eef5,1cf4a404-653c-4e5d-8383-a3bd76949860,0bd6aee5-32dd-453c-8ed5-76bd9788465a,true,true
d126dad1-30e9-4c42-8871-f73cc3cd4046,82de0b50-8a7c-4686-a110-63af79189cbb,0bd6aee5-32dd-453c-8ed5-76bd9788465a,true,true
96993a8f-8278-4996-9cbf-415be1b8ccab,82de0b50-8a7c-4686-a110-63af79189cbb,ea967b68-c8a9-478e-b8f3-a6ab3ae23d99,true,true
29b2a12e-5e12-4790-9cfc-e5a88a261672,4ff31483-fd8b-4bb2-bd25-2bcc93a731ec,0bd6aee5-32dd-453c-8ed5-76bd9788465a,true,true
8689f9ee-d267-4382-87bf-a18173d67906,6cad8c63-09e7-4d83-af1a-e2f01ff718c9,0bd6aee5-32dd-453c-8ed5-76bd9788465a,true,true
628ee24f-2c82-4144-b0eb-1681f002ca33,5f630ec1-d42e-4512-a9f9-7c0a151e927d,0bd6aee5-32dd-453c-8ed5-76bd9788465a,true,true
9e1e04f4-76c1-4404-afd4-4e66c44efcf8,b26815a6-7f85-4ee0-a7eb-5a099f192b01,0bd6aee5-32dd-453c-8ed5-76bd9788465a,true,true
89c3dcaa-f07a-4981-a0c6-53620061bed9,f18a89a2-e636-4bad-abb3-c21447cd9fa7,0bd6aee5-32dd-453c-8ed5-76bd9788465a,true,true
ff9dc5f0-7863-41b1-a768-172b3cd83d47,8d3e656b-f280-4b92-96d5-9b2ae24478ba,0bd6aee5-32dd-453c-8ed5-76bd9788465a,true,true
0273a99f-831a-431d-b0df-f34bbbf97d13,8d3e656b-f280-4b92-96d5-9b2ae24478ba,ea967b68-c8a9-478e-b8f3-a6ab3ae23d99,true,true
eaddb87a-f4dc-46e2-bc6f-f347c30fc080,fa995ddd-c989-41b6-a7f3-bb8bc77776fe,ea967b68-c8a9-478e-b8f3-a6ab3ae23d99,true,true
f41112dc-103d-430c-80ba-35a55973037a,70de5103-b267-4aea-8342-de0ac69159d5,0bd6aee5-32dd-453c-8ed5-76bd9788465a,true,true
eccaa4a7-922f-4a25-ba33-53a0a21e1a2b,1cdd1060-32d8-45ce-ad69-6afbb1e207ac,0bd6aee5-32dd-453c-8ed5-76bd9788465a,true,true
c1e6b245-e260-48f3-b696-1f247a211213,a4b0e8a1-2d94-435e-9b36-72a700a70d4a,0bd6aee5-32dd-453c-8ed5-76bd9788465a,true,true
9a84564b-b828-45aa-a6a1-87b7345e6b51,204b21a9-96eb-46ee-a3a6-6481bf80ef0a,ea967b68-c8a9-478e-b8f3-a6ab3ae23d99,true,true
f608e748-8c56-437a-a67b-11328749d6fa,b3349757-097b-47e1-a77c-eb530f75e1e3,0bd6aee5-32dd-453c-8ed5-76bd9788465a,true,true
2f78f684-d3be-4526-aa35-07b695dfd64e,8af664a8-45a3-4215-98d9-311007af045d,0bd6aee5-32dd-453c-8ed5-76bd9788465a,true,true
2d7abde9-c378-4876-bef7-da2d5356d8af,03c6297e-29ec-4b0c-889b-2a1560394e1d,0bd6aee5-32dd-453c-8ed5-76bd9788465a,true,true
1d716083-32b3-46cb-be3a-3bc0a12ed4fa,b987501c-9435-44a1-b44c-f0fc62d99fb3,0bd6aee5-32dd-453c-8ed5-76bd9788465a,true,true
17537b5a-539e-4bc2-a163-ba1d332eaf0c,bc14cff5-4f7a-452d-981f-777aeddec3ce,0bd6aee5-32dd-453c-8ed5-76bd9788465a,true,true
b84ccfd2-f8d2-478b-950a-9a8b320d923c,bc14cff5-4f7a-452d-981f-777aeddec3ce,ea967b68-c8a9-478e-b8f3-a6ab3ae23d99,true,true
a3dc5b21-d852-44a8-a516-666713c3fa30,d6dde9a1-c5e5-48df-b45c-988213ecf845,0bd6aee5-32dd-453c-8ed5-76bd9788465a,true,true
355fbd71-c1d9-40f3-84b7-bc7c07ae4179,0838dd06-68c7-4ac4-ac57-9e3164c03a67,0bd6aee5-32dd-453c-8ed5-76bd9788465a,true,true
3ec4b59a-0033-4164-b464-f3c71017a1a7,0838dd06-68c7-4ac4-ac57-9e3164c03a67,67dbf9f7-4898-4b84-86cf-303137a363be,false,true
f23d2604-28a6-4625-bb41-7f1b0544660a,caaa26ef-81ff-4dcc-beba-3b80539c4216,ea967b68-c8a9-478e-b8f3-a6ab3ae23d99,true,true
4ddee2ac-0308-41c2-ac62-f77d4c5e1199,caaa26ef-81ff-4dcc-beba-3b80539c4216,0bd6aee5-32dd-453c-8ed5-76bd9788465a,true,true
45eca5d9-9d69-48b4-8aca-14ad4cb588b2,6a196025-4652-4d61-b84b-5e584f59dfb0,0bd6aee5-32dd-453c-8ed5-76bd9788465a,true,true
15aac61a-baff-4fb1-82b5-8011d95914de,b847247f-e921-4550-abac-be299ba0baca,0bd6aee5-32dd-453c-8ed5-76bd9788465a,true,true
d990aeb6-f7ea-450e-ac02-737008f00a4c,ff22f38b-e3c9-4b7a-a4fb-97654a051080,ea967b68-c8a9-478e-b8f3-a6ab3ae23d99,true,true
a08ed31e-30a4-4b51-95ad-653aba41429f,ff22f38b-e3c9-4b7a-a4fb-97654a051080,0bd6aee5-32dd-453c-8ed5-76bd9788465a,true,true
44391ab9-01e2-4995-884a-b97b99aaa4a4,c640012e-4744-4955-9004-53ee27f34215,0bd6aee5-32dd-453c-8ed5-76bd9788465a,true,true
8ba00bcb-51ee-426a-bdd9-df3d72c0ac4d,e585ad07-6cf2-419d-8ab6-e2b72a8b0059,0bd6aee5-32dd-453c-8ed5-76bd9788465a,true,true
f88b38fc-32f3-4550-9fad-9fa2f5a82569,1cf86c42-6227-4324-b66e-e5b9629ef09f,0bd6aee5-32dd-453c-8ed5-76bd9788465a,true,true
c6271807-84ba-4e3d-9ff8-fe42bfe1541a,e585ad07-6cf2-419d-8ab6-e2b72a8b0059,ea967b68-c8a9-478e-b8f3-a6ab3ae23d99,true,true
f3e9bd45-a7c6-43dc-a5fb-515243b58fa1,c756909a-af5b-4477-b3b7-f68079d4ab3b,ea967b68-c8a9-478e-b8f3-a6ab3ae23d99,true,true
e2330aa5-d984-4a13-9a26-8cecea2e7c4e,c756909a-af5b-4477-b3b7-f68079d4ab3b,0bd6aee5-32dd-453c-8ed5-76bd9788465a,true,true
3fcd9e67-2624-4a23-9e3f-dae28115c693,530ad65d-6e67-470f-93b6-0c1151c0269c,0bd6aee5-32dd-453c-8ed5-76bd9788465a,true,true
1ba5f127-103b-4682-9eb0-1b0ab287b357,6a9f52ac-880a-4f21-977c-858622aab938,0bd6aee5-32dd-453c-8ed5-76bd9788465a,true,true
88ab5023-237f-430c-ba16-14156ef4e38d,48ca9f3f-8a14-4162-af15-b512bd025227,0bd6aee5-32dd-453c-8ed5-76bd9788465a,true,true
577d173a-8f1d-4205-9bbe-117e7af98cd1,48ca9f3f-8a14-4162-af15-b512bd025227,ea967b68-c8a9-478e-b8f3-a6ab3ae23d99,true,true
6b50e4e5-ca80-4e9e-bca0-f860bfc13d66,7eb52fde-0ab4-4f2d-94ea-749174850fa1,0bd6aee5-32dd-453c-8ed5-76bd9788465a,true,true
a77d6cc9-5b57-4479-b253-ff8d4cb99246,40c69fa7-52bd-4c29-b2b0-b4407b560bce,0bd6aee5-32dd-453c-8ed5-76bd9788465a,true,true
c6a65b68-6d33-41e5-af5b-662296c42c2a,9c32de61-76e4-4bc9-a83e-c3856189bfbc,0bd6aee5-32dd-453c-8ed5-76bd9788465a,true,true
12631049-e7c1-4755-b581-8559d4337c93,239393d3-55be-44ed-9484-1705687fa0e8,0bd6aee5-32dd-453c-8ed5-76bd9788465a,true,true
9b7b1387-097b-4db5-bc7a-8f17ff5ee6a6,b156845d-a83c-42f9-955b-cc4238a66c44,ea967b68-c8a9-478e-b8f3-a6ab3ae23d99,true,true
a46ac5d0-0622-4879-883c-43094e00b5b9,b156845d-a83c-42f9-955b-cc4238a66c44,0bd6aee5-32dd-453c-8ed5-76bd9788465a,true,true
05481101-bd87-4555-aca8-15477d5fc381,78a20b03-4997-48ee-b934-fb8a82d7ae56,0bd6aee5-32dd-453c-8ed5-76bd9788465a,true,true
c3742771-311a-439a-94c8-9ba235c33b35,78a20b03-4997-48ee-b934-fb8a82d7ae56,ea967b68-c8a9-478e-b8f3-a6ab3ae23d99,true,true
71eb0e31-d6d0-4c3b-9207-1dd83682c2c3,11590c0f-6d40-4f40-94a5-88a1a9d9f179,0bd6aee5-32dd-453c-8ed5-76bd9788465a,true,true
47bbdf92-b2d5-4025-86a8-f653559edbe3,9cb935dc-4020-4d7e-b586-fee1c8e4879e,ea967b68-c8a9-478e-b8f3-a6ab3ae23d99,true,true
a34a0ddb-2e87-47ab-8dda-1d23a824db10,d911b2f5-7841-4c58-b04c-5ee1d364153e,0bd6aee5-32dd-453c-8ed5-76bd9788465a,true,true
01bc4efa-25db-4279-944c-2193e97004fc,92743fd0-7086-4efd-b969-bb7f93038f93,ea967b68-c8a9-478e-b8f3-a6ab3ae23d99,true,true
c9f5b58a-520b-4834-9256-f85722d50e64,92743fd0-7086-4efd-b969-bb7f93038f93,0bd6aee5-32dd-453c-8ed5-76bd9788465a,true,true
11693938-25e6-4a9c-b043-32dfa534c71b,f80ff51e-1e70-4caa-a836-41c150f28325,0bd6aee5-32dd-453c-8ed5-76bd9788465a,true,true
c0ec338d-ba40-4980-90a3-4cb5da7a3524,5c7911ef-a63b-450a-9f98-128baa714141,0bd6aee5-32dd-453c-8ed5-76bd9788465a,true,true
10276d87-9581-4388-b309-f02dd0e6e56c,5c7911ef-a63b-450a-9f98-128baa714141,ea967b68-c8a9-478e-b8f3-a6ab3ae23d99,true,true
16096bfc-cfc1-4cdd-b745-9d4eeb74786a,bd4194fd-e4ed-4246-bc07-59886a671c95,ea967b68-c8a9-478e-b8f3-a6ab3ae23d99,true,true
5fff2af6-163c-4ea9-8c07-939ef28bdb2a,bd4194fd-e4ed-4246-bc07-59886a671c95,0bd6aee5-32dd-453c-8ed5-76bd9788465a,true,true
fcb39956-efd4-4188-9ff9-9bc4033acc75,ae4a4bfa-35b4-4371-b654-0ef2024ac21a,0bd6aee5-32dd-453c-8ed5-76bd9788465a,true,true
d90a58cf-bdd7-4318-9322-d4259f08a7dd,dde753c8-002d-48d8-bbb4-7c5ca37da336,0bd6aee5-32dd-453c-8ed5-76bd9788465a,true,true
e4f13243-be42-4775-ab37-52648afedec1,dde753c8-002d-48d8-bbb4-7c5ca37da336,ea967b68-c8a9-478e-b8f3-a6ab3ae23d99,true,true
56a531b2-6fb7-4df4-8453-3411a81633ed,9428bf1e-5496-4504-a20f-913b90d7eaff,0bd6aee5-32dd-453c-8ed5-76bd9788465a,true,true
1f358b55-11bb-4a08-af2c-92e88f4d184a,aa030fe1-fce4-4a65-8df2-0730610e7d34,ea967b68-c8a9-478e-b8f3-a6ab3ae23d99,true,true
5ba07b95-956a-4657-a0d9-bc1776cd5e13,a712a94a-84a6-4d3c-9a33-144b8a8ab4ce,0bd6aee5-32dd-453c-8ed5-76bd9788465a,true,true
bbaef031-89cc-4baa-8669-2575a835d5bc,a712a94a-84a6-4d3c-9a33-144b8a8ab4ce,ea967b68-c8a9-478e-b8f3-a6ab3ae23d99,true,true
414b8e22-ee0f-4807-9f72-9a3f17442999,429c3433-7919-44e5-a3fc-dfd26bdee79b,0bd6aee5-32dd-453c-8ed5-76bd9788465a,true,true
a12e7721-d8c0-4a5d-8de8-fcbbb1a6682c,fa43f038-a7b5-4bc8-b6c2-78a9b7183ae3,0bd6aee5-32dd-453c-8ed5-76bd9788465a,true,true
77384467-bef0-4b18-bca0-ec25f7fc807e,fa43f038-a7b5-4bc8-b6c2-78a9b7183ae3,ea967b68-c8a9-478e-b8f3-a6ab3ae23d99,true,true
b13044eb-07df-474f-8d10-82072947a3bf,97e5a889-d9d7-4461-8666-c17f69ac3512,0bd6aee5-32dd-453c-8ed5-76bd9788465a,true,true
c95b0001-420c-444f-8583-bbfdb67f8cf5,97e5a889-d9d7-4461-8666-c17f69ac3512,ea967b68-c8a9-478e-b8f3-a6ab3ae23d99,true,true
fd681bb3-730a-4c24-999d-57d12ef45a13,5236c682-8a05-4ca2-8b92-d0208c4ccfed,0bd6aee5-32dd-453c-8ed5-76bd9788465a,true,true
b3ac3bc9-bc1b-4c15-9544-3ef45de0d323,6ef76b68-4744-4192-bde9-0435f54d4a5f,0bd6aee5-32dd-453c-8ed5-76bd9788465a,true,true
cae60b22-7a59-4fa5-8d5f-a29644ba74e7,e6062d95-1295-456e-b77f-5489627b96b0,0bd6aee5-32dd-453c-8ed5-76bd9788465a,true,true
6ea1d234-2b11-4fc3-a58b-8a4ad789278d,b467711c-3243-4681-bdef-d5b57a81eb4a,0bd6aee5-32dd-453c-8ed5-76bd9788465a,true,true
6d4b2f56-2a8b-4963-9e86-73b980aab61b,464b4b34-7e2f-4aff-b6c7-8401b6ceaec2,0bd6aee5-32dd-453c-8ed5-76bd9788465a,true,true
cb2d07f6-772f-404e-a025-76aadfa6ab1f,ae3036eb-38ce-462c-8a2a-74e44e33c725,0bd6aee5-32dd-453c-8ed5-76bd9788465a,true,true
a30a857b-f452-48ca-ab90-1b82a112f799,dbb1e8ff-f894-41ae-a1dc-f7db292bb981,0bd6aee5-32dd-453c-8ed5-76bd9788465a,true,true
ad404c2c-8086-43e8-921f-abf36cbdfe0f,dbb1e8ff-f894-41ae-a1dc-f7db292bb981,ea967b68-c8a9-478e-b8f3-a6ab3ae23d99,true,true
abbb8b13-f444-42de-a394-b41631e9a61b,2149ba64-b6d1-4dcc-b4f4-d19198a5be1a,0bd6aee5-32dd-453c-8ed5-76bd9788465a,true,true
a4973ff8-419b-4b01-aa55-aa7b9c1bd8a4,2149ba64-b6d1-4dcc-b4f4-d19198a5be1a,ea967b68-c8a9-478e-b8f3-a6ab3ae23d99,true,true
b2949bdb-715e-4f97-b276-a4a632f1b4d9,179f616b-df22-4ca4-88d6-304e47ee9ca9,0bd6aee5-32dd-453c-8ed5-76bd9788465a,true,true
7304a67d-b53d-4052-9d63-1abb9a9fdec4,c130b9cf-b3ba-4f53-8ab2-07e0c36e7fb7,0bd6aee5-32dd-453c-8ed5-76bd9788465a,true,true
671587cf-2657-41bf-9036-f6b5965dea45,c130b9cf-b3ba-4f53-8ab2-07e0c36e7fb7,ea967b68-c8a9-478e-b8f3-a6ab3ae23d99,true,true
3788a1bb-3b74-4994-a130-5d004e8ec054,43f167d9-623f-4f14-ad90-aba9737bc11d,0bd6aee5-32dd-453c-8ed5-76bd9788465a,true,true
a46547e2-7183-460b-89be-32f89d4a6744,bacf1575-a1d3-46c7-b3c9-de28e68dbcd2,0bd6aee5-32dd-453c-8ed5-76bd9788465a,true,true
e2cd22ba-6b85-41db-a88b-5b110f154a33,0f0989a4-e6e4-4b1b-8a9b-9e1ac311a9da,0bd6aee5-32dd-453c-8ed5-76bd9788465a,true,true
824ba04a-9c15-4eb1-8d9d-9b07543ab94b,6f8cde94-eaa6-4805-af6d-58f734a109e4,0bd6aee5-32dd-453c-8ed5-76bd9788465a,true,true
2c5a4be9-c589-4b32-ae91-38f882b6c2db,4b13264d-f401-407a-9ee8-1c1a5f815abd,ea967b68-c8a9-478e-b8f3-a6ab3ae23d99,true,true
44462883-8a87-4c8d-8f59-84a3df261c3f,9b0568c8-bed4-40e9-ba60-ae311c5ed6d5,0bd6aee5-32dd-453c-8ed5-76bd9788465a,true,true
2ff729b8-8773-4751-936f-c616462b48f9,faceed55-ef0d-422f-bd2d-5858b6b3ac08,0bd6aee5-32dd-453c-8ed5-76bd9788465a,true,true
75de41d8-4e4d-4f96-9b4f-79cbdcea5810,faceed55-ef0d-422f-bd2d-5858b6b3ac08,ea967b68-c8a9-478e-b8f3-a6ab3ae23d99,true,true
a52964e8-41e4-4c6d-8178-37a2eb585b95,d76c3062-b8d5-4abd-adf9-289c5d811662,0bd6aee5-32dd-453c-8ed5-76bd9788465a,true,true
9b7ee9bf-cc72-44e9-9638-d4996e40d9ee,849f64cc-f753-4ef8-b855-35619f1c12b8,0bd6aee5-32dd-453c-8ed5-76bd9788465a,true,true
a4f4e086-852d-4dea-90b0-004e26787ea0,85cc7598-90ab-40c2-9295-2af9a6995a3a,0bd6aee5-32dd-453c-8ed5-76bd9788465a,true,true
64af42c3-0ed7-4fd1-ab7c-3217b1a30fe6,44aebe6a-fa87-44e4-a793-9e98d1848baf,0bd6aee5-32dd-453c-8ed5-76bd9788465a,true,true
d1c95e58-aab6-4e75-a009-0624b946e2c0,ee68e23f-c5af-4f3b-a637-6a679b2d35c5,0bd6aee5-32dd-453c-8ed5-76bd9788465a,true,true
f3632d75-0c5b-4baa-b481-8a902c439827,5d0d2c8c-24b1-4dca-a58f-f01505747945,0bd6aee5-32dd-453c-8ed5-76bd9788465a,true,true
99965f3d-f732-46dd-a4c5-e8d833b44a6b,70bcadf5-f5f4-495f-a8fd-8cbd9df0b121,0bd6aee5-32dd-453c-8ed5-76bd9788465a,true,true
4d8be42a-9458-40a0-9b69-bb60943a581b,70bcadf5-f5f4-495f-a8fd-8cbd9df0b121,ea967b68-c8a9-478e-b8f3-a6ab3ae23d99,true,true
219688da-c468-4170-82a1-aaad28fef54a,f4f8cfcf-bd1c-4c57-b430-0736dde79ffe,0bd6aee5-32dd-453c-8ed5-76bd9788465a,true,true
293eae17-38f0-4afe-b07f-47bf0ff6c369,15957487-7601-474b-b0db-9d1fb7721b6d,0bd6aee5-32dd-453c-8ed5-76bd9788465a,true,true
0e41a548-5fc0-4c67-9948-1540a5833eb3,33b6b99a-ce7b-4ba1-9339-a2290fc42f43,0bd6aee5-32dd-453c-8ed5-76bd9788465a,true,true
c022ae50-1531-4f0f-b2e9-a4c988fb8068,a465f2b8-836a-416b-8f77-6b22a9a993c2,ea967b68-c8a9-478e-b8f3-a6ab3ae23d99,true,true
46c43705-a476-4d63-83cc-33e2a444c277,a465f2b8-836a-416b-8f77-6b22a9a993c2,0bd6aee5-32dd-453c-8ed5-76bd9788465a,true,true
0af2b99f-4911-4169-8942-b676b7f51f13,fa297194-8666-496a-ad3f-568221a431b6,0bd6aee5-32dd-453c-8ed5-76bd9788465a,true,true
d7aaa151-a7be-4600-9844-30eb6dadcad3,2fe761d4-1eb9-43ac-b6c0-1adbccdbc39d,0bd6aee5-32dd-453c-8ed5-76bd9788465a,true,true
48fdd713-0b2e-40ba-b3ef-3979e8abfbff,8c627c6c-9024-4120-8208-decb631878f2,0bd6aee5-32dd-453c-8ed5-76bd9788465a,true,true
5e262532-d46f-4637-a4fe-a096d2c383fe,165ccd9e-d04b-4409-a1ec-2fe5d5c222ad,0bd6aee5-32dd-453c-8ed5-76bd9788465a,false,true
de6ed468-1a96-4bb1-9e0c-59521c261f20,16425ceb-f010-41bd-b6ee-f765c3302829,0bd6aee5-32dd-453c-8ed5-76bd9788465a,true,true
5b1cc41f-57a7-4a0b-a6a5-1569a969d417,93652830-3bce-4011-956c-f6dd99e018ca,0bd6aee5-32dd-453c-8ed5-76bd9788465a,true,true
c3e51a5e-1df2-4e71-ae5e-a840ac7ee081,e47cf399-c157-4c17-b539-8db4f16021cb,0bd6aee5-32dd-453c-8ed5-76bd9788465a,true,true
c7435aa2-487b-4a09-8833-5be254ca4dc6,e3dd937b-c212-47c9-aa28-73fd8615734f,0bd6aee5-32dd-453c-8ed5-76bd9788465a,true,true
22be806a-8f46-424d-ab82-6b9f1ee9a8a7,fbd500ba-edde-42f1-a461-7f0980f11b9e,ea967b68-c8a9-478e-b8f3-a6ab3ae23d99,false,true
475a124c-ca84-4344-9ef8-fc53d02dcffb,fbd500ba-edde-42f1-a461-7f0980f11b9e,0bd6aee5-32dd-453c-8ed5-76bd9788465a,true,true
a360fdf5-0031-4b16-a826-5fd2b37d6bad,fbd500ba-edde-42f1-a461-7f0980f11b9e,67dbf9f7-4898-4b84-86cf-303137a363be,false,true
4dcf00c9-9a46-4fe0-aa0d-1d3d62d0a6ef,abb6e2dc-667d-44a6-8032-0c8962dfb193,0bd6aee5-32dd-453c-8ed5-76bd9788465a,true,true
4d6a32a7-1187-4b24-8c8f-3f7523c17293,2230b0b2-20d5-40fc-9d17-5317bb96375f,67dbf9f7-4898-4b84-86cf-303137a363be,true,true
8c58c816-0d87-4dec-8575-f2442bdd955e,2230b0b2-20d5-40fc-9d17-5317bb96375f,ea967b68-c8a9-478e-b8f3-a6ab3ae23d99,true,true
2d5d9a4b-6b73-4fc9-a53f-4fb374b7aa53,2230b0b2-20d5-40fc-9d17-5317bb96375f,0bd6aee5-32dd-453c-8ed5-76bd9788465a,true,true
b1e85094-2ff1-4ba6-9d16-64e79e055f05,bfb30cec-35cd-4b14-9f29-576b843245e2,0bd6aee5-32dd-453c-8ed5-76bd9788465a,true,true
3ece4d32-d74e-4393-9a70-903ffd259e80,d5a50114-49c4-42f7-ae64-4aca9feb8bbe,0bd6aee5-32dd-453c-8ed5-76bd9788465a,true,true
2dbfb08a-08d8-4ef2-b309-53faad1822ed,f0d8cc9e-8b65-4984-b159-93ef2ccc883d,0bd6aee5-32dd-453c-8ed5-76bd9788465a,true,true
90148dc5-ff3f-43b7-827b-d42fbe676eed,4c64b0f1-39d8-4d36-b539-0eefd11bd821,ea967b68-c8a9-478e-b8f3-a6ab3ae23d99,true,true
a0391c38-57ed-4e05-8191-6fa73b198123,335b0aba-ab88-4b09-929c-a7e533359b1c,0bd6aee5-32dd-453c-8ed5-76bd9788465a,true,true
dd809874-93b9-4657-99b4-bce480c1b39a,335b0aba-ab88-4b09-929c-a7e533359b1c,ea967b68-c8a9-478e-b8f3-a6ab3ae23d99,true,true
fbc31325-1470-48e7-90d7-2dcfe2812990,e1d8421f-aa61-4879-b041-711d319e7a41,0bd6aee5-32dd-453c-8ed5-76bd9788465a,true,true
89cf9f59-03c4-459a-934c-356b0f4d90a9,188a0b61-32c1-4e91-83b8-01ca8fb7aa0f,ea967b68-c8a9-478e-b8f3-a6ab3ae23d99,true,true
9f787a0e-e503-44eb-818e-e1180e45217f,188a0b61-32c1-4e91-83b8-01ca8fb7aa0f,0bd6aee5-32dd-453c-8ed5-76bd9788465a,true,true
320ed5ba-19c8-4444-9407-55d2d6b8f3e0,409f0981-1baf-4c00-97db-e91e58787d7b,0bd6aee5-32dd-453c-8ed5-76bd9788465a,true,true
5ca113e6-0582-4aa7-81e8-dab916ad16eb,97145c0d-17db-44db-894f-15510c8f7198,ea967b68-c8a9-478e-b8f3-a6ab3ae23d99,true,true
b8502a31-ec52-4032-a338-623b7c8382e5,97145c0d-17db-44db-894f-15510c8f7198,0bd6aee5-32dd-453c-8ed5-76bd9788465a,true,true
7aa8ba3f-7acc-4ec9-b37f-aa28b902f46f,63f100a9-9ef8-463a-adf1-976118824207,ea967b68-c8a9-478e-b8f3-a6ab3ae23d99,true,true
313e2c1f-c75a-4dac-96c2-36373ea4b7c5,c66a323d-e37b-4d39-8040-1defc0ea1f79,0bd6aee5-32dd-453c-8ed5-76bd9788465a,true,true
dff7c06a-60a7-455d-b029-9dde437fb502,387faa7c-1122-40dd-8d19-5cc3605fc305,0bd6aee5-32dd-453c-8ed5-76bd9788465a,true,true
15e39c33-3fc5-4d64-9ec8-a68932c2f2f1,af2aa099-9b1b-47e3-a2ba-b0cece22ce01,0bd6aee5-32dd-453c-8ed5-76bd9788465a,true,true
97e4b936-b82d-4964-9ed5-202995afcb82,34f34a05-796b-4f6f-9cce-246b24e31b8d,ea967b68-c8a9-478e-b8f3-a6ab3ae23d99,true,true
0cf6fccb-5035-4308-9a56-850f9dd43d27,e12c6ade-4755-4299-a385-53a4b40269f4,ea967b68-c8a9-478e-b8f3-a6ab3ae23d99,true,true
b1de0a71-b103-46ac-bbca-848bac2634b6,e12c6ade-4755-4299-a385-53a4b40269f4,0bd6aee5-32dd-453c-8ed5-76bd9788465a,true,true
03b97085-29eb-41c6-8f58-6ca186f26091,34f34a05-796b-4f6f-9cce-246b24e31b8d,0bd6aee5-32dd-453c-8ed5-76bd9788465a,true,true
729e6d00-689a-46fe-9cd5-a5b9e74c5641,52f218d3-7c17-412d-a512-93f00d074a46,0bd6aee5-32dd-453c-8ed5-76bd9788465a,true,true
bcf795b8-8588-42ba-b497-c2ba6ab1c9d8,d848f413-b4cc-4a8a-8d79-8aa7f02a65e0,0bd6aee5-32dd-453c-8ed5-76bd9788465a,true,true
3956a928-55ed-493b-a6a9-fbe677160074,4c8d0a8d-cbcf-4c85-a42d-07b96b6a51ff,0bd6aee5-32dd-453c-8ed5-76bd9788465a,true,true
c72d286d-ae3e-4aec-ad80-4c2ae800d282,42205b84-e046-44f8-9182-6f2f10679631,0bd6aee5-32dd-453c-8ed5-76bd9788465a,true,true
55495301-aa1e-4bb4-bb19-1fe29a105f51,78fd1254-d88f-4fec-a449-df6d747539f5,0bd6aee5-32dd-453c-8ed5-76bd9788465a,true,true
61e2f125-7163-41d3-8e04-48cc03ddc30d,f0c073ba-7697-4fcc-9170-52b9b8ad6e0e,0bd6aee5-32dd-453c-8ed5-76bd9788465a,true,true
6c3a6d9c-d794-4288-806d-9e89c02facc2,f0c073ba-7697-4fcc-9170-52b9b8ad6e0e,ea967b68-c8a9-478e-b8f3-a6ab3ae23d99,true,true
ac20dd3c-0017-4e1e-839a-6908d79ffc78,7250556d-cd17-4458-ab2c-da5ec588f1d7,0bd6aee5-32dd-453c-8ed5-76bd9788465a,false,true
5359a909-3310-4071-b5a5-acfdf7866d82,d0982840-879c-435e-af47-bea4472cebb3,0bd6aee5-32dd-453c-8ed5-76bd9788465a,true,true
28c30bc5-4180-49f9-ab20-0997ae2ba6ed,f549c54f-16b9-4c89-8b87-2740242623ab,0bd6aee5-32dd-453c-8ed5-76bd9788465a,false,true
e409e050-2cdb-44a2-9344-f7162b84d011,faa19b35-2760-497f-a1d9-590a2fedc963,0bd6aee5-32dd-453c-8ed5-76bd9788465a,true,true
b46e9ffe-33d0-4c3a-b38c-e92050d7b36c,6b017ccb-84fc-469c-afbd-57c03bad3790,ea967b68-c8a9-478e-b8f3-a6ab3ae23d99,true,true
1eafc3e3-22a8-45d8-b90f-b56057389f09,e0155572-2aae-4e78-a857-4f4829d01465,0bd6aee5-32dd-453c-8ed5-76bd9788465a,true,true
5926a5ec-219b-4252-a636-6cef85684d43,c73c28f6-5083-4eb3-95b0-1c6e640ce9e6,0bd6aee5-32dd-453c-8ed5-76bd9788465a,true,true
11fd6c6b-376a-4b3d-bb38-8b320a4f5526,f66cceb4-d202-4ac5-b620-52e4b41b25e9,0bd6aee5-32dd-453c-8ed5-76bd9788465a,true,true
00daf56e-c43e-4d47-8251-645281270ac7,f66cceb4-d202-4ac5-b620-52e4b41b25e9,ea967b68-c8a9-478e-b8f3-a6ab3ae23d99,false,true
05f2115d-593e-4d4e-b44c-5d78684522fc,967eba88-8bf0-4994-ae78-8d80e209e0d5,67dbf9f7-4898-4b84-86cf-303137a363be,true,true
58b8e7bb-1473-44a1-891d-92f8e6c73ef4,967eba88-8bf0-4994-ae78-8d80e209e0d5,ea967b68-c8a9-478e-b8f3-a6ab3ae23d99,true,true
73ae7fbf-a6b6-40b5-a590-d2548d7cd894,967eba88-8bf0-4994-ae78-8d80e209e0d5,0bd6aee5-32dd-453c-8ed5-76bd9788465a,true,true
f335d0bd-8e50-48a9-b474-d358f90c79fc,adb68d7e-752a-4763-874d-7a8a9c8aaa93,ea967b68-c8a9-478e-b8f3-a6ab3ae23d99,true,true
4e760169-0ee2-4e79-b294-7345a444b414,adb68d7e-752a-4763-874d-7a8a9c8aaa93,0bd6aee5-32dd-453c-8ed5-76bd9788465a,true,true
69222273-6ae9-4db8-813f-eede9c5675df,7357f46d-fdb0-4f6a-952c-e2c406d3166a,0bd6aee5-32dd-453c-8ed5-76bd9788465a,true,true
378e3011-12e3-4f85-afc5-3748234c034c,15be5233-851d-4b28-a6ba-b4286398e9a9,ea967b68-c8a9-478e-b8f3-a6ab3ae23d99,true,true
c54b911c-f171-44a7-abbd-971cee43b8a2,15be5233-851d-4b28-a6ba-b4286398e9a9,0bd6aee5-32dd-453c-8ed5-76bd9788465a,true,true
c7b80e9f-6ca0-4fb2-9d79-c7e9423f9dde,7357f46d-fdb0-4f6a-952c-e2c406d3166a,ea967b68-c8a9-478e-b8f3-a6ab3ae23d99,true,true
6e9354a5-9d67-4ff0-a854-4c27b414f910,fd4a80f7-83a1-47b4-b403-b3dbc094bcbf,0bd6aee5-32dd-453c-8ed5-76bd9788465a,true,true
d1d2aea4-7316-46c5-9af6-fa54ce223f77,e0eb395f-a99b-4db7-8691-9d5325ee4dc2,0bd6aee5-32dd-453c-8ed5-76bd9788465a,true,true
e0bd5589-8dbd-44d4-99df-9504124da6e5,e0eb395f-a99b-4db7-8691-9d5325ee4dc2,ea967b68-c8a9-478e-b8f3-a6ab3ae23d99,true,true
06230d14-1113-4747-85ab-34f5805db6c5,e76fbc4b-8fda-4e64-86fe-830baa9bd470,ea967b68-c8a9-478e-b8f3-a6ab3ae23d99,true,true
3f2c6756-30fe-43ca-92cf-247a6eda2cda,e76fbc4b-8fda-4e64-86fe-830baa9bd470,0bd6aee5-32dd-453c-8ed5-76bd9788465a,true,true
99c839bd-76cc-4a49-82c5-05a981a2b8e8,c60eb2e5-d848-48c3-8095-52869ae142fc,0bd6aee5-32dd-453c-8ed5-76bd9788465a,true,true
44a408fb-2ab0-413b-a3ff-c2473ac59991,c60eb2e5-d848-48c3-8095-52869ae142fc,ea967b68-c8a9-478e-b8f3-a6ab3ae23d99,true,true
77cb57bb-3d3b-42db-bfe5-479fe1ef31e7,7b203444-21b2-4be4-a4c9-350f5e4bbdd5,0bd6aee5-32dd-453c-8ed5-76bd9788465a,true,true
29028fe2-8e7a-4ee3-bcb7-9dff35eff6a7,ae24fe14-d69a-4fdc-867f-5f96aece3cc0,ea967b68-c8a9-478e-b8f3-a6ab3ae23d99,true,true
204694c9-c994-4db5-91e2-2a9b68fae72e,c307e388-fcd9-4fe7-abf9-74b8bf0b83ae,0bd6aee5-32dd-453c-8ed5-76bd9788465a,true,true
75ca1bf4-9e01-4824-a449-2b2222663afd,c307e388-fcd9-4fe7-abf9-74b8bf0b83ae,ea967b68-c8a9-478e-b8f3-a6ab3ae23d99,true,true
f068d437-330e-4cc7-b4cf-66a9c54d9568,8880f823-1e9c-471e-ba0c-a769ecb9d360,0bd6aee5-32dd-453c-8ed5-76bd9788465a,true,true
c44a8ed6-f83a-4efe-8e87-f9c0e3d02077,08613ad8-625f-43c5-8690-406beca3648b,0bd6aee5-32dd-453c-8ed5-76bd9788465a,true,true
69cf8df9-bb16-4628-bc3e-56c716e1af58,65d5f05a-94a6-4d8c-b16e-4108d0275a9c,ea967b68-c8a9-478e-b8f3-a6ab3ae23d99,true,true
30121bd9-4608-45e4-a302-c343f8a3f4cf,06268e74-576d-43e6-91d5-5cec2d22037f,ea967b68-c8a9-478e-b8f3-a6ab3ae23d99,true,true
43515c89-d5ed-4466-89a7-be669c7db3a1,e7578343-0af6-44b1-be27-0e485af1f922,ea967b68-c8a9-478e-b8f3-a6ab3ae23d99,true,true
ef3b35ec-b7e8-49e6-8a55-f0b46938fe06,07355b1d-de15-47c4-bf9c-894cd395ef84,0bd6aee5-32dd-453c-8ed5-76bd9788465a,true,true
29e7c3ce-29d8-41db-a254-e7e4639583c3,dcbe6df9-5042-427b-942a-fdda5d9bf120,ea967b68-c8a9-478e-b8f3-a6ab3ae23d99,true,true
e60e3423-2312-4b55-8f1e-9751476dbdad,dcbe6df9-5042-427b-942a-fdda5d9bf120,0bd6aee5-32dd-453c-8ed5-76bd9788465a,true,true
1bedad0e-2fb6-4967-8f46-33f7ea06f4a2,7954eaf2-3cb0-4c91-b269-8d9b9dca2ab2,0bd6aee5-32dd-453c-8ed5-76bd9788465a,true,true
85460c07-c6b6-49a0-ad03-6f9e7bf32f47,1d8c3432-10be-418c-9428-9022661208ad,ea967b68-c8a9-478e-b8f3-a6ab3ae23d99,false,true
eea9cb63-9ef5-4166-aedd-ca93be0e04d8,f3e5b73d-5bca-467c-9ed6-cfcc4bf5ab6c,0bd6aee5-32dd-453c-8ed5-76bd9788465a,true,true
bbae13d5-cbc6-4c41-9b19-0981f5ab1fb7,ae6284bf-07de-4b71-9a8f-ced957af55b8,0bd6aee5-32dd-453c-8ed5-76bd9788465a,true,true
8b674dd8-dd76-4274-ad96-9b76d8ffc5b3,6717f4eb-23b5-4108-916c-d642c3b10052,0bd6aee5-32dd-453c-8ed5-76bd9788465a,true,true
5d989e59-dcb6-4ac5-aaf6-c17530b97e34,5bc306c8-1137-437c-a4f5-cc96c201b226,0bd6aee5-32dd-453c-8ed5-76bd9788465a,true,true
a7973ec0-b6bb-4284-a29a-4013aaa1ddf1,c863b4fb-1731-44f2-a464-a35a1d073036,0bd6aee5-32dd-453c-8ed5-76bd9788465a,true,true
786d02fb-41fe-468a-a24e-45ab3251f5c6,3bc8a759-e861-4321-b176-993b36b82416,0bd6aee5-32dd-453c-8ed5-76bd9788465a,true,true
59716b91-d47d-41bc-a664-1d5e96899e38,736749e5-7cca-41e7-a96c-d19b7e0d03cd,0bd6aee5-32dd-453c-8ed5-76bd9788465a,true,true
7920dbda-7487-4af6-b269-3c665f617978,0e9f8480-5910-4d89-88b2-9f5481fce61c,0bd6aee5-32dd-453c-8ed5-76bd9788465a,true,true
6becbb05-f825-471e-a6d1-1d799b84c3de,650d02ba-03ae-49ba-b6c3-fcfc52e8c836,0bd6aee5-32dd-453c-8ed5-76bd9788465a,true,true
5378b0ff-b3c2-4845-aeae-a6cb290a268a,ed6cd77a-0587-4839-b207-7536af0f31c5,0bd6aee5-32dd-453c-8ed5-76bd9788465a,true,true
fb38d1b6-802d-4051-ae6e-0261c57a58cd,ed6cd77a-0587-4839-b207-7536af0f31c5,ea967b68-c8a9-478e-b8f3-a6ab3ae23d99,true,true
26a93f59-7239-4228-b19d-d92d80ec93d7,3278ca64-926c-4814-bb32-5ee5317196a8,0bd6aee5-32dd-453c-8ed5-76bd9788465a,true,true
ead922b2-35c2-40ff-82a9-002d57d67740,3278ca64-926c-4814-bb32-5ee5317196a8,ea967b68-c8a9-478e-b8f3-a6ab3ae23d99,true,true
4e77de8c-af42-4138-b9f7-6c9ca15a15b8,8219333e-e2cf-40f7-ba74-dff96e056b78,ea967b68-c8a9-478e-b8f3-a6ab3ae23d99,false,true
2ea8db82-7b89-4b32-b864-85bff440dc33,8219333e-e2cf-40f7-ba74-dff96e056b78,0bd6aee5-32dd-453c-8ed5-76bd9788465a,false,true
cc0331ef-f56b-455c-9d42-425e243785f5,2903fbd3-4397-4eaf-8c71-7260dedf8ce7,0bd6aee5-32dd-453c-8ed5-76bd9788465a,true,true
c185e8f8-924a-41ec-b035-8f605038c1ee,a91bb4a6-fec2-4fd9-b455-766c2667e82b,0bd6aee5-32dd-453c-8ed5-76bd9788465a,true,true
279c209a-614a-4c47-b14f-0dcde9636245,1bacfc41-06fb-4977-a3fe-472c56676275,ea967b68-c8a9-478e-b8f3-a6ab3ae23d99,true,true
473e0728-c72d-4a3d-bc1b-0bcc5d919092,1e311275-e6f6-47d4-aa92-8c60bbdd2d89,0bd6aee5-32dd-453c-8ed5-76bd9788465a,true,true
0630cc7e-fb35-40da-ad37-5a5cd9c5df4b,1e311275-e6f6-47d4-aa92-8c60bbdd2d89,ea967b68-c8a9-478e-b8f3-a6ab3ae23d99,true,true
aa5045e4-c520-4d72-b2f8-ba5154f0274c,241518bd-f535-45b5-b3c6-593a14c80fb9,0bd6aee5-32dd-453c-8ed5-76bd9788465a,true,true
75666c59-7d81-43a9-9f7a-a36d2ab6f558,1c383847-c298-4267-8763-754c064d7809,0bd6aee5-32dd-453c-8ed5-76bd9788465a,true,true
a33cb431-2102-46bc-bf85-088a9fa79582,455237eb-0a0b-49d5-b200-7a746f0b2ac6,0bd6aee5-32dd-453c-8ed5-76bd9788465a,true,true
d598f116-96e6-4a23-874f-5907108b5beb,517cdbb1-9d08-4460-a67a-239ac1ebf58b,0bd6aee5-32dd-453c-8ed5-76bd9788465a,true,true
8e33a4b6-51b0-47fe-beac-8b7ba657ed68,ddb2d4a0-61f2-4a01-ba78-ca823392cb9c,0bd6aee5-32dd-453c-8ed5-76bd9788465a,true,true
9d36f48e-d4fb-4bb3-bb8d-845afd943c8e,dad1dd56-4610-454b-bd1c-08fdac048656,0bd6aee5-32dd-453c-8ed5-76bd9788465a,true,true
0019661a-4ec2-4503-abd1-8c929ef9c96b,ddb2d4a0-61f2-4a01-ba78-ca823392cb9c,ea967b68-c8a9-478e-b8f3-a6ab3ae23d99,true,true
2a960f06-0bec-425e-9127-3178023cca2f,517cdbb1-9d08-4460-a67a-239ac1ebf58b,ea967b68-c8a9-478e-b8f3-a6ab3ae23d99,true,true
e8a5166b-e063-47b5-aa8d-a6023faa705a,c0b2c96d-f714-4816-ae32-119e5900f2ca,ea967b68-c8a9-478e-b8f3-a6ab3ae23d99,false,true
97cba4b7-239d-4479-a6b2-a153be3d6b5a,c0b2c96d-f714-4816-ae32-119e5900f2ca,0bd6aee5-32dd-453c-8ed5-76bd9788465a,true,true
ccef8b9e-10a2-4ad9-8b39-3c5115d28f83,d8af4e1d-87f1-4f70-bf10-c0c4a510366d,ea967b68-c8a9-478e-b8f3-a6ab3ae23d99,true,true
193ea70f-1f9b-4d33-aa36-9b9612af1ab9,63f100a9-9ef8-463a-adf1-976118824207,0bd6aee5-32dd-453c-8ed5-76bd9788465a,true,true
d0125e8b-cc0e-4cf5-8693-315ae3fe441c,9cd73a2e-6c3d-42d3-afe6-8c09eec5c833,0bd6aee5-32dd-453c-8ed5-76bd9788465a,true,true
c9fedb74-c754-47e2-ab92-e686c63ff1c4,e28dd36c-a756-4139-8fef-8379f7f3141c,0bd6aee5-32dd-453c-8ed5-76bd9788465a,true,true
5b2c4dff-0a73-498f-b8c3-bcde68cf3fe5,691fc438-ec51-4db9-b4ec-a8ccec1dc83b,0bd6aee5-32dd-453c-8ed5-76bd9788465a,true,true
f02f8bc6-ad63-46a6-ab92-b622db447892,691fc438-ec51-4db9-b4ec-a8ccec1dc83b,ea967b68-c8a9-478e-b8f3-a6ab3ae23d99,true,true
5954ca9d-e01b-4a88-b29c-71b23627bb70,13518085-a84b-4c3c-8b29-08747bea1440,ea967b68-c8a9-478e-b8f3-a6ab3ae23d99,true,true
b2b82253-56c0-43a2-a244-164698cabdad,13518085-a84b-4c3c-8b29-08747bea1440,0bd6aee5-32dd-453c-8ed5-76bd9788465a,true,true
b94f89c7-e441-4250-923d-b22257e96ab9,623d7668-86c7-48ae-ae73-b7df0f10c44a,ea967b68-c8a9-478e-b8f3-a6ab3ae23d99,true,true
399cda1f-ad05-491f-8cb4-fb2894df411f,860085f2-87e1-4613-aaf3-793eeb2a32f2,0bd6aee5-32dd-453c-8ed5-76bd9788465a,true,true
a80e98d8-ada2-4d0d-aac3-b23b1193d32b,bb576f61-afb7-4ee4-8632-882794052b2e,0bd6aee5-32dd-453c-8ed5-76bd9788465a,true,true
0534af20-c592-4b8d-9e48-e9580de75dc9,3fc420a6-e19f-4b38-9195-bc11cfba039c,0bd6aee5-32dd-453c-8ed5-76bd9788465a,true,true
cf77a366-833d-4a66-897a-d7701fb06307,6dfa201b-1b5d-49fd-8ea7-8cd9a571d01a,0bd6aee5-32dd-453c-8ed5-76bd9788465a,true,true
c8d4cb62-405f-4e1b-8121-5eb53e9a4032,6dfa201b-1b5d-49fd-8ea7-8cd9a571d01a,ea967b68-c8a9-478e-b8f3-a6ab3ae23d99,true,true
e2db1ca0-a4aa-4f58-a7f2-631f1ac1b543,6d216297-9683-42b6-ad2b-031a4dec880d,0bd6aee5-32dd-453c-8ed5-76bd9788465a,true,true
4ff9f9b6-1ca0-432e-99ad-79405f073046,5fd8b833-b742-48d6-a2e5-10a0a24e3b67,ea967b68-c8a9-478e-b8f3-a6ab3ae23d99,true,true
d2b86000-fda0-403d-a1b1-b3926736a4cb,5fd8b833-b742-48d6-a2e5-10a0a24e3b67,0bd6aee5-32dd-453c-8ed5-76bd9788465a,true,true
15366471-0bba-4f63-ae72-192b6ab356a1,0e3b19b8-49a7-47e6-903c-cab04b5c625e,0bd6aee5-32dd-453c-8ed5-76bd9788465a,true,true
d1eee4a0-9951-4d72-85b9-d6a7e69530bb,0e3b19b8-49a7-47e6-903c-cab04b5c625e,ba54fb99-cd67-484d-b68f-34aea2d83af6,true,true
41d9ebb7-e98b-4a63-806e-82fb75bd9bf7,af8658d5-2c5a-499f-843a-a66b2133a8b3,0bd6aee5-32dd-453c-8ed5-76bd9788465a,true,true
1c82d895-362c-455c-a9cc-cfb80c613d8c,3e0f691e-cf5d-4fb0-b3e0-5f9c5ba04541,0bd6aee5-32dd-453c-8ed5-76bd9788465a,true,true
46913baa-88db-4ae7-99a6-0ea3d0c3ed68,ec0e6002-474b-4498-800f-eccfc9a77759,0bd6aee5-32dd-453c-8ed5-76bd9788465a,true,true
e0903b32-8c55-4559-a4d7-489ac1ff2177,6d68a1ec-b0cb-4692-8ce2-131005ae386f,0bd6aee5-32dd-453c-8ed5-76bd9788465a,true,true
e397cba5-a179-46c6-94b9-cffa1b5ca676,8ba44101-68e5-4cd6-8a3c-9dbf97e7059a,0bd6aee5-32dd-453c-8ed5-76bd9788465a,true,true
d0a5dd1b-b12d-435c-86b9-86731c9e1d12,395e208c-43e4-4def-96ac-aafaf1872d7b,0bd6aee5-32dd-453c-8ed5-76bd9788465a,true,true
71a9dd93-debf-400c-9088-a186a6a585dd,395e208c-43e4-4def-96ac-aafaf1872d7b,ea967b68-c8a9-478e-b8f3-a6ab3ae23d99,true,true
a899fccd-d693-4773-893b-8cd38839afae,d570a6b9-b75e-4015-80bc-3b5ad5d5249f,ea967b68-c8a9-478e-b8f3-a6ab3ae23d99,true,true
e051c0e5-bbab-4c0c-aea2-ce22ec0715b2,d570a6b9-b75e-4015-80bc-3b5ad5d5249f,0bd6aee5-32dd-453c-8ed5-76bd9788465a,true,true
d40f1bf9-c387-4c9f-814c-acd0837aa2ce,2528e685-34c1-4aca-9c41-5f126bf61943,0bd6aee5-32dd-453c-8ed5-76bd9788465a,true,true
7288fcdb-807a-4120-9586-13b8c48d4f86,e5b9264b-2696-4f4f-bb36-7f9e8c2a0af9,ea967b68-c8a9-478e-b8f3-a6ab3ae23d99,true,true
4d4bd18f-f0cb-4dfa-a651-9f329b2f2b9b,e5b9264b-2696-4f4f-bb36-7f9e8c2a0af9,0bd6aee5-32dd-453c-8ed5-76bd9788465a,true,true
f8629257-e2ad-4b59-a5f2-5f4d4dd4be1b,d6e3b1a7-b7ff-4400-ae56-7fdec209029a,0bd6aee5-32dd-453c-8ed5-76bd9788465a,true,true
cef7b0fd-0435-45c3-8bdd-6b4e8d72f80a,d6e3b1a7-b7ff-4400-ae56-7fdec209029a,ea967b68-c8a9-478e-b8f3-a6ab3ae23d99,true,true
13771854-e434-454a-b504-895d2fd53812,eb5ee23c-e254-4d8f-8b32-78f3ac163429,ea967b68-c8a9-478e-b8f3-a6ab3ae23d99,true,true
922ab75e-98c7-4f3e-9bec-b9b7e7b404ea,eb5ee23c-e254-4d8f-8b32-78f3ac163429,0bd6aee5-32dd-453c-8ed5-76bd9788465a,true,true
2f5438df-361a-4aa8-be2d-b190e508469f,5f884692-ea35-44d7-b96d-c030ae2f1a29,0bd6aee5-32dd-453c-8ed5-76bd9788465a,true,true
2f8f67d2-090e-455a-b9bb-e68000bd91f7,a7259b49-9f65-40de-8043-35b084748f35,0bd6aee5-32dd-453c-8ed5-76bd9788465a,true,true
e7a3e06e-47d2-4da8-83af-77b9a68c9954,a7259b49-9f65-40de-8043-35b084748f35,ea967b68-c8a9-478e-b8f3-a6ab3ae23d99,true,true
318e004d-85b4-4144-be72-312348fa50d9,7818d805-ccfd-48cf-af1b-61f44be1f709,0bd6aee5-32dd-453c-8ed5-76bd9788465a,true,true
3e862876-2ec8-4f65-8978-adf478b338dd,7818d805-ccfd-48cf-af1b-61f44be1f709,ea967b68-c8a9-478e-b8f3-a6ab3ae23d99,true,true
f23e750e-8d59-42ab-8962-6ead9e00d9e2,1815cc97-02ad-44f3-8968-4dd9e4078fa7,0bd6aee5-32dd-453c-8ed5-76bd9788465a,true,true
371a66bb-6279-4fd7-b8b3-4dcf4524d4cb,38253445-666d-4e6a-b5a6-f04adac3be27,67dbf9f7-4898-4b84-86cf-303137a363be,true,true
ba1842ec-f8fd-4f4e-b916-6b3539ac5155,3f9832cd-f986-4a67-b4c5-23c04e8edd31,ea967b68-c8a9-478e-b8f3-a6ab3ae23d99,true,true
94496d3c-776f-45c1-b471-d1789c4bca80,3f9832cd-f986-4a67-b4c5-23c04e8edd31,0bd6aee5-32dd-453c-8ed5-76bd9788465a,true,true
f2f60dff-30f7-4a68-8e38-fd94fb0f4c0d,8af0eaf8-7f3a-4e83-a3cd-742ed18f4971,ea967b68-c8a9-478e-b8f3-a6ab3ae23d99,true,true
0f1d7ba9-6c06-4b95-b6d8-15a6054aacbf,8af0eaf8-7f3a-4e83-a3cd-742ed18f4971,0bd6aee5-32dd-453c-8ed5-76bd9788465a,true,true
a5d07712-8182-437a-8086-386197b7dcea,8b027b5a-3af0-4946-a7d2-3805683a27ce,0bd6aee5-32dd-453c-8ed5-76bd9788465a,true,true
811e9fde-10b0-496c-b514-b1a857843f7a,a192cb56-b6dd-41d7-a9bf-cc473cde38fc,0bd6aee5-32dd-453c-8ed5-76bd9788465a,true,true
aa9086c3-98ec-4540-b3f6-1f6547365a6c,8b027b5a-3af0-4946-a7d2-3805683a27ce,ea967b68-c8a9-478e-b8f3-a6ab3ae23d99,true,true
27bf217d-d6df-4363-a920-3e03d9386e44,f2fcc489-db74-4022-bc7e-68f621b31b49,0bd6aee5-32dd-453c-8ed5-76bd9788465a,true,true
680b41dd-1b0a-4507-a895-368e2bbb6245,37801ddc-4f1d-4b3a-acdd-2c2c9b286e81,ea967b68-c8a9-478e-b8f3-a6ab3ae23d99,true,true
440c0ff4-8ecb-4149-8f30-314e283efd9c,1e2a00f8-3e67-4c7a-818a-d27be662dd22,0bd6aee5-32dd-453c-8ed5-76bd9788465a,true,true
2a7c4b84-f8e2-46ff-9571-12e6495d1a1b,b089f552-816e-4d1a-bc7f-6bee9c02b198,ea967b68-c8a9-478e-b8f3-a6ab3ae23d99,true,true
2ad85333-fb7f-40a3-8ea3-4f723827b312,b7f1c86e-1d6e-4ddf-8f83-28386aac92a5,0bd6aee5-32dd-453c-8ed5-76bd9788465a,true,true
489862ab-1563-4442-8775-c35829558166,65305d22-61fa-4f99-b84c-652c5b149ff2,ea967b68-c8a9-478e-b8f3-a6ab3ae23d99,true,true
61177b36-352c-4bef-af54-468aaa8bd4a7,65305d22-61fa-4f99-b84c-652c5b149ff2,0bd6aee5-32dd-453c-8ed5-76bd9788465a,true,true
c1635dca-67c8-49fa-bb05-bbff9ef1ffa5,3ff8e66e-734b-44ab-84fd-368bf13302a5,0bd6aee5-32dd-453c-8ed5-76bd9788465a,true,true
349ada57-2e5f-4630-bcd9-4414bc96b5cb,27042477-e590-443f-9b3a-b3553e1c2c9c,0bd6aee5-32dd-453c-8ed5-76bd9788465a,true,true
e4e70389-fd37-41d6-85e5-9989c0a45d4e,9bc46fe9-2fbb-433a-b807-886e387b5075,0bd6aee5-32dd-453c-8ed5-76bd9788465a,true,true
a066dbc1-3bce-4697-8f58-ab2a28a8b8cc,7f30545c-8b7e-46c6-bdeb-83bf8044de9d,0bd6aee5-32dd-453c-8ed5-76bd9788465a,true,true
a59e697e-f317-445a-8022-7153a3764f56,d48df1b8-1bf9-4a1b-a63b-630d17b61abb,0bd6aee5-32dd-453c-8ed5-76bd9788465a,true,true
2176c5c0-4cbb-485a-acd4-c9eabd1a4853,d48df1b8-1bf9-4a1b-a63b-630d17b61abb,ea967b68-c8a9-478e-b8f3-a6ab3ae23d99,true,true
9cc96214-c440-4e3f-a3b2-801dcbb870e8,ad27b62a-2d14-41fb-8f01-998684e625aa,0bd6aee5-32dd-453c-8ed5-76bd9788465a,true,true
cc0b43c7-8aca-46d5-b653-7c6a1c4a9ef9,ad27b62a-2d14-41fb-8f01-998684e625aa,ea967b68-c8a9-478e-b8f3-a6ab3ae23d99,true,true
286ab20a-56ea-4136-8ae3-8acf065cd3a6,de3cbb7d-120f-4e35-aa9e-8e79827ab304,ea967b68-c8a9-478e-b8f3-a6ab3ae23d99,true,true
75e9725d-d4b5-4b38-8baf-3d3679fd0fa9,9b7b44ac-8ace-416c-a8af-db1b558e26b3,0bd6aee5-32dd-453c-8ed5-76bd9788465a,true,true
3acf2d00-e2db-447b-86d8-7a85cedccabd,3f64681e-8148-4480-a395-792e9fd70564,0bd6aee5-32dd-453c-8ed5-76bd9788465a,false,true
cfad1999-0bc5-4be4-a24a-0a334781ba1a,27d92e82-a346-4084-994a-0556a0d16f20,0bd6aee5-32dd-453c-8ed5-76bd9788465a,true,true
0282f799-c50c-441e-bf9b-f5a78debd2b7,3f41aae4-c3ab-4ad0-981a-faf962460b1e,0bd6aee5-32dd-453c-8ed5-76bd9788465a,true,true
c466e3f6-14ae-4fcf-9297-141cd9d996a8,27d92e82-a346-4084-994a-0556a0d16f20,ea967b68-c8a9-478e-b8f3-a6ab3ae23d99,true,true
ceb332ab-cea5-470c-a3bf-1a0578003996,ad2a461c-51eb-42d4-a580-b84c03660ca6,0bd6aee5-32dd-453c-8ed5-76bd9788465a,true,true
d94cee8b-51ca-4b5f-bbd1-1975ade04244,546337e9-3567-44fb-b394-35946b9c8309,ea967b68-c8a9-478e-b8f3-a6ab3ae23d99,true,true
dc06605a-7500-4b0b-b1a2-611400955aac,0fa0ad4c-f375-4da0-a90c-80d25c513149,0bd6aee5-32dd-453c-8ed5-76bd9788465a,true,true
c5b20f4a-886d-4686-8bd2-5d69b1228aae,08563926-acd0-4b3a-ab99-9d46488b5112,0bd6aee5-32dd-453c-8ed5-76bd9788465a,true,true
1d5bb758-a0db-406e-8d1d-cf89abe2030c,73785147-9e3a-4d61-a628-731cf68cdd8f,0bd6aee5-32dd-453c-8ed5-76bd9788465a,true,true
d9f4d9f7-5202-4524-9ce8-226f868a1976,63cfcbc1-ee43-4dcb-8827-8edab1fc3971,ea967b68-c8a9-478e-b8f3-a6ab3ae23d99,true,true
d5ed208d-6617-41dc-b2f2-23b1db167dfb,63cfcbc1-ee43-4dcb-8827-8edab1fc3971,0bd6aee5-32dd-453c-8ed5-76bd9788465a,true,true
51afb358-73af-4fbc-ba10-7830fe88ea88,aa192857-b5d0-4c46-955c-9576c7e5039e,ea967b68-c8a9-478e-b8f3-a6ab3ae23d99,true,true
d27ad9b2-6d21-4554-9b42-f1b40f2b1dbf,b2625259-40bf-4b29-8b43-205c5f0a7f74,0bd6aee5-32dd-453c-8ed5-76bd9788465a,true,true
818fa6bc-c13f-45e5-9630-2c4924d608cf,6bd7ad4b-5286-489d-9e66-ff8d35809803,ea967b68-c8a9-478e-b8f3-a6ab3ae23d99,true,true
f3265a8e-dc8c-4803-a575-ce6cf8947067,03728661-ff97-45b9-86a9-ac3446dfb728,0bd6aee5-32dd-453c-8ed5-76bd9788465a,true,true
50c01c61-25b8-4f85-b967-16f52fc8cfd9,f9a20676-912b-4399-8b9e-d3f73118b43f,ea967b68-c8a9-478e-b8f3-a6ab3ae23d99,true,true
48680004-03a2-43c2-912f-f9d29ce1aaef,3c1e4792-93b6-4e24-96bb-2274f3ff133e,0bd6aee5-32dd-453c-8ed5-76bd9788465a,false,true
ecc753f3-693f-46fa-bc40-8f2d76d0bb7f,ec35f8ee-1a5d-4a20-b589-085b57297b77,0bd6aee5-32dd-453c-8ed5-76bd9788465a,true,true
05c304b8-5d97-41c9-8497-0836eefb40aa,afec673c-b7d2-4417-9c3d-e6de17b794c2,ea967b68-c8a9-478e-b8f3-a6ab3ae23d99,true,true
6a9b7f1e-dbcd-42b0-bc00-b5a2a8cd5814,9cd73a2e-6c3d-42d3-afe6-8c09eec5c833,ea967b68-c8a9-478e-b8f3-a6ab3ae23d99,true,true
957c8116-1fc5-46dd-85f9-9f8f1d92b176,f9df6cab-f272-4c98-8fc7-6b7379943906,0bd6aee5-32dd-453c-8ed5-76bd9788465a,true,true
68e1f070-7d8f-4525-bb01-517bcdd9e41e,6e144bb0-3323-43a2-814f-31bd2b0686bc,0bd6aee5-32dd-453c-8ed5-76bd9788465a,true,true
5265940f-5029-49b1-976c-d5a3ffc1bb6b,6e144bb0-3323-43a2-814f-31bd2b0686bc,67dbf9f7-4898-4b84-86cf-303137a363be,true,true
cde4a414-d0e4-4357-9f91-448b3c9cc1f4,6e144bb0-3323-43a2-814f-31bd2b0686bc,ea967b68-c8a9-478e-b8f3-a6ab3ae23d99,true,true
dc91d1ce-ddad-4f1c-bc37-028b26acb9ac,c0457abe-7ffc-4753-b51b-83fa1d2b63a4,0bd6aee5-32dd-453c-8ed5-76bd9788465a,true,true
e5a74c78-1f54-4d76-8db1-74b301b648c4,7171066d-364b-4eb5-9867-19870248fbfe,0bd6aee5-32dd-453c-8ed5-76bd9788465a,true,true
3eab412e-9b05-4031-8421-601c5c816ea3,6462393f-2b68-4c59-8b50-1371ea284885,0bd6aee5-32dd-453c-8ed5-76bd9788465a,true,true
b7cf9c02-a91a-49da-9090-7b22d5aa9867,6462393f-2b68-4c59-8b50-1371ea284885,ea967b68-c8a9-478e-b8f3-a6ab3ae23d99,true,true
11b5d61f-e0a4-4027-b15d-47b04ef4f402,f142e887-22be-4670-b130-202eb8e9b772,0bd6aee5-32dd-453c-8ed5-76bd9788465a,true,true
f9793a12-062e-4fc5-a5c0-715ef9c3b154,c31df48e-ec05-459f-a575-0b1153a893f2,0bd6aee5-32dd-453c-8ed5-76bd9788465a,true,true
2c7764e1-cb69-4fa8-b96c-4c537338aac8,39746ba6-309f-4b39-a508-b335bff3e500,0bd6aee5-32dd-453c-8ed5-76bd9788465a,true,true
e2880ff3-fb50-480b-8214-27b11e6cd3e4,b4929de2-4f63-44d4-b8f8-d14a1f416528,ea967b68-c8a9-478e-b8f3-a6ab3ae23d99,true,true
e158b168-00b1-43c3-acf7-8506ff210a71,b4929de2-4f63-44d4-b8f8-d14a1f416528,0bd6aee5-32dd-453c-8ed5-76bd9788465a,true,true
86c9f774-e4d5-4d16-81f0-e99f78d86333,dd6c786b-0252-45d0-b730-be0b925f61cc,0bd6aee5-32dd-453c-8ed5-76bd9788465a,true,true
7c0fca64-98df-4790-8a96-0dcb725b66bb,dd6c786b-0252-45d0-b730-be0b925f61cc,ea967b68-c8a9-478e-b8f3-a6ab3ae23d99,true,true
2c70594c-8d3b-4628-a182-51deec15268c,cafda3c3-ef07-4e0d-91c6-bc463b95a578,0bd6aee5-32dd-453c-8ed5-76bd9788465a,true,true
343166e7-c091-4125-8c9c-8cd009f418d7,56f8caa9-110f-4d21-af9f-9c9aa2a6c831,0bd6aee5-32dd-453c-8ed5-76bd9788465a,false,true
12fdb9fc-fcf1-4594-97ee-79f234102cb5,e15d1472-4867-42ab-aa87-4a180953c052,0bd6aee5-32dd-453c-8ed5-76bd9788465a,true,true
f8d71a90-ca67-4dec-8fb5-fc7e44cff6bc,53825e30-5091-4044-87a5-c13888869405,0bd6aee5-32dd-453c-8ed5-76bd9788465a,true,true
b2b68cef-9312-4799-b2be-4c35582a97cd,01e029dc-fa45-4306-926a-594b634e4ee5,0bd6aee5-32dd-453c-8ed5-76bd9788465a,true,true
82ea8069-d3f2-452b-a27e-dfcbbc66487d,4b30c211-1af6-4f92-b249-20010e8ac200,0bd6aee5-32dd-453c-8ed5-76bd9788465a,true,true
5ac45215-f05c-4e08-9354-173699d9bd54,a3f0dff2-a94b-42fa-bb3f-2097ba6d8387,0bd6aee5-32dd-453c-8ed5-76bd9788465a,true,true
665a2deb-fdbb-456b-9153-fb20d5c681e2,a3f0dff2-a94b-42fa-bb3f-2097ba6d8387,ea967b68-c8a9-478e-b8f3-a6ab3ae23d99,true,true
647e0c4d-b7c7-480c-ae7f-9189ec90fa60,aca67aad-2690-4a51-abbd-ecc81ac6cd2e,0bd6aee5-32dd-453c-8ed5-76bd9788465a,true,true
c8456abc-594f-4775-bf93-8cf8700bd026,b003eac7-21ce-4f08-b82d-855e23591482,ea967b68-c8a9-478e-b8f3-a6ab3ae23d99,true,true
192b44ac-d277-45dd-a4dc-fb33c4b07229,b003eac7-21ce-4f08-b82d-855e23591482,0bd6aee5-32dd-453c-8ed5-76bd9788465a,true,true
ecb9fa68-eaff-4c4b-bbc2-70664d26d9cb,51c2cd69-e2d1-47dd-8c06-64a0db63c131,0bd6aee5-32dd-453c-8ed5-76bd9788465a,true,true
4663cdfb-90f7-4677-8026-ce65239cf269,97a58c81-b8d4-4d34-838b-f8be96a6e664,0bd6aee5-32dd-453c-8ed5-76bd9788465a,false,true
73f02f3e-7103-4ec8-a0ee-b860009d21d8,2f184840-847b-4762-bda6-19d775910c01,0bd6aee5-32dd-453c-8ed5-76bd9788465a,true,true
35c839c8-1d84-44e9-ae0b-e519699dd689,1ba794b5-ff08-41c6-a5e1-c6170204ccdf,0bd6aee5-32dd-453c-8ed5-76bd9788465a,true,true
98cd35ce-3c18-44db-85ed-9391ca30a31d,f5f12a61-7e35-4f47-b046-b3015f04b594,0bd6aee5-32dd-453c-8ed5-76bd9788465a,true,true
31575a3a-c351-40ef-a5f8-640a2c948e26,f5f12a61-7e35-4f47-b046-b3015f04b594,ea967b68-c8a9-478e-b8f3-a6ab3ae23d99,true,true
761ef500-283d-47c2-8d35-3b8debe23ee1,b88afa8d-0590-40f9-99d5-0eb11ed313c3,ea967b68-c8a9-478e-b8f3-a6ab3ae23d99,true,true
e9eba350-82ef-48fc-bd31-c26342e558c2,1abdc900-4890-4ba8-a5d1-ac6610d77820,0bd6aee5-32dd-453c-8ed5-76bd9788465a,true,true
e51f91d6-6755-4980-9818-667f92700806,1abdc900-4890-4ba8-a5d1-ac6610d77820,ea967b68-c8a9-478e-b8f3-a6ab3ae23d99,true,true
fc5518a9-78e2-45cc-8dbc-fca4a0c2423f,755c64fd-9d94-4964-a576-2d502a715689,0bd6aee5-32dd-453c-8ed5-76bd9788465a,true,true
607926fb-a2da-4eb8-9e38-b0795e11f58a,6aa814ac-19d2-4a60-b366-6ed239a9f56f,0bd6aee5-32dd-453c-8ed5-76bd9788465a,true,true
43f9420b-14b2-45bf-a7a2-8ef17a39c58d,2f035ac6-fd47-4f16-bb8d-7b881db8553e,0bd6aee5-32dd-453c-8ed5-76bd9788465a,true,true
1747d791-2c27-41b5-ad82-f7e7603e6dad,98e28174-fbdf-491f-b696-af685933847c,0bd6aee5-32dd-453c-8ed5-76bd9788465a,true,true
b46c3a3a-d26d-4551-9f95-c41b17e5bca8,98e28174-fbdf-491f-b696-af685933847c,ea967b68-c8a9-478e-b8f3-a6ab3ae23d99,true,true
69795ac9-9304-48a5-a3df-535709b80174,1d169f6f-3b1d-4396-84b2-4e03d7a6afbb,0bd6aee5-32dd-453c-8ed5-76bd9788465a,true,true
f1f3cb40-7dc6-4d5f-8e51-49c448ae3e3f,1d169f6f-3b1d-4396-84b2-4e03d7a6afbb,ea967b68-c8a9-478e-b8f3-a6ab3ae23d99,true,true
030e9fff-ed85-4df8-99ea-531f01afd186,3c6bdf1b-ad6f-4f5d-83dc-b542db656a30,ea967b68-c8a9-478e-b8f3-a6ab3ae23d99,false,true
cc0c10ac-8acf-453e-ab15-edbb3dd0c281,3c6bdf1b-ad6f-4f5d-83dc-b542db656a30,0bd6aee5-32dd-453c-8ed5-76bd9788465a,true,true
0e4c8d30-edae-49aa-b02a-1adb004524cc,9252ccca-d85d-4a14-83c1-fbf6bf0e9a3e,0bd6aee5-32dd-453c-8ed5-76bd9788465a,true,true
3db143da-9d75-4a49-83ba-366db685ca68,991c5331-efb4-4cb6-aebf-6edc5df7948f,0bd6aee5-32dd-453c-8ed5-76bd9788465a,true,true
3260469b-83e9-424d-b8f0-3ceace87c84c,e167128a-c486-4e0d-bbb5-5a2922baad6c,0bd6aee5-32dd-453c-8ed5-76bd9788465a,true,true
d10ca25e-ddde-4c5b-b348-614fd85b153c,e167128a-c486-4e0d-bbb5-5a2922baad6c,ea967b68-c8a9-478e-b8f3-a6ab3ae23d99,false,true
fb92bd9a-4a22-4227-8e25-199a4e5e4d98,15ee628d-5ea1-4525-83e0-3027dd293d79,0bd6aee5-32dd-453c-8ed5-76bd9788465a,true,true
ebd2d89e-367a-4598-a0f8-083df3c34dbd,89ed37ba-33db-4eb1-abb9-8a6c3b2fe664,0bd6aee5-32dd-453c-8ed5-76bd9788465a,true,true
6e5d079b-470f-486a-a966-6a0a96e756e0,b92f335c-356a-42eb-892f-ec91c76c23b0,0bd6aee5-32dd-453c-8ed5-76bd9788465a,true,true
e9c9bb48-b620-4cb9-ad59-21174bebf3de,b92f335c-356a-42eb-892f-ec91c76c23b0,ea967b68-c8a9-478e-b8f3-a6ab3ae23d99,true,true
9e85d767-4cb2-498f-abff-04d616231c70,e40a6a06-b79d-45aa-be7d-54f50413b294,ea967b68-c8a9-478e-b8f3-a6ab3ae23d99,true,true
d871eda7-3eb0-4068-8b13-54dafbfe5cfa,e40a6a06-b79d-45aa-be7d-54f50413b294,0bd6aee5-32dd-453c-8ed5-76bd9788465a,true,true
acdbfbb2-ffea-46fb-980b-eda27afbcb29,1127b02f-0f9b-4026-aae9-9efe2efa361d,ea967b68-c8a9-478e-b8f3-a6ab3ae23d99,true,true
5a70e216-fd4e-494c-acc9-93f6b8b43d6f,1127b02f-0f9b-4026-aae9-9efe2efa361d,0bd6aee5-32dd-453c-8ed5-76bd9788465a,true,true
5286d5d0-99eb-4d74-acd3-d10040bcb3c7,790f1cab-4ceb-41f7-9a47-a3571162d762,0bd6aee5-32dd-453c-8ed5-76bd9788465a,true,true
b3d3a566-96c1-4709-b8ac-f211415570b4,ad5f47fc-9921-4e74-baef-4ab2ab41cfca,ea967b68-c8a9-478e-b8f3-a6ab3ae23d99,true,true
5086abe6-559d-424f-ab7d-9507a6700fb4,1f526888-1c8d-4215-a36a-44813fb23db7,0bd6aee5-32dd-453c-8ed5-76bd9788465a,true,true
60b8b03c-68ac-4887-9733-15837db0f622,3b24cd6a-1d9f-4132-9ba6-ac8d51b1da45,ea967b68-c8a9-478e-b8f3-a6ab3ae23d99,true,true
d8e4d09d-53a2-4e38-8e2b-d50a662a3d05,3b24cd6a-1d9f-4132-9ba6-ac8d51b1da45,0bd6aee5-32dd-453c-8ed5-76bd9788465a,false,true
d800615f-e081-45b9-96b4-f45f5423d3e6,12ce23b8-8bae-493b-8dc5-e170bdc09e47,0bd6aee5-32dd-453c-8ed5-76bd9788465a,true,true
a3a9a590-3dba-48cd-9e82-63d7decb8362,c0d0a545-a266-402e-a277-fd3661c5c0bf,0bd6aee5-32dd-453c-8ed5-76bd9788465a,true,true
f1e2ba1a-e84d-4e15-85b2-7756506694fd,9b7df40b-23de-43a1-b0df-5791f90d6925,ea967b68-c8a9-478e-b8f3-a6ab3ae23d99,true,true
8aa05707-6523-4ddd-a3f3-54437063ed43,9b7df40b-23de-43a1-b0df-5791f90d6925,0bd6aee5-32dd-453c-8ed5-76bd9788465a,true,true
6bb47464-08b2-4247-b11b-2be752accb75,67062b11-06f7-45c3-b346-8bbfdc00cfdf,0bd6aee5-32dd-453c-8ed5-76bd9788465a,true,true
ddaf30f5-8d3d-40e6-b2cc-2ce6b1f162c9,b2465086-cf95-4ea5-ba59-7a6377edc89e,0bd6aee5-32dd-453c-8ed5-76bd9788465a,true,true
abd7476f-db5b-4ae2-92ca-841363c605e2,7552599d-cbc8-4bd9-a02b-5ad2bfaa6d35,ea967b68-c8a9-478e-b8f3-a6ab3ae23d99,true,true
1cfeb0fd-01c3-46b3-80e9-97a617d4efe5,7552599d-cbc8-4bd9-a02b-5ad2bfaa6d35,0bd6aee5-32dd-453c-8ed5-76bd9788465a,true,true
32f94353-b397-4138-9d4d-aec16b9c774d,b8fbabc8-c0f0-4d85-95c5-f952b4abda43,0bd6aee5-32dd-453c-8ed5-76bd9788465a,true,true
fcca86d4-b7e4-4fc3-a96d-d92118f248e0,b8fbabc8-c0f0-4d85-95c5-f952b4abda43,ea967b68-c8a9-478e-b8f3-a6ab3ae23d99,true,true
db7c31ca-344d-440e-a6df-5a2b532dfc48,778969f0-bef4-41d2-8376-cbe0b98775f4,0bd6aee5-32dd-453c-8ed5-76bd9788465a,true,true
3f91978c-96d9-40aa-bed1-939967eaadc4,d430e902-108e-49ab-8c9d-23351a33716c,ea967b68-c8a9-478e-b8f3-a6ab3ae23d99,true,true
a6f562b2-cbd9-40f9-80f3-41c14e1a136a,af5d9eb8-76af-4cdf-b082-ac4f42afa713,0bd6aee5-32dd-453c-8ed5-76bd9788465a,true,true
0e7bdccb-1e32-4543-a85a-91b3519ca62c,af5d9eb8-76af-4cdf-b082-ac4f42afa713,ea967b68-c8a9-478e-b8f3-a6ab3ae23d99,true,true
2518b6b8-b95e-46fc-9287-2ae84e294bf9,502aeb30-d35d-4d66-9d8c-a74c65ff84c5,ea967b68-c8a9-478e-b8f3-a6ab3ae23d99,true,true
48cd992d-2e8d-43a0-8c2a-5c66548e6167,502aeb30-d35d-4d66-9d8c-a74c65ff84c5,0bd6aee5-32dd-453c-8ed5-76bd9788465a,true,true
5455630d-86bd-47c5-bf02-1cbba4ac551c,26c3f5a1-9e01-4601-8f96-5bb3b3502ce8,0bd6aee5-32dd-453c-8ed5-76bd9788465a,true,true
e5747c81-58ad-42bf-8f96-ec55749262d0,dbcc7e2d-4501-47d0-be75-039623f74f1c,ea967b68-c8a9-478e-b8f3-a6ab3ae23d99,true,true
f975565a-c81a-42f0-a134-ce650de35fd3,dbcc7e2d-4501-47d0-be75-039623f74f1c,0bd6aee5-32dd-453c-8ed5-76bd9788465a,true,true
a04faec1-a83a-45c5-8c66-b419dea05f36,615a8552-9179-458f-94d4-d60b097bb318,0bd6aee5-32dd-453c-8ed5-76bd9788465a,false,true
a698244d-632e-440d-8813-97e411ee2989,26735e73-6d3b-4c5f-8a25-b39d013d4ec8,0bd6aee5-32dd-453c-8ed5-76bd9788465a,true,true
05c2c168-22b2-44f9-826f-6262a3c60dbe,53d8e18a-66bb-4312-9a37-015986a04995,0bd6aee5-32dd-453c-8ed5-76bd9788465a,true,true
1567952d-0bd1-42f6-91ae-9cd58d8c536b,609b69e8-38df-4029-b996-89325612257b,0bd6aee5-32dd-453c-8ed5-76bd9788465a,true,true
e2e982fe-d3f2-421a-996b-8b56215c64bf,0d47b7e1-f254-413f-bc66-7dfee317e2b0,0bd6aee5-32dd-453c-8ed5-76bd9788465a,true,true
68c90502-95cf-46cb-9432-2a3440f296a5,1c18e83a-21ee-4970-9738-f680820b90b1,0bd6aee5-32dd-453c-8ed5-76bd9788465a,true,true
a2aac9ab-f3e4-47a0-879e-740e93415cad,609b69e8-38df-4029-b996-89325612257b,ea967b68-c8a9-478e-b8f3-a6ab3ae23d99,true,true
67f2c75b-ff62-4304-b311-cce1ea4a32fb,609b69e8-38df-4029-b996-89325612257b,67dbf9f7-4898-4b84-86cf-303137a363be,true,true
c5290f22-a180-4942-91a7-2b1d9ab82e35,f3f735bf-13f5-4642-af4e-91b7fdecff74,0bd6aee5-32dd-453c-8ed5-76bd9788465a,true,true
677cd74f-0be1-4413-b11b-8756dc24532b,7c66016c-bb94-49fa-95d5-ad909ee3d2fd,0bd6aee5-32dd-453c-8ed5-76bd9788465a,true,true
aa4206f0-3c3d-45ef-a0f3-9b6daab139f9,5036ba99-8aa8-4a0a-93b6-9e186ca89a85,ea967b68-c8a9-478e-b8f3-a6ab3ae23d99,true,true
a6021356-9c1d-40c6-b532-b0e032844e54,a5929151-3e7c-47e5-a595-2c5266efaa79,0bd6aee5-32dd-453c-8ed5-76bd9788465a,true,true
c783d01f-8687-4c87-b54c-fa8737ae1539,f8851908-0469-4ac9-8f67-ed2206ee763e,0bd6aee5-32dd-453c-8ed5-76bd9788465a,true,true
17739b79-f415-400c-86eb-2dbfc1028087,5036ba99-8aa8-4a0a-93b6-9e186ca89a85,0bd6aee5-32dd-453c-8ed5-76bd9788465a,true,true
539ba5df-c056-4d71-8c68-903c4afd479a,3095b882-64c7-4d20-bc53-17761bac7412,0bd6aee5-32dd-453c-8ed5-76bd9788465a,false,true
67e27d43-6ec3-4d55-88ba-63b8b7d9f46d,1b909923-4ea8-4cb0-983c-5a134d0852e7,0bd6aee5-32dd-453c-8ed5-76bd9788465a,true,true
0fed55d5-459c-40cf-9b42-b9c57b7cb5db,1b909923-4ea8-4cb0-983c-5a134d0852e7,ea967b68-c8a9-478e-b8f3-a6ab3ae23d99,true,true
35c8a8e7-c66d-4342-8bd0-733f6f881891,41a472d8-be0a-4050-a287-f79916bdface,0bd6aee5-32dd-453c-8ed5-76bd9788465a,true,true
3c674f27-2d6b-49d4-b489-44ab81318fc8,41a472d8-be0a-4050-a287-f79916bdface,ea967b68-c8a9-478e-b8f3-a6ab3ae23d99,true,true
c55d8573-09b0-48bc-8cab-66d558cf64b9,3095b882-64c7-4d20-bc53-17761bac7412,ea967b68-c8a9-478e-b8f3-a6ab3ae23d99,false,true
d1933045-4299-4f15-9d00-b5d658ca9a07,5a68b6dc-4388-420e-8030-a3c6f7506fec,0bd6aee5-32dd-453c-8ed5-76bd9788465a,true,true
2994c777-4b60-47ed-b5b2-5f9720dc63eb,5a68b6dc-4388-420e-8030-a3c6f7506fec,ea967b68-c8a9-478e-b8f3-a6ab3ae23d99,true,true
ce259f01-1915-4a11-ad74-1dcca76b85c9,28f76822-1ff7-4a63-9b3f-da53c4ad5e7d,0bd6aee5-32dd-453c-8ed5-76bd9788465a,true,true
39cc90c6-3b02-43f4-868e-502287295a6b,b18bffd0-881c-4765-9c57-d80c5eb83fc9,0bd6aee5-32dd-453c-8ed5-76bd9788465a,true,true
e783427d-c32f-4734-a63e-72471d77a03b,b18bffd0-881c-4765-9c57-d80c5eb83fc9,ea967b68-c8a9-478e-b8f3-a6ab3ae23d99,true,true
a563f4f7-386f-44e1-87af-0575baead3da,6c7745f6-d5a8-4819-8a87-d33b3f163caf,0bd6aee5-32dd-453c-8ed5-76bd9788465a,false,true
40a237c2-48c3-44b9-bb67-b965e2b2d9cc,706b9d08-b586-49b2-8ac7-772f964f55f1,0bd6aee5-32dd-453c-8ed5-76bd9788465a,true,true
69d93510-d15c-4650-8f3f-2107b76092f7,9d124292-c076-46fa-82a4-af19dd3005b8,0bd6aee5-32dd-453c-8ed5-76bd9788465a,true,true
f137f66d-ce3b-4477-9024-85a22fbae655,e25cd54f-0d7d-41fe-a448-a47f9357e243,ea967b68-c8a9-478e-b8f3-a6ab3ae23d99,true,true
1d5427ea-aa33-4d38-8a71-b2acf5b3c769,e25cd54f-0d7d-41fe-a448-a47f9357e243,0bd6aee5-32dd-453c-8ed5-76bd9788465a,true,true
8faf74af-9ccc-4d8e-94f3-ede816e63968,46b47a0a-e867-47ec-ab93-930a4a001466,0bd6aee5-32dd-453c-8ed5-76bd9788465a,true,true
ef22ab29-02b9-4698-bb0f-6e9e20fc9a30,128be213-9b7e-4e0f-89ce-a147ee8f5176,0bd6aee5-32dd-453c-8ed5-76bd9788465a,false,true
d5b7b29b-c850-41d4-92da-0a3d64a19452,a6d4bed2-c762-4f27-b12b-642a04413f91,0bd6aee5-32dd-453c-8ed5-76bd9788465a,true,true
4c744dde-5bcb-45a3-8430-4509eca57cd9,57537f65-a55e-4cc0-9ef3-a5adcbc45211,0bd6aee5-32dd-453c-8ed5-76bd9788465a,true,true
91e00354-d305-4f20-8fb4-263294f1f518,65f9afd5-a167-4e71-b818-616fbe0f839e,ea967b68-c8a9-478e-b8f3-a6ab3ae23d99,true,true
b4703cf3-2cf6-49ce-93e8-81ab95110380,65f9afd5-a167-4e71-b818-616fbe0f839e,0bd6aee5-32dd-453c-8ed5-76bd9788465a,true,true
acacbb24-8901-43a6-8d29-13cbbdee1e7a,a86cb3ba-d2b3-4b00-8967-8d87c7de519d,0bd6aee5-32dd-453c-8ed5-76bd9788465a,true,true
24e3d768-bc51-419b-aaca-e2fb590e2cba,a86cb3ba-d2b3-4b00-8967-8d87c7de519d,ea967b68-c8a9-478e-b8f3-a6ab3ae23d99,true,true
e1e19dce-1d14-41ee-8056-6f92d3e320e5,48d61855-b217-41e1-8c07-b616cd5a47ea,0bd6aee5-32dd-453c-8ed5-76bd9788465a,true,true
846b7d17-d869-45fb-8f85-62286131b758,738f9ce1-15dd-4df6-b78f-4361a372d06a,0bd6aee5-32dd-453c-8ed5-76bd9788465a,true,true
5bbf3129-739d-45bf-9e13-72209dfcd5ad,4eac4a36-81a9-4f41-ba75-1f9bbcc5596f,0bd6aee5-32dd-453c-8ed5-76bd9788465a,true,true
b78a2d68-4442-4a83-86af-839406dda648,4eac4a36-81a9-4f41-ba75-1f9bbcc5596f,ea967b68-c8a9-478e-b8f3-a6ab3ae23d99,true,true
71cd18aa-3c84-43e0-9d6e-14d39d9d697e,e5657ac9-3f72-4410-8861-7bcce7f41212,0bd6aee5-32dd-453c-8ed5-76bd9788465a,true,true
a9f1d6b2-7725-4421-9d49-d462062dcb8d,b84aaeb8-f6ec-43a8-ae65-26f0789173ed,0bd6aee5-32dd-453c-8ed5-76bd9788465a,true,true
4fab0191-bd97-43c7-a82a-6c46593aae5e,2e654bdb-d7ec-4e86-933d-528bd15bce18,0bd6aee5-32dd-453c-8ed5-76bd9788465a,true,true
794e15aa-32be-4960-961d-eb1d6c54a8f6,9241d9ce-2ef9-4aae-b4df-8c9506e1d0a1,0bd6aee5-32dd-453c-8ed5-76bd9788465a,true,true
e54798ac-86c3-4735-9687-3856cf1e4148,ec33afa2-39b1-4358-a04b-4c916d24ec7f,ea967b68-c8a9-478e-b8f3-a6ab3ae23d99,true,true
c4f0e66b-dfbb-4ec8-8752-1be664fbf70a,0210010b-1002-4e3a-b855-c66706bf9548,ea967b68-c8a9-478e-b8f3-a6ab3ae23d99,true,true
992d3245-9745-4e89-9caa-8279fc3c94c6,0210010b-1002-4e3a-b855-c66706bf9548,0bd6aee5-32dd-453c-8ed5-76bd9788465a,true,true
76026ef4-ea7c-4d35-841d-b18043161584,47810e63-9dc7-4709-824f-3aa4de40debe,0bd6aee5-32dd-453c-8ed5-76bd9788465a,true,true
66bced6c-233f-47f7-a536-46cccaf0ffbe,1e5f4c08-790b-478b-80df-66796a53ed33,0bd6aee5-32dd-453c-8ed5-76bd9788465a,true,true
66e47ec4-fbe5-40c6-9e8d-143c6c90e9de,1e5f4c08-790b-478b-80df-66796a53ed33,ba54fb99-cd67-484d-b68f-34aea2d83af6,true,true
405103ab-87eb-42b0-af3c-0c2f98c79867,bc56ea52-1592-469f-8f2d-d256e294b5d7,ea967b68-c8a9-478e-b8f3-a6ab3ae23d99,true,true
70824701-3441-4d2c-9b29-7078cbce3c7d,bc56ea52-1592-469f-8f2d-d256e294b5d7,0bd6aee5-32dd-453c-8ed5-76bd9788465a,true,true
2d86cad0-2565-4ca8-966b-222668212d90,031bab52-c48c-4226-954d-8d6225ca272d,0bd6aee5-32dd-453c-8ed5-76bd9788465a,true,true
ab663271-b753-499b-a79e-3c180cc0ee9a,031bab52-c48c-4226-954d-8d6225ca272d,ea967b68-c8a9-478e-b8f3-a6ab3ae23d99,true,true
ab9906a7-8e52-4229-a0ef-5633d08fa4b9,4bccaf22-3f1c-4e4b-ae17-27653c58a826,0bd6aee5-32dd-453c-8ed5-76bd9788465a,true,true
4b0767cd-0183-4369-bf4c-a9d10f9f4c8b,f13d9c39-abe4-4d48-8194-2427951b1919,0bd6aee5-32dd-453c-8ed5-76bd9788465a,true,true
c143fce6-def4-4f7c-80af-143ffef791be,f348b2d5-bf0d-4ad2-a8b6-f7f83d7e1dcc,ea967b68-c8a9-478e-b8f3-a6ab3ae23d99,true,true
765f14d5-8c9c-4a89-a7ad-0c7a82713e00,f348b2d5-bf0d-4ad2-a8b6-f7f83d7e1dcc,0bd6aee5-32dd-453c-8ed5-76bd9788465a,true,true
fef77831-227c-44eb-8fbf-0bdefbbdf458,478f388d-e6de-4a0c-b686-dd1143b23ae7,0bd6aee5-32dd-453c-8ed5-76bd9788465a,true,true
bf93823d-c565-4e62-95b0-f49ed203bc28,0c1ae7af-6a3b-4fff-9bb0-41d18d5c15f5,0bd6aee5-32dd-453c-8ed5-76bd9788465a,true,true
33624f4c-da40-4cd2-be9c-3e66b67fc3c9,0c1ae7af-6a3b-4fff-9bb0-41d18d5c15f5,ea967b68-c8a9-478e-b8f3-a6ab3ae23d99,true,true
e2dc6847-d3d1-42aa-99bc-b9483b0a0f17,935aa62c-2799-464b-b87f-6eecd87a02cd,0bd6aee5-32dd-453c-8ed5-76bd9788465a,true,true
cfde367a-00d3-4af2-b9ec-b594991976b6,df770939-57ad-4207-9950-ab55760bb35d,ea967b68-c8a9-478e-b8f3-a6ab3ae23d99,true,true
ed0b8039-1a30-4b33-acb2-4cbcf11560d7,339f0fb3-b5f5-43dd-85cb-bf7fe2f1be9c,0bd6aee5-32dd-453c-8ed5-76bd9788465a,true,true
6f5eac88-6bea-40cd-a631-b60cf64d14a1,35d50391-05e5-45e6-a165-012c1a3dc329,ea967b68-c8a9-478e-b8f3-a6ab3ae23d99,true,true
c6acfc8b-ebb1-4adb-af1d-7b55046702bc,35d50391-05e5-45e6-a165-012c1a3dc329,0bd6aee5-32dd-453c-8ed5-76bd9788465a,true,true
686fa9e5-ac7d-4ac4-b463-9d34e4a4b596,0ed878d1-659d-4c97-91d2-449e3b5aae4f,0bd6aee5-32dd-453c-8ed5-76bd9788465a,true,true
207b53f2-9cf0-4dc1-acf2-5a8f293716a6,0ed878d1-659d-4c97-91d2-449e3b5aae4f,ea967b68-c8a9-478e-b8f3-a6ab3ae23d99,false,true
843662a9-3124-42e0-9c45-c0f1f575543f,0ed878d1-659d-4c97-91d2-449e3b5aae4f,67dbf9f7-4898-4b84-86cf-303137a363be,false,true
f712f611-b6d9-40b4-b1f1-8d2bc7478005,979f22fe-2244-4463-b901-4ea93ae6921f,0bd6aee5-32dd-453c-8ed5-76bd9788465a,true,true
40759d34-0ff9-41f0-9ecd-2c42b2252b1b,e3f8a7d4-f986-4261-bb16-cf7f97bcfd02,0bd6aee5-32dd-453c-8ed5-76bd9788465a,true,true
ed9fbe09-5437-4c11-acfe-d54df67b30ae,ea20c08d-ab28-41ab-a909-7684b6fb7e90,ea967b68-c8a9-478e-b8f3-a6ab3ae23d99,true,true
7e583192-934e-447d-8a2d-9c3bee91ec30,9b7b44ac-8ace-416c-a8af-db1b558e26b3,ea967b68-c8a9-478e-b8f3-a6ab3ae23d99,true,true
dcbe6b77-8fc6-4f86-88f9-edc33a88648b,b46e2ddd-5730-421a-969a-b0173c9b2644,0bd6aee5-32dd-453c-8ed5-76bd9788465a,true,true
9416047e-0fd1-4697-b4ea-440be525690c,dd6dadb7-645f-4035-a624-512b5f5f5262,0bd6aee5-32dd-453c-8ed5-76bd9788465a,true,true
ee534263-8dc1-4e52-8b4e-00b2d5486bbc,ca603d9a-aca7-4f05-a344-9c4093fe600f,ea967b68-c8a9-478e-b8f3-a6ab3ae23d99,true,true
b2bf2ce6-e608-4361-a2a6-ebaebc6a9952,1fba32f6-0848-4d80-895f-223505acc1ef,0bd6aee5-32dd-453c-8ed5-76bd9788465a,true,true
7369a14d-0e8c-49ba-93c0-8ff05417f886,b46e2ddd-5730-421a-969a-b0173c9b2644,ea967b68-c8a9-478e-b8f3-a6ab3ae23d99,true,true
bd1a5376-305e-4664-9b04-9a74fd348be3,3b686c34-c2ae-403c-bd10-e7e05d9861b3,0bd6aee5-32dd-453c-8ed5-76bd9788465a,true,true
a0936fdd-5cb7-4d8f-99a7-7ebcd62895da,1fba32f6-0848-4d80-895f-223505acc1ef,ea967b68-c8a9-478e-b8f3-a6ab3ae23d99,true,true
6aea65b2-11e4-490b-991d-a7e7ece7a87a,330c93e5-4ff7-48dc-be79-c92cd715ab91,0bd6aee5-32dd-453c-8ed5-76bd9788465a,true,true
11c6b683-7a58-4f45-a0ff-a768b61da7d8,06a0890e-349b-41d2-81dd-57f1803d758f,ea967b68-c8a9-478e-b8f3-a6ab3ae23d99,true,true
dc34f963-007a-4dd1-9f37-812133a53b60,06a0890e-349b-41d2-81dd-57f1803d758f,0bd6aee5-32dd-453c-8ed5-76bd9788465a,true,true
dbef2769-2f60-4c15-af21-c39731f9ba6c,827ee4db-1dec-4951-801e-034ecd4e044f,0bd6aee5-32dd-453c-8ed5-76bd9788465a,true,true
2d73e214-38f8-4419-b6e4-991523e990cb,bba04349-01f9-4556-9826-b07195aee1d4,0bd6aee5-32dd-453c-8ed5-76bd9788465a,true,true
e4f9fb25-f6a8-48e2-bccb-1ee5b22f6ba2,fb3caa8c-e605-4556-b7f9-ff51edb47bf3,ea967b68-c8a9-478e-b8f3-a6ab3ae23d99,true,true
11ed9d8b-6621-467a-8cbf-8290135f5526,fb3caa8c-e605-4556-b7f9-ff51edb47bf3,0bd6aee5-32dd-453c-8ed5-76bd9788465a,true,true
cece18ae-89c5-4354-8d1e-cbeed7f021e9,9e4fde62-0533-4885-b102-0ac41217e83b,ea967b68-c8a9-478e-b8f3-a6ab3ae23d99,true,true
e3d2f695-ab1e-4e08-bb08-fd03da7d7fec,9e4fde62-0533-4885-b102-0ac41217e83b,0bd6aee5-32dd-453c-8ed5-76bd9788465a,true,true
20354f94-9f39-4b46-9d23-07df09eb256a,57a2a816-ab26-4586-a065-4375cdf7da47,0bd6aee5-32dd-453c-8ed5-76bd9788465a,true,true
8f34cbad-c7d5-4d57-a5f6-e8e9857b73d9,0394194e-7b0b-47f9-91eb-36f0ee90ec41,9c991fd3-6a0f-4dda-88c6-4007a987f21d,true,true
221b3381-ac4c-48e5-8b53-f0e32e142765,81adef7d-c929-4c0d-b309-a566a7c7d9d2,0bd6aee5-32dd-453c-8ed5-76bd9788465a,true,true
adba3a1a-df53-4717-814b-797f6068fa91,a334babf-7eee-4284-b9cb-74942f968068,ea967b68-c8a9-478e-b8f3-a6ab3ae23d99,true,true
e6d59c7e-f1ef-4377-945e-552e7133597e,a334babf-7eee-4284-b9cb-74942f968068,0bd6aee5-32dd-453c-8ed5-76bd9788465a,true,true
33714c51-cbfa-462b-ab98-9c1463e0872f,9112c5e0-2dc5-4275-8504-b22339a8ee6c,0bd6aee5-32dd-453c-8ed5-76bd9788465a,true,true
9fb8cda8-6877-4c6d-badf-02eb5f5675c1,9112c5e0-2dc5-4275-8504-b22339a8ee6c,ea967b68-c8a9-478e-b8f3-a6ab3ae23d99,true,true
57b7aa0c-03e0-4bab-b6fb-85921ff59109,6ce70cd0-0bb6-4c6a-b3f8-1e0b8e5a68a5,ea967b68-c8a9-478e-b8f3-a6ab3ae23d99,true,true
e6af11b6-d1c6-4ba2-8fd7-3cfc5b43eece,080fcbb6-6e62-47f8-8795-9b80ceebb8d7,0bd6aee5-32dd-453c-8ed5-76bd9788465a,true,true
1d8491bf-4875-4cce-9234-b5d15ec35fde,87141c59-ae61-43a1-a28c-10302842b9a4,0bd6aee5-32dd-453c-8ed5-76bd9788465a,false,true
675c25a0-6ac8-453d-8cdc-d60ac0bde79a,09371493-7995-4700-946e-90b26d943891,ea967b68-c8a9-478e-b8f3-a6ab3ae23d99,true,true
1620ad73-938a-4b72-8d21-6f0dfd645504,b956623c-ed56-447c-ae11-e5fbf153661e,0bd6aee5-32dd-453c-8ed5-76bd9788465a,true,true
d2d20c07-85fa-4c7f-bd24-b1a1d78f2eec,35bc1d2b-61a2-4727-bf79-88b352bc9b6e,0bd6aee5-32dd-453c-8ed5-76bd9788465a,true,true
48b973d2-1f8a-4262-99d7-08badbb8c30a,c6b956d2-da6d-44eb-9a72-6d377dabe9b1,0bd6aee5-32dd-453c-8ed5-76bd9788465a,true,true
589935a0-b444-4549-98e4-24f5413e5c0a,3b8ac9e1-7f4a-418d-beed-adcac7dd1873,0bd6aee5-32dd-453c-8ed5-76bd9788465a,true,true
691b3b77-b6a4-43bd-ab65-56de761a969e,0add8747-238b-4a62-8b91-7066196bb2c9,0bd6aee5-32dd-453c-8ed5-76bd9788465a,true,true
3c2d80a6-3fbe-4fcb-b524-454c35c79a3f,c8c77346-0b99-4290-888c-d638cb1414e5,0bd6aee5-32dd-453c-8ed5-76bd9788465a,true,true
8bf1a511-3aee-44b9-b5e3-4d58f56d1261,e485e1b8-1b87-40b0-8296-9dee3e851a19,0bd6aee5-32dd-453c-8ed5-76bd9788465a,true,true
bc3a155c-9b90-4bc1-8b51-7bc7282422ef,34c1aa01-99fb-4d88-b005-e171a25f9cb2,ea967b68-c8a9-478e-b8f3-a6ab3ae23d99,true,true
f7245724-de2c-422d-a4a1-6ecea6153c31,34c1aa01-99fb-4d88-b005-e171a25f9cb2,0bd6aee5-32dd-453c-8ed5-76bd9788465a,true,true
b570e606-4e31-40cb-8ebc-2335bbbed20e,5d05a2a1-0550-40bf-9885-d3ec30004288,0bd6aee5-32dd-453c-8ed5-76bd9788465a,true,true
42c015de-5219-459e-970d-b39b581ac5df,5d05a2a1-0550-40bf-9885-d3ec30004288,ea967b68-c8a9-478e-b8f3-a6ab3ae23d99,true,true
24a2da40-d021-4cab-afb3-ffb677a3d1a9,4a56095a-40d8-495b-be5a-4dd6753f563b,0bd6aee5-32dd-453c-8ed5-76bd9788465a,true,true
0d58cf31-101b-48a1-a9ed-15d8e485d22b,eb572bd1-b4b0-4fbd-b2eb-1a859d8aa5ec,0bd6aee5-32dd-453c-8ed5-76bd9788465a,true,true
3f44587f-6f53-4fce-bc38-9616893aefa8,9c52c7c0-26b9-4b05-bb99-78cf8f062da1,0bd6aee5-32dd-453c-8ed5-76bd9788465a,true,true
41f99c00-1cdc-4af8-bd19-f498a2e38698,fd29afdf-78d8-4778-a72e-448a39b1a692,0bd6aee5-32dd-453c-8ed5-76bd9788465a,true,true
da79005f-8c54-47f5-8362-4c81324207f8,fd29afdf-78d8-4778-a72e-448a39b1a692,ea967b68-c8a9-478e-b8f3-a6ab3ae23d99,true,true
2bed961b-03fb-4d76-83e0-f2068182019e,bcb0c640-f728-496a-8e17-2becb160476f,0bd6aee5-32dd-453c-8ed5-76bd9788465a,true,true
2d9ac659-7203-4718-bf04-b0317bfaa9c7,4a3b8401-dfce-4110-b0d5-2faf8cf343b1,ea967b68-c8a9-478e-b8f3-a6ab3ae23d99,true,true
d63e2999-2b81-4fd8-8c14-92524aecac75,a18707cd-21d0-48c9-aa24-afd4598a98ff,ba54fb99-cd67-484d-b68f-34aea2d83af6,true,true
34fa7097-c3f5-43d3-a6f6-e381d7b69d84,b94c338b-e9f5-47d6-afbe-880b8175aef3,67dbf9f7-4898-4b84-86cf-303137a363be,true,true
f2b57d75-3cf4-41aa-a5cc-01f72132ceeb,b94c338b-e9f5-47d6-afbe-880b8175aef3,0bd6aee5-32dd-453c-8ed5-76bd9788465a,true,true
3a32d9e0-97d3-4175-87d1-b5fc81c3e156,b94c338b-e9f5-47d6-afbe-880b8175aef3,ea967b68-c8a9-478e-b8f3-a6ab3ae23d99,true,true
da51a68b-3974-40b5-877b-f9bdb5ddf59a,bed8ed5b-f34d-41ee-8a25-87e10dbaeb33,0bd6aee5-32dd-453c-8ed5-76bd9788465a,true,true
2fc9b2c4-ab11-407c-b6f0-472affc02aba,127fc0b9-42c8-4687-ba07-b5d66b0f452d,0bd6aee5-32dd-453c-8ed5-76bd9788465a,true,true
499b926e-1d60-4caa-ab56-dd19b92f1989,23b54797-af0a-4f47-b23e-53a6f004f33a,ea967b68-c8a9-478e-b8f3-a6ab3ae23d99,true,true
08f15e4c-7f25-46fb-a32b-68c90e619dbd,23b54797-af0a-4f47-b23e-53a6f004f33a,0bd6aee5-32dd-453c-8ed5-76bd9788465a,true,true
4716043f-8f1d-4597-a210-7296945176f4,c2d73a52-725c-4e59-9512-e609eb9e2baa,0bd6aee5-32dd-453c-8ed5-76bd9788465a,true,true
76ff492d-2e5a-49c0-8892-12603ee62a63,e8c01356-4d1a-425a-9628-aa64e1bf7f67,0bd6aee5-32dd-453c-8ed5-76bd9788465a,true,true
b0ce3ee5-e9a0-478a-9bd8-434f5596210d,7db903d6-6680-478d-996a-c85f8561616e,0bd6aee5-32dd-453c-8ed5-76bd9788465a,true,true
21739a0a-24b7-4d08-8481-7b7d11b47e3b,42fd6403-7036-46f3-bf49-60f2d9be5680,ea967b68-c8a9-478e-b8f3-a6ab3ae23d99,true,true
e7b7f219-5e57-42ff-a96e-120347582d05,7db903d6-6680-478d-996a-c85f8561616e,ea967b68-c8a9-478e-b8f3-a6ab3ae23d99,true,true
eec8b037-d0f0-4be8-b881-a22eaf308f83,d8a59b53-bb80-472e-9e90-a6ed11349bed,0bd6aee5-32dd-453c-8ed5-76bd9788465a,true,true
bb4fbbdd-b885-41b8-b6f3-d9cd154a555e,7d71baf1-0ba2-4cb1-b530-1f8046b836ce,0bd6aee5-32dd-453c-8ed5-76bd9788465a,true,true
61ba4381-9304-4b0b-bc79-988bd09eaa63,9d6b0f75-dd01-4a48-9190-114146396a67,0bd6aee5-32dd-453c-8ed5-76bd9788465a,true,true
a31d5e17-7d65-4f10-b15d-7539633382fd,0459c455-1180-4ed6-99ea-b2ab0079a3dc,ea967b68-c8a9-478e-b8f3-a6ab3ae23d99,true,true
eaeba017-d36f-4e0a-869d-e17b2d4bac54,0459c455-1180-4ed6-99ea-b2ab0079a3dc,0bd6aee5-32dd-453c-8ed5-76bd9788465a,true,true
e7f2e904-de46-4661-8033-364001c02e05,9ae4f5aa-d05d-4934-9537-d12a40744b3e,0bd6aee5-32dd-453c-8ed5-76bd9788465a,true,true
de4da237-d23b-413f-ba6b-b3f8462a2b4d,b20c0905-7379-4611-8a2d-b3cb6c0c2d32,0bd6aee5-32dd-453c-8ed5-76bd9788465a,false,true
8d0497f2-a65e-4f79-9777-118b7f2e3ad6,b20c0905-7379-4611-8a2d-b3cb6c0c2d32,ea967b68-c8a9-478e-b8f3-a6ab3ae23d99,true,true
fc33dddd-a8a8-4177-8ac1-eb840cc1e7f1,4afeca09-80d1-43e0-b3d8-ce636a1a45e9,0bd6aee5-32dd-453c-8ed5-76bd9788465a,true,true
f62cfcc2-8d7b-4d4a-b163-44b72a39cd0a,e30c29a1-6754-4bf5-9c43-2cc403ddc055,0bd6aee5-32dd-453c-8ed5-76bd9788465a,true,true
f8b3fda8-d46f-433a-94a8-28c697e5c449,d73288dc-1720-40dc-b2ef-de11f9a63485,0bd6aee5-32dd-453c-8ed5-76bd9788465a,true,true
ff8da820-4e49-46bb-b4bf-1ac528d8ca61,fedbdb3c-10d4-4742-908e-12175cf93dff,0bd6aee5-32dd-453c-8ed5-76bd9788465a,false,true
6b5922e0-5355-4ef6-ba8e-06b7872477ae,53d5a8a4-089b-4574-9a89-8eac50c6ac9a,ba54fb99-cd67-484d-b68f-34aea2d83af6,true,true
3dd7d598-310a-483a-acd5-7eed1d6fa5d2,53d5a8a4-089b-4574-9a89-8eac50c6ac9a,0bd6aee5-32dd-453c-8ed5-76bd9788465a,true,true
f1e84c56-a1d2-442a-8318-48a325d889af,739b2158-3b7b-4b64-8abe-c2bd1dbd14a0,0bd6aee5-32dd-453c-8ed5-76bd9788465a,true,true
8dd157be-c2c3-4b47-b1fb-90fe3af90a50,739b2158-3b7b-4b64-8abe-c2bd1dbd14a0,ea967b68-c8a9-478e-b8f3-a6ab3ae23d99,false,true
14df6d91-d0b4-44ea-8292-bb451eb69153,e4dd6ad3-a803-4afc-80c0-e716c10554d4,ea967b68-c8a9-478e-b8f3-a6ab3ae23d99,true,true
7180ed33-4862-451e-9b5c-e751bf5df240,cdd74db7-b272-44e8-a7c2-a5c31da6d5f4,0bd6aee5-32dd-453c-8ed5-76bd9788465a,true,true
df46151b-cc89-4cbc-92b9-a4765571bccd,ffbadea3-689f-410c-9b7a-06b0cf522d46,ea967b68-c8a9-478e-b8f3-a6ab3ae23d99,true,true
6f3fa61e-ba52-42b9-80e7-64487e9feb7d,86c312e0-f8fc-45a8-954f-1d023833f99a,0bd6aee5-32dd-453c-8ed5-76bd9788465a,true,true
bf37fadc-dd60-4951-bd8a-1778e2d38fbb,86c312e0-f8fc-45a8-954f-1d023833f99a,ea967b68-c8a9-478e-b8f3-a6ab3ae23d99,true,true
a4fef50d-a663-4940-a605-220f37080db4,64abe553-f556-4b64-901d-ead899838101,0bd6aee5-32dd-453c-8ed5-76bd9788465a,true,true
3937f551-3aa5-44de-a125-1f315b52e0d8,b053adb3-daee-4f0c-8617-995da8455022,0bd6aee5-32dd-453c-8ed5-76bd9788465a,true,true
e2e361b3-983d-4f37-afe9-c9dc0a266f4f,7e121142-4438-40ac-bd26-68d9fcad208e,0bd6aee5-32dd-453c-8ed5-76bd9788465a,true,true
0cf41f63-37cc-4ee2-a5a1-39e93b42d2b6,00788e5c-2340-4ab4-8472-31cdda89d6be,0bd6aee5-32dd-453c-8ed5-76bd9788465a,true,true
502d1206-e95d-439d-b985-1566ad0dd6be,45d78487-b6f8-4daf-bb6a-dfffc014bf74,0bd6aee5-32dd-453c-8ed5-76bd9788465a,true,true
e6bc5220-3de0-4b7b-9bd4-6b6a3954b2b5,928ebbc0-3ff3-47ac-ab2c-ccdc5c5926db,0bd6aee5-32dd-453c-8ed5-76bd9788465a,true,true
35737b75-971f-470b-b050-57a7c6c8bc71,4ebb73e6-35bc-45e2-9d15-05ed349df295,0bd6aee5-32dd-453c-8ed5-76bd9788465a,true,true
583be55e-05de-46eb-a0f5-6a133b36795e,0c5286c0-b947-4211-b482-7b4ebee44156,ea967b68-c8a9-478e-b8f3-a6ab3ae23d99,true,true
9a885f2d-73a3-42ee-a6c3-9840c75b494b,0c5286c0-b947-4211-b482-7b4ebee44156,0bd6aee5-32dd-453c-8ed5-76bd9788465a,true,true
42aec2dd-5e9b-4d93-a24c-031a93305472,ca603d9a-aca7-4f05-a344-9c4093fe600f,0bd6aee5-32dd-453c-8ed5-76bd9788465a,true,true
97aedbdf-5b12-415a-b3f4-9419073c42a5,fa01cbe8-b82d-4939-9951-7836c03ed85c,0bd6aee5-32dd-453c-8ed5-76bd9788465a,false,true
02c2e02c-8bfb-4db7-b50a-8827d66fad11,f1b99308-f6fe-49c1-82da-207701ed985b,0bd6aee5-32dd-453c-8ed5-76bd9788465a,true,true
f7715ff9-a7cb-40b7-8f60-05cd356ba92b,f1b99308-f6fe-49c1-82da-207701ed985b,ea967b68-c8a9-478e-b8f3-a6ab3ae23d99,true,true
5c7bfe15-442c-409e-ab92-f85757cf2718,562ad461-47dd-4705-8b4a-ed05cf099508,0bd6aee5-32dd-453c-8ed5-76bd9788465a,true,true
405c99d8-58de-4306-8797-fb55f049f116,562ad461-47dd-4705-8b4a-ed05cf099508,ea967b68-c8a9-478e-b8f3-a6ab3ae23d99,true,true
b25ca7e3-669f-472f-bd40-f0a6c5a13616,6c65186f-f0b2-40eb-88cb-fca33e4ba092,0bd6aee5-32dd-453c-8ed5-76bd9788465a,true,true
e0ba42c2-019a-4f56-8c08-178cc189becb,d3e44b7a-3eb4-41ec-8e13-1c66b10e4394,ea967b68-c8a9-478e-b8f3-a6ab3ae23d99,true,true
c462525a-8900-4e23-aaa6-f88d33a8754d,9f246472-da84-4f01-89c4-924d423ec131,ea967b68-c8a9-478e-b8f3-a6ab3ae23d99,true,true
90ad82db-1fd5-452f-b2f5-5cf302f89c1b,9f246472-da84-4f01-89c4-924d423ec131,0bd6aee5-32dd-453c-8ed5-76bd9788465a,true,true
b0f5fbf9-8424-4a85-874f-5ba1a407cf1c,d3e44b7a-3eb4-41ec-8e13-1c66b10e4394,0bd6aee5-32dd-453c-8ed5-76bd9788465a,true,true
845a61a7-c9f3-40f0-b287-3d4695af4f05,dc8614e6-9fe8-48ac-b39f-3204c8795a46,ea967b68-c8a9-478e-b8f3-a6ab3ae23d99,true,true
dc022655-b613-4880-96ab-cf8ad2496c24,dc8614e6-9fe8-48ac-b39f-3204c8795a46,0bd6aee5-32dd-453c-8ed5-76bd9788465a,true,true
578a53fe-7eb4-4755-b783-c271cc70a6fb,6906e3e7-3bd2-4fe6-b14f-915ecd2de71c,0bd6aee5-32dd-453c-8ed5-76bd9788465a,true,true
619023f1-41d0-494e-aa46-efabead77788,224212db-2a17-4b29-a2e4-f70eba5de432,0bd6aee5-32dd-453c-8ed5-76bd9788465a,true,true
0624215b-35aa-46aa-bd04-aaabcc7e62e5,224212db-2a17-4b29-a2e4-f70eba5de432,ea967b68-c8a9-478e-b8f3-a6ab3ae23d99,true,true
9a62dd2f-6df6-4d38-bed6-34957f5a6574,22642685-61fc-4f52-87d9-1c131ff74589,0bd6aee5-32dd-453c-8ed5-76bd9788465a,true,true
d89048bd-ce59-4dc6-8a66-ab41c1e8ef98,b9a4c569-6a89-49c4-8391-2b4e6df075b0,0bd6aee5-32dd-453c-8ed5-76bd9788465a,true,true
b621c666-4b92-4ced-999e-8d22a1518987,56ae0e57-7383-4072-96d1-feda908b3955,0bd6aee5-32dd-453c-8ed5-76bd9788465a,true,true
c9d958ca-92c2-4f17-bf27-0978bb765cc9,25e6245a-747a-42b6-83b1-c21d97c1d1f9,0bd6aee5-32dd-453c-8ed5-76bd9788465a,true,true
af76b7bb-16b5-40b2-a678-805e0cc8f153,a37d5675-9842-4013-8458-a7acb58ad08d,0bd6aee5-32dd-453c-8ed5-76bd9788465a,true,true
023183e9-b74e-4243-b1e1-935af275e79d,ae178ff2-8102-4e8c-8592-abdef2dd8248,0bd6aee5-32dd-453c-8ed5-76bd9788465a,true,true
57f0e6a1-f9bb-4529-815b-d00b7f994438,a37d5675-9842-4013-8458-a7acb58ad08d,ea967b68-c8a9-478e-b8f3-a6ab3ae23d99,true,true
97215225-1424-4786-8a04-3e8d74b8c02d,b3e47b5a-800c-4de6-8401-1b1ccd7ea791,0bd6aee5-32dd-453c-8ed5-76bd9788465a,true,true
c4cf21b0-8cb3-45f3-8c2d-f027416d1efd,3adce0d9-7c86-4fca-a5da-0b0a3bf006d3,0bd6aee5-32dd-453c-8ed5-76bd9788465a,true,true
09952f7a-9c83-4f95-8c94-d05572fc2c80,ff4b7990-3fbd-4bae-9c17-8e1d0065533f,0bd6aee5-32dd-453c-8ed5-76bd9788465a,true,true
42a88353-1923-4da7-bd35-8c7a8767fe40,d9b13919-70c6-4f54-bb19-3c1c7bc4d403,0bd6aee5-32dd-453c-8ed5-76bd9788465a,true,true
a8f0801a-2c51-45ce-a84a-db9559bddb6e,63033fb7-8c1f-49c4-970c-2c40a14f282b,0bd6aee5-32dd-453c-8ed5-76bd9788465a,true,true
10a7c1a1-92ca-4c36-8f5b-77f3bdb2b889,38cc84d6-9673-4be6-8258-3de9b20e9a3c,0bd6aee5-32dd-453c-8ed5-76bd9788465a,true,true
65ab9ff4-e46b-4933-a612-4cd4b137edd0,38cc84d6-9673-4be6-8258-3de9b20e9a3c,ea967b68-c8a9-478e-b8f3-a6ab3ae23d99,true,true
1699f336-575a-4532-892c-031e4c64d37d,43e2a9ea-8b36-4d16-8579-204f2e457734,0bd6aee5-32dd-453c-8ed5-76bd9788465a,true,true
6b02783a-ff45-4138-8321-91922ca6eaa9,f6fb216d-b970-46de-b52f-d26295afa31f,67dbf9f7-4898-4b84-86cf-303137a363be,false,true
9ea0cfb9-1678-48ac-b1d8-f1ba2ee4df84,f6fb216d-b970-46de-b52f-d26295afa31f,ea967b68-c8a9-478e-b8f3-a6ab3ae23d99,false,true
7764f1b4-8cd3-483d-9018-247bcc17a9af,f6fb216d-b970-46de-b52f-d26295afa31f,0bd6aee5-32dd-453c-8ed5-76bd9788465a,true,true
62df875c-cbb7-40a2-ba58-4d390a33730c,ad15b2ce-845e-4497-adfa-715c306514fa,0bd6aee5-32dd-453c-8ed5-76bd9788465a,true,true
ead99431-90c3-4b17-b733-196efd6df57f,abe024d3-c804-432d-b3b5-81352b6d3863,0bd6aee5-32dd-453c-8ed5-76bd9788465a,false,true
da5c7feb-deab-46a1-925b-813074472128,c485cd7d-9df1-4e58-90c4-3888568ee5be,0bd6aee5-32dd-453c-8ed5-76bd9788465a,true,true
09894d60-bc6e-4672-a469-7d34dd942bc9,c485cd7d-9df1-4e58-90c4-3888568ee5be,ea967b68-c8a9-478e-b8f3-a6ab3ae23d99,true,true
5284298e-9cc7-447a-bb1c-335ee2f1adb4,6683aa37-1878-403e-83ac-e793cc55420d,0bd6aee5-32dd-453c-8ed5-76bd9788465a,true,true
c30f9a31-14c1-4ef2-8200-653c172a990d,ca2cc3dc-a8cc-43ef-b64d-ba413755260a,0bd6aee5-32dd-453c-8ed5-76bd9788465a,true,true
86eb299a-4122-4ecd-9d4a-900b56e33ed8,ca2cc3dc-a8cc-43ef-b64d-ba413755260a,ea967b68-c8a9-478e-b8f3-a6ab3ae23d99,true,true
92e1e7ab-218e-4900-bc0b-4f607f2490b6,7aa34569-6070-4591-82e6-f980602079d2,0bd6aee5-32dd-453c-8ed5-76bd9788465a,true,true
7aaec433-b841-4617-82cb-8b972bd52e1f,033bdf57-4ac2-47da-ae18-b4db7ca47e5f,67dbf9f7-4898-4b84-86cf-303137a363be,false,true
82e0b94f-1e33-483c-825c-4bf09fdebf8b,033bdf57-4ac2-47da-ae18-b4db7ca47e5f,0bd6aee5-32dd-453c-8ed5-76bd9788465a,true,true
ea8b98ab-bead-4e06-8bc9-9cb38d1d86b7,033bdf57-4ac2-47da-ae18-b4db7ca47e5f,ea967b68-c8a9-478e-b8f3-a6ab3ae23d99,false,true
a5616e01-9166-4abe-9154-1ece0c7b591d,2c532423-ef5a-4cf9-bc3b-a00c93ed015f,0bd6aee5-32dd-453c-8ed5-76bd9788465a,true,true
f0605564-276e-4521-a6c5-19154327d7ad,801f730e-2135-4dec-a3e8-35d7e382b5ce,0bd6aee5-32dd-453c-8ed5-76bd9788465a,true,true
e4a79ae1-fbb5-4033-b7d9-654aa45ba036,dbd91591-6811-4ae7-b7a3-3f5111e3f20f,ea967b68-c8a9-478e-b8f3-a6ab3ae23d99,false,true
e7397046-edf3-4885-9729-6eeb3ef2c01f,de206cfd-0057-4cb7-8db4-b4901f302f5f,0bd6aee5-32dd-453c-8ed5-76bd9788465a,true,true
84e4243d-7719-4c2a-a618-dfd3871d5266,38d1d039-e45a-4c2b-91c1-ea0cf8a810d9,67dbf9f7-4898-4b84-86cf-303137a363be,false,true
bbf6f201-92b8-4225-b4ed-2d4249427909,38d1d039-e45a-4c2b-91c1-ea0cf8a810d9,0bd6aee5-32dd-453c-8ed5-76bd9788465a,true,true
dfeada2b-590a-444c-ba90-9f3ef00b8769,8707eda2-af78-4970-b7d9-6556aa1dc9c9,0bd6aee5-32dd-453c-8ed5-76bd9788465a,true,true
ad3446e1-46a3-4e8d-a4bf-99d1902d710e,8707eda2-af78-4970-b7d9-6556aa1dc9c9,ea967b68-c8a9-478e-b8f3-a6ab3ae23d99,true,true
99dc07c8-6682-4201-8f7d-7751612b2618,a81defb8-de75-47ea-b3b4-ba284c64d9a1,ea967b68-c8a9-478e-b8f3-a6ab3ae23d99,true,true
738ed074-15a2-420f-8489-e7ad8b235af7,a81defb8-de75-47ea-b3b4-ba284c64d9a1,0bd6aee5-32dd-453c-8ed5-76bd9788465a,true,true
71c6477b-06ed-4b5d-a00c-de734e918374,f2bc0e76-6e83-4b27-a79e-6e4d35612d77,0bd6aee5-32dd-453c-8ed5-76bd9788465a,true,true
c6832c5c-17b3-41d0-8b21-2bb56c02a4e2,44a045d1-fe55-4734-ad5e-8f66d86f1a95,0bd6aee5-32dd-453c-8ed5-76bd9788465a,true,true
51db5cb4-52c6-419c-8b3e-efdb8d037d9b,44a045d1-fe55-4734-ad5e-8f66d86f1a95,ea967b68-c8a9-478e-b8f3-a6ab3ae23d99,true,true
595167fd-7574-4e63-bf64-b31dd4c9fe71,6852895f-dfe8-461a-8baf-0b27693633fe,0bd6aee5-32dd-453c-8ed5-76bd9788465a,true,true
05a0c699-2521-45ff-9af2-64d9f405e3b3,cd49272b-7312-4923-bf87-7b3a549fc5b8,0bd6aee5-32dd-453c-8ed5-76bd9788465a,false,true
3706acc3-fa8a-430d-9faf-edcb25e6e817,cd49272b-7312-4923-bf87-7b3a549fc5b8,ea967b68-c8a9-478e-b8f3-a6ab3ae23d99,true,true
026684dd-d2d3-47ac-867f-90007f2c514f,59334378-5e03-4079-88ab-65487c4eb8a8,0bd6aee5-32dd-453c-8ed5-76bd9788465a,true,true
230c4791-0d2f-4f31-b4bd-5dd7c1386036,59334378-5e03-4079-88ab-65487c4eb8a8,ea967b68-c8a9-478e-b8f3-a6ab3ae23d99,false,true
6670595e-130a-4030-bbc0-4ca7a90ac19f,83aa529e-9a33-4f6a-9b78-0c8319560b35,0bd6aee5-32dd-453c-8ed5-76bd9788465a,true,true
0375d25b-b9c5-43b5-94ad-d9aee963d5de,83aa529e-9a33-4f6a-9b78-0c8319560b35,ea967b68-c8a9-478e-b8f3-a6ab3ae23d99,true,true
e90b11e5-a06e-494c-a0da-be1eece86808,e7eed690-dc19-46a6-b2e0-1898af1fbffd,0bd6aee5-32dd-453c-8ed5-76bd9788465a,true,true
eb13033c-5a50-42e7-9ff2-f416df54feae,e5b096cd-eef6-4ac4-aacb-085213dbbfff,0bd6aee5-32dd-453c-8ed5-76bd9788465a,true,true
9320e80c-e869-4c68-9a40-17f9a53575d0,37cbda81-68f2-48ed-a26f-bd3fa975f2b6,0bd6aee5-32dd-453c-8ed5-76bd9788465a,true,true
6d4963a5-6d8f-408d-a7a3-5c0d636c674d,427ad877-84cf-4d11-a37c-3d8c23174c07,0bd6aee5-32dd-453c-8ed5-76bd9788465a,true,true
e15236a5-d191-4933-96bf-7f86fa27e16a,427ad877-84cf-4d11-a37c-3d8c23174c07,ea967b68-c8a9-478e-b8f3-a6ab3ae23d99,true,true
39bf537d-7310-4f70-8b85-a8cc3da419b2,6ee1298d-e0fc-4901-94e9-47ff15238a56,0bd6aee5-32dd-453c-8ed5-76bd9788465a,true,true
1a342920-14b3-4f10-a6d9-9b6b7d9b5ad1,807752e7-0884-47a1-9142-3888a5416f44,ea967b68-c8a9-478e-b8f3-a6ab3ae23d99,true,true
414c1b7e-c632-4340-80b6-4bcd11aa9345,807752e7-0884-47a1-9142-3888a5416f44,0bd6aee5-32dd-453c-8ed5-76bd9788465a,true,true
e6f13fa2-8dab-4403-b376-bc2b21b5b6aa,c3342aa2-24f0-4cf3-bd9b-93c7d4169eb8,ea967b68-c8a9-478e-b8f3-a6ab3ae23d99,true,true
170361cc-bba4-4792-811b-4f5af5a8bf84,c3342aa2-24f0-4cf3-bd9b-93c7d4169eb8,0bd6aee5-32dd-453c-8ed5-76bd9788465a,true,true
d9d89e41-5b1b-45c9-a3b7-e9562696e76e,44295c1b-80cd-4005-ace6-263602529b1b,0bd6aee5-32dd-453c-8ed5-76bd9788465a,true,true
18691e4a-ea10-4c10-87b7-4aaa1456715c,f60bd3c2-7597-4eaf-a89a-e0eae933b23c,0bd6aee5-32dd-453c-8ed5-76bd9788465a,true,true
5b43f8b5-8b72-46fd-93fb-c6a9d386d82f,79756746-dee2-4deb-8a58-cbb06546ce9f,0bd6aee5-32dd-453c-8ed5-76bd9788465a,false,true
42f668a5-2382-4cbf-8884-d45cba1c3732,f0011528-e8e9-40a7-87aa-054fb1bab635,ea967b68-c8a9-478e-b8f3-a6ab3ae23d99,true,true
234594ce-3086-4bff-8781-2fdf795e5f11,41faaa7d-3c31-493a-b135-f8fe837a86f8,0bd6aee5-32dd-453c-8ed5-76bd9788465a,true,true
5fa74f34-2a33-4b49-93ed-478fef63dae9,b9024fcc-b116-49ce-b95b-6a37c4f7b2fe,0bd6aee5-32dd-453c-8ed5-76bd9788465a,true,true
cd865911-26de-41bc-a351-89bc0f32cfd7,b9024fcc-b116-49ce-b95b-6a37c4f7b2fe,ea967b68-c8a9-478e-b8f3-a6ab3ae23d99,true,true
f296a6c0-cefa-4be5-bb1f-88fb673cb15f,cfd585e4-76bf-4587-8d7d-d5ed08e6ac08,0bd6aee5-32dd-453c-8ed5-76bd9788465a,true,true
b6500b17-b6eb-4e88-ac5d-9d5746c16a36,cfd585e4-76bf-4587-8d7d-d5ed08e6ac08,ea967b68-c8a9-478e-b8f3-a6ab3ae23d99,true,true
7dd2e586-edb6-4816-a47e-37107e08d3bc,838e617b-558f-4497-8d5f-77e6ceb74777,0bd6aee5-32dd-453c-8ed5-76bd9788465a,true,true
4a861dd6-7422-4388-aed6-303e5b0c6652,838e617b-558f-4497-8d5f-77e6ceb74777,ea967b68-c8a9-478e-b8f3-a6ab3ae23d99,true,true
e9093764-f345-4808-a12b-97a710a4f549,6885609a-3923-4834-b16d-a5a7e7a0878c,0bd6aee5-32dd-453c-8ed5-76bd9788465a,true,true
812c4baa-7ad7-43bd-87b4-c45b82d46780,f3cbb767-eac4-453c-bf92-57ba0f0144a5,0bd6aee5-32dd-453c-8ed5-76bd9788465a,true,true
3499d505-e365-4800-ac8e-1324ce8f0665,1f17e080-d10e-44ab-b420-a4dd81beeb2f,ea967b68-c8a9-478e-b8f3-a6ab3ae23d99,true,true
61c0aefa-be0d-476c-b806-b79854703a13,1f17e080-d10e-44ab-b420-a4dd81beeb2f,0bd6aee5-32dd-453c-8ed5-76bd9788465a,false,true
fc088a08-209d-4067-914f-5234304479be,362442b3-fe3b-4f1c-9d2f-85f4dcbcb357,0bd6aee5-32dd-453c-8ed5-76bd9788465a,true,true
0268d0e6-5f9e-446b-a40d-688f327b5f58,e6d9fb79-a4fc-424a-90e1-2cae48fbff4b,ea967b68-c8a9-478e-b8f3-a6ab3ae23d99,true,true
3a63cf81-810d-42d0-bf8e-c5137edd991e,e6d9fb79-a4fc-424a-90e1-2cae48fbff4b,0bd6aee5-32dd-453c-8ed5-76bd9788465a,true,true
a159ce92-b991-459b-97ac-13bc41de06a7,996243b6-2936-4dc0-bb2c-d8928b73a800,0bd6aee5-32dd-453c-8ed5-76bd9788465a,true,true
2e31682d-0c99-4b86-9a01-1401bd2eb279,996243b6-2936-4dc0-bb2c-d8928b73a800,ea967b68-c8a9-478e-b8f3-a6ab3ae23d99,true,true
07d6020a-9750-419b-a1d1-b9bbca18ef0d,f3f735bf-13f5-4642-af4e-91b7fdecff74,ea967b68-c8a9-478e-b8f3-a6ab3ae23d99,true,true
1ee83662-3e5e-435c-a25d-84a21650edea,41736bd0-3f82-4249-a96a-ed40b95a4769,0bd6aee5-32dd-453c-8ed5-76bd9788465a,true,true
701affae-7c4d-444a-a11f-0bd4d59a9f4f,32fc061d-1d8f-4d9f-a24d-83269d6ada08,0bd6aee5-32dd-453c-8ed5-76bd9788465a,false,true
2f1cfb95-8680-4c5c-a347-fdaae6f8ab3d,32fc061d-1d8f-4d9f-a24d-83269d6ada08,ea967b68-c8a9-478e-b8f3-a6ab3ae23d99,true,true
8faf9c3a-6170-4c46-a39e-9f8eb8210069,387d3733-f950-4d6f-9645-c45869bdf6de,0bd6aee5-32dd-453c-8ed5-76bd9788465a,true,true
f4ee4f54-55b7-4ad2-8b6c-f9b281bf9207,387d3733-f950-4d6f-9645-c45869bdf6de,ea967b68-c8a9-478e-b8f3-a6ab3ae23d99,true,true
7a744c04-242d-4d79-8c51-0c05d4fe9414,f32bd90c-1b89-4e79-8bee-3f4cead0406f,0bd6aee5-32dd-453c-8ed5-76bd9788465a,true,true
fe4dfc9d-518e-48e9-bf95-1a5873e6bcf9,f32bd90c-1b89-4e79-8bee-3f4cead0406f,ea967b68-c8a9-478e-b8f3-a6ab3ae23d99,true,true
a4802415-b698-4a87-996b-4b3eb70f82b6,7cf45eff-750d-49da-b958-f918940934b2,0bd6aee5-32dd-453c-8ed5-76bd9788465a,true,true
663a18ea-f3c6-47f4-8f40-302cdfaa5c57,44e3df63-fccc-4b2f-8f1c-9dc2e842b209,67dbf9f7-4898-4b84-86cf-303137a363be,true,true
15ce62bd-8d35-4cfc-964f-44fc1ce5b2dc,44e3df63-fccc-4b2f-8f1c-9dc2e842b209,0bd6aee5-32dd-453c-8ed5-76bd9788465a,true,true
ccee81ae-525f-4eaa-80d4-3799ef6810a5,0daf6ec8-67ac-4305-80b5-e16359e5098a,ea967b68-c8a9-478e-b8f3-a6ab3ae23d99,true,true
95076586-b899-4444-acf1-98750ec261cd,cf242fc3-82c0-4590-98d9-56a35bfd14e1,0bd6aee5-32dd-453c-8ed5-76bd9788465a,true,true
7188b6b0-cfe0-4115-a3d9-f063725661fb,8ee633ef-9038-4b80-8030-ad9abed0b6d0,0bd6aee5-32dd-453c-8ed5-76bd9788465a,true,true
829fc869-c094-4b01-aa2e-3197fb1a6cee,0daf6ec8-67ac-4305-80b5-e16359e5098a,0bd6aee5-32dd-453c-8ed5-76bd9788465a,true,true
92fef3f3-a883-4504-931f-7269578ba3fc,caaf2d77-a1c7-4f71-8607-46e810c53e34,0bd6aee5-32dd-453c-8ed5-76bd9788465a,true,true
0e93d267-c948-4585-be80-51a2021cdb51,b66ed247-fdd4-4dbe-a4ac-87b0599fe53a,0bd6aee5-32dd-453c-8ed5-76bd9788465a,true,true
bf292bc0-914e-4d33-9dd2-3340d0378980,ebe892ec-d411-457f-84dc-2a3bd04a56b2,0bd6aee5-32dd-453c-8ed5-76bd9788465a,true,true
2973b20f-94aa-4cf8-a766-243ee4b3b8b0,c674d734-1b48-423d-8c6d-eaa8df49a72e,ea967b68-c8a9-478e-b8f3-a6ab3ae23d99,false,true
a3e6955f-4b77-451d-b855-260b2132a7ea,c674d734-1b48-423d-8c6d-eaa8df49a72e,67dbf9f7-4898-4b84-86cf-303137a363be,false,true
4ab197a6-cab1-4674-a8f4-597f038edb9b,4961ac00-bc14-4d96-9b7a-638f4be2ea24,ba54fb99-cd67-484d-b68f-34aea2d83af6,true,true
9441bcf1-e38e-403a-b2ca-945465e282e8,13e9670c-cd2c-4e24-b98f-9af9bf0fab95,ea967b68-c8a9-478e-b8f3-a6ab3ae23d99,true,true
8afba40d-bcfc-49e3-8668-27e55cd49984,13e9670c-cd2c-4e24-b98f-9af9bf0fab95,0bd6aee5-32dd-453c-8ed5-76bd9788465a,true,true
bf69b7a4-0468-45a5-8e27-545d87ff355c,4961ac00-bc14-4d96-9b7a-638f4be2ea24,0bd6aee5-32dd-453c-8ed5-76bd9788465a,true,true
2527bf18-1edc-47b0-8cc7-3186a36a6dcc,4f604a7c-6567-4588-9572-da3617e9fd2b,ea967b68-c8a9-478e-b8f3-a6ab3ae23d99,true,true
74d8865f-8655-4943-985d-c311c86ae3ff,89ca8bb5-71b6-4d2d-9242-aeb13b6a54d5,ea967b68-c8a9-478e-b8f3-a6ab3ae23d99,true,true
e8a331d9-ef48-4c5d-9a7c-d09466b974f6,d28e4226-6c17-4c00-a603-77fca04fe348,0bd6aee5-32dd-453c-8ed5-76bd9788465a,true,true
7f85a803-ca62-4d23-8bd5-351d81bfcf7e,89ca8bb5-71b6-4d2d-9242-aeb13b6a54d5,0bd6aee5-32dd-453c-8ed5-76bd9788465a,true,true
9e6b04bd-3672-45a2-8c6f-db7fe9235d83,9f7a0695-c87f-43c1-b23a-b4f42792c80c,0bd6aee5-32dd-453c-8ed5-76bd9788465a,true,true
b52ce94a-bc85-4172-b33f-6f0cc0e390fe,9f7a0695-c87f-43c1-b23a-b4f42792c80c,ea967b68-c8a9-478e-b8f3-a6ab3ae23d99,true,true
2185c702-e7a8-47d9-a736-673a6ecf101c,d7ba5c7d-c840-496c-a8d4-3bb164513b64,0bd6aee5-32dd-453c-8ed5-76bd9788465a,true,true
ea23c2e0-f5d3-4421-89ea-1cbdd145c65d,ea319bc7-0f1a-4b0f-820d-81767d32f107,0bd6aee5-32dd-453c-8ed5-76bd9788465a,true,true
6c1024c6-8a78-4ce9-8602-daf1d62856e4,edd24225-3887-42ec-8455-88b104f9aa78,67dbf9f7-4898-4b84-86cf-303137a363be,true,true
5388e53b-6c1a-4d55-bd60-4422df7add41,e734858b-f209-44b3-9846-adc280a07c2f,0bd6aee5-32dd-453c-8ed5-76bd9788465a,true,true
23642c70-30ea-4d2f-9888-bc1254d74ff7,e734858b-f209-44b3-9846-adc280a07c2f,ea967b68-c8a9-478e-b8f3-a6ab3ae23d99,true,true
62ab5823-d524-44b0-97a9-ed87649b4f72,edd24225-3887-42ec-8455-88b104f9aa78,0bd6aee5-32dd-453c-8ed5-76bd9788465a,true,true
c18daea8-df07-44aa-b1e8-55be3c6a3631,edd24225-3887-42ec-8455-88b104f9aa78,ea967b68-c8a9-478e-b8f3-a6ab3ae23d99,true,true
42a5bf73-d693-4036-bf60-64dd3608e77c,a1baa8ad-7928-4414-85f8-218c712ddabd,0bd6aee5-32dd-453c-8ed5-76bd9788465a,true,true
7b07768a-f7a0-4b0b-a21d-60d2c3f27a9f,6b2ba6d7-0c1b-4448-b4eb-88d3a214fa03,0bd6aee5-32dd-453c-8ed5-76bd9788465a,true,true
c1af7313-23b9-44f1-a590-8998519e7468,6b2ba6d7-0c1b-4448-b4eb-88d3a214fa03,ea967b68-c8a9-478e-b8f3-a6ab3ae23d99,false,true
ac71a0fb-4f8a-40f0-8700-b983018e2092,4ba33939-18d0-4d8a-9224-73dd36dcbc1b,ea967b68-c8a9-478e-b8f3-a6ab3ae23d99,true,true
f44c5943-08e7-4f6f-bca7-0e40b40cf51f,4ba33939-18d0-4d8a-9224-73dd36dcbc1b,0bd6aee5-32dd-453c-8ed5-76bd9788465a,true,true
b8ef279b-f750-4668-8c7f-be4d2148ee32,34fe1052-2347-41a8-8c90-4b9aac630f1d,0bd6aee5-32dd-453c-8ed5-76bd9788465a,true,true
b724b00a-c758-4447-a64f-cee53d4be04c,88d2c8f1-1021-4afa-b413-ef49137abffc,0bd6aee5-32dd-453c-8ed5-76bd9788465a,true,true
d29fcace-f854-4ca9-9b5e-8ebf0c9a0650,85c4bec5-fecf-4d72-a0d3-aac2406e9ffe,0bd6aee5-32dd-453c-8ed5-76bd9788465a,true,true
cd31f8eb-4f5e-4ef8-93f9-fb949c0f2b52,40297051-9376-4852-942c-38b215f0d175,0bd6aee5-32dd-453c-8ed5-76bd9788465a,true,true
460a3799-c455-4d28-8a9c-28886bd9d992,07191559-2969-4ade-ae67-7f22b51fd07e,0bd6aee5-32dd-453c-8ed5-76bd9788465a,true,true
33f77e7f-8ce7-4a10-9292-ef74cd5ee7d8,07191559-2969-4ade-ae67-7f22b51fd07e,ea967b68-c8a9-478e-b8f3-a6ab3ae23d99,true,true
f436c89f-8228-4046-8c32-2c8516e9bd22,579d845c-da36-40b8-8667-5aa09e5d11ba,0bd6aee5-32dd-453c-8ed5-76bd9788465a,true,true
b55166ca-5b4f-49b5-86ef-810b65443c96,239025a1-b3b1-47da-9bb8-7369046d6509,0bd6aee5-32dd-453c-8ed5-76bd9788465a,true,true
a21cf393-c885-40a0-bbe0-7e84ea9451ac,239025a1-b3b1-47da-9bb8-7369046d6509,ea967b68-c8a9-478e-b8f3-a6ab3ae23d99,true,true
ac5ccdaf-6c3d-402c-b479-4ef90bcb9fbc,41e3bb3d-17ad-48a7-be30-df8401e67547,0bd6aee5-32dd-453c-8ed5-76bd9788465a,true,true
6ca6bd67-7623-45c9-aab5-028d9916d499,1c8c9961-bbad-41eb-80c8-9f3dd3e0f374,ea967b68-c8a9-478e-b8f3-a6ab3ae23d99,true,true
ec507e11-bf2e-4d17-9985-c9fc986ee7c8,1c8c9961-bbad-41eb-80c8-9f3dd3e0f374,0bd6aee5-32dd-453c-8ed5-76bd9788465a,true,true
841ce1fd-afdd-459f-a6d2-bd80186239fe,21f8e84a-5017-4fa7-85da-e223f717d01c,0bd6aee5-32dd-453c-8ed5-76bd9788465a,true,true
9eb347d9-dbda-4359-b060-d67deffffb7e,6c0015a6-86e3-4cc1-bc29-8473402bdd1f,0bd6aee5-32dd-453c-8ed5-76bd9788465a,true,true
ef56afba-119a-4e0f-9266-cb2d39482920,6c0015a6-86e3-4cc1-bc29-8473402bdd1f,ea967b68-c8a9-478e-b8f3-a6ab3ae23d99,true,true
58470dbc-b184-4c42-aa78-1828b6bc001f,8788b12e-10cf-4b2a-9375-7546fcf76d1d,0bd6aee5-32dd-453c-8ed5-76bd9788465a,true,true
20bcfe46-201f-4c7b-8969-f088586e85dc,ebf1c3a6-1e24-4931-833e-5cd1324d8814,0bd6aee5-32dd-453c-8ed5-76bd9788465a,true,true
2481a0a2-8332-4a5b-aa6a-95ac0687d442,9ed48b7e-5bb6-4a87-ad3e-12244c20f412,0bd6aee5-32dd-453c-8ed5-76bd9788465a,true,true
52c712ee-8b0e-45fa-8a83-936f292065d3,03813d09-5bac-40db-ad57-8ef92858f81f,0bd6aee5-32dd-453c-8ed5-76bd9788465a,true,true
f54d3209-40a9-4fff-bc10-8437910b1e36,03813d09-5bac-40db-ad57-8ef92858f81f,ea967b68-c8a9-478e-b8f3-a6ab3ae23d99,true,true
d1bd9576-e0ad-49e1-87ae-6adff17e6e96,a67be96f-c91b-463e-92b1-d794a202e530,0bd6aee5-32dd-453c-8ed5-76bd9788465a,true,true
79eb554e-9436-43b0-8f6f-acdc12fb0fc7,6069ded7-30d3-4e63-9f8b-206a2242e3fc,ea967b68-c8a9-478e-b8f3-a6ab3ae23d99,true,true
73bdcefa-bbb5-41cf-a4c7-824ed9c0c02b,36879e62-f579-45b2-b01d-246941a6578d,0bd6aee5-32dd-453c-8ed5-76bd9788465a,true,true
ee5cf0fd-0b77-4705-9f39-1dd4a707b675,20bf6f54-61ca-4414-9c25-57859f46d101,0bd6aee5-32dd-453c-8ed5-76bd9788465a,true,true
69063e8c-4241-4320-a9b8-7fc70c281208,133e78a6-e5f2-41e8-aaaa-982019c18975,0bd6aee5-32dd-453c-8ed5-76bd9788465a,true,true
bdef6f4a-be4b-4ce0-b2fe-f677e18f8660,cf0e5bd8-7213-4357-bc63-569f053b723f,0bd6aee5-32dd-453c-8ed5-76bd9788465a,true,true
0a2379aa-2a42-4d52-ae67-9811981feed5,10ea60b1-2339-4f17-a193-2d79792a06f2,0bd6aee5-32dd-453c-8ed5-76bd9788465a,true,true
fc170e83-fe03-4fdb-a027-dd8f94bb8bb5,1f6fe15e-14ab-497e-ab83-4e2e11b6805d,0bd6aee5-32dd-453c-8ed5-76bd9788465a,true,true
28a869ec-687c-477c-bb55-41256c8612a3,e8d9326b-630f-40dc-af0c-fc60a25e474f,0bd6aee5-32dd-453c-8ed5-76bd9788465a,true,true
c7cd8a19-97f2-4aeb-8275-3cd08b02e0d9,f64e73b6-2fa3-41b0-9998-0047436c373d,0bd6aee5-32dd-453c-8ed5-76bd9788465a,true,true
91600f44-963f-4d13-9abb-d5c01f32642b,f64e73b6-2fa3-41b0-9998-0047436c373d,ea967b68-c8a9-478e-b8f3-a6ab3ae23d99,true,true
f1e0280e-d801-4f92-b257-fe4a308c6002,0b509ff3-2989-4444-a9c0-1d19e0730f99,0bd6aee5-32dd-453c-8ed5-76bd9788465a,true,true
3e4e65e8-d27a-4ce0-8bca-bb69a48c55f6,51f74f6f-ccf8-4267-88c1-49832508aeca,0bd6aee5-32dd-453c-8ed5-76bd9788465a,true,true
79414fab-f156-47d5-9d19-94f23c4ff83e,dddd15f2-7a08-4dc5-bca0-f327fab22ce3,67dbf9f7-4898-4b84-86cf-303137a363be,false,true
878557f3-803d-444c-8973-eed80498f732,dddd15f2-7a08-4dc5-bca0-f327fab22ce3,0bd6aee5-32dd-453c-8ed5-76bd9788465a,true,true
b00cb561-a249-4b9e-a294-c1598e43d97b,dddd15f2-7a08-4dc5-bca0-f327fab22ce3,ea967b68-c8a9-478e-b8f3-a6ab3ae23d99,false,true
ed064423-4fb4-4f60-bdb1-28bec48f28d2,9bb887be-bd6d-4b6f-967e-668e225b2ff5,0bd6aee5-32dd-453c-8ed5-76bd9788465a,true,true
916adcb2-e808-4486-b62b-7204623eeb06,4b8cf601-6ab8-4407-9fd7-00946a0b60d8,67dbf9f7-4898-4b84-86cf-303137a363be,false,true
3c8cf1ed-aea4-4162-a9af-4018eeafbc51,4b8cf601-6ab8-4407-9fd7-00946a0b60d8,0bd6aee5-32dd-453c-8ed5-76bd9788465a,true,true
d5e51426-f457-4005-b856-f46a3f620f3e,4b8cf601-6ab8-4407-9fd7-00946a0b60d8,ea967b68-c8a9-478e-b8f3-a6ab3ae23d99,false,true
3062e3d8-1f6d-4f63-bf68-4379e8924283,b739a5a7-343e-4056-9e43-eb139d7c0f56,0bd6aee5-32dd-453c-8ed5-76bd9788465a,true,true
c9ef283e-d410-4576-8b3d-f53b9dd61a01,b1cf3d72-6f0a-4444-a7f5-2b07fae33a0c,0bd6aee5-32dd-453c-8ed5-76bd9788465a,true,true
e192a77c-f50e-4878-be0c-4a4362c4fe6e,44c6b5fb-b311-4c28-b4e8-75dd48e1e2bd,0bd6aee5-32dd-453c-8ed5-76bd9788465a,true,true
865ebd31-3ce7-4715-a082-e50fa9a57028,9bb887be-bd6d-4b6f-967e-668e225b2ff5,ea967b68-c8a9-478e-b8f3-a6ab3ae23d99,true,true
3921836e-a913-431b-9e90-bb8fa1511bb5,c54e3cf2-4728-4ea0-a069-10d405b81a78,0bd6aee5-32dd-453c-8ed5-76bd9788465a,true,true
56310c17-af45-43bf-a6ad-5d0f5c448f6b,c54e3cf2-4728-4ea0-a069-10d405b81a78,ea967b68-c8a9-478e-b8f3-a6ab3ae23d99,true,true
a920342f-174d-4b8d-8801-e7e7ce783f2e,ebadddee-3fb7-4351-91e8-19ae3e428d10,0bd6aee5-32dd-453c-8ed5-76bd9788465a,true,true
3ffc035b-f8b9-43f4-9c6b-6c43c63e0bee,042c5a07-a3b6-4f84-bd5e-045a418280de,ea967b68-c8a9-478e-b8f3-a6ab3ae23d99,true,true
6736445b-3ae0-44cb-b56a-7a3e99e9ac28,af787eac-373c-4efb-82eb-27574716f1e4,ea967b68-c8a9-478e-b8f3-a6ab3ae23d99,true,true
2c500943-65b2-4c10-aa92-b2d04b173212,af787eac-373c-4efb-82eb-27574716f1e4,0bd6aee5-32dd-453c-8ed5-76bd9788465a,true,true
c3d8b03a-8f50-4dc0-94f5-6d9776c2c9f8,7ad4e4d3-1907-48ee-a54e-f5d9954d22df,0bd6aee5-32dd-453c-8ed5-76bd9788465a,true,true
694cf906-fbd1-4ecd-8e93-b8b540a995f0,b97829ef-8541-4088-95ce-6e3e67025b52,0bd6aee5-32dd-453c-8ed5-76bd9788465a,true,true
771d1af7-9194-4874-8dc1-13cba733687f,3f6a614d-ef9c-4b29-bbee-b592aac83b01,0bd6aee5-32dd-453c-8ed5-76bd9788465a,true,true
688690fc-cfda-4287-8712-e4a0fbff0498,4f7a9b2c-f395-4e6a-a89d-01c4a8037921,0bd6aee5-32dd-453c-8ed5-76bd9788465a,true,true
ca0b9fac-db92-4894-a287-d7d2b7bcc43e,7a7fe9a8-4821-4aae-aee6-b2a86bc1c67b,0bd6aee5-32dd-453c-8ed5-76bd9788465a,true,true
9695a93c-ce5c-4a6d-9832-042e447c6c28,7a7fe9a8-4821-4aae-aee6-b2a86bc1c67b,ea967b68-c8a9-478e-b8f3-a6ab3ae23d99,true,true
8d89ae1b-3f13-4747-b9f9-3669c845e570,8309bdc2-81eb-452b-ad0d-e13b58b92d78,0bd6aee5-32dd-453c-8ed5-76bd9788465a,true,true
57c9ab52-b0f6-459c-a72e-1acce477728b,8309bdc2-81eb-452b-ad0d-e13b58b92d78,ea967b68-c8a9-478e-b8f3-a6ab3ae23d99,true,true
4617a395-5d47-45b0-91f9-da94d1a35785,3164f1ec-ddd6-4b47-b68f-70888d6f96a3,0bd6aee5-32dd-453c-8ed5-76bd9788465a,true,true
340cb743-3859-4f12-a766-a43c7ffe960a,35d59caf-3159-48c6-ae8d-e06f47e80be1,0bd6aee5-32dd-453c-8ed5-76bd9788465a,true,true
a7b88ae6-37cf-4a85-a62f-a9bf223668db,35d59caf-3159-48c6-ae8d-e06f47e80be1,ea967b68-c8a9-478e-b8f3-a6ab3ae23d99,true,true
9eae7edd-0b0f-4e6a-8951-edc366bfa4b0,ab63f2ad-f410-4987-89cc-cb6fe85729fd,0bd6aee5-32dd-453c-8ed5-76bd9788465a,true,true
a5853fba-9731-4695-a954-296f77d51215,ab63f2ad-f410-4987-89cc-cb6fe85729fd,ea967b68-c8a9-478e-b8f3-a6ab3ae23d99,true,true
53ae1581-0cf9-4ef9-bcf3-c3d2b7ad8c00,ee7911bb-b41e-4e1a-b187-e6817bad0b30,0bd6aee5-32dd-453c-8ed5-76bd9788465a,true,true
1dffff89-a4e4-4939-bdb1-42007a7a3589,e9afca25-8e62-4385-8365-84f4f48e23f1,0bd6aee5-32dd-453c-8ed5-76bd9788465a,true,true
25c47299-d5f9-4b4f-a299-3a579e0f077f,a21886bd-e921-4f0d-850c-2c5f5e29a1d7,ea967b68-c8a9-478e-b8f3-a6ab3ae23d99,true,true
b2accf51-4659-4932-bc25-33300a4c35db,a21886bd-e921-4f0d-850c-2c5f5e29a1d7,0bd6aee5-32dd-453c-8ed5-76bd9788465a,true,true
351a6fd3-8a5a-4096-a483-faae31959a54,fc732b3b-8048-467c-82b2-bb56bc10ca26,0bd6aee5-32dd-453c-8ed5-76bd9788465a,true,true
3db43668-48a6-4ac5-9425-4e0fad9bd3ba,fc732b3b-8048-467c-82b2-bb56bc10ca26,ea967b68-c8a9-478e-b8f3-a6ab3ae23d99,true,true
ffffcc05-a4c1-4a6b-95ed-507a5ebc73ec,23f8c5e7-4abf-4f46-92ce-b3903b6d1920,0bd6aee5-32dd-453c-8ed5-76bd9788465a,false,true
d7eea0c8-c40d-4ddd-bfcd-dd7bb3cc409a,23f8c5e7-4abf-4f46-92ce-b3903b6d1920,ea967b68-c8a9-478e-b8f3-a6ab3ae23d99,true,true
e0d27ef5-5582-412e-a61c-e2b3ec4ed72f,e435204f-871f-487f-b97f-ba8a26a4bce5,ea967b68-c8a9-478e-b8f3-a6ab3ae23d99,true,true
33eda93d-e9c5-4a8b-95a8-63dace1d8e46,e435204f-871f-487f-b97f-ba8a26a4bce5,0bd6aee5-32dd-453c-8ed5-76bd9788465a,false,true
864ec387-5c84-4ff5-b2c1-8a2c39405e5b,78401ee7-6a0f-4313-8692-17b249bc332e,ea967b68-c8a9-478e-b8f3-a6ab3ae23d99,true,true
a32613d8-e23f-47e9-8b4b-96126acdcbb1,78401ee7-6a0f-4313-8692-17b249bc332e,0bd6aee5-32dd-453c-8ed5-76bd9788465a,true,true
e7a7ebbe-a63a-47c4-b51c-644702ba8eaa,af0ab21a-c321-49f4-83ea-721efd41eace,ea967b68-c8a9-478e-b8f3-a6ab3ae23d99,true,true
8a9ee0c6-2a66-4562-a296-bde3c9c8c3e3,88f8fee4-362f-4c62-8608-e202e6fc58e5,0bd6aee5-32dd-453c-8ed5-76bd9788465a,true,true
8e3caddf-b8a9-4774-bde6-6d8f5cdd8a72,0a267f0e-2ecf-452f-a2c1-c460ffca2967,0bd6aee5-32dd-453c-8ed5-76bd9788465a,true,true
2e50fd9e-390a-4bb1-bd4b-967821c00875,6fd55122-27b9-44c8-8cee-76faed36629d,0bd6aee5-32dd-453c-8ed5-76bd9788465a,true,true
83df60ab-ff7d-4572-ae16-8893f8cfa562,ee0714cd-09e9-4a81-a8e3-9a6d283948e4,0bd6aee5-32dd-453c-8ed5-76bd9788465a,true,true
2f56bb2f-d1ea-41d9-88cb-c82da5e66048,ee0714cd-09e9-4a81-a8e3-9a6d283948e4,ea967b68-c8a9-478e-b8f3-a6ab3ae23d99,true,true
4af8383a-91c7-4a93-8e93-c2bb7080d305,331cc872-5630-4f4a-bad7-696f3513ba30,0bd6aee5-32dd-453c-8ed5-76bd9788465a,false,true
591323cc-6b53-4373-b7e5-7ad5f28fe25a,a7db2ee7-6315-4268-81cc-4a3b207a6806,ea967b68-c8a9-478e-b8f3-a6ab3ae23d99,true,true
7a4af95b-5610-4db5-82af-fe28ac099874,1fb733ce-6ad0-49b4-b1d3-2a63b13a31a7,0bd6aee5-32dd-453c-8ed5-76bd9788465a,true,true
6ca1e7bd-df6a-448b-b59e-6b1066ce0e07,1fb733ce-6ad0-49b4-b1d3-2a63b13a31a7,ea967b68-c8a9-478e-b8f3-a6ab3ae23d99,true,true
2c0a9cc3-5f4b-4245-a7cc-53fb58456198,18b3db21-99f9-4761-9365-06b85574ea3b,0bd6aee5-32dd-453c-8ed5-76bd9788465a,true,true
fb679f8f-425e-420e-bcc9-c833c624f3ec,8fdebadd-5159-4ea1-b3f2-bbb8d353ddee,0bd6aee5-32dd-453c-8ed5-76bd9788465a,true,true
e36bf3e5-5997-495a-937f-8cbb20c0390f,6c250eaa-e10c-416e-99b8-66cb95ca12bf,0bd6aee5-32dd-453c-8ed5-76bd9788465a,true,true
c7d895e8-e4e5-49f1-ac02-88e9e128295e,6d9e7b2d-5250-4582-9c98-f7acba2d5d94,0bd6aee5-32dd-453c-8ed5-76bd9788465a,true,true
cebacaf8-eefb-4cd6-8c69-b10b07ade312,55d251a4-3d8e-43e9-afd4-1572b28791fc,ea967b68-c8a9-478e-b8f3-a6ab3ae23d99,true,true
213f1f58-bc2f-4ef0-b644-9b7579ba9b6b,55d251a4-3d8e-43e9-afd4-1572b28791fc,0bd6aee5-32dd-453c-8ed5-76bd9788465a,true,true
ffad02fe-8a6e-447c-a8b7-d6899d67e4f8,6606df18-08b3-45b1-9d73-476bc7b6f797,ea967b68-c8a9-478e-b8f3-a6ab3ae23d99,false,true
16efc8f6-6447-440b-8b97-035a22150384,ef1d8fc6-04c2-4f73-b463-521a2b6ebf5b,0bd6aee5-32dd-453c-8ed5-76bd9788465a,true,true
5fa7f7f9-949b-4248-afb8-055c486c14c7,ef1d8fc6-04c2-4f73-b463-521a2b6ebf5b,ea967b68-c8a9-478e-b8f3-a6ab3ae23d99,true,true
9503811d-39a2-48ab-80c2-955eb2fc9a2f,0969eca2-d398-4f23-a4fc-febf35f2e5c9,67dbf9f7-4898-4b84-86cf-303137a363be,true,true
ee535cee-178a-45ac-80d4-f48043324eeb,0969eca2-d398-4f23-a4fc-febf35f2e5c9,ea967b68-c8a9-478e-b8f3-a6ab3ae23d99,true,true
2e9a23b6-8c08-427e-97eb-fb40a15784b7,0969eca2-d398-4f23-a4fc-febf35f2e5c9,0bd6aee5-32dd-453c-8ed5-76bd9788465a,true,true
c076a5e2-68aa-4809-9f48-081d18b52fd8,0a1c3bf7-3133-45a3-a04f-537befc77705,0bd6aee5-32dd-453c-8ed5-76bd9788465a,true,true
ffa3e8ea-a54b-47b2-97f3-7939394909b6,b950ef45-c0e4-420f-8efc-617c9e62c2fc,ea967b68-c8a9-478e-b8f3-a6ab3ae23d99,true,true
cacdf4ef-41f7-4e4d-8754-88b87a35b6f2,b950ef45-c0e4-420f-8efc-617c9e62c2fc,0bd6aee5-32dd-453c-8ed5-76bd9788465a,true,true
be859b6b-075d-4f55-ab56-b422047aaa23,e9344248-c191-4322-8f33-dac79d60023a,0bd6aee5-32dd-453c-8ed5-76bd9788465a,true,true
fbb4731e-9ff9-4efd-b2ff-aa84ceb42dde,3e1cda0c-0ed2-41e6-a492-f75a4a3ce2e2,ea967b68-c8a9-478e-b8f3-a6ab3ae23d99,true,true
97138a43-f8d8-437c-81b0-f54908f57cdb,79f4adcf-2d6f-4198-9278-b069141c2696,0bd6aee5-32dd-453c-8ed5-76bd9788465a,true,true
a343e92d-3f57-4438-8410-491143bec2d7,49365eaa-fd87-439a-a3a0-4cc15907417b,ea967b68-c8a9-478e-b8f3-a6ab3ae23d99,true,true
58dd1338-5ac7-4447-bc40-12c00bf37f9f,49365eaa-fd87-439a-a3a0-4cc15907417b,0bd6aee5-32dd-453c-8ed5-76bd9788465a,true,true
e91cf60a-6c49-4790-905d-cbd562ae7c29,911f056e-8d86-42c6-adea-2561a05304e4,0bd6aee5-32dd-453c-8ed5-76bd9788465a,true,true
5cfbdf43-e778-4bfd-8609-6c039d9e0cb7,911f056e-8d86-42c6-adea-2561a05304e4,ea967b68-c8a9-478e-b8f3-a6ab3ae23d99,true,true
312628d2-7850-4357-a26e-1384a57dca88,dede66fa-4018-4122-8e9c-0711de40fe2b,0bd6aee5-32dd-453c-8ed5-76bd9788465a,true,true
f9e72950-aea4-442c-babb-8d9905294003,0b11d93d-dd5f-41f9-905a-3ff6475e9301,0bd6aee5-32dd-453c-8ed5-76bd9788465a,true,true
44c940b8-bbbf-4586-b13f-6c1aa39656c0,72a92695-949d-4f00-b8a2-f4a130d898b1,0bd6aee5-32dd-453c-8ed5-76bd9788465a,true,true
d13fef0e-bd17-42b8-83a7-9951fa531288,be7e803c-f5c0-4e4f-9f71-7bf9e1e3fa53,0bd6aee5-32dd-453c-8ed5-76bd9788465a,false,true
217cabb2-5101-4a56-ad34-d342805328fb,be7e803c-f5c0-4e4f-9f71-7bf9e1e3fa53,ea967b68-c8a9-478e-b8f3-a6ab3ae23d99,true,true
5ffa0eba-f819-45a5-96cc-90955d75c836,8bdf8ec8-d459-43d7-9feb-0e3cc4bfd91b,0bd6aee5-32dd-453c-8ed5-76bd9788465a,true,true
f09b40db-81e8-473a-92ce-da070744da4f,f71ea6aa-4043-4c95-ab21-d4ca8cfc1d60,0bd6aee5-32dd-453c-8ed5-76bd9788465a,true,true
c19844c9-64cd-484c-9d18-015d6da7880a,f71ea6aa-4043-4c95-ab21-d4ca8cfc1d60,ea967b68-c8a9-478e-b8f3-a6ab3ae23d99,true,true
340e9a1d-f9c7-44ac-89ed-ed7881d90aec,440105f1-79c7-4474-b9f8-aaeb09f883a9,ea967b68-c8a9-478e-b8f3-a6ab3ae23d99,true,true
7b40de62-5ba2-4bf1-aad3-d18d8c7e8513,36c90de3-daf5-44cf-aa4a-ecb81273e376,0bd6aee5-32dd-453c-8ed5-76bd9788465a,true,true
16b07dd0-161c-4e85-944b-3e158be34aa8,8ea696c7-e4c8-4f40-a3e5-7a79098a9ec5,0bd6aee5-32dd-453c-8ed5-76bd9788465a,true,true
d874b3fe-d0f8-46d4-a25c-5c205fceca9c,e0ab7728-7dd5-4f46-a4a9-b6387ebc475d,0bd6aee5-32dd-453c-8ed5-76bd9788465a,true,true
c77aefeb-e164-4d96-9ef1-7aec9f5202fa,e0ab7728-7dd5-4f46-a4a9-b6387ebc475d,ea967b68-c8a9-478e-b8f3-a6ab3ae23d99,true,true
19b196f0-a532-4829-b178-291d39e06354,2ac33705-60b0-44ad-92b2-25774cd04471,0bd6aee5-32dd-453c-8ed5-76bd9788465a,true,true
cbb030e6-789c-461d-b833-09921f25764c,cb15b5e3-b6af-4b95-8350-dc45652ef95e,ea967b68-c8a9-478e-b8f3-a6ab3ae23d99,true,true
9129a692-d5d8-4315-9561-81a3b6bdeb39,cb15b5e3-b6af-4b95-8350-dc45652ef95e,0bd6aee5-32dd-453c-8ed5-76bd9788465a,true,true
a0173e9f-e9ba-4900-81e5-922f65995060,f020393b-d413-440c-a61d-7b21a6823f2e,ea967b68-c8a9-478e-b8f3-a6ab3ae23d99,true,true
f297c2c4-dc06-4b6c-bcc8-9c358a60daa1,e85f4d50-d4c7-4b3a-8d6d-222c9cec8a2a,0bd6aee5-32dd-453c-8ed5-76bd9788465a,true,true
10af8a5d-8774-4332-b872-6fa061d81bb8,f7c796ae-5861-47fd-986e-a42dafa7e093,0bd6aee5-32dd-453c-8ed5-76bd9788465a,true,true
f1f2cbf8-ed9f-44f2-ba9d-7529b52026ae,ba4b4186-bbe3-4837-b369-4b9d50a403e0,0bd6aee5-32dd-453c-8ed5-76bd9788465a,true,true
70b0754c-e046-4d73-849d-b72351bbb293,0f45dd0e-2d37-4588-8127-17a101571525,0bd6aee5-32dd-453c-8ed5-76bd9788465a,true,true
d7f9edc5-ef9a-482c-aec2-3900119c06be,0f45dd0e-2d37-4588-8127-17a101571525,ea967b68-c8a9-478e-b8f3-a6ab3ae23d99,true,true
c7848f68-fd26-4930-989f-00c089bb827b,cc85caea-c8c0-42f9-8a4b-37e53e0720ee,0bd6aee5-32dd-453c-8ed5-76bd9788465a,true,true
8381150d-a1c4-4608-ae47-dd20288c9cd1,cc85caea-c8c0-42f9-8a4b-37e53e0720ee,ea967b68-c8a9-478e-b8f3-a6ab3ae23d99,true,true
f05c01d6-f610-4dfb-a9db-caf6b3772056,04c69a74-c8b7-4bc6-8336-eea5d7f73ad0,ea967b68-c8a9-478e-b8f3-a6ab3ae23d99,true,true
878fcf0c-be07-4dc4-b2cf-91bfe935a823,cac64628-c70f-429b-b38d-0932c9fd75c1,ea967b68-c8a9-478e-b8f3-a6ab3ae23d99,true,true
9134b207-57dd-45b8-a172-cf2104abc61b,cac64628-c70f-429b-b38d-0932c9fd75c1,0bd6aee5-32dd-453c-8ed5-76bd9788465a,true,true
7ad47274-4b83-4c49-96d6-3d4f5e1a60fa,5d46eac8-16ee-40e6-b648-75370717cfe6,ea967b68-c8a9-478e-b8f3-a6ab3ae23d99,true,true
7cbe1812-3962-489a-ab89-e9cf7e14e1cf,5d46eac8-16ee-40e6-b648-75370717cfe6,0bd6aee5-32dd-453c-8ed5-76bd9788465a,true,true
034fc8e0-9c91-4ad7-8a2f-a0aa24209bd2,f388ec20-3d92-4bd1-9380-ae94bbffd096,ea967b68-c8a9-478e-b8f3-a6ab3ae23d99,true,true
f94f7fcc-a52d-4004-9efb-39d1a8121a94,f388ec20-3d92-4bd1-9380-ae94bbffd096,0bd6aee5-32dd-453c-8ed5-76bd9788465a,true,true
82402781-69c8-449b-8521-83b96ecb450a,5995d86c-611d-42f1-b542-5893b60245e1,0bd6aee5-32dd-453c-8ed5-76bd9788465a,true,true
46a14a58-2e28-4c10-b890-d942e8b196a4,c06d6673-5846-4690-be31-6aa7dd770ec0,0bd6aee5-32dd-453c-8ed5-76bd9788465a,true,true
21b8737b-da1c-4284-b1f3-d0928e7b7dd6,e462b28f-0313-4eb7-a0be-f5086d828118,0bd6aee5-32dd-453c-8ed5-76bd9788465a,true,true
6c08f461-3553-4837-9069-ac15702526ba,1c76f527-720c-4301-b18c-471c82937a62,ea967b68-c8a9-478e-b8f3-a6ab3ae23d99,false,true
f71460d6-2890-4555-92a3-b5e570b0b9a5,1c76f527-720c-4301-b18c-471c82937a62,0bd6aee5-32dd-453c-8ed5-76bd9788465a,true,true
2b22362c-f2fb-45da-b064-416347bcb9df,e599f307-f388-4273-bc86-f53d5baeba7f,0bd6aee5-32dd-453c-8ed5-76bd9788465a,true,true
841310e0-d66d-4df0-a811-489a9b9b6d4d,29bfdbb3-0f36-4501-8965-0d99fc99dff5,0bd6aee5-32dd-453c-8ed5-76bd9788465a,true,true
c9471061-73ad-43cc-b2eb-0755b775c870,29bfdbb3-0f36-4501-8965-0d99fc99dff5,ea967b68-c8a9-478e-b8f3-a6ab3ae23d99,true,true
2bd6902f-16ab-4549-b92b-48345d9406fd,4ebe803e-cb97-4826-9fa2-f0fb280eb713,0bd6aee5-32dd-453c-8ed5-76bd9788465a,true,true
edb58a88-cb36-4de7-bd2c-7a6cd009fc26,4ebe803e-cb97-4826-9fa2-f0fb280eb713,ea967b68-c8a9-478e-b8f3-a6ab3ae23d99,true,true
2e2d3fd1-c16c-4cb1-bab0-163538ec5f2b,4bca6fd8-2219-49cc-9445-5f210854f603,0bd6aee5-32dd-453c-8ed5-76bd9788465a,true,true
d4b240cb-dbba-4e6a-aa93-e0e65363b846,d410dbd9-53bd-40ab-b810-b2fe4a3bf9ec,0bd6aee5-32dd-453c-8ed5-76bd9788465a,true,true
9b490a95-d650-4096-bf08-46c44e793e28,ad2a80df-48fc-45b7-a6d2-bc6afc9a01ee,0bd6aee5-32dd-453c-8ed5-76bd9788465a,true,true
be5ed46e-a7f5-49ac-82bc-44477d6c6a7c,3433a37d-b408-44dd-9590-25cffa76b151,ea967b68-c8a9-478e-b8f3-a6ab3ae23d99,true,true
90b1ad83-b9ab-417d-b775-04c95b994928,7db107bd-4cc5-4f78-83f2-5c4ea5e3b157,0bd6aee5-32dd-453c-8ed5-76bd9788465a,true,true
eefe992a-5c68-4389-ac63-1f8287811fbd,3ed78601-e0f3-4833-be78-31abb652a1d2,ea967b68-c8a9-478e-b8f3-a6ab3ae23d99,true,true
e386fa1f-b2fe-4b8b-b868-c171df0b4fff,09e1892d-bc40-495d-add2-c319ef2ec5fe,0bd6aee5-32dd-453c-8ed5-76bd9788465a,true,true
9297fef4-c138-49c1-8d85-68cd83843b29,5df88bc8-711b-4cfa-9a02-51c4f3692883,0bd6aee5-32dd-453c-8ed5-76bd9788465a,false,true
188d267d-90b8-47b8-b6c5-10935cf5e771,9b811f5c-56fd-49e3-bbdc-7b15eaf28094,0bd6aee5-32dd-453c-8ed5-76bd9788465a,true,true
7d096b50-9071-466f-bbca-a5513b16322e,c9d50576-74e8-4390-b0e8-d1a9d2332f60,0bd6aee5-32dd-453c-8ed5-76bd9788465a,true,true
9acd4400-4a46-456a-94c2-f634791fca1d,b585f5c8-5210-43ce-b543-a6c87418a6a3,ea967b68-c8a9-478e-b8f3-a6ab3ae23d99,true,true
2ebd26db-77f3-4f06-b32d-ca562c5a8068,b585f5c8-5210-43ce-b543-a6c87418a6a3,0bd6aee5-32dd-453c-8ed5-76bd9788465a,true,true
99bbd73b-74cb-48bc-bc6d-fef394910ced,cdaab0cc-41e5-477d-8215-40ae717ee523,67dbf9f7-4898-4b84-86cf-303137a363be,true,true
2d97f832-940e-4131-a10c-47906dadd4ee,cdaab0cc-41e5-477d-8215-40ae717ee523,0bd6aee5-32dd-453c-8ed5-76bd9788465a,true,true
ba789443-6341-44f7-9e62-1836d005f80c,917f9e75-80ca-4bcb-a6b8-deda509e5980,0bd6aee5-32dd-453c-8ed5-76bd9788465a,true,true
00126223-8d2c-4ad9-81c4-438ba2088ceb,f9a28d1d-42a0-4c5f-83c1-25b825cb5b1f,0bd6aee5-32dd-453c-8ed5-76bd9788465a,true,true
e121e047-228b-42ad-8e80-3e482c1c35c5,678ae48c-8de7-4dac-adef-1a08aa175959,0bd6aee5-32dd-453c-8ed5-76bd9788465a,true,true
a0d6c3e6-0cdd-482a-8859-f6f312554f92,8e8e57d0-41a9-4aea-95f2-2a7c403a700f,67dbf9f7-4898-4b84-86cf-303137a363be,false,true
16fd48c2-cae7-4f75-85d7-bb2b6b6587ac,8e8e57d0-41a9-4aea-95f2-2a7c403a700f,ea967b68-c8a9-478e-b8f3-a6ab3ae23d99,false,true
e348a645-5630-497f-b7cd-d53e3a0d48f0,8e8e57d0-41a9-4aea-95f2-2a7c403a700f,0bd6aee5-32dd-453c-8ed5-76bd9788465a,true,true
839d0400-0f8b-42a3-9010-aaaaee6f0d41,0680e6df-00e9-463a-aec4-84589b89acb6,ea967b68-c8a9-478e-b8f3-a6ab3ae23d99,true,true
641ab7d8-0b13-4db2-b3dd-3e4401295836,0680e6df-00e9-463a-aec4-84589b89acb6,0bd6aee5-32dd-453c-8ed5-76bd9788465a,true,true
cfe65931-6490-4779-ba7e-2d4a850f6553,71f9c557-e08c-475d-bb29-3cade6649062,0bd6aee5-32dd-453c-8ed5-76bd9788465a,true,true
e92bcc8c-75b4-4c45-8514-64a3ffda7c61,2ed68bd3-379e-476a-9215-722ffd84e3e1,0bd6aee5-32dd-453c-8ed5-76bd9788465a,true,true
8747bd5f-05ab-401d-a64a-5298c5e95dc4,8f9aa189-a1b5-438d-b0ac-1a327567f2df,0bd6aee5-32dd-453c-8ed5-76bd9788465a,true,true
9f69c406-2a3f-4251-95e9-36ff2b8a0228,8f9aa189-a1b5-438d-b0ac-1a327567f2df,ea967b68-c8a9-478e-b8f3-a6ab3ae23d99,true,true
6b4ccc11-feba-437c-9e1c-0fb0ed8fc906,0d064784-a74e-4189-8587-8a7f0590d54d,0bd6aee5-32dd-453c-8ed5-76bd9788465a,true,true
e797fdb1-7c8b-4d6f-83b3-a4b3de51b74c,c0bc91ba-0551-4629-8aa6-beaae7bf22ce,ea967b68-c8a9-478e-b8f3-a6ab3ae23d99,true,true
7d85966a-1a7a-4bf0-a5a8-8bfea13f7e73,c0bc91ba-0551-4629-8aa6-beaae7bf22ce,0bd6aee5-32dd-453c-8ed5-76bd9788465a,true,true
a8354872-9d22-402e-bb2d-67d9e6436d4e,fd7f9ca5-b030-4bc7-99de-593d65b16cf2,0bd6aee5-32dd-453c-8ed5-76bd9788465a,true,true
f2f30e01-1acc-4d33-8cc6-e2a3921bef71,fd7f9ca5-b030-4bc7-99de-593d65b16cf2,67dbf9f7-4898-4b84-86cf-303137a363be,true,true
0a1951b9-88d0-4e8c-a59b-234829b97d24,6606df18-08b3-45b1-9d73-476bc7b6f797,0bd6aee5-32dd-453c-8ed5-76bd9788465a,false,true
bc6a09c3-7232-4dd8-a78e-85b74a0675b8,b45b7d6b-eb30-49ca-a7bc-d4325ef1eec0,0bd6aee5-32dd-453c-8ed5-76bd9788465a,false,true
a7ba9b7e-3596-4403-8f25-cb9a31015762,48fdf7a6-8077-4a7b-a311-aa6911205b34,ea967b68-c8a9-478e-b8f3-a6ab3ae23d99,true,true
42344f9d-04f9-4470-ab69-52e46f6bec03,48fdf7a6-8077-4a7b-a311-aa6911205b34,0bd6aee5-32dd-453c-8ed5-76bd9788465a,true,true
3a8014d7-c009-4f8f-b34e-a2711173f51f,2f9fc6ca-cd1c-4d24-a8c2-e8623a7b9ebf,0bd6aee5-32dd-453c-8ed5-76bd9788465a,true,true
f13081d3-d413-44e1-95b7-5af2ec7245fa,a9372696-57fd-4b96-bf0a-533f0d3fa143,0bd6aee5-32dd-453c-8ed5-76bd9788465a,true,true
129f56e3-ae9d-49b9-a184-709779fe9669,a9372696-57fd-4b96-bf0a-533f0d3fa143,ea967b68-c8a9-478e-b8f3-a6ab3ae23d99,true,true
a3b132cd-9b07-4b56-ba73-00c96c5785f0,4906f0f3-2353-404b-8ccb-de03f029eafd,0bd6aee5-32dd-453c-8ed5-76bd9788465a,true,true
25edacf5-2b84-443a-9dab-2891a31719dd,da7097b6-3bb7-4254-bac7-082fddab43c5,0bd6aee5-32dd-453c-8ed5-76bd9788465a,true,true
2685592b-a661-460e-8255-c755bea22f08,909eb101-dfcb-45af-8ca2-bb42e53ca306,0bd6aee5-32dd-453c-8ed5-76bd9788465a,true,true
0985f3e0-4516-465d-bf14-a4f0a0263419,7be4eb56-b6c5-448a-85b1-d937b8973a06,0bd6aee5-32dd-453c-8ed5-76bd9788465a,true,true
aca25eee-65f9-460b-b3a1-6c23bdb2624b,b0e99171-471a-4b56-85a2-4e23584d1885,0bd6aee5-32dd-453c-8ed5-76bd9788465a,true,true
eec4b3b0-58d1-4bc9-b419-ac9636d09d0a,b0e99171-471a-4b56-85a2-4e23584d1885,ea967b68-c8a9-478e-b8f3-a6ab3ae23d99,false,true
c0dc139e-c1d0-463e-b7af-e8e45f8ea441,b0e99171-471a-4b56-85a2-4e23584d1885,67dbf9f7-4898-4b84-86cf-303137a363be,false,true
cc4d991e-1742-4682-95ea-0dbc073df292,5e568b28-a7eb-4506-a070-9c073da5b3df,0bd6aee5-32dd-453c-8ed5-76bd9788465a,true,true
b786cbab-bb73-470c-9b88-d386a81db8bd,dcd9f55f-2784-44c1-bb7b-2194864f96af,ea967b68-c8a9-478e-b8f3-a6ab3ae23d99,true,true
895ea774-27f6-4c3c-a679-2a336ef8e730,c70cf5b2-5d74-4fdc-aa62-0ac50e5f1cee,67dbf9f7-4898-4b84-86cf-303137a363be,false,true
538c4550-c532-4c71-be11-281c5e198f7f,c70cf5b2-5d74-4fdc-aa62-0ac50e5f1cee,0bd6aee5-32dd-453c-8ed5-76bd9788465a,true,true
7507477a-4ed2-4b0c-970a-02afbb87c5b0,c70cf5b2-5d74-4fdc-aa62-0ac50e5f1cee,ea967b68-c8a9-478e-b8f3-a6ab3ae23d99,false,true
61d99417-114d-405d-86a6-e0fe3a0464fa,532435de-5754-4bd2-8a29-f65dbbf53af3,0bd6aee5-32dd-453c-8ed5-76bd9788465a,true,true
007c8504-8185-4930-ab5f-46bbcfb1b23f,6406a8ca-a210-4790-aac9-9046d4a58f80,0bd6aee5-32dd-453c-8ed5-76bd9788465a,true,true
4b107ee6-4864-425b-9c8e-944e11f6f3ed,a9cc0235-6f6d-4bfa-9d9d-d4b3f091fb7a,ea967b68-c8a9-478e-b8f3-a6ab3ae23d99,true,true
fd1f01a4-4a35-44b0-bb85-995de1b3b2d9,a9cc0235-6f6d-4bfa-9d9d-d4b3f091fb7a,67dbf9f7-4898-4b84-86cf-303137a363be,true,true
aef4a184-12e4-424b-a99b-ef8bf647ae9a,a9cc0235-6f6d-4bfa-9d9d-d4b3f091fb7a,0bd6aee5-32dd-453c-8ed5-76bd9788465a,true,true
7d4dd7be-f40f-4336-9290-cf6ad521c6a3,3fb8f635-3fad-47bc-b7a5-55a5b9964436,0bd6aee5-32dd-453c-8ed5-76bd9788465a,true,true
4ef89765-8272-4cef-bbf5-460b7afa989f,3fb8f635-3fad-47bc-b7a5-55a5b9964436,ea967b68-c8a9-478e-b8f3-a6ab3ae23d99,true,true
98acb51b-6122-4374-a281-2cf8233e9a2f,fb251595-e54d-404f-aad2-3d1f18dedfcc,0bd6aee5-32dd-453c-8ed5-76bd9788465a,true,true
3ee6dcd0-947d-432b-9b20-e4eed63b3d3b,a7a13f4f-2cff-4437-b701-0a680c0fc66c,0bd6aee5-32dd-453c-8ed5-76bd9788465a,true,true
73942d7b-6051-44b0-9bdb-da1cd12c0ea4,65a28233-efc3-4740-94ee-0ce55d7f951e,0bd6aee5-32dd-453c-8ed5-76bd9788465a,true,true
9b51f023-79b5-42db-b079-93bfda8fde84,6707b286-ff17-4b45-a45d-846fa8a07661,0bd6aee5-32dd-453c-8ed5-76bd9788465a,true,true
11af1dd3-b298-4986-99f9-9f72fff2ad12,e9d0e8c6-e2df-4a48-812d-45da94d87dc8,0bd6aee5-32dd-453c-8ed5-76bd9788465a,true,true
b8b3a6b4-89df-4cca-92f5-0bc3c33e882a,045d1b7e-dbde-49eb-b072-b30247bd7b68,ea967b68-c8a9-478e-b8f3-a6ab3ae23d99,true,true
f6842832-0f81-4001-b36c-35d7ba5e2db2,045d1b7e-dbde-49eb-b072-b30247bd7b68,67dbf9f7-4898-4b84-86cf-303137a363be,true,true
82a7a533-1463-4b9b-b10e-19fa414069a3,045d1b7e-dbde-49eb-b072-b30247bd7b68,0bd6aee5-32dd-453c-8ed5-76bd9788465a,true,true
c8fd4396-5488-4a4e-9643-687b4f010a21,da290dbc-9296-4c8d-87a1-93471f84b771,ea967b68-c8a9-478e-b8f3-a6ab3ae23d99,true,true
f6bc17fe-1bed-4a30-b422-2f872a5afde2,da290dbc-9296-4c8d-87a1-93471f84b771,0bd6aee5-32dd-453c-8ed5-76bd9788465a,true,true
bbb4b27c-1dcf-4f43-941d-e9dc5f6124b4,39b33bc6-33cd-43d5-add9-176c5f80f825,0bd6aee5-32dd-453c-8ed5-76bd9788465a,true,true
4cf5437c-e567-4bac-883b-ce2f5be6054e,3725c4ea-dfbb-49ef-bbe9-69cfd541f325,0bd6aee5-32dd-453c-8ed5-76bd9788465a,true,true
941c8c35-4b72-482e-8382-699a55ca9278,39b33bc6-33cd-43d5-add9-176c5f80f825,ea967b68-c8a9-478e-b8f3-a6ab3ae23d99,true,true
84dbf119-8599-4e45-adb3-d942c7efbaed,f020393b-d413-440c-a61d-7b21a6823f2e,0bd6aee5-32dd-453c-8ed5-76bd9788465a,true,true
68d05735-a65c-48f4-afe6-2f4e08277e58,3725c4ea-dfbb-49ef-bbe9-69cfd541f325,ea967b68-c8a9-478e-b8f3-a6ab3ae23d99,true,true
83ada89e-ef35-4947-ba47-cc48c7602396,b6893620-681e-4935-a0e3-e009b28c33aa,0bd6aee5-32dd-453c-8ed5-76bd9788465a,true,true
fd610b3b-b533-468f-89d3-6023a6ad74c5,fa8d509b-6e0c-4582-ab74-e86898c07774,0bd6aee5-32dd-453c-8ed5-76bd9788465a,true,true
c104a1ce-5b9b-46ed-98f3-8eafcc4656eb,37d4e4f7-6228-4a30-8889-c059d8b9c292,ea967b68-c8a9-478e-b8f3-a6ab3ae23d99,true,true
4a3c67e0-3199-4868-baa7-e58743ed22d2,50476b89-1c50-4562-bc25-5f3808634d37,ea967b68-c8a9-478e-b8f3-a6ab3ae23d99,true,true
acdabd7a-612e-461a-910d-0f95386c098c,50476b89-1c50-4562-bc25-5f3808634d37,0bd6aee5-32dd-453c-8ed5-76bd9788465a,true,true
e10486c6-2c97-44aa-81a3-71e442d58ef3,420f4da2-6cf8-4129-b914-972a673737a5,0bd6aee5-32dd-453c-8ed5-76bd9788465a,true,true
388e3aa5-92ad-488f-8d57-6cc451fb9e00,420f4da2-6cf8-4129-b914-972a673737a5,ea967b68-c8a9-478e-b8f3-a6ab3ae23d99,true,true
44472ae4-21e7-4080-8a61-ad84ff6ddce3,37d4e4f7-6228-4a30-8889-c059d8b9c292,0bd6aee5-32dd-453c-8ed5-76bd9788465a,true,true
a4a1e273-f72e-4016-9470-88bed14acf05,c9ef6e55-4b48-4800-80d9-2186d92bf100,0bd6aee5-32dd-453c-8ed5-76bd9788465a,true,true
42fc5239-c714-4cff-b462-55eb8be9587b,c9ef6e55-4b48-4800-80d9-2186d92bf100,ea967b68-c8a9-478e-b8f3-a6ab3ae23d99,true,true
7f641f7f-811d-4d55-ad9c-982fa6c23bd5,750b1b2b-57a5-4c9e-94d3-1b949ee663fe,0bd6aee5-32dd-453c-8ed5-76bd9788465a,true,true
050aea96-02d2-4c8a-9e18-c7b7cc48226e,750b1b2b-57a5-4c9e-94d3-1b949ee663fe,67dbf9f7-4898-4b84-86cf-303137a363be,false,true
4613c045-0814-48e0-835e-5b476e1e80ad,ac96ca35-eddf-438f-ac49-83f8ec6fb4cc,0bd6aee5-32dd-453c-8ed5-76bd9788465a,true,true
678b3b5c-9e02-48ef-a18b-a8d66df2cea5,3ba17233-53f3-4040-bb86-294f3bf44a30,0bd6aee5-32dd-453c-8ed5-76bd9788465a,true,true
c2529cc6-80cd-4c4b-b934-3708e38d8b61,fbdbb32d-6091-4890-8c71-0d836d91fcc1,0bd6aee5-32dd-453c-8ed5-76bd9788465a,true,true
f77cdf2d-8bc6-4340-8b32-d6ff4beb0e7d,f12b8b05-26a4-4cf8-8c14-f245a7f766f0,0bd6aee5-32dd-453c-8ed5-76bd9788465a,true,true
f3bcf1b8-c3e0-4c6b-90aa-16e8f533747f,73fe7f8a-79d3-43be-ace4-3f8644971077,ea967b68-c8a9-478e-b8f3-a6ab3ae23d99,true,true
08b8c5a7-e7e3-4730-9e0e-57a5898d9fca,fc493930-4038-4354-995d-65469c12bca4,ea967b68-c8a9-478e-b8f3-a6ab3ae23d99,true,true
9bb0873c-d859-482f-b21f-9ae22bd03dd3,fc493930-4038-4354-995d-65469c12bca4,0bd6aee5-32dd-453c-8ed5-76bd9788465a,true,true
4dbffa12-f743-4266-9ca7-a2ea229f7488,4e717dc4-1d79-47c1-8930-6557e500f5b9,0bd6aee5-32dd-453c-8ed5-76bd9788465a,true,true
815bd682-d7f6-40ce-b796-01d03c4c727b,73fe7f8a-79d3-43be-ace4-3f8644971077,0bd6aee5-32dd-453c-8ed5-76bd9788465a,true,true
f36cdaed-6d41-4a30-a16e-19b21cafcca8,32dddea5-1682-4bc7-a030-f798e6672c30,0bd6aee5-32dd-453c-8ed5-76bd9788465a,true,true
6cb4641b-a63d-4a0e-85f8-3c72bcaa2841,9319e677-ba13-4ef1-a5e1-90fd78b60854,ea967b68-c8a9-478e-b8f3-a6ab3ae23d99,true,true
597145c5-a488-4e9f-947f-c07cbf1bb92e,012c7f75-fd23-4843-acb7-0fa674f99387,ea967b68-c8a9-478e-b8f3-a6ab3ae23d99,true,true
9b2429f7-7385-48c2-96c0-a7076703d7c3,012c7f75-fd23-4843-acb7-0fa674f99387,0bd6aee5-32dd-453c-8ed5-76bd9788465a,true,true
3a467169-8d04-4784-8381-680aa22632c2,29e3d66d-3930-48ad-beea-7b881f52c5f6,0bd6aee5-32dd-453c-8ed5-76bd9788465a,true,true
82b701bd-5e99-4515-9c46-a80e60e204af,29e3d66d-3930-48ad-beea-7b881f52c5f6,ea967b68-c8a9-478e-b8f3-a6ab3ae23d99,false,true
f793ddc0-6377-4e46-9e93-e79afb08bd7d,c458ee13-5aa4-46de-8645-2510158341af,0bd6aee5-32dd-453c-8ed5-76bd9788465a,true,true
5ca320ba-0328-4cfa-92b7-e0b24269f991,c458ee13-5aa4-46de-8645-2510158341af,ea967b68-c8a9-478e-b8f3-a6ab3ae23d99,true,true
6db8d8c0-ce70-4937-a822-76386545a7ad,3f63c16a-62d0-47d9-803e-60d5fa3c90d0,0bd6aee5-32dd-453c-8ed5-76bd9788465a,true,true
06004b22-424a-43dc-ba23-d6ba23eda3fa,6daea310-2b7c-4cc5-aa2a-2edb71d5acde,ea967b68-c8a9-478e-b8f3-a6ab3ae23d99,true,true
31526080-76df-4e7d-b88d-a33c4db9144c,6daea310-2b7c-4cc5-aa2a-2edb71d5acde,0bd6aee5-32dd-453c-8ed5-76bd9788465a,true,true
1b924bc5-0078-4e1c-a227-9ea06d8d4038,1c8cb479-0d3e-4b73-8402-1a1ab0bfac4b,0bd6aee5-32dd-453c-8ed5-76bd9788465a,true,true
9f63f133-f575-47b9-a242-76e43cb5926d,f679aabc-c1a6-438e-abe8-74fbd6922082,0bd6aee5-32dd-453c-8ed5-76bd9788465a,true,true
32736e08-6c9f-46c7-bbdb-6d71411d4378,62675370-a0bd-4ef1-b937-221847e6553d,0bd6aee5-32dd-453c-8ed5-76bd9788465a,false,true
19dc6177-2acc-4447-80c3-9f6b37a30a96,5bcf4a74-10eb-4463-8e7f-115f6491806b,0bd6aee5-32dd-453c-8ed5-76bd9788465a,true,true
7abb1795-a208-45a3-aefc-a610911645d2,5bcf4a74-10eb-4463-8e7f-115f6491806b,ea967b68-c8a9-478e-b8f3-a6ab3ae23d99,true,true
2c69f283-b7a4-4f39-bbd9-4f3953bdd891,ed336a88-22b2-4d7b-a31e-61684274b10a,ea967b68-c8a9-478e-b8f3-a6ab3ae23d99,true,true
89410125-59ad-4711-99b6-cd8664852351,ed336a88-22b2-4d7b-a31e-61684274b10a,0bd6aee5-32dd-453c-8ed5-76bd9788465a,true,true
3205625a-a205-4260-a08d-9fe3b5c2c7d4,8a66f69c-eab1-48a8-9415-4616b11c1b0c,ea967b68-c8a9-478e-b8f3-a6ab3ae23d99,true,true
c5cb0299-69a2-4aed-8af9-893edb8d3801,9c229d65-b0bb-4fae-8b46-68eafb41221f,0bd6aee5-32dd-453c-8ed5-76bd9788465a,true,true
8e5c619c-383b-4f8c-a1ab-46165bff9c97,8a66f69c-eab1-48a8-9415-4616b11c1b0c,0bd6aee5-32dd-453c-8ed5-76bd9788465a,true,true
cc0ea377-0c97-4982-8df9-39f5b27d2ba1,9a1807e1-66a6-41be-bf98-9648f75cf497,0bd6aee5-32dd-453c-8ed5-76bd9788465a,true,true
cd18bf11-ca18-4656-8348-fdfafe62b3eb,8194ad17-f826-429e-b43d-84b5cfa3fef6,ea967b68-c8a9-478e-b8f3-a6ab3ae23d99,true,true
c0cccc6c-d00e-4271-9222-759ddcecac34,8194ad17-f826-429e-b43d-84b5cfa3fef6,0bd6aee5-32dd-453c-8ed5-76bd9788465a,true,true
2adae0ec-9aa9-4bb1-9477-b6516c66d9ef,14441f35-c3af-43c0-85fb-0f53ff6d8670,ea967b68-c8a9-478e-b8f3-a6ab3ae23d99,true,true
4d0800da-3fd5-4531-953d-3a1bac057f52,bf957688-6d9d-41a7-88e5-028d4926e662,0bd6aee5-32dd-453c-8ed5-76bd9788465a,false,true
eddb156e-ce1c-4a19-a6f3-d460fd74d8a2,14441f35-c3af-43c0-85fb-0f53ff6d8670,0bd6aee5-32dd-453c-8ed5-76bd9788465a,true,true
ceca2b2e-2bc6-4fb5-b590-38f53d5716a8,d45b2c30-f31f-456f-95a0-769594f4b0f0,0bd6aee5-32dd-453c-8ed5-76bd9788465a,true,true
c3706d38-4e46-49c0-a046-10618cd0a5d4,789d9d68-ec03-42dd-a2f4-1da195b2625a,0bd6aee5-32dd-453c-8ed5-76bd9788465a,true,true
27967341-402a-4d98-b737-5d61d45ca36d,758d443a-3f07-48c4-bc04-17e7bf70012c,0bd6aee5-32dd-453c-8ed5-76bd9788465a,true,true
e17a4d76-beee-410b-8f9e-e48b2cd867e7,99cbe87d-1d20-4368-b761-e468efc4510c,0bd6aee5-32dd-453c-8ed5-76bd9788465a,true,true
7b7f21c9-0483-4d98-a5c0-a28f21bc59bf,d152bbfd-c202-4550-ae8d-8cd91dbd79d7,ea967b68-c8a9-478e-b8f3-a6ab3ae23d99,true,true
d2ceafe0-55eb-4a6a-9e16-56d049a9a2cb,d152bbfd-c202-4550-ae8d-8cd91dbd79d7,0bd6aee5-32dd-453c-8ed5-76bd9788465a,true,true
ed6c3918-7a7a-440c-a623-d9b178b54868,cc4947a0-1a6d-4587-be39-d190eb224ed4,0bd6aee5-32dd-453c-8ed5-76bd9788465a,true,true
9b96fc4d-4fe5-45ad-9783-01bcaca4435b,664bb8c0-cc5b-4050-ad76-3ee9b566ccee,0bd6aee5-32dd-453c-8ed5-76bd9788465a,true,true
56973455-b5c9-4ac6-a3d0-a4fca2a307cc,b0e2da0e-d950-479f-88a8-4ea1b93ae9c0,0bd6aee5-32dd-453c-8ed5-76bd9788465a,true,true
fa6246a5-1dd6-4431-9166-3a4eb0c5a8c2,37cefd16-6784-48e4-aef3-b2e93f235409,0bd6aee5-32dd-453c-8ed5-76bd9788465a,true,true
85a832bb-c5ab-4d54-9038-e05b6c52312f,37cefd16-6784-48e4-aef3-b2e93f235409,67dbf9f7-4898-4b84-86cf-303137a363be,false,true
6eac4a1b-1bac-4670-a3b0-f95311b42f9b,37cefd16-6784-48e4-aef3-b2e93f235409,ea967b68-c8a9-478e-b8f3-a6ab3ae23d99,false,true
61d9cc1c-8333-4640-b05a-bac567ac7dcf,b0e2da0e-d950-479f-88a8-4ea1b93ae9c0,ea967b68-c8a9-478e-b8f3-a6ab3ae23d99,true,true
857d7a3a-cd8f-415b-a5c2-05f524eefcb8,f70f4cd6-c47c-4d42-9de5-ca4012d446b2,ea967b68-c8a9-478e-b8f3-a6ab3ae23d99,true,true
2eb7b03d-6196-4fca-b693-02d5ea44ec2c,f70f4cd6-c47c-4d42-9de5-ca4012d446b2,0bd6aee5-32dd-453c-8ed5-76bd9788465a,false,true
3e7a48d6-d623-4a96-8adb-e31e9eaa6a99,f70f4cd6-c47c-4d42-9de5-ca4012d446b2,67dbf9f7-4898-4b84-86cf-303137a363be,false,true
255d28ca-3db0-4ee4-80a1-2bf94852945c,941e9d38-4e16-4478-8ced-4c7ad66f8324,67dbf9f7-4898-4b84-86cf-303137a363be,false,true
5e9c3d8b-8003-4ad7-8b5b-50361a2f7e50,941e9d38-4e16-4478-8ced-4c7ad66f8324,0bd6aee5-32dd-453c-8ed5-76bd9788465a,true,true
16a8f05f-1b39-4848-a510-5caffa7e2be6,941e9d38-4e16-4478-8ced-4c7ad66f8324,ea967b68-c8a9-478e-b8f3-a6ab3ae23d99,false,true
7aa6c301-45d8-4939-9594-553346eb8aad,99a25220-eb8a-46de-a312-a072d50eca80,ea967b68-c8a9-478e-b8f3-a6ab3ae23d99,true,true
b0a077a9-8708-48b9-8763-c3f043072277,99a25220-eb8a-46de-a312-a072d50eca80,0bd6aee5-32dd-453c-8ed5-76bd9788465a,true,true
bde360a3-6cb2-42a2-ba0e-fac803620d5e,2100dcf9-9ac5-4d0d-948e-05661aa875ba,0bd6aee5-32dd-453c-8ed5-76bd9788465a,true,true
18e97fad-ee58-4293-95ba-5fd42936e6a1,3cd9d830-97ee-4f8e-85c2-5b9f76bc54ad,0bd6aee5-32dd-453c-8ed5-76bd9788465a,true,true
4d90eae6-e041-4acd-9702-a6c385818e29,70f279e6-76d9-425b-bdbe-6c8e9dbf54f8,0bd6aee5-32dd-453c-8ed5-76bd9788465a,true,true
57ae65f2-214a-4255-b533-fbc85762f219,70f279e6-76d9-425b-bdbe-6c8e9dbf54f8,ea967b68-c8a9-478e-b8f3-a6ab3ae23d99,true,true
6e59c842-dbf8-4bfe-a107-0c1b35b4eb17,3cfa1adf-af44-460f-96d3-027a1afa2af1,0bd6aee5-32dd-453c-8ed5-76bd9788465a,true,true
c7b2b698-9423-42ee-a67a-a120701b0ecc,4533508e-1e81-4318-bd6c-a34fe9f84ced,0bd6aee5-32dd-453c-8ed5-76bd9788465a,true,true
0a0bb979-baa3-4875-82ed-408c3fe397a2,3d6373e2-051d-45c9-945b-a85072713e2f,ea967b68-c8a9-478e-b8f3-a6ab3ae23d99,true,true
5ede84db-5fda-4fe8-b79c-2442c2a76566,3d6373e2-051d-45c9-945b-a85072713e2f,0bd6aee5-32dd-453c-8ed5-76bd9788465a,true,true
e3f679eb-47f6-46d4-a6b4-cba9b28e9780,1ee8f29e-ad4e-4e70-8433-3d2c23a59fd0,0bd6aee5-32dd-453c-8ed5-76bd9788465a,true,true
e3e922de-5efd-45a0-9bd7-21b452437ca3,5e3c23c0-cf5e-426d-b84a-3b9682de8c7b,0bd6aee5-32dd-453c-8ed5-76bd9788465a,true,true
44515ba2-d0a1-4c59-99cb-88f9fe09f063,5e3c23c0-cf5e-426d-b84a-3b9682de8c7b,67dbf9f7-4898-4b84-86cf-303137a363be,false,true
73c800bc-9d17-4f07-93e9-40af2806f96c,892922e9-8466-434e-8e16-eec43e2d895d,0bd6aee5-32dd-453c-8ed5-76bd9788465a,true,true
dacde9ee-d53a-4e2c-88b3-742f6d8d5ac6,892922e9-8466-434e-8e16-eec43e2d895d,ea967b68-c8a9-478e-b8f3-a6ab3ae23d99,true,true
6725a220-a53d-424d-b250-464a28886432,32824ecf-c2d0-49a2-8212-ec557cabd82f,0bd6aee5-32dd-453c-8ed5-76bd9788465a,true,true
7d6c8910-cb31-42e9-979c-9f0946826569,ea49d568-667e-4baa-9d00-153d2625fa56,ea967b68-c8a9-478e-b8f3-a6ab3ae23d99,true,true
007b72c8-50d8-4a31-b0ee-171cfdf24086,d821f66f-dc9e-4b3d-8783-4dc189dc885b,0bd6aee5-32dd-453c-8ed5-76bd9788465a,true,true
41375375-7113-49f1-a2cf-c67b1d346452,cf8c7016-fff9-4b93-ab7f-ea97ff2ecc37,ea967b68-c8a9-478e-b8f3-a6ab3ae23d99,true,true
583247d6-df2e-42c5-b0dc-8daec41fcea7,cf8c7016-fff9-4b93-ab7f-ea97ff2ecc37,0bd6aee5-32dd-453c-8ed5-76bd9788465a,true,true
097e1b85-5006-456b-b970-6810c0d58964,0d460e16-367c-4bb3-b4be-33fd20f99f86,ea967b68-c8a9-478e-b8f3-a6ab3ae23d99,true,true
327a7b9d-18f2-430b-96f6-94c61099335b,44e3df63-fccc-4b2f-8f1c-9dc2e842b209,ea967b68-c8a9-478e-b8f3-a6ab3ae23d99,true,true
5d00db9d-26fc-4b4f-984d-a7a4b8413592,64e4c81e-d870-4149-964a-f1c10540bf3c,0bd6aee5-32dd-453c-8ed5-76bd9788465a,true,true
58068f4a-492b-42da-95b2-c48749de7ebd,967d0419-b62c-481d-a3df-87fe12105e5c,0bd6aee5-32dd-453c-8ed5-76bd9788465a,false,true
3f86f4ba-7c38-4fb3-bf52-b932cddc6f22,d5006925-1ace-4732-8e4a-afdab4aa721c,0bd6aee5-32dd-453c-8ed5-76bd9788465a,true,true
94dfa86a-a32c-4ac9-9a90-7b2fe4b311b9,2886660f-e827-4847-b3ea-6d672a003e02,0bd6aee5-32dd-453c-8ed5-76bd9788465a,true,true
60c65ae8-48c9-465d-9aae-3f749b55af35,f358b489-6e00-4567-ac11-6e589dba0f3f,0bd6aee5-32dd-453c-8ed5-76bd9788465a,true,true
551c60d7-b992-498b-bc40-d8da0344d2d6,ff3c2906-1e21-4417-9caa-2d543332d9cd,ea967b68-c8a9-478e-b8f3-a6ab3ae23d99,true,true
dd454a32-9a71-4c67-9dec-ddc59398d16d,ff3c2906-1e21-4417-9caa-2d543332d9cd,0bd6aee5-32dd-453c-8ed5-76bd9788465a,true,true
455330b9-d768-49a3-9bc3-4f5e5004f42d,f358b489-6e00-4567-ac11-6e589dba0f3f,ea967b68-c8a9-478e-b8f3-a6ab3ae23d99,false,true
7583884b-df5a-4421-8ef8-8b34c62b1986,750b1b2b-57a5-4c9e-94d3-1b949ee663fe,ea967b68-c8a9-478e-b8f3-a6ab3ae23d99,true,true
844f9c52-836a-49ce-9595-4397c3a36b09,57064f01-0949-4ea2-a088-53da85671eaa,0bd6aee5-32dd-453c-8ed5-76bd9788465a,true,true
5f66f731-d7f2-4c41-b97b-f678c30d5b3d,d62ca827-b803-4369-aa7d-923067e70430,0bd6aee5-32dd-453c-8ed5-76bd9788465a,true,true
0840c6c6-4c68-4638-a13e-542a6dd589fb,deb69e44-1e9c-42d8-8412-dba0abbf6c91,0bd6aee5-32dd-453c-8ed5-76bd9788465a,true,true
0ec20959-0896-4376-9917-1507765d35d2,3b2e5e6f-2208-4809-8c46-0506a5603f38,0bd6aee5-32dd-453c-8ed5-76bd9788465a,true,true
a275670f-1623-43ab-8c26-0a237600e72c,90f85727-cebb-442b-a0a7-b1eaa0d48414,0bd6aee5-32dd-453c-8ed5-76bd9788465a,true,true
1feb1c08-4a19-4a41-b7fc-e8d999d907be,b66d5aad-723f-4fab-ac60-df3144ce5c58,0bd6aee5-32dd-453c-8ed5-76bd9788465a,true,true
eb8eaef7-3b85-4a22-8b4d-c10ab6856d6c,b66d5aad-723f-4fab-ac60-df3144ce5c58,ea967b68-c8a9-478e-b8f3-a6ab3ae23d99,true,true
bf4fb1f2-0ee5-4bdb-9a91-b3cd0a76f9c6,90f85727-cebb-442b-a0a7-b1eaa0d48414,ea967b68-c8a9-478e-b8f3-a6ab3ae23d99,true,true
bc9948f3-6c3b-4b94-b38d-b3d37dc3d757,ae288a74-3ae5-44ed-95f7-0b709271faeb,0bd6aee5-32dd-453c-8ed5-76bd9788465a,true,true
4e4a03eb-2710-438a-902d-0b5009bb6865,f0cd24f6-f36f-4b96-9b31-402a03f165c4,0bd6aee5-32dd-453c-8ed5-76bd9788465a,false,true
0d7e7048-bf82-467a-95f5-7c514344e356,cebfeff4-6ba0-43a6-b4ac-88c2c7038378,0bd6aee5-32dd-453c-8ed5-76bd9788465a,true,true
7963cc60-f28e-493c-9df5-b4bf2f68c5c8,8c9163b8-3b64-4e0c-b1f0-9368f9e112b8,0bd6aee5-32dd-453c-8ed5-76bd9788465a,true,true
d53842e7-1d44-4123-9fa8-d5e58f573547,17c13378-159c-41c4-93e8-cf002ce0d166,0bd6aee5-32dd-453c-8ed5-76bd9788465a,false,true
ee33d68b-e067-46c8-a9b9-da0476f8252d,11a5ddee-87d0-435d-8696-2ee123fe14df,0bd6aee5-32dd-453c-8ed5-76bd9788465a,true,true
53042a4d-1b11-4c25-b81e-efcbe115aeab,3d72e33f-6245-4120-abbd-88a2cd24ce42,0bd6aee5-32dd-453c-8ed5-76bd9788465a,true,true
64142310-4707-4bed-b758-daa0abf2fe9a,fabb839f-c756-4e8e-af84-d504cf668758,0bd6aee5-32dd-453c-8ed5-76bd9788465a,true,true
fd44bf8d-fa3d-4eb1-b632-f2c6c7092516,3e15f95f-689a-4c13-8820-97a8be92b530,0bd6aee5-32dd-453c-8ed5-76bd9788465a,true,true
d12d172b-37e9-42db-926d-64cdba23823d,b4763f5e-4da2-4bea-bfb9-9a04e0de082b,0bd6aee5-32dd-453c-8ed5-76bd9788465a,true,true
4da343ed-e42e-4d2e-bea3-6c8d3857063a,8ae11cb4-6348-4586-b32a-d779ed3ca250,0bd6aee5-32dd-453c-8ed5-76bd9788465a,true,true
4ffc582d-fe94-4f20-9901-397dc84934f9,fdb17cce-2349-449f-93ce-279c3dc9d54b,0bd6aee5-32dd-453c-8ed5-76bd9788465a,true,true
a11aeb20-11c1-4578-9517-27689b87035d,7557fb6a-290b-4e3a-a38c-240c72215073,0bd6aee5-32dd-453c-8ed5-76bd9788465a,true,true
c7ab46e5-80e6-4f38-a26f-177ba246f177,20978235-6eed-4665-8933-7335993fa1bb,ea967b68-c8a9-478e-b8f3-a6ab3ae23d99,true,true
d1a78ccd-caad-4ce9-b23e-ac60f5d3e23b,20978235-6eed-4665-8933-7335993fa1bb,0bd6aee5-32dd-453c-8ed5-76bd9788465a,true,true
cd014522-0f7f-4980-8884-8220102585f5,6c826381-9998-4301-b107-183c77d2c2d0,ea967b68-c8a9-478e-b8f3-a6ab3ae23d99,true,true
10ee2ee9-5602-404d-828f-584f1165d5d1,75bd4ef0-fc35-4f3a-81e3-7048056ae492,ea967b68-c8a9-478e-b8f3-a6ab3ae23d99,false,true
fa2a125b-7450-4513-ad98-9584991056d2,75bd4ef0-fc35-4f3a-81e3-7048056ae492,0bd6aee5-32dd-453c-8ed5-76bd9788465a,true,true
b4e226ab-205a-405e-b828-e6888c8a37ae,bc47b61d-17d0-4da9-93fc-795081b4c006,0bd6aee5-32dd-453c-8ed5-76bd9788465a,true,true
88ae7049-7180-42d4-beaf-f12a74d54c7c,fd6f6fa0-1953-4ed6-ad5a-360ee4e6ba3e,ea967b68-c8a9-478e-b8f3-a6ab3ae23d99,false,true
80938324-df05-4e66-bd58-d26cb7681991,fd6f6fa0-1953-4ed6-ad5a-360ee4e6ba3e,0bd6aee5-32dd-453c-8ed5-76bd9788465a,true,true
9768febf-f39d-48b1-b386-051c8ff7144f,fd6f6fa0-1953-4ed6-ad5a-360ee4e6ba3e,67dbf9f7-4898-4b84-86cf-303137a363be,false,true
c899ff92-e653-4cef-9324-baf822db7173,af4eb38d-0847-4fa0-928c-66a99d0c294f,0bd6aee5-32dd-453c-8ed5-76bd9788465a,true,true
3384be58-c365-4c72-945a-9144d18f55e1,d784ef93-e3af-45bb-81c4-472893039a4b,0bd6aee5-32dd-453c-8ed5-76bd9788465a,true,true
c81cb590-4123-40b4-9aae-e867bb1b9c48,86dd3e50-956f-4af9-b88b-e7d749912df5,0bd6aee5-32dd-453c-8ed5-76bd9788465a,true,true
c7760a64-bc25-4596-841f-ba965b0cfcae,00940bfc-279c-431d-bd87-a64c2b862d97,0bd6aee5-32dd-453c-8ed5-76bd9788465a,false,true
ec8183df-30b7-4bee-a153-1d08ee5a3bfe,6621a3dc-9049-4439-a1a7-38d0436a8261,0bd6aee5-32dd-453c-8ed5-76bd9788465a,true,true
04175192-badc-463c-b1ef-ac1034ad5272,1e4012a5-459c-4dd9-8b02-bda0d4aef544,0bd6aee5-32dd-453c-8ed5-76bd9788465a,true,true
d19185b7-67ce-41f5-b761-0c5c2d47323b,16f14d28-5bb5-4261-952c-f6db74a299f3,0bd6aee5-32dd-453c-8ed5-76bd9788465a,true,true
6cdb296d-3ed6-4b38-9465-3c903e2607ee,729e099a-8f7e-4615-947e-27b2c60b0979,0bd6aee5-32dd-453c-8ed5-76bd9788465a,true,true
c181996c-0346-41c6-9d6b-031d8274c8bf,bd4b6f49-51b6-416e-8376-8bb5a6d55cde,0bd6aee5-32dd-453c-8ed5-76bd9788465a,true,true
8042ae42-f92b-42f3-bd28-76e66a623c13,bd4b6f49-51b6-416e-8376-8bb5a6d55cde,ea967b68-c8a9-478e-b8f3-a6ab3ae23d99,true,true
6d7269bf-a468-4d98-a0c6-eda9109c8cae,548f587f-3b99-47e7-9b6e-bff86a91320d,0bd6aee5-32dd-453c-8ed5-76bd9788465a,true,true
cc5b84a7-3424-4f68-8331-84cfaefab72f,455dafed-5aff-435c-b529-21fcdcca2998,0bd6aee5-32dd-453c-8ed5-76bd9788465a,true,true
57604c8d-b494-4e3e-99b3-bfddea5a233c,90880798-74c6-464b-b78c-0fe34d260859,ea967b68-c8a9-478e-b8f3-a6ab3ae23d99,true,true
b1687f12-880d-4543-8e9c-5c8115f7319b,8a40a42a-a002-4f88-94b4-0e184bb57dc5,ea967b68-c8a9-478e-b8f3-a6ab3ae23d99,true,true
b5df3409-d1e3-4afd-9356-19c8988c40ea,8a40a42a-a002-4f88-94b4-0e184bb57dc5,0bd6aee5-32dd-453c-8ed5-76bd9788465a,true,true
9b4670e5-f61a-45ca-96a6-94f27c3bf986,7f0c33b1-e44e-4d43-819b-fcf2efd2f033,0bd6aee5-32dd-453c-8ed5-76bd9788465a,true,true
aae3d494-d937-403f-8a5d-5b9180797ed7,b0e284cc-4af9-4356-8271-1ebd7cfb914b,0bd6aee5-32dd-453c-8ed5-76bd9788465a,true,true
4b32a931-791b-4bca-8f2b-3358a0955a43,5323b4e5-a170-4a3d-beac-ba1716882ea9,0bd6aee5-32dd-453c-8ed5-76bd9788465a,true,true
4feb941b-86b1-4c6b-be31-4302938373a2,338dfef7-b1bb-42d2-bed4-176b03472aa4,0bd6aee5-32dd-453c-8ed5-76bd9788465a,true,true
3adebba9-069e-454f-80cf-6ec0632d8537,22e222cb-b685-41f4-9948-13394c15580c,0bd6aee5-32dd-453c-8ed5-76bd9788465a,true,true
07c8f69e-cc72-4bcd-a37a-b53d3e1f3f5c,9bceac1b-aee4-4b89-a86f-c28755851aa4,0bd6aee5-32dd-453c-8ed5-76bd9788465a,true,true
ec8c6753-79e2-4db9-bdd2-df6d88c26acb,683170cc-391b-43d6-b47c-657b21fa23c9,0bd6aee5-32dd-453c-8ed5-76bd9788465a,true,true
fceed9ce-66b2-4657-849c-d2a6ea36cb4e,0049d807-ef2b-4c41-8e10-c6049df1c297,ea967b68-c8a9-478e-b8f3-a6ab3ae23d99,true,true
a019d1c8-72e8-4c0c-9ace-249c7c77005b,0049d807-ef2b-4c41-8e10-c6049df1c297,0bd6aee5-32dd-453c-8ed5-76bd9788465a,true,true
0cd2ebbf-ccb3-4d20-aa72-400613e19dd3,1b90a8d9-f010-47f7-825d-5af5beaa53a0,0bd6aee5-32dd-453c-8ed5-76bd9788465a,true,true
f57a8dd4-8a54-48a6-a2bd-bff486585b62,252c48ca-7b9a-44c6-b14f-2c589ac3f4f0,ea967b68-c8a9-478e-b8f3-a6ab3ae23d99,true,true
44abf095-68f9-43c9-a76e-6ab318d02030,252c48ca-7b9a-44c6-b14f-2c589ac3f4f0,0bd6aee5-32dd-453c-8ed5-76bd9788465a,true,true
d317c3e1-5ccc-4058-8a91-09ea8a581a8d,4a5f4db1-54f0-43b6-a0e9-6770c96ede51,ea967b68-c8a9-478e-b8f3-a6ab3ae23d99,true,true
0821fa0b-5f79-4977-be78-200633598bf1,4a5f4db1-54f0-43b6-a0e9-6770c96ede51,0bd6aee5-32dd-453c-8ed5-76bd9788465a,true,true
0a62f531-e870-4ff9-aadc-f1d425bbcdd8,b612d4f9-0ba9-4e48-99ab-a3990381afbe,0bd6aee5-32dd-453c-8ed5-76bd9788465a,true,true
daa3bc9e-9707-4e8f-a523-b364de3fdc3a,b612d4f9-0ba9-4e48-99ab-a3990381afbe,67dbf9f7-4898-4b84-86cf-303137a363be,true,true
e99ab8f5-3927-4711-9b58-b14fb83539c8,b612d4f9-0ba9-4e48-99ab-a3990381afbe,ea967b68-c8a9-478e-b8f3-a6ab3ae23d99,true,true
d4f42e2b-0d0d-4884-8067-3ac6457040a6,129ab0ae-20d6-494b-9404-2cc4d8911ee6,0bd6aee5-32dd-453c-8ed5-76bd9788465a,true,true
16dd9fa5-1fb4-446d-8995-309bb5973f55,eeedf7bc-5f2a-4824-95b9-853f0bd73cc2,0bd6aee5-32dd-453c-8ed5-76bd9788465a,true,true
95fcec4a-ecf5-40b9-8ba2-61a4707e0052,c5c7d75e-7bbf-47b8-bff9-b4e4ab3ef69b,0bd6aee5-32dd-453c-8ed5-76bd9788465a,true,true
245a04ab-946c-457e-a45f-e69ddc6ccc8a,8d7bc425-5ae3-4df6-9287-6a2fe9716b3f,ea967b68-c8a9-478e-b8f3-a6ab3ae23d99,true,true
f68f824d-b273-49ae-a845-395e244f30e9,8d7bc425-5ae3-4df6-9287-6a2fe9716b3f,0bd6aee5-32dd-453c-8ed5-76bd9788465a,true,true
aa011327-0238-4329-9f3d-ab51039db54b,46b64e41-7fc4-42ac-bebf-2b67ce724b57,0bd6aee5-32dd-453c-8ed5-76bd9788465a,true,true
5d5851bd-f571-48c8-8e76-69f2a46ca314,eff56e1d-eff9-4565-8e5a-77c1c2a21904,0bd6aee5-32dd-453c-8ed5-76bd9788465a,true,true
0633ed66-f6a1-42b2-a0fe-2736284c63e6,2f2c7434-4afd-45a8-8db1-54817dad6cb0,0bd6aee5-32dd-453c-8ed5-76bd9788465a,true,true
86590531-becd-4fe3-9344-99e40b7b0293,ed7f5405-a6ab-48fd-8032-57c68935e744,0bd6aee5-32dd-453c-8ed5-76bd9788465a,true,true
cd704ba4-71d0-482f-88cd-3a0e5c5fc03d,e0bc0b5d-6cf2-417f-a15c-24a3b0380fdd,ea967b68-c8a9-478e-b8f3-a6ab3ae23d99,true,true
2098d6cd-2c49-4c4c-8c45-8d7f55089391,e0bc0b5d-6cf2-417f-a15c-24a3b0380fdd,0bd6aee5-32dd-453c-8ed5-76bd9788465a,true,true
547e7821-c1ac-43fd-aff2-fca3b32da182,e9786695-07d8-4788-b49f-a0ad08b23657,0bd6aee5-32dd-453c-8ed5-76bd9788465a,true,true
f36b5da0-9a6c-4b1d-80b2-b845bbdeacb7,b614f492-6ccd-4a6b-b9e3-e251dc1a6812,0bd6aee5-32dd-453c-8ed5-76bd9788465a,true,true
28cc96d7-8a19-4439-9dee-41dc3645c28e,93ed9a2c-6add-49fd-b8f4-cb635e4edea4,ea967b68-c8a9-478e-b8f3-a6ab3ae23d99,true,true
e8a5a5d2-edbd-4705-b314-0be89bc2c649,61256eca-54ea-4060-a0b9-6be10686ca47,0bd6aee5-32dd-453c-8ed5-76bd9788465a,true,true
74aab666-e954-47c8-bfd2-c60916cb0976,06826f19-d1b2-44cf-8336-70c7c4200d06,0bd6aee5-32dd-453c-8ed5-76bd9788465a,true,true
800d160a-16c4-49b4-95e0-62da9e754d1d,a5a6641b-026e-4512-80a5-efbd64711ed8,0bd6aee5-32dd-453c-8ed5-76bd9788465a,true,true
ac3c28b3-f238-4dd9-af52-18d63aa16459,702a231f-0dbb-42e3-8697-35747d805bcf,0bd6aee5-32dd-453c-8ed5-76bd9788465a,true,true
eb9f9471-5cdc-4102-a5e4-5dde139233bd,702a231f-0dbb-42e3-8697-35747d805bcf,ea967b68-c8a9-478e-b8f3-a6ab3ae23d99,true,true
9ef36a25-cce8-4707-9b7f-52a4948e0e84,218cd90f-db58-4c2f-93cc-1d4a0a43db8c,0bd6aee5-32dd-453c-8ed5-76bd9788465a,true,true
fe6795ce-b037-4f88-9575-f045bb7e3b8a,73c86cfb-5b15-441e-b122-54879bc5846d,0bd6aee5-32dd-453c-8ed5-76bd9788465a,true,true
2c2dac36-019f-4d14-8e40-fa7f97be0c63,a7597bdb-db03-4b5b-8544-303f7a1bcb89,0bd6aee5-32dd-453c-8ed5-76bd9788465a,true,true
ac3c72f1-2bf7-46cb-9573-4363feb3dd79,16030fa3-1dbc-4fdb-b1ce-bbccc767a363,0bd6aee5-32dd-453c-8ed5-76bd9788465a,true,true
c2f6835e-69f3-4dc6-97d3-04ff44bb5579,86e1f7fe-b2ec-4a27-9aa3-66d679710293,ea967b68-c8a9-478e-b8f3-a6ab3ae23d99,true,true
79059804-6945-4594-8dc4-1718de9ebee9,86e1f7fe-b2ec-4a27-9aa3-66d679710293,0bd6aee5-32dd-453c-8ed5-76bd9788465a,true,true
df487054-759d-4902-9dd2-86c86363cc27,3b87481a-b7bc-41f5-8a73-342f79191ebc,0bd6aee5-32dd-453c-8ed5-76bd9788465a,true,true
df037a65-2c2b-451f-b0e0-1550c1dbada7,fb7991e9-ec52-484c-a29b-5d90de00d7dc,0bd6aee5-32dd-453c-8ed5-76bd9788465a,true,true
69f0f65e-bc1a-4581-956f-9e7449ad3000,a03c9ea8-ce5a-48b6-96f6-01480fbafa14,0bd6aee5-32dd-453c-8ed5-76bd9788465a,true,true
652f9598-9a94-4e52-99d2-afd3d0dc1929,a03c9ea8-ce5a-48b6-96f6-01480fbafa14,ea967b68-c8a9-478e-b8f3-a6ab3ae23d99,true,true
e4cd421b-c448-4120-801d-c63b90f4b0ad,8f8ad584-42a7-4bfb-bd08-2034ffd5334a,0bd6aee5-32dd-453c-8ed5-76bd9788465a,true,true
516358a3-2294-4c6e-b62d-213868718958,c4597ca1-61bd-45d1-b52d-197af799b0c3,0bd6aee5-32dd-453c-8ed5-76bd9788465a,true,true
f1df18a2-9085-48b4-94d2-ccf7340d3665,50553234-eba6-4de2-9adb-ee5a772fbc88,0bd6aee5-32dd-453c-8ed5-76bd9788465a,true,true
d0cd50d8-9bd1-40c9-ae37-9e4aa9cf19ad,a2491b9a-1661-47d7-911a-52e9959b2d4a,ea967b68-c8a9-478e-b8f3-a6ab3ae23d99,false,true
17e33329-1dd9-4d06-a2f9-d7ec43b6e1d3,a2491b9a-1661-47d7-911a-52e9959b2d4a,0bd6aee5-32dd-453c-8ed5-76bd9788465a,true,true
81bea4bd-76a0-4f58-87fe-df7005479c79,5525a650-974c-413f-9dff-07be5fd474bc,0bd6aee5-32dd-453c-8ed5-76bd9788465a,true,true
b7aa1f93-acb9-420c-9497-0a5a2c7bafa7,ad390e95-1c94-4a7a-b56c-7ad2b88bfd06,0bd6aee5-32dd-453c-8ed5-76bd9788465a,true,true
d1a4ff59-7d76-4804-887f-9dc38bb594ad,ad390e95-1c94-4a7a-b56c-7ad2b88bfd06,ea967b68-c8a9-478e-b8f3-a6ab3ae23d99,true,true
e38a84f0-636b-489a-ad43-fe6b2aec3a04,c4dfbc46-a84f-4cc8-b817-c6a21ca936c2,0bd6aee5-32dd-453c-8ed5-76bd9788465a,true,true
e90202a4-8167-4915-8635-1a71bb98ba43,1b9ca35c-32a0-4fc0-bf61-2f2f3f0aa860,ea967b68-c8a9-478e-b8f3-a6ab3ae23d99,false,true
7e6a618b-2ee0-4c2b-b746-e62e4a541061,1b9ca35c-32a0-4fc0-bf61-2f2f3f0aa860,0bd6aee5-32dd-453c-8ed5-76bd9788465a,true,true
53dc4975-3b1e-4986-bcfe-d148ff498ad6,065a9134-6bb8-43e2-9a81-bbcd96bed164,0bd6aee5-32dd-453c-8ed5-76bd9788465a,true,true
a0537f19-5610-4480-a2aa-38df1d36bde9,d1069820-2a94-44ba-a629-dc301f422635,0bd6aee5-32dd-453c-8ed5-76bd9788465a,true,true
c69bc49c-4074-4ba4-a852-658cb54aa149,5fed2b9b-d650-4576-8700-93f55fdfd6fc,0bd6aee5-32dd-453c-8ed5-76bd9788465a,true,true
37304c74-18ed-437d-9458-928553a7fbb6,eef1c583-1502-403d-9970-d1427209982b,0bd6aee5-32dd-453c-8ed5-76bd9788465a,true,true
3fd4ad77-c541-4835-942c-945ce6a39b33,987564a4-0f49-4c8c-b1fb-046c78a0694a,0bd6aee5-32dd-453c-8ed5-76bd9788465a,false,true
98b9c11d-6aac-415c-82f9-1bb60dae49d4,b10d4217-3eca-4022-bb6c-f1e95dc1ff45,0bd6aee5-32dd-453c-8ed5-76bd9788465a,true,true
adff7f2a-cb7f-4f2d-a656-7a27e79a86a3,384253fc-6f21-422c-98c0-974d45219915,0bd6aee5-32dd-453c-8ed5-76bd9788465a,true,true
086c670c-b368-48c2-8bb3-e5767b2a5aa4,f6e37594-4dd8-4064-8f9a-93954cb9df35,0bd6aee5-32dd-453c-8ed5-76bd9788465a,true,true
581b37e7-c70b-4d04-852c-538d20495cab,5fb4f857-a071-4fde-9c57-b589627f17e1,0bd6aee5-32dd-453c-8ed5-76bd9788465a,true,true
3e887c37-3646-4d4e-a43d-1cfd0323e6b0,f6e37594-4dd8-4064-8f9a-93954cb9df35,ea967b68-c8a9-478e-b8f3-a6ab3ae23d99,true,true
21fb2589-eed6-41f5-b3b8-10fd45d86f3c,23736b5e-cd93-4352-ad52-d89890be974d,0bd6aee5-32dd-453c-8ed5-76bd9788465a,true,true
c2935cfd-79e3-44f5-9cd6-94f673fdb399,d249b66c-92d0-43df-b2d1-c3ace3a70474,0bd6aee5-32dd-453c-8ed5-76bd9788465a,true,true
3b49d63b-a000-4671-9a10-ebe514bd88f6,30d611ca-4281-4f62-bee0-59ed74b6cd4e,0bd6aee5-32dd-453c-8ed5-76bd9788465a,true,true
89e01b97-ced4-40ad-92f4-972069d40f5d,2e29fadc-5720-4680-b319-66b3d5ff5c9d,0bd6aee5-32dd-453c-8ed5-76bd9788465a,true,true
79a657f6-18fc-4fee-86d0-cc732a589439,0f9c8fbd-d0fd-4535-8d64-a41ace938270,0bd6aee5-32dd-453c-8ed5-76bd9788465a,true,true
ad7609e6-cbeb-443a-9fc2-2d9fa0b0396a,f5c0b3b3-0eda-4f71-84ac-97c3ac3ec79b,0bd6aee5-32dd-453c-8ed5-76bd9788465a,true,true
97e462af-c1df-4c10-850c-c369afb61be5,f5c0b3b3-0eda-4f71-84ac-97c3ac3ec79b,ea967b68-c8a9-478e-b8f3-a6ab3ae23d99,true,true
cb78b17d-8276-4ed0-90cf-ea80220ce0ac,a0831a25-02a0-43a2-a5fd-b93a54c6fc2e,0bd6aee5-32dd-453c-8ed5-76bd9788465a,true,true
b96a34b1-d359-445b-9e72-de8ad8815a70,3c1ca4dd-a251-46c1-8d63-472b292b1129,0bd6aee5-32dd-453c-8ed5-76bd9788465a,true,true
3a7a65bb-0124-4d7c-94ad-2c51ed402242,9bad0847-7bf2-42f0-8b94-ed3e77fe90f8,0bd6aee5-32dd-453c-8ed5-76bd9788465a,true,true
9a5673db-ab65-4bbb-aee3-ddfef01f8d03,fbcd7f29-23b2-486e-b286-b4e17582f7f3,0bd6aee5-32dd-453c-8ed5-76bd9788465a,true,true
366b17c5-4b13-47ec-a41b-f41074cdb678,21193858-5d4e-4cb2-93b2-ae9ed196c15f,0bd6aee5-32dd-453c-8ed5-76bd9788465a,true,true
10bb2f4a-3e5f-4600-95a2-a24292cd4780,6b62a0ce-2a6c-4ce5-b924-87081baa8423,0bd6aee5-32dd-453c-8ed5-76bd9788465a,true,true
89902cf6-2506-49dc-8bc5-e32f029b46cc,6b62a0ce-2a6c-4ce5-b924-87081baa8423,ea967b68-c8a9-478e-b8f3-a6ab3ae23d99,true,true
313648d1-0171-42ae-9253-7f05a6b306a1,3d661edc-fcf6-48f7-9cd7-ce7da47439b5,67dbf9f7-4898-4b84-86cf-303137a363be,false,true
7d253bfd-30e4-495f-ab47-183219ea80b9,3d661edc-fcf6-48f7-9cd7-ce7da47439b5,0bd6aee5-32dd-453c-8ed5-76bd9788465a,true,true
45ba04db-567d-4ea8-8a88-f46e9a915f82,2e559c0e-ece8-4a83-ad3c-8017ebcf3760,0bd6aee5-32dd-453c-8ed5-76bd9788465a,true,true
869b7ea6-7f17-441b-9e58-81bb37288ce2,2e559c0e-ece8-4a83-ad3c-8017ebcf3760,ea967b68-c8a9-478e-b8f3-a6ab3ae23d99,true,true
eba190ee-c0d2-4c50-b233-7a81d3cdebf6,9b699099-c780-4581-b4f9-318a0d562333,0bd6aee5-32dd-453c-8ed5-76bd9788465a,true,true
4f5ba7e1-88d6-419c-82e6-8f1d82509339,9d2c8aa7-efed-4f36-b586-7e6e78b94559,0bd6aee5-32dd-453c-8ed5-76bd9788465a,true,true
21584ffb-21e9-4ab4-a403-f8ab249ca273,400ac748-d239-4d85-8701-9c97c41ade44,0bd6aee5-32dd-453c-8ed5-76bd9788465a,true,true
487a8531-e0bf-4dd2-847f-848cdf45e05e,edb37f17-aecb-4168-aee3-5e2073c90500,0bd6aee5-32dd-453c-8ed5-76bd9788465a,true,true
e1570f36-c874-41ae-aa5a-bc48a07ae6a2,f4ff5ee2-485c-43a6-80e1-5f616a90c737,0bd6aee5-32dd-453c-8ed5-76bd9788465a,true,true
e21179df-aa7c-4289-84aa-a2d1cc781257,f4ff5ee2-485c-43a6-80e1-5f616a90c737,ea967b68-c8a9-478e-b8f3-a6ab3ae23d99,true,true
d8eccf3a-9616-45f0-9d97-97c67b81c512,e2e7f6c0-116e-47d0-aa87-aa20691a32d3,ea967b68-c8a9-478e-b8f3-a6ab3ae23d99,true,true
b551cc1e-abc4-4115-a806-4f5d5c18c92a,e2e7f6c0-116e-47d0-aa87-aa20691a32d3,0bd6aee5-32dd-453c-8ed5-76bd9788465a,true,true
cf2361ed-b031-4edf-89a7-a6d5ecaf5990,9f1b22d1-333e-4245-b220-dcb13205bbea,0bd6aee5-32dd-453c-8ed5-76bd9788465a,true,true
44cca22a-90e0-48e2-86b5-1d314ec9da40,cee8ad0e-2e79-438b-991e-62065d3387ba,0bd6aee5-32dd-453c-8ed5-76bd9788465a,true,true
d5a91926-7ce4-4b33-9704-a3c3678b274d,2aa24b17-1fb8-4647-aca5-2ff8b0aebe2b,ea967b68-c8a9-478e-b8f3-a6ab3ae23d99,true,true
4c2e22ea-704d-4a7c-b77e-1754ae294ed7,e26129a6-8024-4e3e-8c51-797a6fcffa42,ea967b68-c8a9-478e-b8f3-a6ab3ae23d99,false,true
1ac3fb58-d0d6-48bb-8295-34fcd2778277,e26129a6-8024-4e3e-8c51-797a6fcffa42,0bd6aee5-32dd-453c-8ed5-76bd9788465a,true,true
4c4d6d8a-a610-4939-94ad-9cb56b7fb55e,e26129a6-8024-4e3e-8c51-797a6fcffa42,67dbf9f7-4898-4b84-86cf-303137a363be,false,true
188e916d-a927-4997-9a23-acb3abfb1e8a,44c70f10-7ef8-472e-abe6-278a8574115a,ea967b68-c8a9-478e-b8f3-a6ab3ae23d99,true,true
b3691923-0621-419b-9c6c-a3f66372c2b9,fa2f2b28-1a19-4d45-be6a-6d58a85d54de,0bd6aee5-32dd-453c-8ed5-76bd9788465a,true,true
edf86106-11ad-44fd-b0a5-a83adb571484,fa2f2b28-1a19-4d45-be6a-6d58a85d54de,67dbf9f7-4898-4b84-86cf-303137a363be,false,true
3b5e0ef0-2df8-4567-889f-c11da499df1c,fa2f2b28-1a19-4d45-be6a-6d58a85d54de,ea967b68-c8a9-478e-b8f3-a6ab3ae23d99,false,true
baf411d6-01d6-47e6-b535-c59443eedf6d,0060c7ed-a94d-41a2-8fa8-d3c4ed707e67,ea967b68-c8a9-478e-b8f3-a6ab3ae23d99,true,true
afdc4eda-dc4d-45de-b204-c40539ce6c78,0060c7ed-a94d-41a2-8fa8-d3c4ed707e67,0bd6aee5-32dd-453c-8ed5-76bd9788465a,true,true
64c0b132-d524-4ac4-b877-c51254670e2f,bb5000c2-0f6c-47f7-8ce3-b16525a13ac3,0bd6aee5-32dd-453c-8ed5-76bd9788465a,true,true
aa9914d0-206b-434b-9591-d9fc31764eb1,d74cc345-6036-4cef-a6d6-6b077218e12e,0bd6aee5-32dd-453c-8ed5-76bd9788465a,true,true
cd1d9116-1c2c-43f1-b825-d039e487f1dc,f6801b90-3122-45a3-a4d0-d210d3f36920,0bd6aee5-32dd-453c-8ed5-76bd9788465a,true,true
1b0df3bc-eb2a-47af-9fbb-d9b2218503fe,5ffb7532-11f8-4287-8d1e-c530a9c786dc,0bd6aee5-32dd-453c-8ed5-76bd9788465a,true,true
aaa4b706-7793-4dee-9506-f7b1d4a15d82,2c9fd530-04c5-4561-806e-d0ba15c674c1,ea967b68-c8a9-478e-b8f3-a6ab3ae23d99,true,true
544184c0-4200-48a4-a365-bd7d644ecf96,2c9fd530-04c5-4561-806e-d0ba15c674c1,0bd6aee5-32dd-453c-8ed5-76bd9788465a,true,true
3e2f3e41-ad30-4231-87fc-4569e62aa067,606605bb-f175-44db-ae7d-0ccf6d3faa98,0bd6aee5-32dd-453c-8ed5-76bd9788465a,false,true
6d5fe6da-bc76-4e66-b8c7-0ab987816e45,606605bb-f175-44db-ae7d-0ccf6d3faa98,ea967b68-c8a9-478e-b8f3-a6ab3ae23d99,true,true
bc3e0359-c4df-4bee-bc6e-765123c2dc9f,5dcd7d42-2306-4d95-b917-4795dcc0c94e,ea967b68-c8a9-478e-b8f3-a6ab3ae23d99,true,true
ace0b2d8-4a8a-488f-9391-20ebdd63c0f1,5dcd7d42-2306-4d95-b917-4795dcc0c94e,0bd6aee5-32dd-453c-8ed5-76bd9788465a,true,true
d4932da2-bb1c-44fe-8ea3-6c1e3bb56fa0,36bcc067-819e-47ab-9d60-d91741fbd267,0bd6aee5-32dd-453c-8ed5-76bd9788465a,true,true
ef223854-a574-4d09-90ad-2dc86ce8a1f7,0fddd449-caa1-444e-9a13-e49091a6335d,ea967b68-c8a9-478e-b8f3-a6ab3ae23d99,true,true
123766c1-6b99-4f1d-a8d7-2413153e38ba,0fddd449-caa1-444e-9a13-e49091a6335d,0bd6aee5-32dd-453c-8ed5-76bd9788465a,true,true
dd312039-27e5-499f-870f-420628b37fae,6bd56760-6791-4afd-b3cf-363eeb8f1e05,0bd6aee5-32dd-453c-8ed5-76bd9788465a,true,true
e18fe720-fb52-4632-96c9-004fc1eaaee1,8e96c909-a365-49f2-8a02-e0daba625cd3,0bd6aee5-32dd-453c-8ed5-76bd9788465a,true,true
db1b51fc-de7a-4cd1-8e3f-dfa6d5393572,b98dafc7-119f-4a2e-ba07-b6647975bf73,0bd6aee5-32dd-453c-8ed5-76bd9788465a,true,true
577341a0-6bdd-4602-9525-9e357263bbbd,3bc08578-5ba6-4bfa-b89d-5959c3550841,0bd6aee5-32dd-453c-8ed5-76bd9788465a,false,true
993e7d5b-c987-4516-a258-8de8caa9e257,3bc08578-5ba6-4bfa-b89d-5959c3550841,ea967b68-c8a9-478e-b8f3-a6ab3ae23d99,true,true
217d3ea0-4841-4480-847c-33f973f12173,0ed77dd2-0c69-4626-818f-cd96c37538e7,0bd6aee5-32dd-453c-8ed5-76bd9788465a,true,true
cd395c71-7f47-4506-ad09-5aaaf465e456,c966744d-2fcc-4899-ab9b-210aa5302a52,0bd6aee5-32dd-453c-8ed5-76bd9788465a,true,true
d1422de4-62e2-44ce-9349-b25330265785,9d304572-cbc4-4a97-9cec-0cdc4289a75e,ea967b68-c8a9-478e-b8f3-a6ab3ae23d99,true,true
901a583a-0773-4b18-bcb0-af7ee5beee35,1d703142-26e7-44b5-87db-c29399bdb0c3,0bd6aee5-32dd-453c-8ed5-76bd9788465a,true,true
24f9ec6d-a095-4b47-b4df-4b6c9fa9a5ea,70636766-c647-4cbd-a56b-35f2130094c3,0bd6aee5-32dd-453c-8ed5-76bd9788465a,true,true
534e812d-1965-429e-8dba-8524cce7adc6,44257ad4-5644-4c89-816f-b3ee018affea,0bd6aee5-32dd-453c-8ed5-76bd9788465a,true,true
70bd39be-4552-4147-b802-0e1f838bce56,838f5775-6891-44bb-b0be-da6d5750b46b,0bd6aee5-32dd-453c-8ed5-76bd9788465a,true,true
75f7105f-c6cd-4533-9b69-2fb192f8dfa1,313c0302-837a-4352-a79f-a4c66bbbad83,ea967b68-c8a9-478e-b8f3-a6ab3ae23d99,true,true
70a3ece2-4f1c-450b-9254-5c176dc282e0,313c0302-837a-4352-a79f-a4c66bbbad83,0bd6aee5-32dd-453c-8ed5-76bd9788465a,true,true
5d917062-a9a7-4024-9142-f586858d36d6,b75c9c01-3b28-4c39-adcb-d9f95eee37b7,0bd6aee5-32dd-453c-8ed5-76bd9788465a,true,true
36f0fac6-8d9c-4247-b633-cf3fc07bd84f,f0b8d608-39da-4e92-a2ff-f1d77f576c75,0bd6aee5-32dd-453c-8ed5-76bd9788465a,false,true
21d68fa9-f961-4480-82e7-47acb4d8c4d2,97852bff-1252-4044-adfb-62298cc85544,0bd6aee5-32dd-453c-8ed5-76bd9788465a,true,true
b715c2e8-3e04-4fa3-be64-0fd004c7867a,2723acb6-4bd6-4594-ad64-95667e3fbe1e,ea967b68-c8a9-478e-b8f3-a6ab3ae23d99,true,true
5c6623ef-39ce-4d03-80ca-367d6f4aa6f5,51fe6c02-3623-47ea-ad1c-5b8c6221424c,0bd6aee5-32dd-453c-8ed5-76bd9788465a,true,true
f3d9a068-1d13-47ce-842f-27aa025d3e7b,ac31219c-35f2-41bf-8ccc-731602c1805d,ea967b68-c8a9-478e-b8f3-a6ab3ae23d99,true,true
7a99b94b-a30e-4cc4-b241-811c09409ad3,ca05bb11-9c64-4b30-b817-fa2d88a44cdf,0bd6aee5-32dd-453c-8ed5-76bd9788465a,true,true
b1cbc9a5-6263-4b99-8d57-f2af1a504d7f,6e3b9b0b-2d33-4cd3-a716-e2ee37cff6b6,0bd6aee5-32dd-453c-8ed5-76bd9788465a,true,true
6fac7922-f8c2-47e0-8cce-7e9a24166eae,3cefa3e7-b972-4613-8ac7-bd95db93705e,0bd6aee5-32dd-453c-8ed5-76bd9788465a,false,true
36bace31-7d3c-475c-93e2-9560b8ebeeee,ac4ac51c-2e9d-4c0c-90a0-d9105706eba5,0bd6aee5-32dd-453c-8ed5-76bd9788465a,true,true
a8a1297f-4e8d-4930-8f7f-db2b7a459a0a,71d4fea9-4d07-4e08-87d5-4d731bf762ac,ea967b68-c8a9-478e-b8f3-a6ab3ae23d99,true,true
f28d79ab-df4a-4a13-b531-7f68c6623fc5,71d4fea9-4d07-4e08-87d5-4d731bf762ac,0bd6aee5-32dd-453c-8ed5-76bd9788465a,true,true
b112fa3a-e318-47b5-817b-adc656a44328,3a11efef-af65-4807-a573-68a7b341342f,0bd6aee5-32dd-453c-8ed5-76bd9788465a,true,true
d06fbf86-a64a-42ff-a161-a62de8ee3176,3a11efef-af65-4807-a573-68a7b341342f,ea967b68-c8a9-478e-b8f3-a6ab3ae23d99,true,true
b498ff4f-288f-4546-97f8-3d3b4092974a,714f0f46-ac96-4fd2-9cea-605ba389ff3c,ea967b68-c8a9-478e-b8f3-a6ab3ae23d99,true,true
925bcaf3-2871-4bcf-a8c5-dab59702a2a6,714f0f46-ac96-4fd2-9cea-605ba389ff3c,0bd6aee5-32dd-453c-8ed5-76bd9788465a,true,true
2fb27971-ac8e-4762-8213-053e1917e67d,ac4ac51c-2e9d-4c0c-90a0-d9105706eba5,ea967b68-c8a9-478e-b8f3-a6ab3ae23d99,true,true
ec672a42-2c55-4d46-988e-59fd78c3686e,7dd6c438-5254-441a-a439-f288ebaa2211,0bd6aee5-32dd-453c-8ed5-76bd9788465a,true,true
43a5cc9f-b662-4710-950e-456656566640,76cb5518-4cb0-46bc-bf08-3c453c24a3cb,ea967b68-c8a9-478e-b8f3-a6ab3ae23d99,true,true
55bf3a82-934e-4fd5-9d91-e51272e8c078,76cb5518-4cb0-46bc-bf08-3c453c24a3cb,0bd6aee5-32dd-453c-8ed5-76bd9788465a,true,true
24d876c6-7cc2-4ae2-aa71-359c980a6013,d546d029-c715-460f-aad5-490280c4f15a,0bd6aee5-32dd-453c-8ed5-76bd9788465a,true,true
d35a7438-bae4-4208-a4bc-6adfbfb554a5,7277925a-ff01-4152-a552-7fead013564f,0bd6aee5-32dd-453c-8ed5-76bd9788465a,true,true
7681850d-a609-4b06-aaef-2cebe9dc5bce,ecb9cd64-1455-4e0b-9ef6-92b1f0dcfea1,0bd6aee5-32dd-453c-8ed5-76bd9788465a,true,true
c67f94bc-6a5b-432d-a8bc-904ed5c72b9a,e09e8363-7595-49d0-a202-823a2d0eb45d,0bd6aee5-32dd-453c-8ed5-76bd9788465a,true,true
e9877eea-8af5-4533-ab1c-6ba287579f69,16fc080e-4e8f-45f1-958a-c58efb738306,ea967b68-c8a9-478e-b8f3-a6ab3ae23d99,true,true
405fa0bd-0d19-49a7-8506-2d3282c918fa,16fc080e-4e8f-45f1-958a-c58efb738306,0bd6aee5-32dd-453c-8ed5-76bd9788465a,true,true
631195da-5b93-4b72-a94b-430f26887ccf,d5048fef-301a-4018-8c23-a14167a2ba20,0bd6aee5-32dd-453c-8ed5-76bd9788465a,true,true
a24652e3-ce1a-489b-a98d-409ab6c408cb,aee4eec1-4e0f-48a5-bea2-30dc88c01ddc,67dbf9f7-4898-4b84-86cf-303137a363be,true,true
4f179d2d-3b2f-4a82-ac7f-b775c4aead80,713a4b82-5980-4390-b94d-da5659a48b98,0bd6aee5-32dd-453c-8ed5-76bd9788465a,true,true
30fd595c-d623-4cbc-9586-36f06be47ccb,c50ee057-b5f6-4c44-aa4b-ed4bfefcfca3,0bd6aee5-32dd-453c-8ed5-76bd9788465a,true,true
c373f564-d2d5-448e-837a-0502b951d6dd,7a3bf881-83b5-4157-ba13-9e94480f501e,0bd6aee5-32dd-453c-8ed5-76bd9788465a,true,true
ea355f12-a082-4122-a249-06e209994063,d00c149b-dbfa-4362-aee4-c0213ca5004f,0bd6aee5-32dd-453c-8ed5-76bd9788465a,true,true
9dc03356-9333-48d6-bde9-b58fa2c506fe,ba38e5a7-c147-4416-af9c-dd7f7b387e74,0bd6aee5-32dd-453c-8ed5-76bd9788465a,true,true
45f9f929-984e-4399-afaa-3456f4f4995b,1d8d3bf8-c900-4de8-91e1-684122190201,0bd6aee5-32dd-453c-8ed5-76bd9788465a,true,true
13c35b2b-ffec-4182-89dc-d18870284f67,7e3ebef2-d07f-4267-b0e3-1d7c47fe8a07,0bd6aee5-32dd-453c-8ed5-76bd9788465a,true,true
844b27e0-076a-41c5-9eed-94922b0fe753,65afad53-61e7-4efa-8ad5-bb03b9777153,ea967b68-c8a9-478e-b8f3-a6ab3ae23d99,true,true
a7e4034a-8669-4d1a-9520-c213bbff4cc2,ab9e9835-51a4-4b95-b89c-7270a06169b7,0bd6aee5-32dd-453c-8ed5-76bd9788465a,true,true
11d248d2-28f5-4e48-8488-fd84575939a7,f6867ffe-bef1-42b1-8034-38bb4d0e308b,0bd6aee5-32dd-453c-8ed5-76bd9788465a,true,true
6e3161a6-025d-4d86-9477-8e0ec12374ae,f6867ffe-bef1-42b1-8034-38bb4d0e308b,67dbf9f7-4898-4b84-86cf-303137a363be,false,true
37582698-0691-4bb9-a83d-0cbf9e52ea4f,f6867ffe-bef1-42b1-8034-38bb4d0e308b,ea967b68-c8a9-478e-b8f3-a6ab3ae23d99,false,true
b44a5ef5-1893-4ae1-9c6a-c0db04000bee,281d8521-9b83-4f40-a6dc-accfabc0328a,ea967b68-c8a9-478e-b8f3-a6ab3ae23d99,false,true
3c08ef57-9fce-4b15-94f2-a474be1c79cd,281d8521-9b83-4f40-a6dc-accfabc0328a,0bd6aee5-32dd-453c-8ed5-76bd9788465a,true,true
b017f4e4-1a56-4edf-944a-951f5ae04a37,2cf6d8da-6bf0-47e6-aefa-2a53812ae5b6,0bd6aee5-32dd-453c-8ed5-76bd9788465a,true,true
a0d299d5-161e-4750-a2bb-604177d25821,836398b0-60cd-42e6-a259-f0debaf176e9,ea967b68-c8a9-478e-b8f3-a6ab3ae23d99,false,true
67a59e1a-56f2-4ce2-9162-ee205cd3902c,836398b0-60cd-42e6-a259-f0debaf176e9,0bd6aee5-32dd-453c-8ed5-76bd9788465a,true,true
19f881a4-3d9b-44ef-975a-2bcf8c75b86f,8beb97ef-3699-450d-a90d-e3bfba163495,0bd6aee5-32dd-453c-8ed5-76bd9788465a,true,true
c649011c-0415-4239-8e68-93efeea0d4a4,6de1c899-1beb-417c-ba5d-f906b8e773e8,0bd6aee5-32dd-453c-8ed5-76bd9788465a,true,true
938c9343-7743-4e9b-ad7d-f922a3b4b8b5,6de1c899-1beb-417c-ba5d-f906b8e773e8,ea967b68-c8a9-478e-b8f3-a6ab3ae23d99,true,true
2449e282-d46d-49ee-b98a-5c3862c7d557,5ad49337-31c6-4280-9792-b933619fc47d,0bd6aee5-32dd-453c-8ed5-76bd9788465a,true,true
1112b33f-39ee-412f-8d73-e1e39e2fde66,5ad49337-31c6-4280-9792-b933619fc47d,ea967b68-c8a9-478e-b8f3-a6ab3ae23d99,true,true
f26c10af-f2c4-4092-8bf9-7db4b9b8f021,9d68ba52-1227-4003-888f-39044776b7bd,ea967b68-c8a9-478e-b8f3-a6ab3ae23d99,true,true
0f922dd4-11e9-4c9a-bcb6-c3efffc70b76,9d68ba52-1227-4003-888f-39044776b7bd,0bd6aee5-32dd-453c-8ed5-76bd9788465a,true,true
2e0c1844-e3fc-4e2b-975d-0c2384b5ec17,02803469-7987-4ad7-9201-f2ec0cc1de9c,0bd6aee5-32dd-453c-8ed5-76bd9788465a,true,true
235717ca-35d1-44d9-a99c-38255cda6f8b,02803469-7987-4ad7-9201-f2ec0cc1de9c,67dbf9f7-4898-4b84-86cf-303137a363be,true,true
e9eb2084-1056-47e2-976e-d0960c6bc12b,8e46174c-94bc-4d94-8356-61be4eca33ae,0bd6aee5-32dd-453c-8ed5-76bd9788465a,true,true
c4f29fef-926c-4cf7-8118-a0c7cc70427e,f7cf22c7-9a83-4ce5-bb45-8f6110c96377,67dbf9f7-4898-4b84-86cf-303137a363be,false,true
23a99600-0d97-4690-9cc6-3b5771f4d381,f7cf22c7-9a83-4ce5-bb45-8f6110c96377,ea967b68-c8a9-478e-b8f3-a6ab3ae23d99,false,true
6066eba4-a3b5-4b67-a9b7-454dfa12398e,f7cf22c7-9a83-4ce5-bb45-8f6110c96377,0bd6aee5-32dd-453c-8ed5-76bd9788465a,true,true
44f9d2e7-a61d-47a0-81db-c27c24ed0958,e81960d1-259c-4177-8dfc-aee78547c5c3,0bd6aee5-32dd-453c-8ed5-76bd9788465a,true,true
67f69de8-1ef0-4a39-b5e9-f5407f3209a1,ee9a25d3-2634-48eb-a7c0-cdde123d80ce,0bd6aee5-32dd-453c-8ed5-76bd9788465a,true,true
8c69be6f-44d3-45ed-8e10-ca93f6868390,359fb6b1-3714-4ace-b286-ef30418445ed,0bd6aee5-32dd-453c-8ed5-76bd9788465a,true,true
2e6abcbf-8ae4-4683-9147-66b9be2c2a4b,5e9f1d2f-6a50-40f8-9031-67a67c9067f6,0bd6aee5-32dd-453c-8ed5-76bd9788465a,true,true
d6ccf77c-029d-42d6-96d8-c20ee976c74b,c2d3e645-679d-4748-af73-8e48268741a1,0bd6aee5-32dd-453c-8ed5-76bd9788465a,true,true
f726db46-d177-4260-89c4-44157415f6fa,150d58bc-5dd4-4eb2-8b8e-122b7437fcfd,0bd6aee5-32dd-453c-8ed5-76bd9788465a,true,true
826dd4a5-8d88-439d-9213-803c21d6e18f,765d67d8-fc0c-46b7-b57b-dec57b8c698b,ea967b68-c8a9-478e-b8f3-a6ab3ae23d99,true,true
5e16e284-c3fb-4a5f-8830-ea69e6a75886,765d67d8-fc0c-46b7-b57b-dec57b8c698b,0bd6aee5-32dd-453c-8ed5-76bd9788465a,true,true
cd3da9e2-3173-4b5f-9ce7-657f82f3d034,59409b0d-33ea-49ef-974b-1672e069d969,0bd6aee5-32dd-453c-8ed5-76bd9788465a,true,true
f9f40ed5-56ce-43d1-947e-d02a7d18933d,f931c4c9-86de-4983-89dc-70eacd73ba71,0bd6aee5-32dd-453c-8ed5-76bd9788465a,true,true
4ee1011b-0c55-423e-b6aa-373ec713d5ad,b9a0a793-5674-4a02-b71c-b54abcc11ecc,0bd6aee5-32dd-453c-8ed5-76bd9788465a,true,true
6dba789f-49f2-4344-bc32-e4bf85baa92f,85eba9da-9bca-43d6-9700-c8f8a8a33f71,0bd6aee5-32dd-453c-8ed5-76bd9788465a,true,true
6413ebae-cdfd-4473-90ae-b6947d079efe,85eba9da-9bca-43d6-9700-c8f8a8a33f71,ea967b68-c8a9-478e-b8f3-a6ab3ae23d99,true,true
8aaf66db-16c7-4f5d-b9ff-773975174d45,3a9c5d1f-d13f-416c-afb0-868f6e9febd6,0bd6aee5-32dd-453c-8ed5-76bd9788465a,true,true
e3425589-3502-470d-a235-11f9510b1682,425ef6f8-c0a5-45b2-a394-14e50b114ec7,ba54fb99-cd67-484d-b68f-34aea2d83af6,true,true
adb6ff92-8182-41f0-9d66-de0a4cdff063,425ef6f8-c0a5-45b2-a394-14e50b114ec7,0bd6aee5-32dd-453c-8ed5-76bd9788465a,true,true
1974be27-62bb-4ad1-ac4d-715f27792020,02545140-0869-4df8-82ac-f4c77710f02f,0bd6aee5-32dd-453c-8ed5-76bd9788465a,true,true
b089a299-df5a-4745-a750-1de77884b306,5ebe7144-f710-4038-a4ed-a024f083efc6,0bd6aee5-32dd-453c-8ed5-76bd9788465a,true,true
67ad5558-1b35-45c0-9610-7935d4fbd34c,2b4a0450-6ee2-4696-a3c8-da47b48d3b4b,0bd6aee5-32dd-453c-8ed5-76bd9788465a,true,true
2a5789fb-9741-434c-bbd4-5fcde3c81cc9,1db9b6c1-2faa-407d-8afc-c746370f7fdc,0bd6aee5-32dd-453c-8ed5-76bd9788465a,true,true
f542ca28-6488-4d81-a76d-825f6643a102,ea562829-8602-44e0-9431-528899169ba8,0bd6aee5-32dd-453c-8ed5-76bd9788465a,true,true
e784a7e6-0afb-4630-ae7c-eb4947ee3c9e,9aaf46e7-82cb-4695-afb1-5fdc58729a96,0bd6aee5-32dd-453c-8ed5-76bd9788465a,true,true
1d94e631-e4b3-47a6-b3e6-4c2bacced25b,fde738b3-7de6-4966-a7ce-bc44f2e54e89,0bd6aee5-32dd-453c-8ed5-76bd9788465a,true,true
008dea77-ce0a-4b42-9685-3575cdd1232a,85e67f1a-2190-4b90-a43e-37a383fd952a,0bd6aee5-32dd-453c-8ed5-76bd9788465a,true,true
8550138a-0779-4748-af7a-ea0ad17802df,f5101fe0-215f-45be-a505-1760ca0adabe,0bd6aee5-32dd-453c-8ed5-76bd9788465a,true,true
c135c193-b5f5-4cef-8b67-4c47f8cbb231,a00db0b3-5fc3-49a6-beaa-7e5b01f150f4,0bd6aee5-32dd-453c-8ed5-76bd9788465a,true,true
7f9a64a8-9f52-429f-8c00-03020ea0b1eb,caf7556b-b436-4aee-b565-d6483eaf006b,0bd6aee5-32dd-453c-8ed5-76bd9788465a,true,true
f279aef3-2a78-4c7d-973c-769bc5371068,4f82af47-97ad-450b-9b17-32b60624dee7,ea967b68-c8a9-478e-b8f3-a6ab3ae23d99,true,true
61f23c65-3d30-4ccc-b069-dcbf78f9256a,4f82af47-97ad-450b-9b17-32b60624dee7,0bd6aee5-32dd-453c-8ed5-76bd9788465a,true,true
ea099c75-19b9-4485-bf40-5378dde928ca,cf3f2a14-da17-46c8-a5dd-38ab07292871,0bd6aee5-32dd-453c-8ed5-76bd9788465a,true,true
532bd693-adbe-4122-bbfe-e2ffa77abd52,cf3f2a14-da17-46c8-a5dd-38ab07292871,ea967b68-c8a9-478e-b8f3-a6ab3ae23d99,true,true
57c65637-160d-4481-b352-b4111aceb644,b6482e89-c533-41d2-99c9-e9dea6e9cc50,ea967b68-c8a9-478e-b8f3-a6ab3ae23d99,true,true
aef9ef6b-d96b-49c4-8d18-9c3ca06a3212,283aeef0-7a28-4b44-af69-8d758eb617d0,0bd6aee5-32dd-453c-8ed5-76bd9788465a,true,true
b0f390df-90b0-41ff-8067-dbf9f793a36a,3166875d-8cfa-4c19-91dc-7755a70f1935,0bd6aee5-32dd-453c-8ed5-76bd9788465a,true,true
79c5a000-cabe-4d1a-81b2-a7be4b1d6277,d37d4c26-b743-4b08-8d99-c0efd8b2e349,0bd6aee5-32dd-453c-8ed5-76bd9788465a,true,true
fa992f17-12e6-4ce6-a39e-995e92c527da,44d33a63-9705-4647-8e0d-8a7e2a4f4ad4,0bd6aee5-32dd-453c-8ed5-76bd9788465a,true,true
83c92e36-496e-4fa0-934f-11450aad7ee0,3c2d8a3a-ec7a-43a6-88f4-51a8976a49b9,0bd6aee5-32dd-453c-8ed5-76bd9788465a,true,true
35c3e388-838b-4469-8e38-19aab8ffe7eb,765d3235-184d-4c01-998a-044ffe8c0e59,0bd6aee5-32dd-453c-8ed5-76bd9788465a,true,true
d6a21d91-599e-485e-ad10-f860dc88ca22,13c4b95e-7a3f-4775-b709-ee0439fb8f07,0bd6aee5-32dd-453c-8ed5-76bd9788465a,true,true
c593d72e-0974-4e04-85f5-1ff8d77db6a1,eab7b167-12c8-4c8f-a488-b36031fc8078,ea967b68-c8a9-478e-b8f3-a6ab3ae23d99,true,true
bcff0851-cff6-4b11-a982-a7aaf7f5a47b,eab7b167-12c8-4c8f-a488-b36031fc8078,0bd6aee5-32dd-453c-8ed5-76bd9788465a,true,true
f4a2bd8b-156f-468d-bb27-22b70ba7167f,96cd3f14-79cd-4f5f-b4b1-9f99fac9c730,0bd6aee5-32dd-453c-8ed5-76bd9788465a,true,true
ffc967f8-2d51-4660-b02d-a7f6ed5004f4,6aeca6fb-e598-4236-bada-6bb7053799f6,0bd6aee5-32dd-453c-8ed5-76bd9788465a,true,true
0f5e19da-ac65-45c0-9fde-11fb0d13ca42,b65d0235-46e0-4610-81e1-3536a4712e35,0bd6aee5-32dd-453c-8ed5-76bd9788465a,true,true
51037bb7-2b36-46a2-a734-91493e151c2f,76dafe65-edc6-4376-b9c8-f51c3bf95194,0bd6aee5-32dd-453c-8ed5-76bd9788465a,true,true
80f81679-c336-4477-bc81-0f665ad1aa34,76dafe65-edc6-4376-b9c8-f51c3bf95194,ea967b68-c8a9-478e-b8f3-a6ab3ae23d99,true,true
7a89a0fa-2482-421c-88bc-fee7b6dfbe3e,a51ecaea-184c-47b9-9f89-9b50d1b8bb67,0bd6aee5-32dd-453c-8ed5-76bd9788465a,true,true
f1620056-e110-4245-9fd8-82404789ab01,747611f8-6413-4cc3-b5f2-68002191a8f0,0bd6aee5-32dd-453c-8ed5-76bd9788465a,true,true
c18c73f5-e6c9-41e6-9cb2-f90a4a9812ab,d4de1a05-a6e7-45f1-a40f-c72de27f732a,0bd6aee5-32dd-453c-8ed5-76bd9788465a,true,true
62a6e882-c4b0-40db-bdc4-699d64af2a84,747611f8-6413-4cc3-b5f2-68002191a8f0,ea967b68-c8a9-478e-b8f3-a6ab3ae23d99,true,true
5edc1ab6-5cb0-4a6e-8b49-7ddb5f995d98,33cb81cc-a31a-4a75-93d1-cd79a8b9696a,0bd6aee5-32dd-453c-8ed5-76bd9788465a,true,true
6b36461d-4c0b-42ca-a4aa-b8c6f3b009f2,1d3c41dc-30b5-4169-8a97-f72bbf41e44d,0bd6aee5-32dd-453c-8ed5-76bd9788465a,true,true
c6b9ece0-17f3-47b2-b0e6-b52e12a9d68d,05aaf7ec-244f-4279-a12d-b5d156c8c600,0bd6aee5-32dd-453c-8ed5-76bd9788465a,true,true
70d2b67e-bb6c-4285-9e97-6c214a8462b8,5609ee1d-0c35-4caf-b0b7-f019d63f2755,0bd6aee5-32dd-453c-8ed5-76bd9788465a,true,true
a4e8ea42-a1ae-430c-96b2-2b5a84a2f6c6,f78a5760-0ccb-44f8-af47-d04f121bf2ef,0bd6aee5-32dd-453c-8ed5-76bd9788465a,true,true
00408aa0-d3dd-4ff8-bc8f-ff110eff2788,cbfd758a-98e6-434e-af04-969747fc30c3,ea967b68-c8a9-478e-b8f3-a6ab3ae23d99,true,true
5a0817f5-c05e-437b-8a98-8ad6adb49843,cbfd758a-98e6-434e-af04-969747fc30c3,0bd6aee5-32dd-453c-8ed5-76bd9788465a,true,true
f831127f-f0e3-49bc-b017-625e7b8b2952,f46cbfc3-f8bb-4c87-89bc-e90f544ab62b,0bd6aee5-32dd-453c-8ed5-76bd9788465a,true,true
e65a31a3-ad34-4bad-8203-e769f6e82f2b,848ee6eb-e057-4362-8896-8048bf679d91,0bd6aee5-32dd-453c-8ed5-76bd9788465a,true,true
168a4f54-cc16-4f5a-9bc3-4edd1a2af60e,f966e5ea-6477-4064-a2ce-001564586329,0bd6aee5-32dd-453c-8ed5-76bd9788465a,true,true
71e07df4-a978-41fd-a142-1a5bdad0dcd0,224fa291-325d-4ccd-bfa9-391283f90dac,0bd6aee5-32dd-453c-8ed5-76bd9788465a,true,true
c26b6696-53e7-42d7-a328-1f6ce1bda33b,72d75655-0bbb-4a2f-b24e-17a842173bef,0bd6aee5-32dd-453c-8ed5-76bd9788465a,true,true
277bfdda-920d-48ae-8395-6dafb048f059,e69aec2b-be6d-4347-ad2b-6c247e2e91f6,0bd6aee5-32dd-453c-8ed5-76bd9788465a,true,true
8feacc3d-d930-4c6e-8dff-a310d6277c24,a7841c27-e25c-421f-ac77-256487d34bca,0bd6aee5-32dd-453c-8ed5-76bd9788465a,true,true
d41c4391-971f-4421-8654-3af9ba5b1318,83f714fc-5c43-4fb4-a8f7-7d70a55888b8,0bd6aee5-32dd-453c-8ed5-76bd9788465a,true,true
1a2786e0-b6a3-401d-ae4c-ad8bf0843902,a4360c52-6342-4045-af06-a9e437600c94,0bd6aee5-32dd-453c-8ed5-76bd9788465a,true,true
d833ea17-1e59-4b6e-a9dc-9ebb9aa12ee6,a4360c52-6342-4045-af06-a9e437600c94,ea967b68-c8a9-478e-b8f3-a6ab3ae23d99,true,true
66159436-8959-4acd-90a8-ef2888c71dae,5d29a134-d29e-4cdf-bf16-1b02209f66ff,0bd6aee5-32dd-453c-8ed5-76bd9788465a,true,true
529d6a1c-534f-49aa-8a36-3d6713c43a11,f892b671-853f-4edb-a514-631e875bdbef,0bd6aee5-32dd-453c-8ed5-76bd9788465a,true,true
373dd407-a311-413c-8efe-daf1871e9f35,6c4f4a69-b05f-42fb-9e84-4ec6f9458af1,0bd6aee5-32dd-453c-8ed5-76bd9788465a,true,true
d8c341ce-7adb-42ad-adc4-17daebd24136,8714fde8-0e0f-4689-9fff-c5e0188eb8cc,ea967b68-c8a9-478e-b8f3-a6ab3ae23d99,true,true
bb93e12f-670d-405d-9e28-776709e073d8,8714fde8-0e0f-4689-9fff-c5e0188eb8cc,0bd6aee5-32dd-453c-8ed5-76bd9788465a,true,true
6459ac44-cc34-430f-9153-fd5e49659625,a2567de0-1941-4ef2-af2b-5cde7ad6ad65,0bd6aee5-32dd-453c-8ed5-76bd9788465a,true,true
f41d8b21-3b39-4329-89c6-b8e194e31ac6,48102d2b-8801-423c-910a-bbb3c95c7053,0bd6aee5-32dd-453c-8ed5-76bd9788465a,false,true
130d7102-54c5-4dbe-a987-8bba9a957087,0662e6c9-6da8-4b99-9d52-e58742b88a24,0bd6aee5-32dd-453c-8ed5-76bd9788465a,true,true
6508ee00-5896-4484-ae25-26729b3e6183,54c8cf0c-0658-413c-879c-74f6e662115c,0bd6aee5-32dd-453c-8ed5-76bd9788465a,true,true
bdca4eda-1593-4b1c-b364-d3da44494ec8,d957f8f8-0708-41af-804a-221abe75bff5,0bd6aee5-32dd-453c-8ed5-76bd9788465a,true,true
a5e15764-ae87-461d-a030-52f5dfb97802,40d92332-da19-4e82-a3da-602cdadb564a,ea967b68-c8a9-478e-b8f3-a6ab3ae23d99,true,true
ef1f45a3-1f63-4179-86c1-c687d8f2a466,40d92332-da19-4e82-a3da-602cdadb564a,0bd6aee5-32dd-453c-8ed5-76bd9788465a,true,true
6017ac07-8bb6-463d-861e-ce81f012ba57,0fccc94a-302f-469c-a5a7-000148cca938,0bd6aee5-32dd-453c-8ed5-76bd9788465a,true,true
cdc87359-87ca-49b0-8ece-47b7cefeab5f,6137f1da-3923-4bd1-b35e-0b8b1d658c59,0bd6aee5-32dd-453c-8ed5-76bd9788465a,false,true
fa45e546-e32c-4f29-a80c-96969e02f825,a4923838-5472-4cf0-a734-c35012bc3042,0bd6aee5-32dd-453c-8ed5-76bd9788465a,true,true
5c0ce59e-656b-4b40-8897-8cf1f543c973,d28cdc22-1d70-4f19-8f05-e1c00b107042,0bd6aee5-32dd-453c-8ed5-76bd9788465a,true,true
0c0510aa-dee2-4b53-b4b4-d3c3d08aeda7,d28cdc22-1d70-4f19-8f05-e1c00b107042,ea967b68-c8a9-478e-b8f3-a6ab3ae23d99,true,true
9ea721bc-f092-419f-a0c8-9d7425f7b67d,53a5e66f-ff71-46b4-8557-5ca4b2198dba,0bd6aee5-32dd-453c-8ed5-76bd9788465a,true,true
ef8b4ba1-2eee-428e-8b4e-8be3cc85454b,12ef8b61-0859-4e4a-ba68-f1d1a0e3ceb9,ea967b68-c8a9-478e-b8f3-a6ab3ae23d99,true,true
a2eadd25-81bb-4bda-a769-01b738d6abaa,12ef8b61-0859-4e4a-ba68-f1d1a0e3ceb9,0bd6aee5-32dd-453c-8ed5-76bd9788465a,true,true
a9d95386-fa8b-4a45-86f5-f138ff5e32c4,71826e3c-2003-433a-82db-0f3611d593c6,0bd6aee5-32dd-453c-8ed5-76bd9788465a,true,true
ba1133b4-d410-4176-bdcc-384ee9f25920,833cda51-ff05-4ed5-b05f-010e70d070f8,0bd6aee5-32dd-453c-8ed5-76bd9788465a,true,true
dc583f07-e530-47d4-aa98-df9eca284f2a,26ba627a-67b0-4808-b36a-685ddefe0bbb,0bd6aee5-32dd-453c-8ed5-76bd9788465a,true,true
b58aadb4-e74c-4cdf-b53d-3a3426662df7,c4811d24-9569-4646-a6ec-3af15b47620c,0bd6aee5-32dd-453c-8ed5-76bd9788465a,true,true
e16e8e30-4986-40cd-8c55-9fe6f76e4a7b,4a92decb-c342-4af0-9f50-87375c3cab92,ea967b68-c8a9-478e-b8f3-a6ab3ae23d99,true,true
201c73cf-7381-4b9e-9d6b-e937cf699166,4a92decb-c342-4af0-9f50-87375c3cab92,67dbf9f7-4898-4b84-86cf-303137a363be,true,true
7097c4eb-dae0-497a-93a3-a1e4e432da50,4a92decb-c342-4af0-9f50-87375c3cab92,0bd6aee5-32dd-453c-8ed5-76bd9788465a,true,true
6455dd3e-e4a6-4cb2-a79c-7325963df1a8,834a8a0e-b5e7-4ec4-b1ad-02d6472bc5fc,0bd6aee5-32dd-453c-8ed5-76bd9788465a,true,true
a74b628e-0d1c-4400-bef0-039fe8d573ed,147eadd7-ba61-44bd-ae37-cb94dbf32048,ea967b68-c8a9-478e-b8f3-a6ab3ae23d99,false,true
bb7161e2-c375-4982-9357-ab922687e8b4,147eadd7-ba61-44bd-ae37-cb94dbf32048,0bd6aee5-32dd-453c-8ed5-76bd9788465a,true,true
24c4603d-58c6-415e-b6cc-36f7aadab9d9,c6eb2fa3-da97-4111-8631-f6adbdf7ddab,0bd6aee5-32dd-453c-8ed5-76bd9788465a,true,true
9d050e84-7718-4887-808b-9b120c2eeca1,70d5c44a-f625-4c1b-9871-7a853386cdd7,0bd6aee5-32dd-453c-8ed5-76bd9788465a,true,true
204435bc-7e3c-4e76-8cb0-66fed83de64e,70d5c44a-f625-4c1b-9871-7a853386cdd7,67dbf9f7-4898-4b84-86cf-303137a363be,true,true
335786db-2799-4621-a17e-3f20c6755635,2825c22e-d773-417d-9dd7-657c4be23975,0bd6aee5-32dd-453c-8ed5-76bd9788465a,true,true
694ef4dc-4ca7-4d28-9433-719ffd289aac,e9269c74-ce94-476d-a9dc-a1dc1bbe9813,0bd6aee5-32dd-453c-8ed5-76bd9788465a,true,true
10da91e2-250e-445b-8aa8-b8f29d829eb7,b49d54b5-dc39-491e-9f06-77c287c40875,0bd6aee5-32dd-453c-8ed5-76bd9788465a,true,true
622d3bf1-8dda-4957-93a6-8532fa417c02,9772f380-4e8c-4746-9d51-2a6b0a24c21e,0bd6aee5-32dd-453c-8ed5-76bd9788465a,true,true
6f07bf49-53fe-4537-8fea-69f919946c34,da89c3e6-03c5-40e5-b9c0-f6a29aab6543,0bd6aee5-32dd-453c-8ed5-76bd9788465a,true,true
a890c557-f61b-4370-bcd7-923ebb490606,65e1a847-c359-463c-a613-4added2df940,0bd6aee5-32dd-453c-8ed5-76bd9788465a,true,true
3b5b1533-0563-478f-968e-e98bc63f3edd,247c1fc0-49b5-4a8d-b100-d780bac34bf8,0bd6aee5-32dd-453c-8ed5-76bd9788465a,true,true
8cb156e9-505d-473b-b9da-c2a5011a7fdc,03870974-b36c-4497-ae55-dfc27cb03fe2,0bd6aee5-32dd-453c-8ed5-76bd9788465a,true,true
4c1018f0-afc0-49d5-8808-6475da4f8a56,2e39cc5b-38a5-4f9c-a0ce-64239d904e31,ea967b68-c8a9-478e-b8f3-a6ab3ae23d99,true,true
3a31f3ca-d9c0-44cf-aa9f-7fabd6f5254d,2e39cc5b-38a5-4f9c-a0ce-64239d904e31,0bd6aee5-32dd-453c-8ed5-76bd9788465a,true,true
18897503-6e57-4573-aa8c-798b189c291b,c7004daf-04e8-4a20-a970-9a367d4f2805,ea967b68-c8a9-478e-b8f3-a6ab3ae23d99,true,true
eefa468d-66f3-436c-bcb7-b9eb50aa37b0,c7004daf-04e8-4a20-a970-9a367d4f2805,0bd6aee5-32dd-453c-8ed5-76bd9788465a,true,true
0a92269b-15c7-48bf-8377-1fb13ceb1371,479d3f16-837c-4e89-9a31-d14620c6d00b,ea967b68-c8a9-478e-b8f3-a6ab3ae23d99,true,true
9272aabf-ea73-49c4-8ae6-3528603f8fda,479d3f16-837c-4e89-9a31-d14620c6d00b,0bd6aee5-32dd-453c-8ed5-76bd9788465a,true,true
f26743f6-d74b-4577-9a4b-4118b7a06fba,5df6caa0-d2bf-4a61-b991-0ceb131df477,0bd6aee5-32dd-453c-8ed5-76bd9788465a,true,true
8aeadb43-cd6f-428f-bb39-65943dec1ee9,5df6caa0-d2bf-4a61-b991-0ceb131df477,ea967b68-c8a9-478e-b8f3-a6ab3ae23d99,true,true
264034e0-0f08-4a17-8a8f-6ca89e240e71,914cdbec-727d-4a4c-85ab-d80525667d01,ea967b68-c8a9-478e-b8f3-a6ab3ae23d99,true,true
ce71df43-f2ac-443e-8eb5-0c476d4eeb93,914cdbec-727d-4a4c-85ab-d80525667d01,0bd6aee5-32dd-453c-8ed5-76bd9788465a,true,true
b570e607-49ac-4886-9dbc-5d6149244ff4,ddc35778-76b3-4a83-9ba2-ca6ec2ff2eb1,0bd6aee5-32dd-453c-8ed5-76bd9788465a,true,true
72997a55-2008-40e5-9d38-4238aad37895,7c00c393-499d-4869-aa78-082039966922,0bd6aee5-32dd-453c-8ed5-76bd9788465a,true,true
